-0.56830794,0.030388089,0.33839163,-0.40599707,1.1001992,0.42395994,-0.31492132,0.37761012,0.3314756,1.8017471,-1.3221073,-1.0264567,1.370298,1.3534268,-0.033736717,-0.5157114,0.3034474,-1.5962753,-0.4695583,-0.33183572,-0.49936712,-0.92217606,-0.25290763,0.34823045,-0.31464037,0.39894253,0.7097201,-0.03669589,0.8538136,0.046263088,0.22768079,0.095093176,0.19645931,0.6444414,-0.9614262,-0.7898133,0.10064714,0.4709901,0.3487792,0.28156957,-0.43334532,0.80092525,-1.03171,0.69568974,0.19905372,0.11592367,0.8833181,-0.025524613,-0.085924566,1.1694018,-0.6450583,0.34479454,0.25472367,0.087176435,0.07480548,-0.7848416,0.41916275,1.0117598,1.414712,-0.31703985,-1.3065203,-0.8819222,0.06823723,-0.608117,0.13548489,-0.496965,-0.1306361,0.17294563,-0.613027,-0.7550789,-0.076053984,0.34000662,-0.7326225,-0.5473852,0.5153059,0.47317678,0.16937037,-0.96981674,0.23974544,-0.7373725,0.044604007,0.22400427,0.67726666,-0.17266,1.1167026,-1.5748906,-0.118091255,0.68903947,1.0057372,-0.2561044,-0.1717025,0.20584725,0.9336999,-0.055536166,0.065353364,0.762343,-0.50468224,-0.1966079,0.38123792,1.2281823,-0.29639593,-0.83196294,-0.666717,0.94383293,0.10091568,0.40391973,1.3115933,-0.97682875,-0.31483293,0.83799064,0.18144211,1.0744537,0.08129531,-0.52473724,0.21187764,0.24884313,0.4320776,-1.0774738,0.7479908,-0.45145312,1.9631498,0.5301649,-0.7646086,0.23023853,0.048443537,-1.2950633,-0.48357493,-0.87759525,-1.5817738,-0.5053383,-0.77796626,0.573073,-0.018527228,0.36187065,0.49509048,0.11493795,-0.9094316,0.34673548,-0.906883,0.9553554,1.3599466,0.17184591,1.5718007,0.065219656,-0.18602096,0.43567678,-0.490617,0.32136765,0.5643176,-0.14262317,0.44440538,-1.1061758,0.37670234,-0.115875706,0.94175494,1.6305137,-0.07723719,-1.1423757,1.1127963,-0.38625333,-0.46353042,-0.20758721,0.22922091,0.2928435,-0.7805361,-0.45021415,-0.69321704,-0.70814866,0.8463823,0.6716892,0.19143246,-0.13652058,-1.0904205,1.8156819,0.56414807,-1.8628031,-1.215992,-0.5251347,1.1756545,-0.46934837,0.110471815,-0.81745493,-1.2273457,-0.9080907,-0.14577533,0.29816794,0.7763562,0.45074975,1.8072295,0.9195627,0.3215901,-0.6136205,-0.23841034,-2.4034257,-0.15322411,-0.12265287,1.8116437,1.3384227,0.68308866,0.39637554,0.0058492874,-0.2513395,-1.4106802,0.49594653,-0.30948505,0.35432652,0.37828016,0.6570365,0.7484515,0.11207315,0.98432577,-0.45078203,0.5922579,-0.34074348,0.34977603,0.11900892,-1.1444694,-0.37685207,-0.004867375,0.80750555,-0.92796373,-1.1800983,-0.63089794,0.18597983,0.88036335,0.46060884,0.052265048,-0.3848808,-0.9561482,0.6883062,-0.088282585,-0.39280853,-0.21317917,0.35148826,0.8164392,0.107633255,0.3541989,0.784761,0.52534056,-0.95163995,-0.08083532,-0.1167495,-0.32273144,1.7949437,-0.53779024,-0.3601233,-0.7818326,0.39078158,-1.646255,0.10413438,0.4840647,-1.2320168,-1.1672623,0.9739682,1.3839586,0.14370991,-0.5134563,-0.36690143,-0.10177546,0.44415745
-0.20232,-0.25402585,-1.8700814,0.20690744,0.8899747,0.74707013,-0.6945699,0.56787413,-0.64420325,0.6829188,-0.19368654,-1.1059403,-0.54800344,-0.9004489,2.2500334,1.5469393,-0.7091826,-0.31503385,-0.1869736,1.275153,-0.5702783,1.1835334,0.123138696,-0.06786813,-1.0674398,1.756277,-0.5377974,0.16714978,0.10833198,-0.51376826,-1.1639551,-0.038077705,-1.0772176,1.3306465,-0.6090056,-0.0947377,-0.55060077,-0.38820878,0.26493177,-0.43297648,0.10648658,-0.07848138,-0.06828778,0.28949663,0.21450129,0.51228017,-0.7856409,-0.59393656,-1.1959093,1.844422,-0.54139584,-0.4573358,-0.51750445,0.22903852,-0.7841145,0.14492312,0.1591379,0.75937724,-0.19676857,0.6330994,-0.34723377,-0.010171293,1.3052354,-0.32250634,1.4233291,-0.59779316,0.9097305,0.43424392,0.009141654,1.378052,-0.16828912,0.46808177,1.454163,0.6567844,-0.32330042,-1.1233233,-1.870662,-0.7672284,0.19076248,0.55717,-0.6625463,-0.121521875,0.31956983,-0.54763824,-1.3612981,-0.4133332,0.039879136,0.34341344,-0.20362921,0.75581956,-1.9777962,-0.21215919,-0.16473892,1.2172029,0.9875175,-0.43737477,-0.63348013,-0.3164804,0.19733864,-1.8717505,-0.5933146,0.3049176,-0.53301877,0.58551204,1.0139368,-0.6463212,1.1987548,-1.093205,-1.0407317,-0.35631397,0.5939825,-0.32302082,-0.8195612,0.49840215,-1.7638094,-1.0069296,-0.7040071,0.8509048,-0.04842124,-0.40522695,0.8887343,-0.56501853,0.7385883,1.5195943,0.23289491,0.8925319,0.79225445,-0.6584004,-1.1893009,-1.3824419,-0.32584977,0.36442414,0.6414538,0.8457959,0.19051345,-0.47983515,-0.8081777,0.0731426,-0.94663805,-0.24276146,-2.2395067,-1.465751,-0.42481202,-0.6035468,-0.317757,0.79151404,-0.99249196,-0.60009193,-0.25282004,0.07589764,1.0388134,-0.25708532,-0.22085243,0.33225042,-0.10166716,0.49536294,0.51694185,-0.32985097,1.1204858,1.0338368,0.15475717,0.9576501,1.3393155,-0.55535686,-1.1510329,0.7441157,-1.0525832,1.1680115,0.297844,-1.0469261,-0.3963102,0.020649714,0.6892687,-0.10090786,-1.1542003,0.07766593,0.032767147,-0.13556916,-1.09627,0.51214504,-0.48182923,-0.95854324,-0.03923247,-0.62546974,1.663625,-1.5575421,0.121449284,0.92361695,-0.29542252,-0.31481957,-0.32211077,-0.57634795,0.4346311,-0.6384039,-0.40501764,-0.45869595,-0.91078377,-0.09773668,1.0905093,-0.31011727,-0.8360709,0.08363127,-0.18162568,0.8086677,-0.42223296,0.178341,-0.16159394,-2.2663243,0.50929105,-0.71547854,-0.57920915,0.37799904,0.90897506,1.8255435,-0.4121373,-0.13051128,0.1260182,0.34261882,0.9780054,-0.15822896,-0.013105673,-1.3372844,-0.67526925,0.99928635,0.012959798,0.8642525,0.91575974,-0.3492902,-1.1983908,0.91164523,-0.72870755,-0.3361416,1.8101324,-0.62120074,-0.1477544,-0.23639646,0.6729775,-0.11546151,-0.33065042,-0.015172106,0.36134857,0.4798617,0.8983623,-0.22628058,-0.84182376,0.18073007,0.3449174,2.1719081,0.87465507,-1.0109338,1.650238,-0.76515025,0.32343057,2.153972,-1.127116,1.329061,0.9055848,0.029063255,-0.1302772,-0.25946027
-1.2698157,-1.6237987,-0.72041446,-1.5116246,-0.04985388,0.26568076,-1.0028757,0.47267604,-0.15171646,0.4523318,-0.4001357,-1.7293433,-0.24602243,0.8951419,0.37565118,2.457831,-0.46618634,-0.08627432,-1.0823331,0.31915492,-1.5618614,-0.46436685,0.7573331,-1.1152316,-0.13295235,-0.14886479,0.22030137,-0.9079548,0.95281863,-0.26779357,-0.07208525,-0.6855273,0.20214233,-0.8022409,1.3814415,-0.81802917,1.3182398,0.112034164,-0.79136604,-0.07021836,1.0893251,-1.2970928,-0.21081708,-1.076353,-0.94764036,-0.7160913,-1.4250969,1.2546276,0.12596612,0.54399747,-1.4267491,0.40957513,-0.8908027,-0.6683022,-0.49030173,-0.8731714,-0.6005157,1.0686358,-0.7737574,-0.15456466,-0.31400305,0.57667595,0.27009127,-0.059161015,-0.033984963,0.31770638,-0.49130493,-0.43986246,-0.6629577,1.869307,0.50325483,0.218962,0.06511223,0.6491114,-0.90823597,-0.004779882,-0.8467647,-0.2647464,-0.48734996,1.208102,0.8346823,-0.72195536,-0.21347307,-0.2477919,-0.37975094,-0.053723726,0.16370094,1.2004292,-1.1848867,0.30365717,0.19852367,0.8437452,-0.65779245,1.1431761,-0.2291549,-0.2776197,-0.91068804,-0.22744554,-0.004031628,0.53767794,1.1035595,0.44402468,-0.043804795,1.0878417,0.7454535,0.32831195,-1.0365038,-0.14623462,-0.8362206,0.7484804,0.0057327794,-0.14056079,0.030902857,-1.1405294,0.6759231,0.7306083,0.20810603,-1.8397157,-0.5060932,-0.36657405,1.011157,-0.13149679,-0.0144012105,-0.52450395,-0.27210918,0.6361562,-0.86438507,-0.7668894,-0.867636,0.3935846,-0.33087575,0.10240561,-0.2261694,-0.1139304,0.6254328,-0.8971907,-0.43544796,-0.6661118,0.64305156,-0.5389421,-0.39726683,-0.79434687,0.23123765,0.024147905,1.1961114,-1.3317001,-0.66794395,0.50962365,0.3285002,-1.1682818,-0.13423923,0.31669834,0.49217644,0.5897259,-0.019583985,-0.17564453,0.3365224,-1.5679774,-0.58210593,1.3704517,0.85013884,0.78857976,0.40769672,-0.79470867,0.57479554,0.56467915,-0.22447507,0.84180486,0.36366823,0.42349032,-0.21617916,0.037103515,0.39213035,1.1917994,-1.2766933,0.45726377,0.8498927,-0.4787954,-0.06443526,0.5289864,0.59127915,0.2957415,-0.15071826,-0.2996561,-0.6319786,0.31977594,0.2591781,0.2822903,0.5983159,-0.9096289,0.20112868,-0.059182942,-0.59965575,0.32544327,0.5493666,-0.29749912,0.4641193,-0.24096027,-0.4066355,-0.46976686,-0.82577235,0.23947069,-0.78388196,-0.29964477,-0.5155295,-0.010981956,-0.32754174,0.1122829,0.3055484,-0.2380181,-0.043928955,-0.060631882,0.06486227,-0.8999703,0.3916191,0.26029256,0.24347667,0.50923073,-0.26241976,0.49353585,0.9556473,0.59307355,0.3987355,-0.46274477,0.11659066,-0.2543149,0.9830955,0.6114314,0.6367608,1.0882622,0.213475,0.06718136,0.43346548,-0.631267,0.117694624,-0.0044210837,0.24335407,0.47458243,0.3165036,0.9433489,-1.6497543,0.22412883,0.07965782,-0.5526229,1.1218252,-0.24908528,0.8445052,-0.027237196,-0.64842886,0.35923484,-0.5505413,-0.5643616,0.2631355,0.46551183,0.7340847,1.0587133,-0.109417096,0.30411395,-0.17434421,0.8034164
-1.0425901,-1.1771436,-0.2838654,-0.47933877,0.5846059,1.0031655,2.308626,0.93549144,0.45194793,-0.049707472,-0.9618125,0.055788185,-0.75006354,0.19992082,-0.19129515,-0.34843123,0.40869159,-0.6998628,-1.2995194,-0.010933987,-1.2382177,0.19218381,-1.1873685,0.3078311,0.27762586,0.40643564,-0.008585132,0.13051926,-0.1259908,0.27126127,0.71121687,1.5852767,0.3265573,-0.021276359,-1.772489,-0.052518085,-0.13637193,-0.21747094,0.38813376,0.13726331,-1.2038358,-0.9488576,-1.4454374,0.057447564,-0.2416434,0.33606687,-1.1757138,-0.13324156,1.1192509,0.39377964,-0.21202429,-0.87733006,-0.47589362,-0.45208558,-0.23992048,-0.06508453,0.42219546,-0.2671908,0.7406057,0.064386904,-1.3063649,-0.40059024,-1.1090837,0.8731248,-0.13024963,0.19321838,0.43170694,0.63388085,-0.34765655,1.1163695,0.31130585,1.5333054,-0.40702516,-1.5610776,-0.6618002,0.09256642,0.4248863,-1.1353091,-0.46079186,-0.4662582,0.5504132,0.5393735,-0.41218346,-0.5225764,-0.6372897,-0.19282556,-0.042820677,-0.016023329,0.42406604,-1.0022259,0.40543118,-0.45950994,0.4278318,0.18757577,-0.1411502,-0.66851497,-0.23942718,0.16035883,-1.3504928,-0.41885993,0.76526123,-0.51765823,0.99763656,0.28124857,-0.043336984,0.43063718,0.3187239,-0.1348788,-1.4162685,-0.0026964406,-0.5477878,-0.2958059,0.8429158,0.9518241,0.76127434,0.39442387,-0.3212522,0.07514957,0.9507065,0.4496698,-0.49713466,-0.1586642,-0.3942557,0.10950793,0.46352834,0.85186756,0.91341555,-0.55879545,-0.07905393,0.18255682,-0.52218246,0.01946457,-0.5683733,-0.88653094,-0.06053591,0.44254288,-0.012646677,-0.36913788,0.21602379,0.33608317,0.80966294,-0.039898723,0.7933125,0.6687487,-0.17000297,-0.8371994,0.625699,-0.5986204,-0.048333082,-0.72310984,0.31681052,1.3655831,1.0567584,-0.4305224,0.30837387,-0.9000269,-0.56681466,-0.099349886,0.25036997,0.08924803,0.09700615,0.83447224,-0.05202113,-1.3219345,0.09222305,0.28131467,0.024498807,-0.92120045,-0.52343065,-0.30879635,-1.2770947,-1.6145934,-0.3091276,0.8284516,0.64897615,-0.17404227,-0.77302873,0.86093104,-1.584486,-1.0531068,0.65353996,1.3121116,0.1873436,0.20674513,1.0408016,-0.18362868,0.018615585,0.46919936,-0.18220057,0.010822031,-0.69318295,0.6796059,0.98587626,0.55828965,0.5994168,0.3406094,-0.38877335,0.6279843,-1.264294,-0.7376259,-0.73120135,0.6192244,0.10855358,-0.006815286,0.4585763,0.61603975,0.36031798,0.25578374,-0.33809686,1.3391305,-0.22637993,-0.09895946,-0.4055829,0.22741467,1.6091948,0.039312072,-0.3543082,0.8763815,1.2956842,-0.06774935,-0.28093353,0.15928334,-1.1733087,0.14141704,0.117024414,0.1552276,0.20775305,-0.44714805,-1.0420359,-0.66272205,-0.5643488,-0.2738671,-0.70983326,0.2558635,0.8072055,-0.28685802,-0.5279805,0.32130566,-0.9548776,0.2913617,-0.39953133,-0.61710984,-0.50726616,0.9582089,-0.3401912,0.1695359,3.0145278,1.0467337,-0.937112,-1.403954,0.68677366,-0.9960038,0.8606903,-0.33891368,1.028817,0.20510441,0.01002886,0.79381096,-0.2956858,-0.87622863
-0.898074,-0.9190954,0.3850044,-0.7261959,-0.179714,0.036030903,0.9405861,1.4466648,0.5738544,0.2648809,-1.1758872,0.90765697,0.23599584,-0.14574574,0.61252046,0.4252766,-0.4847057,0.10496796,-0.26569545,-0.27044907,-0.47664115,-0.6292444,1.0819461,-0.48099363,0.43001035,-0.1613358,-0.053227834,0.6161576,-0.18275176,-0.37261203,-0.663048,-0.121874206,0.3877554,0.020036988,-0.16696742,-0.88181204,1.2904924,1.0594896,0.012055969,-0.12474782,0.09923199,0.7276788,1.6066549,0.39543188,-1.2035507,-0.35088181,0.0639235,0.19250584,-0.6439956,-0.86669886,-0.056759782,-0.13490379,-0.4373472,0.699225,-0.36081812,0.16782512,-0.9787097,1.2022645,0.99132246,-0.9170403,-1.1495256,0.5964611,-0.54058385,-0.9405811,0.1292973,0.59509444,0.30799896,0.07751765,-0.42006627,-1.0062888,0.18082324,-0.6392812,0.87798864,0.9290648,0.93179035,0.109368265,0.87301254,0.08313371,-0.30287653,0.7338654,0.37719256,-0.42078522,0.042603727,0.49803495,-0.098796,-1.0317097,-0.2924004,-0.4035942,-0.024897363,-0.3108406,0.7032384,-0.9878866,-0.11293434,0.2317513,0.9813379,0.13898684,0.21360213,0.2615385,-0.022015112,0.20888866,-0.053314496,0.17821907,0.39992043,0.5475412,-0.31916466,1.1422241,-0.2017786,-0.69914466,-0.16129418,0.7306703,-0.13405211,0.05236493,-0.26977682,0.49018326,0.14568561,1.3106811,0.89217514,-1.4180952,-1.9267579,-0.7200508,-0.4116052,0.041582726,-1.4863528,-1.2034371,-0.42243287,-0.52345526,-0.98013467,-0.03789655,0.45679933,-0.41253826,-0.17101955,-0.5900842,1.0976758,-0.29283154,-0.06986098,-1.2032949,-0.67722774,0.8996759,0.56441694,0.92231566,0.07123285,-0.09086957,-0.48506132,-0.58713895,-0.062084228,0.033475656,-0.83700037,-0.13915685,0.6738412,0.67650795,-0.79361534,-0.2761279,0.26280987,-0.33708113,-0.035009947,0.019897798,-0.3221428,1.1247644,0.2741439,-0.8163873,-0.301519,-0.049471587,-0.24776267,-0.5730069,0.2613577,-0.55451345,-0.40926108,-0.3331346,0.14239207,0.40622807,0.44978905,-1.3330504,-0.30047515,1.5223475,0.14895855,-0.7861884,0.114832826,-0.74403644,0.528705,0.06792962,0.11400439,0.37680325,-0.7628393,0.09494516,0.30778566,-0.2397731,-0.5276642,-0.3540131,0.56330687,-0.41996366,-0.24593003,0.67670244,-0.6409041,-1.2911782,-0.45060635,-0.59493417,0.10485076,0.9291982,-0.5238969,-0.7244086,0.48853108,-0.7209989,-1.0968387,-0.6514378,0.4028096,0.420075,0.29967666,0.5811069,1.3180137,0.9905512,-0.15439531,0.6893802,-0.34053037,0.8136451,0.092168555,-0.24272086,-0.5569955,0.5552492,0.91018474,0.14757818,-0.90306425,-0.27566385,-0.2959076,0.6890851,0.76995385,0.3929041,0.5018316,0.2910113,-0.18751505,0.4760485,-1.2415684,-0.7931469,0.5645548,0.30111474,0.11324009,0.40497935,-0.264282,-1.594451,0.5736,1.2714275,0.13505696,-0.432423,-0.71384037,-0.78554577,0.2226854,0.6310371,-0.62651825,-0.09324273,0.59304464,-1.7781253,-1.3276424,1.6288428,-0.6549123,0.61497,1.1769977,1.506368,-0.6068542,-0.4679885,0.6738893,-0.19608004
-0.04717848,-0.0002929177,-0.08642639,-0.19830345,-0.4336919,0.27328673,-0.25524095,-0.6455768,0.65749866,0.102884255,-0.6146155,-0.69193095,-1.0543174,0.28891087,-1.4132824,0.30965018,-0.5239073,1.3691369,0.71684027,-0.51679116,-0.926933,-0.09582766,0.21092156,0.4737102,0.22453006,-0.3650839,-0.14095266,-0.066299625,0.22672197,-0.68498236,-0.2466194,-0.17892833,-1.1197091,0.54356,-0.011239985,-0.18599759,-0.2654856,-0.41360158,0.48820496,0.03975567,0.6848973,1.12741,-0.82284987,-0.36222273,0.3251678,0.45098642,-0.8773792,0.35184675,0.43673626,-0.11872816,-0.5728598,-0.6730228,-0.34400916,-0.7530842,0.22273885,0.33084127,0.09506503,-1.0337743,-1.1876061,0.8339843,0.5699951,-0.76791024,0.20876293,-0.3706142,-0.023573015,1.2009339,0.25136238,0.2928128,1.1763495,0.49760127,0.6565438,-0.6598965,-0.35343695,0.39191347,0.21573341,-0.766159,0.26981086,-0.011147195,0.09478867,-0.4621782,-0.38646236,-0.2210686,0.52798617,-0.19998448,-1.552247,0.39393425,-0.45276043,-1.2009225,-0.30488002,0.2967469,0.9284553,0.8750427,0.08289607,-0.5907691,1.080774,0.50254935,0.9071807,-0.32990867,0.46776634,1.3493483,0.8945644,-0.39240605,0.7133342,-0.2734114,-0.92815715,-0.09354455,-0.10068565,0.5054019,-0.042901848,-0.7252714,0.05307259,-0.80996454,-0.18123135,0.033665698,-0.032498255,0.084204726,-0.9333064,-0.402308,1.3859875,0.97957903,0.06630137,-0.24422762,0.25069845,1.9844366,-0.676705,-0.09987348,-0.011476587,0.074534714,0.25097352,-0.8647086,-0.48881075,0.05962425,0.07035334,0.9530471,0.29841903,0.35381836,0.1584591,-0.15443477,-0.8825161,-0.27993873,-0.39221194,0.30290532,0.4941738,-0.31495032,0.011708044,-0.83652616,-0.49852386,-0.46708676,-1.5273958,-0.7469646,-0.46490797,-0.86468077,0.46354178,0.31223896,0.24415812,0.21438347,-0.40313333,0.19383924,-0.31638342,0.45486075,0.76206845,-0.0034102977,0.8777423,0.380115,-0.6891407,0.5644738,-0.37140694,-0.95763856,0.2859696,0.05719876,1.0296175,-0.6729281,-0.20868811,-0.0148260025,0.23220846,0.17084835,-0.17092855,1.1188719,1.0271214,0.9467142,0.25658727,-0.39228803,0.5592118,0.21673,-0.18463941,-0.55806893,-0.11587145,0.10933107,-0.3206306,0.09609332,0.013243009,-0.37514943,-1.8858317,-1.4742721,-0.17531948,-0.1814858,0.6044053,-0.2891856,0.94333786,0.49062327,0.38518924,0.35815212,0.15989782,0.41538513,0.9732329,-0.15019919,1.1382513,0.4452979,-0.76086676,-0.7307593,0.24567093,-0.045514293,0.36160895,0.27466032,-0.12993966,-0.41028136,-0.012764402,-0.213504,0.33878237,-0.9138542,-0.4066424,-0.037704993,0.41761127,-0.39613292,1.4445164,0.22536623,0.049622115,-0.73198694,0.5837147,-0.869276,-1.2243854,-1.0946083,-0.28874648,-0.5934957,-0.3917485,-0.7521677,0.4285936,-0.68915623,0.850335,0.6818044,1.2443241,-0.9412944,1.5829931,-1.3878031,0.69406104,-0.4418656,-0.33544105,-0.3684012,-0.27199247,-0.47767252,0.1952502,0.036344547,-0.39774472,0.7548161,-0.6580118,0.58931965,-1.0991077,-0.6638624,0.001369173,1.0759128
0.064889684,0.11780121,-1.2495066,-1.4618785,-0.37474966,1.0378548,0.77301973,0.45392594,-0.20803538,-0.0937186,-1.2704414,-0.46870515,0.8585102,0.43806085,0.58352107,1.6519134,-0.5245497,-0.36737084,0.5265981,0.8319442,-1.7589225,-0.5148102,-0.7232691,-0.4118248,-0.57615715,0.7399986,0.75142443,-0.18735917,-0.18788096,0.5290099,0.8271085,-0.5657661,-0.23328519,0.48237762,1.6676602,0.8662472,-0.77325875,0.051863454,-0.722819,0.032763347,0.27179688,-1.4317487,0.9216923,1.1477363,-0.8292597,0.19465603,-0.62011206,-0.9166302,1.5299292,-1.0083576,1.3384342,-0.14912455,-1.2650192,0.2778491,-0.37375298,0.76605964,-0.95125407,-0.21638645,-1.1956117,-0.06486343,1.1342074,0.29707146,-0.7814995,-0.18149537,-0.63228923,-1.2494513,-0.41729447,0.25054252,-0.4589628,1.1886226,-0.060011093,-0.07602596,-0.4487719,0.7427158,0.5140156,1.1937829,1.3039755,-0.39716917,-1.0198567,-0.44079447,0.20079686,-0.10388919,0.2048596,0.38974652,0.025526024,0.52214116,-0.15206502,-0.7307804,-0.20122491,0.13976705,1.6663346,0.2948234,-1.2453234,-0.48189476,-0.7132967,0.023938384,-0.4967817,-0.61210716,0.65613306,0.3911231,0.43902,-0.7026448,-1.6332253,-0.15513659,-1.1180004,0.3115828,-0.09627535,-0.88863456,-1.2562423,0.024428463,0.5393656,-0.747229,0.4103475,0.028919395,0.03161539,0.106820785,-0.118278466,-0.3934292,0.75028044,0.5597735,0.23873198,-0.076133735,0.37651563,-0.468198,-0.55045295,-0.37152907,-0.8302118,-0.5711725,-0.5422907,0.17105103,-0.5569267,-1.0814935,0.5998878,-0.4307929,0.52304786,-0.37127662,0.08966977,-0.07834963,-0.2585646,1.2067497,0.6817443,0.30052662,0.36609712,0.82336724,0.8581219,0.2862613,0.4044355,0.20896095,-0.46379653,-1.0799415,-1.0704904,-0.14600691,-0.9740729,-0.067236125,-1.2680631,0.2463806,0.27012724,0.4458839,0.897911,-0.33304793,-0.3457595,-0.09217757,-0.74662596,-1.1421729,-0.7848732,1.1151304,0.8391683,-0.5012675,0.308935,-0.24081856,0.57719004,0.5469164,0.73359823,0.9164355,0.49070296,-0.60126954,1.1288372,0.837306,-0.2847841,-0.0781303,-0.37274536,-0.62673557,0.5847566,-1.2693176,-0.44304138,0.1907901,1.8721673,0.30077952,-0.56869143,0.8191372,0.02882816,1.4502159,1.4832646,-0.23666902,0.8309226,0.65449333,0.18279566,0.08670943,-0.78961796,0.6957301,-0.09446547,-0.20534655,-0.5588793,0.030870378,-0.0457785,1.1607159,-1.0035471,-0.9714995,-0.06096368,-0.3990828,0.2769872,-0.4707244,-0.53840154,0.51074195,0.8052775,-0.037539724,0.4820051,0.863504,-0.26168385,0.2788295,-0.00093398726,0.25055793,1.3852878,-0.6917015,-0.12807661,-0.36881182,0.019445619,-0.15784284,-0.85073155,-0.027845355,0.038518917,1.7512945,-0.85360855,-0.4427431,-0.45385525,-0.5393449,0.3471475,1.2405839,-0.049677048,-0.6625592,1.6220392,-1.0752019,-0.0076441374,1.3585457,-0.31695387,1.0254165,-0.79059136,0.22560942,0.36490735,-0.37688923,0.26938954,-0.78759944,0.8827593,-0.9286769,0.097939946,-0.25285593,0.012496448,-0.54288447,-0.038185053,-0.017866746
-0.28348488,0.28080258,-0.5784794,-0.58877534,-0.047783803,0.40275225,0.1573569,-0.643171,-1.0657753,-0.32454267,-0.12261479,0.94160223,0.8278499,0.716229,-0.6661529,-0.27812573,-0.41209617,0.068752915,-0.9056465,-0.72956896,-0.69828457,0.47778937,0.94241065,-0.028389001,0.177306,-0.26432034,0.6031757,0.406099,0.1131518,0.4883929,0.2550834,-0.050738968,-0.5719848,0.5869983,1.0117859,-0.37422025,0.08170082,-0.403432,1.1195965,0.79030895,-1.0376774,0.28985325,0.1934416,-0.24677986,-1.0974067,0.20940843,0.9067632,-0.07137763,0.09134963,0.37510824,-1.127772,0.08099893,0.5768768,-1.4551618,-0.04480658,-1.3401974,0.36830828,-0.88829833,-0.06902496,0.34080663,-0.6392325,1.0348912,-0.29228413,-0.37991577,-0.3059937,-0.51788384,0.3504716,-0.57597625,0.23238765,0.22008786,-0.28713953,-0.46852076,-0.22685125,1.2487061,-0.32955557,1.3207633,0.99269927,-0.833848,-0.14586216,0.28736958,0.4948916,-0.3748942,-0.11603728,-0.5377609,-0.3369517,-0.10250068,0.95358104,-0.6551039,-0.5563824,-0.11853597,-0.6267951,-0.47235847,-0.3045915,-0.43216377,-0.24331939,-1.0273538,-0.96511066,-0.19617704,-0.46045768,-0.031719428,0.27804425,0.21278404,1.4853758,0.4060751,0.32153812,0.44650227,0.091406144,-0.22995035,-0.98549116,-0.55057585,-0.01256524,-0.009401062,-0.8284419,0.23257585,-0.009270685,0.66982037,-1.0228637,-0.69569206,-0.5872092,0.43996274,-0.2931795,-0.7917668,-0.04404375,-0.15533,-0.20619701,0.29717445,0.18614799,-0.8944648,-0.13194624,0.2572767,-0.2832634,-0.2929187,0.16319543,-1.0929629,0.009768916,-0.18652703,-0.19504587,-0.09908199,0.1960226,0.47050324,-0.5006972,0.34106258,-0.066482626,0.5555213,0.48434016,1.3375344,-0.00052420486,0.88453037,-0.02139939,0.54391074,-1.0807941,-0.3139717,0.17559001,0.35187796,0.1754715,-0.15940578,-0.07921263,0.28367552,-1.1915258,-0.27918652,-0.44591007,0.30532807,0.8975122,-0.9985568,-0.595198,0.008601092,-0.578704,-0.56481487,0.15193754,-1.5013723,0.26825225,-1.3664854,-0.15639083,-0.7151437,-1.0875541,-0.3259524,0.1538672,0.8796007,-0.1769169,-0.35613313,0.67671406,-0.023579052,0.21865916,-1.6014795,0.0533835,0.9981692,1.2561408,0.95236856,-0.13642989,-0.05015019,-0.19189742,0.22952199,-0.60274386,-1.3232374,0.27058527,-0.45502847,1.0239323,-0.054474406,-0.41140267,-0.5549317,0.16121173,1.0631659,0.36049116,1.3875954,0.38362584,-0.476782,-0.20533442,0.6233815,-0.9327196,0.5311103,-0.04509013,0.29000404,-1.9479209,0.55236036,0.3253206,-0.5223397,0.52385604,0.3490962,0.32133028,-0.35570648,-0.2191879,-0.004731389,-0.18323739,-0.61121047,0.2525562,0.22329415,0.91962206,-0.67211944,-0.9833568,0.8805952,0.31164393,-0.43292236,-0.18708412,-0.69899064,0.08775166,0.0353992,0.246713,-0.21819508,0.037104804,1.2466713,0.43621153,1.7657889,0.04473121,0.055678748,0.9870865,1.1882019,0.67178094,-1.0650934,1.4617113,-1.6186651,-0.6590835,0.63031274,0.6294001,0.123267956,1.1908214,-1.2281631,0.762219,0.33408678,-0.320293,0.5253486
-0.8895371,-0.9526719,-1.5069662,-0.8198963,-0.50287855,-0.10213229,0.32884204,0.31517968,-0.85261434,0.47644627,-0.48616388,-0.4073821,0.33159488,-0.9621942,0.64394724,-1.118713,0.15362442,-0.26104003,0.23824298,-0.4207892,0.29894125,-1.1776116,0.6891504,0.8969762,0.6825741,0.17284168,0.5241559,-0.40054342,0.71898264,0.7314287,-1.4997625,0.7935438,-0.2588021,0.8010631,0.83190185,1.0925444,0.6730278,-0.5554407,-1.1021577,-1.010553,0.7139518,-0.3769256,-0.4104734,-1.0379491,-0.25046858,-0.39478183,-0.012267098,0.20917688,0.32783565,-1.4229759,-0.40911958,-0.70292026,0.36400172,0.28174013,-0.9263414,-1.1250808,-0.18037087,-0.2126128,0.23991388,-0.54304326,0.25341067,-0.3700672,0.6606562,0.65286195,-0.83940864,0.015867293,0.2628488,0.020560605,0.10631025,-0.060325824,0.8720032,-0.5448745,-0.10805477,-0.4863268,-0.33816978,-0.37436062,-1.0435493,0.35192207,-0.74000466,-0.21294317,-0.89302254,-1.1729273,-0.00599104,-0.6376916,-0.79495645,1.1829079,0.6705533,-0.36386797,0.52057976,-0.025477774,-0.5378694,0.49141717,-0.3593338,-1.113857,-0.25264236,-0.17403488,0.55729735,-0.69938934,0.5807079,0.95125955,-0.032818396,-1.3193682,0.9471172,0.3293731,0.048144765,0.09753039,-1.5883852,-1.0808823,-1.0284626,-0.80514807,-0.38318795,-0.30274576,0.093938,-0.37269688,-0.41927218,-0.64671415,-0.4769225,0.24071936,-0.11922525,0.17935224,-0.83900505,-1.395598,0.092457905,0.8470988,-0.72733635,-0.5249083,0.73298746,-0.37289664,-0.43660444,0.13207823,-1.4777375,0.46606869,0.02595107,0.026738334,-0.9410383,-1.6067114,-0.2817643,0.26918054,0.75557274,0.19949941,-1.2566445,0.9807748,-0.91715306,0.6604295,0.8503477,-0.1513263,-0.3574178,0.8461295,1.0295275,0.41173565,-0.17233792,-1.1384602,0.39835942,0.92282146,-0.17348956,0.23481914,-0.5066038,1.0288905,0.5491391,0.7568534,0.6013692,-0.8416722,0.62205523,-0.71056795,-0.30554518,0.82604986,0.6222354,-0.31282523,0.63838357,-1.1960307,0.53421396,-0.76647604,-0.4841977,0.22011597,0.57995784,0.5143667,0.20358965,0.58781546,-0.928114,0.71473545,-0.32064697,0.0815312,-0.13940714,0.5731019,0.6769775,0.7107455,0.82506764,-0.062494237,0.91930705,0.4410938,-1.5057012,0.9069002,1.2047104,0.53472,1.36095,2.0790684,-0.1476975,0.047754608,0.63341314,0.33899173,-0.12506273,-0.46005315,0.6624391,0.37401474,-0.55754477,0.30016986,1.3805088,-0.8755356,-0.050213825,-1.1151378,-0.4544313,-0.18034412,-0.5360496,-0.9204715,0.6137666,-0.29679847,-0.08721028,-0.79428023,0.39895633,0.0018721063,-1.0808587,-0.5560568,0.22650076,0.597359,-1.4327358,0.62868255,-0.8646786,-0.79034895,-0.3461837,-1.2580051,-0.11723843,0.80689025,0.4186567,0.63498074,-0.59753156,-0.59586763,-0.7762743,1.2527173,-1.3284879,0.55399054,0.8409951,0.8828175,0.13443306,1.3920451,1.637687,-0.434741,0.42783383,0.6283718,-1.1331924,1.0623407,-0.92796904,-0.743235,1.1215552,-0.4358777,0.0040508443,-0.6272285,-1.3214781,-0.38458893,1.6093338,0.70078343
0.51304436,-0.3850813,0.42849174,-1.1200137,-0.24449217,-1.0498775,0.82752323,0.06771004,-0.91808623,0.2798167,-0.045101706,-0.7035258,-0.31924912,0.7054371,-0.47366366,0.28820497,-1.0609745,0.094113156,-0.57107633,-0.38769904,0.040065043,-0.0993568,0.39740416,0.5996509,-0.6328616,0.74982154,0.66172713,-0.11313963,0.5867739,-0.14926602,0.0746612,0.41812506,0.90974844,1.4510516,1.3651898,0.21631134,0.53990364,-0.34050244,-0.4079721,-0.2103301,0.54200226,0.11651428,-0.37409747,0.26195556,-0.078110665,0.2961598,1.609667,-0.38281238,-0.56942165,-0.30174747,-1.0800467,0.4192823,0.35496265,0.0037569492,-0.62669003,-0.16147816,-0.022770977,0.04203852,-1.0952418,0.3391909,-0.94650865,-0.62981427,-1.9564302,0.4434873,-0.19797671,1.8565679,0.255185,0.36120036,-0.053200323,1.641638,0.44581336,-0.5180816,0.3650798,-1.5150886,-0.98363537,1.3996861,1.0928957,-0.07340058,1.164879,-0.5258414,-0.5211999,0.779811,-0.4829931,-0.0141585525,0.65799373,-0.9459864,-0.40539038,-0.015439061,-0.8888111,0.16198483,0.09927465,1.3991264,-0.08277632,-0.4976081,-0.35504043,-1.3670949,-1.3572918,0.72531146,0.14003834,0.69504064,0.5703571,0.6474288,0.225356,0.2287233,-0.19302978,-0.27041134,0.050351474,-1.0089778,-0.34162855,-1.668203,-1.0576711,-0.38136443,-1.0028365,0.051741745,-1.0194143,0.22268908,0.22771384,-1.127209,0.28350514,-0.33457536,0.41397893,-0.8305212,-0.17299809,0.120133355,-0.4921259,-0.80830926,0.21822028,0.3670236,-0.8457975,-0.5123413,-0.7812926,0.44898674,-0.42461157,0.33978683,0.61331946,-1.8540953,-1.0151095,-0.15220271,-0.42907843,1.0176593,1.3596396,2.0392582,0.07378134,0.81848854,0.6890599,-0.6280538,0.09735321,-1.40611,-1.4974557,-0.78910923,0.0059840563,0.7732675,0.4942792,0.27872196,1.3683435,-0.3911198,0.18293965,0.35635966,1.3985314,0.9118755,0.6756507,-0.3497503,0.13939716,-1.0369003,0.6761498,0.04263424,0.07504062,0.31562492,-0.05881001,-0.5354673,0.30367973,1.5114685,0.7366461,1.724227,-1.5706749,-0.78951687,-0.6667717,1.8610764,-0.040508725,0.27136892,-0.22493146,0.57581335,-1.1230056,0.6492666,0.21520188,-0.41397697,-0.2214105,-0.07938646,-0.26189846,0.3295557,0.11100574,0.5488173,1.6719954,1.0179878,-0.54395235,0.95175797,-0.015683336,0.72915643,-0.04460712,-0.501138,0.9088277,0.5471586,-0.3226395,-0.2644752,0.3059975,0.612932,-0.6240987,-0.73310804,0.29323557,0.67309874,0.10136979,-0.6435095,1.0385725,0.08145341,-0.23342869,0.543086,-0.5326594,-0.25041938,-1.0068219,-0.520862,0.28866023,-0.18092339,-1.4821523,-0.8095151,0.31180575,0.6346655,1.0303367,1.3375412,-0.5808623,0.5384835,-0.3653277,0.76513624,1.4546596,0.85120773,-0.918465,-0.33848366,-0.567803,1.1414601,-0.35234794,0.32813096,-0.8422164,-0.6796073,0.84195197,0.5472745,-1.5207449,-0.13108064,-0.91593647,0.00940782,-1.2108167,0.7955858,0.04241324,-0.52757823,0.47336015,0.46718767,0.3154538,-0.3406769,0.27284178,-0.7694673,-0.19745968,-0.68538994
0.6157605,-0.5274231,-1.093465,-0.35469308,-1.7835321,-0.52392197,-0.0017900518,1.1040406,-0.13384062,-0.10212235,-0.021047927,-0.8889057,0.87859625,0.32990798,0.88634604,0.5800516,-0.51382005,0.051495172,-0.46074176,-1.0378242,-0.034347802,0.10486897,-0.27894947,-0.4249969,0.37453055,0.19590859,0.90203446,-0.072377004,0.41938856,-0.0037984906,0.5737242,0.4690126,-0.35609037,0.6622351,0.7479343,-0.5607387,-0.31696948,-0.40875724,-0.20012711,-0.035378493,-0.06174631,0.53921074,0.5078502,0.4041619,0.49008146,-0.23953451,-0.15491553,0.5976969,-0.88247836,-0.7065354,0.07626011,0.21304877,-0.173012,-0.3026215,0.8601417,0.6367317,0.5925118,0.23908363,-0.2248929,0.22183202,-0.10356891,-0.7843857,-1.4942043,0.243761,0.07946196,0.32760432,0.9219271,-1.011146,1.2151428,-0.22635867,-0.0535651,-0.35511726,-0.054402713,0.8289899,-0.7653864,0.06955821,-1.3343478,-0.24593672,-0.014829646,-0.53263825,-0.99075145,-0.8285107,0.70245636,-1.0304861,-0.40676412,-0.55471194,-0.70564175,-0.2654044,0.13171098,1.4335811,0.31187734,0.46902886,0.50514805,-0.53912944,0.29962987,-0.40718895,0.23380195,-0.24309318,-0.5318284,-0.090416424,-0.9303755,-1.0688231,0.033309206,-0.28524494,-0.79247636,0.0028654041,-0.21405624,-1.2585275,-0.776369,-0.7109275,-0.7185396,1.4037638,0.6316006,0.089110486,0.5626512,0.29739067,0.8924797,0.7707544,0.21955957,0.3590832,1.2160094,-1.2437265,0.8868589,0.39004624,0.14661644,0.65392876,0.44822377,-2.306959,-0.14190598,-0.60646814,-1.0672268,0.7380551,0.22302772,-0.55597776,0.53188723,-0.5656648,0.36088628,-0.52700174,-0.29401836,-0.057130903,-0.16982022,-1.0082738,-0.5260923,-0.17701772,0.41337216,-0.6929716,-1.2856461,-0.15223616,0.4091152,-0.43415853,-0.33764857,-0.55308974,-1.0620625,0.8271912,-0.36752462,0.14730072,0.69104,-0.35264185,0.68057173,-0.28630096,0.28478006,-0.1448923,0.0130280135,0.2661653,0.3344141,0.99281985,-0.2038106,-0.1562775,1.092828,0.040420722,-0.33154547,0.09869757,-0.75392634,-0.5998269,-1.0911478,-0.1398542,-0.94261014,0.17082301,1.0814373,1.3389423,-0.62585187,1.7089031,0.84854835,-0.74795866,0.7169262,-0.19369939,-0.91680145,-0.44395202,0.35725382,-0.3695081,-1.1398653,1.3718617,-1.180844,0.53840196,-0.3928266,0.6989036,-0.18467698,0.2543091,-0.32950214,0.7095274,-0.18013042,-0.12719332,-1.2389281,-0.062523685,-0.7915693,-0.42558944,-0.54848725,-0.028780773,-0.78292304,0.5103016,-0.82918084,-0.13103843,0.4678517,0.30534026,0.3691177,-0.061883356,-0.81992614,0.07417998,0.2020328,1.0821406,-0.94871527,0.10401684,0.034618247,-0.7263047,0.90052795,-0.28111222,-0.5217207,-0.559751,0.35733995,0.09628549,0.22849478,-1.2961768,-1.4422781,-0.112200394,-0.7410574,0.73758954,-0.32374278,-0.5669524,0.6303689,-0.7432518,0.3068746,0.09274148,1.4064037,-0.4239389,1.0167252,0.14032768,0.72708243,0.95245034,1.0777587,-0.058616128,-0.21740125,0.088272326,-0.3202648,0.015229478,0.55769956,-0.34935495,0.51213366,-1.1636744,0.35234082,-0.1541471
-1.3316934,-1.6236253,-1.2722747,-0.6129413,0.029940605,-0.10094808,0.3172162,-0.11676895,-0.6820956,0.20278387,0.06347097,0.75181526,0.031294122,-0.5746871,0.4282997,0.48251063,-1.1036977,-0.36551878,-0.40907237,-0.9134079,-0.40460256,-0.61715,0.03541543,-0.5068129,-0.34346622,-0.50287575,0.60566175,-0.040278565,0.20164421,0.6499105,0.48970288,0.4557286,-0.36521438,1.6619921,-0.95009136,-0.41752306,0.11126918,-1.1318312,-0.031180635,0.26975974,0.33835965,0.5683671,0.60700095,0.27805394,-0.824178,0.18854956,-0.005003181,0.09729128,1.0298845,-0.26012206,-1.0858661,-1.8609177,0.2692299,0.9131427,1.4083904,0.28859603,0.8600119,-0.0962778,0.8217571,-0.45902523,-0.27999774,0.79652315,0.42568445,-0.93562514,0.8777416,0.76996934,0.012630655,-0.50988007,-0.26778355,-0.6809582,-0.84588796,0.100773625,-0.13023426,-0.6434222,-0.7093553,-0.5077099,-0.34570268,0.023703521,-0.7986173,-0.2230525,0.24091256,0.3618588,0.8096224,-1.5368007,-1.0575565,-0.086221725,-0.24275865,-0.7697757,1.29218,-0.3254458,0.0588592,0.18401562,-0.9376459,0.84936357,-0.6769745,1.1919332,0.93370235,-0.4498395,-0.1779317,-0.5872003,1.1991888,1.2389561,-0.36092192,0.19647476,0.038751666,-0.25864908,-0.88049185,-0.7496407,-0.103994325,0.08511934,-1.2357053,-0.4574773,-0.7077723,0.29591474,-0.53819495,0.3060585,0.17802264,-0.5435065,1.7697273,0.11266896,-0.8432598,0.6203985,-0.080958925,0.9541857,-0.7478418,-1.8675299,-1.6998338,-1.4645119,-1.9883214,-0.26595065,-0.33850542,-0.0010268318,-0.009229396,0.7588502,-0.1557592,-0.055518404,0.008107904,0.4952971,-1.3223469,0.52936465,-0.7164939,-0.35647747,-0.6978838,0.21640606,-0.114025004,-0.57604295,-0.50634015,-0.5395163,-0.599872,0.19871512,-0.65978456,0.61916703,-0.07015382,-0.124141246,-1.1570997,0.9397586,0.044217706,1.1146238,0.64527124,0.61982244,-0.61184824,-1.4308211,-0.67540485,-0.17887111,0.04117597,-0.8447887,0.38725293,-0.20799068,-0.26109028,-0.39441833,0.30633655,-1.1202554,0.12674142,1.2696953,-1.637151,-0.27996305,-0.9863921,0.4807406,0.36484882,0.11181649,-0.1762582,-0.20504442,0.31222278,-0.46440086,-0.7940742,0.26834813,0.71695113,-0.21513629,-1.3212614,0.19675036,0.64188355,-0.4169443,0.9763163,-0.05564522,-1.30875,-1.2798434,0.24332654,0.64175284,-0.23037207,-0.9781704,-0.1605823,0.4056219,0.42953786,-0.1720139,-0.09928997,-0.19532719,0.4681663,-0.2811532,-0.5191734,0.45714986,-0.30047193,-0.31702158,-0.090751275,0.17816988,0.10745842,0.9976564,-0.37659234,-0.59511673,-0.32906035,-0.4990722,-0.030489221,0.40426448,0.38989565,-0.38926172,0.33514714,-0.5928252,0.42914006,-0.5591995,-0.66562206,-0.12713894,0.17554967,-0.57761896,0.5248676,0.7733585,0.3483386,-0.42250115,0.2597957,0.41942826,0.54709643,0.6446464,0.0873133,0.5708799,-1.1151047,0.51816183,-0.58060485,-0.4031285,-0.22777191,-0.4911618,-1.0154892,0.1422607,-0.02007267,0.33406416,0.15737122,0.25454992,0.32783267,-0.45133823,-1.0651615,-0.3828386,0.024524452,0.19404057
0.73249656,-0.09940013,-0.5043856,-0.034008075,0.7249657,0.65691346,1.1702609,1.7132466,-0.25273508,0.79611903,-0.045759298,-0.7128097,0.0725482,-0.5561511,-0.5527285,1.0695133,-0.6876286,-0.48765764,0.13032845,-0.40248123,-0.49854252,-0.3960137,-0.13786107,-1.0981866,0.3926854,0.38769865,-0.7652701,-0.021821864,0.018141791,-0.6425502,0.5331357,1.215075,0.67603284,0.9838037,1.37492,0.61386466,-0.32010466,1.2504609,-0.6088949,-0.4745989,-0.068916775,-0.07301049,-0.42943734,-0.7768979,-0.026280213,0.44643512,-0.15505627,0.7492259,1.0818987,0.14667678,-0.8997653,0.4358181,0.7190654,0.23656844,-0.84717834,0.13582166,-0.77533877,0.9574516,1.2831696,-0.22563018,0.04271563,-0.5584436,1.119601,0.19651139,-1.1929818,0.10582734,-0.6566877,-0.23971517,-0.127114,0.37060288,-0.30128682,-1.1195724,0.16343948,-1.2423955,-0.8981199,0.12992571,0.78463703,0.1602622,-0.028062655,0.6869569,-0.52651817,-0.09729981,0.5518823,-0.16849484,-0.85349524,-0.3231742,-0.42433006,0.5966774,-0.6889205,-0.42270488,0.30775845,0.4276793,-0.21329103,0.18276009,0.18946315,-0.20739692,-0.4527109,-0.13686062,-0.02015196,-0.57412934,-0.6097684,0.43823618,-0.91071874,-0.75323683,0.8462984,0.36845893,0.16101146,0.59467465,0.7535138,-0.17848492,0.31736293,-0.0408763,-0.9050134,-0.16847853,-0.5506565,-1.243389,0.4378348,0.04266514,-0.18671969,0.5256501,-0.11141582,-0.2511067,-0.10259162,0.16629396,0.17671818,0.17800714,-1.3253257,-0.9485395,-0.029746756,-0.3390781,0.8258947,-0.6431615,-0.44517523,0.50170267,-0.1702369,0.17852801,-0.8515694,-0.61691797,-0.31366962,0.6648275,-0.3894548,-0.2781781,-1.1594526,1.1332045,1.0610676,-0.12389231,-0.74814296,-0.24759603,0.11795237,-0.47617918,-0.81742257,0.056192268,0.09187447,-0.03037272,-0.8865723,0.8999935,1.2812179,-0.023105819,0.813566,-0.11421479,-0.9421235,-0.48169926,-0.29664522,0.107765235,-0.0044160173,0.8203481,-1.1626604,0.32248074,-0.34460217,-0.46756494,-0.5115997,0.10878583,0.34124836,0.18063524,0.3574882,-0.96492803,-0.053203385,0.6511263,0.047987904,0.33086568,1.058096,-0.3559515,-0.3569826,-0.5732245,0.74051696,-0.16960283,0.106356,-0.5225951,-0.27152726,-0.5585624,0.97222406,0.19333412,1.0900881,-0.49344954,0.7584992,-0.27117988,-0.046448674,-0.048178453,-0.07638801,-0.363075,-0.32360172,-0.020913774,-0.5356199,0.31322873,0.57883024,-0.47277248,1.0366495,-0.24186045,0.4222638,-0.1813715,0.14806688,-0.7018873,-0.1391044,1.4929978,-0.68515766,-0.3840168,-0.53682864,-0.034151815,-0.6420074,-0.47605595,-0.60610867,0.69089276,1.0722992,-0.22603698,0.02584638,-0.025151763,0.5855479,-0.4925581,-0.14465268,0.31625417,0.6067809,-1.0574185,-1.0109078,0.28350946,-0.09157603,0.22755098,-2.3871431,-0.08101755,0.6483744,-0.10160259,0.53095216,0.47072968,1.0801737,1.6718813,-0.3330927,-2.2429996,0.38642943,0.67409956,-0.35522482,1.7964671,-0.5696634,0.3524519,-0.026858384,1.0895011,-0.84992236,0.31448245,1.4644725,0.43520036,0.6710513,-0.7641266
-0.47912738,0.48344842,-0.38286778,-0.15300982,0.3922591,-0.8222518,0.8832689,-1.0768592,0.5806679,-0.16863728,-1.2565079,-1.6239339,0.26266983,-0.18006638,0.12072829,0.2796624,-0.03468125,-0.12824017,0.19809155,-0.42123652,-0.60997087,0.44282576,0.3450478,-0.84014726,0.21038085,-0.008352586,0.23427789,0.10092039,0.07949435,-0.41207376,0.66789603,0.10780157,-0.26106125,0.38748944,0.71360266,0.002736459,0.19917634,-1.2443388,-0.96049356,-0.6402721,-0.50903815,0.252716,0.5076277,-1.0512301,-0.8181056,-0.31591102,-0.75554717,0.29923388,-0.38912407,0.9545171,0.10482416,0.1295507,0.1654829,0.9907239,-0.22369924,-0.0984589,-0.1537106,0.31509444,-0.831127,0.328325,0.8655243,-0.82385397,-0.9207524,0.43331078,0.46085525,0.39750814,0.19716504,1.0669163,0.6625492,0.020503303,0.8182523,-1.3253473,-0.31498677,0.22810549,0.5721902,-1.6217755,-0.31486112,0.22417007,0.54051256,-0.16165547,1.0520571,0.9600783,-0.5217186,-0.26091737,0.8115975,0.81954676,-0.26560605,0.41325945,-0.46286818,0.84395117,0.8830396,-0.43978918,0.62846226,0.1433711,0.37490267,0.18170337,1.6609414,0.48479304,-0.044914,-0.4361255,-2.0143833,1.3921272,-0.21095869,-1.8113065,-0.49633166,-0.5601713,0.2818475,0.9396181,0.5264796,-0.5798668,-0.16385221,1.3957107,1.3202691,-1.4350247,0.308248,0.6026052,-0.11326584,-1.0340211,-0.48012763,0.1566702,0.16982877,-0.879203,-0.809581,0.056624595,-0.065767154,-0.5475272,0.83160865,-0.21038346,-0.22060345,-0.76273495,-0.5929991,1.4557462,-0.5434432,-0.4799358,-0.06265391,0.15687858,-1.3865457,-1.110535,-0.26868355,-0.81962895,1.1418943,0.3159306,-0.5486759,-0.044696745,-0.26327458,-0.4434995,0.10180035,0.8912509,-0.030210052,-0.8612534,-0.63275653,0.053921994,0.73050773,0.3161969,-1.7603731,-0.18497762,-0.33187672,-0.097331,0.46702635,-0.3655369,0.37708366,-0.33628213,-0.21523325,0.22147574,-0.7487787,0.31269783,-0.23158476,0.3452418,-0.024238743,0.54433835,0.08333021,1.3033794,0.21422327,-0.53336424,-0.34398514,0.7003325,1.6736126,0.16931692,0.5221618,0.2755334,0.78313524,-1.1521544,-0.015039774,-0.8983377,0.37695512,-0.50350296,-1.0712061,0.6595266,0.83191776,0.316205,-0.32696462,-0.7167393,0.23730333,0.09556291,2.6236749,-0.008340122,-0.4018823,-0.23920475,-0.35324502,-0.23050834,-0.6032648,-0.06655732,0.11265016,-0.26444617,0.7035214,1.2602402,-0.63027626,-1.5913129,-1.3264223,0.60066193,0.21570596,-0.5264842,-0.8060748,0.6169541,0.62270474,0.8541029,-0.8799604,-0.5040062,0.6764926,-0.38722724,-1.0165519,-0.5480426,-0.44516098,0.38676667,-1.1010453,0.53559,-0.7898664,-0.08297071,0.6339462,-0.38205206,-0.45412374,0.20675959,-0.43129125,-0.35365927,-0.5639677,-0.59987587,0.6091802,0.9321203,0.104189195,-0.46536195,0.27902332,0.55384827,0.63734555,1.1793786,-1.0075152,-0.5778186,0.63889736,0.3435464,-0.7442035,0.46349964,1.1968762,1.6828325,-0.11045831,0.4666484,1.6307254,1.1678641,1.7096082,0.32867268,0.643605,-0.401042
-0.5884667,-1.0913138,-1.2739316,-1.0906577,-0.40968525,0.6595871,0.015066087,-0.59212303,0.98167145,0.035276935,-1.6123365,-1.5225651,-0.14773864,0.70134115,-0.25398943,0.16836852,-0.39418036,-2.0169199,-0.2158906,-0.84016615,-0.3745514,0.047085445,-0.12345456,-0.23797177,0.24613117,-0.28974268,1.1681966,0.27629027,-0.1728412,-0.6067974,-0.23163383,-1.0458221,0.9144099,0.9020214,0.19564086,-1.3762728,0.32029113,-0.31731242,0.42763555,0.5383374,-0.24908823,-0.22665504,0.18180136,-0.85902643,0.113837734,0.16854538,0.8439298,-0.1932357,-0.70214486,-0.16123368,0.5440057,-1.1294626,-0.51256925,-0.37265435,-0.8325168,-1.136209,-0.89823985,0.75343555,1.4193118,0.97689074,0.34856388,0.20005397,0.87728924,-0.29072392,0.38843894,-0.919496,-0.13431533,-1.3464136,0.11202938,0.15479751,0.43630332,0.14410932,0.49664113,-1.4052469,-0.39662555,-0.174566,-0.71433145,-0.11307539,0.9128866,-0.24568099,-1.2585856,0.34810296,1.1578035,-0.511117,0.005470568,-0.6855815,0.6294209,-0.16889684,1.0901855,0.9140975,-0.102257885,0.621847,0.90611476,0.4714118,-0.14799874,0.45426756,0.15104099,-0.4403286,0.032268073,-0.18076912,0.5641917,-0.5777509,-0.3007287,-0.21926905,-0.47728175,-0.010965214,-0.19807558,-0.20207644,0.3017954,0.18633106,-0.22907232,0.8065957,0.86970896,1.2743458,-0.20343073,0.5392328,-0.3887876,-0.49780777,-0.62383366,-0.16460863,-0.56473404,0.502073,-0.32253462,1.4473691,-0.8800074,-0.13415694,-1.0029558,1.0467876,-0.46082315,-0.9107168,-0.48639485,-0.022746459,-1.4049472,0.51250666,1.5834916,0.3864138,-1.5320009,0.19267336,1.0091534,0.9483854,0.8287473,0.8891564,-0.89238906,-0.48289466,0.45647892,0.74109757,1.2429408,-0.443836,-0.5667832,0.05972723,0.86417747,0.41777915,0.30491304,-0.2552922,0.24450377,0.43401068,-0.5234879,0.59445196,-0.062384214,0.53823274,1.665591,0.9987164,-0.23448887,-0.7431206,0.56773955,1.5619489,-0.32555473,-0.49474669,0.08565411,0.12845775,0.3830317,0.13332093,-0.08503131,0.45246357,0.72562677,-1.4444723,0.08550295,-0.56749964,1.3749213,-0.80996937,-0.8764565,-0.17839189,0.3033739,0.5070965,0.4100657,-0.98394305,0.7801482,0.5396828,-0.83458257,-0.084285475,0.78430814,-0.7560019,1.2693241,0.97813493,0.17529659,0.85356516,-0.39735502,-0.20959644,0.076798156,-0.7601945,0.3469734,-1.2136933,1.0617533,-0.83941376,-0.40654677,1.2691987,-1.5372071,0.123055495,0.36328584,-0.30571878,0.24538262,0.41811147,0.4410078,-1.3221563,1.6189904,-0.94841665,-0.90807444,1.3141528,0.46168736,-0.59801984,1.4075974,-0.4340903,0.3005043,0.0037579816,-0.15397458,-1.6083213,-1.0293711,-0.57964206,0.43077308,-0.27210274,1.2630154,-0.08925427,0.028626401,0.85177124,-0.031566,0.3454669,0.3583041,-0.23834667,0.8635577,-0.65292424,-0.33183074,-0.36252794,-0.3349034,-0.40728036,1.1400212,-0.63697416,-0.16193186,0.16574763,0.01784016,0.071434624,-1.2402774,-0.5451351,-0.94388115,0.325948,0.03622079,0.93869096,-1.3726844,-0.38127187,1.0107937,-0.49176782
-1.1917567,0.1450395,-0.7649063,-1.1231948,0.05527602,0.81069094,-0.007132659,0.06948136,-0.013791329,0.5539786,-0.48727906,-0.9216631,0.14671083,-0.88622767,-0.6454524,0.43175843,0.67968565,-0.9779012,0.12961128,0.051971965,-0.2794362,-0.8659498,0.26627445,-0.5800187,0.21819553,0.03073816,0.61497205,0.4708425,0.112939835,0.027939448,0.7894598,-0.99646056,0.08800484,1.4361737,0.4344466,-1.024261,0.20684075,-0.2981166,0.52333903,-0.89018077,0.009254188,0.896519,1.5253856,0.8356797,1.2813044,0.90918624,0.8352839,0.07111862,0.25402448,-0.65516436,0.02153586,-0.6892043,-1.0881652,0.28235516,0.33855182,-0.19737075,0.105296776,1.1000496,0.30833983,-0.2243334,0.4065665,-0.9323316,0.790101,0.99801666,0.033640616,0.5142412,-0.1345895,0.38615656,-0.2814894,1.786086,0.15866905,-0.5129812,-0.9156385,0.98675305,0.57930785,-0.6237844,0.27010483,-0.8384619,-0.5452923,0.65595436,0.68858296,-0.7283878,-1.0914992,0.3938467,-1.1439637,-0.51804674,0.048714545,0.49139383,-0.5172326,-0.33566204,0.24931031,1.0691602,0.8565994,0.6423616,0.7846993,-1.0073215,-0.4963514,0.018613169,0.12686324,-0.9052338,-0.31140104,-0.93665516,-0.7585049,0.054855365,-0.29043368,1.488923,0.5490936,-0.27027687,-0.6870537,1.2086785,-0.51890457,-0.4738875,-0.12240618,-1.0282916,-0.8845085,-0.21348467,-0.048195098,0.024029901,-0.15215099,-0.27246326,-0.30069926,0.6111231,0.11668779,-0.61678624,-0.5171959,-0.2423949,-1.378498,-1.0244402,-0.6955628,-0.7484065,0.2584915,0.5938772,0.56701404,0.5986187,-0.46090478,-0.3337797,-1.0976915,-1.09306,-0.022438055,0.16614509,-0.09629827,0.17623675,0.04311862,0.04552588,0.5200365,0.64217323,-0.9381499,-0.12445313,-0.25521803,-0.21962766,0.55947655,-0.33598268,-0.92242247,0.20344031,-0.45841637,-0.37984404,-0.3149584,0.64278626,-0.15271278,-0.47803286,0.17795989,-1.344446,0.07624735,-0.23693505,-0.24368843,1.4130564,0.70818084,-0.10590083,-0.7359798,-0.8620013,-0.54143393,-0.38099968,1.1176065,1.4285828,-0.57344264,-1.3022295,0.61341625,0.093652435,-1.1255009,0.47089854,0.47218013,-0.17189129,0.8567858,-0.5670127,0.35151258,-1.3278719,-0.7616351,1.5125549,0.6954871,0.4138948,0.25898597,-0.23187238,1.61939,-0.27506235,-0.37382737,1.0512186,-1.220678,0.07463953,-0.11095618,-0.4324838,-0.51822466,-0.7657702,-0.10678233,0.40699863,0.917324,0.060554985,-0.7477067,-0.027107341,-0.7618929,0.42445913,-0.74715966,-0.44020557,0.7629437,-0.2190867,-0.8774662,-0.3333608,0.23036903,-1.1083579,-0.9664717,-0.4309201,0.30314788,0.16312028,0.26086107,-0.16960718,-0.97513354,-0.489823,-0.183477,-0.3956237,-0.017682051,-0.7841342,0.36220387,-0.44815952,1.6925205,-1.0253924,-0.5431059,0.9515524,0.38569474,0.1284402,0.29921204,-0.30921823,0.016872726,-0.42279828,0.9669784,0.86490214,-0.8069783,-1.0213118,-0.5677653,1.314819,-0.9225061,0.8246748,0.010684128,-0.0030066746,-0.24735704,0.9731852,-0.47364524,-0.23544122,-1.173174,1.0443685,-1.0821359,0.1530466
-1.768809,-0.9483663,-1.1333529,-0.8492168,0.32859284,0.76181287,-0.9911079,1.3238679,-0.5493272,0.77879477,-0.24613787,-1.2525849,-0.7149154,-0.39104947,-0.6430561,0.923112,-0.013542207,-0.488242,0.37032798,0.27070788,-1.4128433,-0.5722219,0.63316023,0.68361336,0.8664319,0.736153,-0.6388562,1.869693,1.6322044,-0.21357907,-0.6979399,0.15463354,0.008879791,-0.4616833,0.17481755,-1.0197431,1.056903,1.7144961,0.52200073,0.24476425,-0.24183577,0.719957,-0.19249892,0.41955125,-0.2012145,0.3145311,0.21543771,0.0039553926,-0.34153825,-0.74697876,0.4754876,-0.06294095,-1.2526529,0.4150613,-0.31327033,0.9939123,0.16253725,0.897147,2.1388044,-0.6266589,-0.09147339,-1.2211953,0.6727942,-0.7715844,1.124632,-0.113367125,-0.4305643,-0.15293781,-0.34043366,-0.34015745,0.0949859,0.1026503,0.29457018,-0.1391172,0.3328736,-0.320968,-0.52890724,-1.0985101,-0.7289795,-0.20579568,-0.28193608,-0.44800296,-0.2732976,1.3831176,1.0384437,0.0050675874,0.40878946,0.6033073,-0.28075266,-0.3295517,0.14798345,-0.76285344,0.04342223,0.85029334,0.19738281,0.11359634,-0.34679946,-0.110953294,-0.5430388,1.4735093,-0.096242994,0.12895478,1.749214,-0.75895286,-0.6099596,-1.6719042,-1.1699201,-0.18566605,-0.51666087,1.2591027,-0.48668054,-0.66949946,0.08979985,-0.091422856,0.35398024,-0.4291329,-0.6483456,0.28437364,0.0059592538,0.41536525,-0.45283133,-0.47231308,0.89428246,1.2215428,-1.5047665,-0.20049803,1.012926,0.8521263,-0.23056403,0.52298826,-1.1486193,-0.09556098,-0.38438943,-0.7676025,0.11763802,-1.4061862,-1.4080453,0.049328823,-0.7085785,-0.623149,0.28850266,-0.13117546,0.06296956,-0.6032056,-1.0786451,0.7848546,0.6302537,-0.3589862,-1.0415416,1.8732121,-0.15622029,0.8188849,-0.5850012,0.6749653,0.104222625,-0.13810049,0.65332884,-0.69103825,0.51627856,0.39369488,0.48757187,0.62453514,0.26706216,-0.27081078,-0.54566085,-1.005149,0.17988844,-0.36284792,-0.5851558,-0.7679373,0.01138165,-0.11974599,0.64679635,-0.89233595,-0.23053122,0.04159999,-0.88319767,0.9686944,0.95037854,-1.3661964,0.08984619,-0.9694228,-0.033754442,0.17796703,-0.17806637,0.963171,-0.5588284,0.26584736,-0.1694638,0.035915554,0.43744907,-0.43459478,-1.1403512,0.07811955,1.1701616,-1.9604506,0.27137548,0.043308057,-1.4689844,-0.42519802,-0.09242528,-0.67796606,-0.5366124,0.3074226,0.8596499,-0.8771799,-0.03846983,0.54154915,0.81749856,0.3227977,-0.11412151,-0.49927568,0.6940218,-0.1747135,-0.67051804,-0.23451245,0.08009919,0.027386865,0.33999747,-0.52934355,-0.18483597,-0.27286044,-1.0706995,0.672234,0.74122256,1.3538722,0.1485524,-0.8675032,-0.67261,0.6148896,0.69348544,-0.14263043,0.6352132,-1.4685453,0.7551362,1.0178128,-2.0093622,0.9532814,1.1225417,-0.5440801,-0.6984842,0.019126544,0.124233924,1.013784,0.68133694,-0.40269956,0.06508239,-0.68704575,-1.4754864,0.20682243,0.11053605,0.6917024,-0.117838,-1.0713514,-0.31854656,-0.1885449,-1.0084132,-1.771036,0.584069,1.1383061
-0.40891102,-0.9975138,-0.025735954,0.25956526,-0.5898638,0.08410267,0.26694867,-0.22897467,0.9169562,0.06268175,0.35538924,-0.54474276,0.06964043,0.79193324,1.5234257,0.19210085,-0.62919825,-0.3508785,-0.83007115,-0.41239318,-0.5271168,-0.7325488,0.026415713,0.4778318,0.52289563,0.82881993,-0.42719585,0.97707665,0.028261969,-0.69833994,0.8412119,0.85619986,0.24535239,1.1658154,-0.32692173,-0.77264714,-0.22085585,-0.64057493,-0.23783135,-0.63226676,-0.7560535,0.76964676,0.029686477,0.56687075,-0.0125378305,0.82953864,-0.045548104,-0.5946944,-0.5879306,0.39411214,0.46388608,-0.24667679,0.030751089,0.7085877,-0.7901984,-0.11586349,-0.66312265,0.5267193,-0.25420675,0.32369098,-0.2624428,-0.9950122,0.68532073,-0.8356745,1.5358337,-0.80610096,0.66679704,0.09902668,-0.7179957,1.3467764,-0.04917404,0.9031535,1.4779537,-0.54081374,-0.6810804,0.10363365,0.48017862,0.30333135,-0.23001024,0.22310531,0.07178828,-0.6113602,0.38909215,-0.097784206,0.045613233,-0.084331825,-0.41054612,0.22260432,-0.10507168,0.48405412,0.4800978,-0.37241128,-0.05483932,0.027823988,-0.14863418,0.8770118,1.3283666,1.1325203,1.5483011,-0.7996892,-0.38543233,-0.9295128,-0.8840282,-0.96392936,1.6861705,0.003437162,0.97256404,-0.36645433,0.32885537,1.3895799,-0.50274533,1.6646523,0.5447969,0.26531923,1.7058506,-1.1674784,-0.43732342,-0.41181645,-0.45219502,-0.10413908,0.14649539,0.12419655,1.1163505,1.0926707,-2.1382973,1.6660095,0.17668195,-0.06579224,-1.303866,0.4996929,1.3281028,-1.3334987,-0.36560398,-0.033133153,-1.428118,-1.3036174,0.3299191,1.1519588,0.03071687,-0.5456523,-0.90584207,0.08075595,0.7205087,0.8808119,-0.62659764,-0.035711654,0.63008875,0.80131507,0.040740956,-0.76955813,-0.29321563,-0.13966013,0.10957615,0.039293032,-0.23978823,-0.2080419,0.4686115,-0.66586447,-0.11506435,0.6508025,-0.020403214,-0.9892469,1.7297571,-1.2240359,0.13847102,0.9441082,-1.2594826,0.7026759,0.28380564,0.8695838,0.074268065,1.0340207,1.0595828,0.4903384,-1.0801386,-0.07759522,-1.1825696,-0.9790193,-0.118438154,-0.2581395,-0.27416247,0.65296704,1.1684978,-0.034337576,0.22924553,-0.40555283,1.0838004,0.28717536,-0.27201402,-0.47268808,0.7519822,-0.6567143,-0.65592384,-0.15131536,-0.48185918,0.7481215,-1.2500945,0.38989702,0.109566316,0.34941542,0.4598812,0.09046453,0.28161657,0.8089231,1.7956166,-1.137576,0.09338403,0.7034879,-0.5772447,0.45829308,-0.61547744,-0.5051782,-0.1804167,-0.6558132,0.6907853,-1.198135,0.05036227,-0.2542732,1.3237123,0.25249907,0.92161614,0.4657302,1.3736699,-0.3410744,0.18607555,0.6712212,0.50303,-0.6642077,0.2472743,-0.42223483,0.09115471,0.8410603,0.41770118,0.3309634,-0.3288417,0.58752716,0.38297096,-0.31546944,0.52795863,0.8852357,-0.91822094,-0.05995617,-0.44091716,0.2595169,0.028952409,-1.1613414,-0.197215,0.7877331,-0.61248857,1.1929972,-0.9803812,0.2505016,1.3674611,0.9479983,0.26077846,0.5165992,0.918352,0.47879386,0.019784639,0.1740832
0.98264426,0.6129456,1.3974391,-0.4743309,-0.5385444,1.0097808,2.4494457,0.7978291,-0.69985193,1.7478131,0.13502051,-0.9744939,0.3355795,-0.91545707,0.95308775,-0.7160343,-0.88009447,-0.44778782,-0.5734513,0.55373085,0.18642989,0.034460757,-1.1714184,1.4621478,-2.0543952,1.0135844,-0.080283985,0.12214498,0.83853495,-0.8949753,0.9642356,0.001083164,0.6683606,1.4119333,0.46478367,-0.27350247,-1.0383836,-1.3462635,0.8383793,0.56781,-0.26451215,-0.27485886,-1.181808,0.26708633,0.7061618,1.3645067,-0.08178504,0.048585817,-0.2890613,-0.13820961,-1.2437851,0.41573155,0.8572616,0.59295046,0.6264523,-0.18137652,0.08850812,0.28415313,0.4852421,0.25482315,-0.16806364,0.31384704,0.5991338,-0.48789385,1.0636162,0.7403295,0.93500626,-0.03257773,0.4749846,1.14382,-0.024987822,0.48168668,1.25645,-0.6411365,0.39274928,-0.7831371,-1.2141463,-0.49595332,-1.7501918,0.21947089,-1.1808512,-0.6517599,0.53993756,0.26764616,-0.21823037,-0.19834265,0.081021346,-0.07625073,1.0171137,0.65006566,-0.21718109,0.84125096,-0.16203108,-0.4325093,0.9488496,-0.19349095,0.24545681,1.2235973,0.71974134,-0.47253004,0.10975119,0.24340285,-0.23427662,-0.5718346,0.4069147,-0.4573781,0.7852038,-0.16973443,0.3609251,0.9743872,0.21675298,0.470624,0.5290885,0.3898451,1.2479291,-1.340388,-0.06640005,0.77310175,-0.15599194,0.58991414,-0.79114395,-0.18802385,0.39842698,-0.78242856,-1.7992402,0.70856315,0.5671983,0.01971206,0.6633636,-1.0007309,-0.06802692,-0.16918321,1.5769898,-1.0820483,-0.62789166,1.2759274,0.40032956,0.21897079,0.47696602,-0.44827932,-0.85356486,-0.037784625,1.0254793,1.7682384,0.23841757,-1.4732416,-1.0007818,-1.3326228,-1.2582998,0.44979838,1.5927883,0.13263659,0.75413036,0.7229576,-0.727092,0.17197466,0.124309495,0.5136285,0.1942689,-0.47644353,0.7352524,0.6134226,-0.21032715,0.13182579,-0.5611837,-1.1939167,-1.8230189,0.20005716,-0.9426158,-1.1607445,0.17865196,-1.4162693,1.1107558,-0.7558309,-0.06561896,0.4661856,0.04872243,0.40787095,-0.23815028,-0.5145094,-0.809786,-0.3135125,1.5893576,0.25314456,1.162147,0.8399489,1.8893027,0.35718575,-0.12233961,-0.6794461,0.28263518,0.65732676,1.3833857,-0.5056255,1.8806063,-1.9936435,0.60280466,0.3564059,0.2687169,-0.1457044,0.32509968,-0.26014152,-0.5452063,0.71205914,0.17433868,0.20850547,0.057540696,0.2702446,0.16093671,-0.4288144,-1.0564207,-0.7031185,0.75272965,1.3242879,-0.27312192,-0.84262484,-0.49994346,-0.8372199,-0.36471987,0.37838325,-0.8439132,1.5435832,0.36925998,0.2150695,0.3358802,0.5612422,-0.92107445,-0.9059483,-1.11743,0.50717455,-0.04026163,-0.5971522,0.4140387,0.9719244,1.6062822,-0.11660262,0.4163202,-0.30804747,-0.18141402,1.065916,-0.17008328,-1.4080735,0.76392275,0.9562336,-0.4924713,-0.8694812,-0.0020512508,-0.6213583,0.39326295,-0.7872884,0.7189878,1.0771233,0.3019611,0.51279014,-0.37585953,0.25061303,-1.3265195,0.24647969,-0.6858772,0.543065
1.1826689,0.005345996,0.26469636,-0.35570207,0.4006496,0.6271805,-0.30462614,-1.1792545,0.9168195,0.7410304,-0.7966745,-0.30118465,-0.5005753,0.32449037,0.19641319,0.72587115,-0.14645635,0.24242058,-0.24713323,-0.94170064,1.0334297,-1.2622471,-0.6186295,-0.38615805,-0.79456013,0.70990926,-0.63838565,0.5698474,0.01724984,-0.15535004,-0.64803535,-0.11097594,-0.5442293,1.7979994,-0.18470001,-1.5632552,0.1368426,0.17852579,-0.4650843,0.02715513,-0.62686044,-1.7398251,0.50345296,-0.6750414,0.21740256,0.60440004,-1.4197865,0.3685451,1.024331,-0.44214493,-0.6463856,-1.921613,-0.016526747,-0.6011798,-0.15870072,0.073516786,-1.1277164,1.1317478,0.20805681,-0.7255673,0.7989617,-0.7149204,1.5986398,-0.26989964,0.16507879,0.47207096,-0.11215774,-0.887968,-0.54108566,1.2504151,-0.5567582,0.19162172,0.15856706,0.22113957,0.08131111,-0.5796987,-0.82338965,0.16830507,-0.27711967,-1.035364,-0.46866313,-0.32665852,-0.4264662,0.70747286,-1.0993023,-0.3408561,-1.0297847,0.28077596,-0.41022575,0.95592564,-0.08436541,-0.9640169,-0.54267013,1.1382517,0.8713084,-0.21812014,0.46940023,1.876516,-0.30634737,0.44049048,-1.2602894,-0.0007695267,0.9388489,-1.2539976,0.3509724,0.42327717,-0.42874628,0.5204851,0.039592545,-0.24516435,0.019873079,1.4592729,1.124068,0.05437983,0.23511124,-0.034578923,0.7724481,-0.7814658,0.349415,-1.0524777,-0.3868651,0.578401,1.7293248,0.38480818,0.37764114,0.8829965,-0.6217592,0.7217231,-0.70106167,-0.19001667,-1.1601291,-1.0018831,-0.36322847,1.1980151,-1.2467058,-0.63647395,1.6935629,0.34521294,1.2630016,-0.647012,-0.22392815,-1.4653165,-1.025932,0.77169836,-0.14879116,-0.6717699,0.73197204,-1.1062902,-1.2680907,-0.2125582,-1.427178,-0.071066774,0.7397285,-0.13157663,-0.120709755,0.1165753,0.60192734,-0.8121594,1.1343616,-0.27674654,0.13863073,0.23253287,-0.8288006,1.853059,0.6031709,0.25510272,-0.17244807,1.2652805,0.5129515,-0.22459336,-0.31447437,-0.7124443,-0.11326915,0.17141633,-0.35248566,-0.6094803,-0.9217183,0.04118287,0.2947198,-0.3552254,0.61774844,-0.40670452,0.51443785,1.0844612,-0.95794,-0.13374786,0.050141167,0.13569063,0.18024352,-0.0010356752,-0.84728974,-1.1242639,1.1714436,-0.66574216,0.18572238,0.013262754,0.24360466,0.8880153,0.8624456,-0.2933884,-0.42815873,-0.05758845,-0.22349845,-0.25791374,-0.24200702,0.2948173,0.8583271,0.16804898,-0.8956392,1.1154587,0.30931428,0.4711272,0.7631076,-0.22750658,-1.0475229,0.45358023,-0.4598442,0.24041365,-1.0527921,-1.6528809,-0.440737,0.48742637,-0.019074863,-0.4466136,0.9436325,0.9494385,0.97071713,-0.4327485,-0.76772803,0.6473627,-0.57179016,-0.531597,0.39023542,0.7056424,0.95862246,-1.3147862,0.2546536,-0.02535932,-1.3786231,-0.06921331,-1.4025167,0.083289824,-0.8340475,1.0669132,-1.5598171,-0.3013638,1.2633213,1.2521894,-0.77040946,0.49863067,0.21618818,-0.19322559,-1.6441872,1.132845,-0.50086933,0.07533064,-0.25285357,0.16100931,0.18132442,0.22150584
0.68856114,0.91195047,-0.15978184,0.35307464,0.5447224,0.17923766,0.09468555,0.6444437,0.8111394,0.7330133,-0.50325567,-1.0059191,0.2136034,-0.1276675,-0.8957179,-0.010994057,-0.5776948,0.8086521,0.37234062,-0.5424819,-0.5690029,0.79474294,1.2619299,-0.13879012,0.40263706,-0.39644215,-0.0066982117,0.15947017,-0.071830906,0.48563844,1.2629384,0.39581585,0.648069,0.41845524,0.12846997,0.22239327,0.7240675,-0.34251982,0.25140893,-1.1644434,0.33143422,-0.5465536,-0.8397785,1.3741071,0.4071252,-0.31738487,-0.15385285,0.4038072,-0.5933005,-0.31158516,0.2911875,-0.55411935,-0.57024175,-0.20653257,0.07170737,0.64750934,0.6939301,-0.6595902,-0.16062684,-1.0918547,-0.80699915,0.09215486,-1.2252889,0.22427428,0.15156887,0.40954387,0.1354012,-0.33378765,0.4760217,-0.736013,1.0670351,0.5509686,0.28898656,-1.0860337,0.74232155,-0.63025093,-1.2198725,0.5579043,-0.22760922,-1.5117537,0.17307031,0.105758205,-0.48121893,0.09664935,-1.0077778,0.7016719,-0.12841621,-0.17396683,-0.42187724,-0.8908898,0.028295945,0.1315348,-0.17610285,1.0891987,-0.14883856,0.5999036,0.27065226,0.1322517,0.37640828,-0.022975588,0.5838272,0.220852,-0.9018533,0.010223014,-0.06779897,-0.04376373,0.3055904,-0.9444218,-0.02035738,0.057466377,-0.07275414,-0.37751427,-0.63343483,-0.22652052,-1.178713,-0.80989665,-0.20217685,0.821637,0.11393861,-2.1036835,0.24296728,0.9703188,-0.96320724,0.5947106,-0.0018571449,-0.087546386,2.130646,1.1487035,-0.29833385,0.27186456,-0.74491936,-1.29512,0.22563599,-0.18388894,0.31406698,-0.44600755,0.25832155,-0.122282565,-0.08433676,0.3386216,0.15233482,-0.26187533,-0.35749358,-1.4979198,-0.08573255,-0.5979031,0.1915489,-0.26962575,0.24110126,-0.85472816,-0.8301186,0.70445424,0.064041905,-0.03984287,0.017337602,0.83343357,0.14507376,0.19506,-0.6227363,0.10638306,-1.0066465,0.6031699,0.72737956,-0.5793799,0.3770634,0.081037045,0.7526332,-0.7234593,0.84604436,-0.2997215,0.3527464,-0.55741507,0.07688223,0.7204938,0.051463656,-0.16379337,0.24893108,0.5825764,0.23765606,0.4316986,0.09362593,-0.38903844,0.7856671,-0.7205036,0.44997168,0.11749495,-0.84498227,-0.252266,-0.58276093,0.2143408,0.46201998,0.62675494,-1.148603,-0.09905435,-0.28095743,0.08141638,0.5925069,0.3280935,1.5142937,0.22651614,0.19184238,-1.0787767,0.049992222,-1.0170925,0.87213063,0.16796084,0.26743814,0.7762476,1.3765546,-0.8459366,0.70301175,0.5284219,0.67486775,0.028897345,-0.4083921,0.82719296,0.77772987,-0.52765536,-1.0384822,0.16923599,0.009585166,-0.29995522,0.03397491,0.4599522,0.03907243,-0.058254395,-0.2788435,-0.6385025,0.85108703,-0.46820095,0.65346915,0.25673217,0.8880762,-0.051586915,0.6783983,-0.23298027,0.21825525,-0.19287981,0.93732834,-0.07524027,-0.08147923,0.07108364,1.8273845,1.2672192,-0.6391748,-0.31874007,0.51564926,1.3527316,-0.44872943,-0.023725769,0.36793357,-0.25764918,-0.002984717,1.2314473,-0.500767,0.72357863,0.24806957,0.6867676,0.33806857,-0.3434767
-0.9567655,-1.2567391,-0.64781743,0.026321381,0.98060846,0.1790018,1.5620887,0.45645455,0.42660993,1.2123595,-0.48644298,-0.7036741,0.5845013,0.9477021,0.8342762,-0.8998713,0.6352552,0.4966357,0.38109437,-0.41905838,0.31191704,0.019785518,0.5015292,-0.70562243,0.17289598,0.9656853,-0.58972424,-0.22485244,0.60318655,-0.8125384,0.8035746,0.1295744,-0.9470958,0.16079189,0.51185,0.0052844915,0.013578046,-0.38193163,-0.4751592,0.8337562,1.0844648,0.18965766,0.19213605,-0.27911648,1.0678939,0.7583975,-0.7258749,0.3431521,-0.48887953,0.44185495,0.72738534,0.6180736,-0.09838138,-0.33424962,0.12771554,0.1665181,0.37363142,0.38373497,0.6368507,-1.8547319,-1.5761113,-0.17961428,-0.9462585,-0.3921104,-0.27736953,-0.40355703,0.10200802,0.21374339,0.89879185,0.22703037,-0.38249692,1.0034053,-0.3392139,1.7684205,-0.11986951,1.0128422,1.087792,-0.68744135,-0.5968289,-0.16454884,-1.3208183,0.29408717,-0.02550494,0.057907287,-0.5214255,0.23329867,-0.312536,0.5062551,0.08101651,0.5840027,-0.35431325,0.5523056,-0.5414572,0.20084676,-1.7482555,-0.3393713,0.1011016,-0.89688396,-0.41659635,-0.47757646,-0.31736252,-0.5506499,-0.7782487,0.1693646,-1.1970986,0.8352348,0.50391465,-0.4922082,0.6729151,-0.4685264,0.22016571,-0.29910004,-0.19171406,0.3609826,-1.6364838,-0.84294164,-0.6839623,-0.80695677,0.7862025,0.1003962,0.18994948,-1.1031071,0.76141787,0.9040051,0.922444,0.9810744,0.7507324,-0.36230117,-0.41039726,0.25545192,-0.4085052,-0.081463255,-0.04378461,-0.19194981,0.5463045,0.23132022,-0.08831508,-0.37637204,-0.3459249,1.0657625,1.9375688,0.8460631,1.3191844,0.49199268,1.0722231,-0.7452684,-0.07816244,-0.27614704,-1.3466467,-0.47146893,0.17287241,0.9745496,-0.053733174,0.20224214,0.6591664,-0.28269184,-0.17106047,0.7762579,-0.11544764,0.43877766,-0.41398385,0.10468629,-0.14046845,-0.9211043,0.0072511295,-0.07572034,-1.3816555,-0.29160982,-0.3880948,-0.24835715,-0.38325638,-0.5550583,-0.09679473,-0.3051844,-0.5831312,0.2367381,-1.3904474,-0.021427888,-1.4755682,0.81386656,0.45780507,1.2344474,0.43690714,-0.44666895,-0.61634684,0.43276578,1.2434812,0.78941375,-0.593403,-0.23631698,0.12510657,1.9235672,-0.061763752,0.47175258,0.36995316,0.49692318,-0.20049548,0.19263367,0.073985286,-0.0026210744,-0.6452172,0.56264603,-1.1449577,-0.1279456,0.7936258,0.14692926,0.25889274,0.42373335,0.38589028,0.5429276,-0.9461482,-0.14051908,-0.37411773,-0.55607855,-0.3010882,0.8515835,-0.108376674,0.15928654,0.18107352,-0.77084744,-0.6683404,-0.46694723,-0.3723906,0.83929926,-0.13180406,0.56220406,-0.3392079,0.68497485,0.0494454,-0.44757372,-0.3488291,0.7698257,0.539307,-0.212101,0.2021797,-0.13119039,1.6070493,1.1729238,-0.3374735,-0.81045604,0.047478944,0.4751791,0.08720809,0.94185126,-0.98598593,-0.061378792,1.4378335,2.3543327,1.0283884,0.78248984,1.1637284,0.6010583,0.87675697,-0.0930043,-0.44158703,0.9087901,-0.9758727,-0.4604819,-1.1287296,-0.04875929
-0.497131,0.180587,-0.026646651,-0.6983177,0.7359996,0.8257838,-0.05020214,1.0858799,0.029559746,0.29823238,0.23785827,-0.15764698,0.57725996,-0.470797,0.012466075,-0.584832,-0.7411663,-0.49706554,-1.5835956,-0.8318052,-1.1327854,-0.94853055,0.13159122,0.47257063,-0.5182666,-0.5171841,-0.28970817,0.11297713,-0.47978625,-0.51147395,-0.9629849,0.12768736,0.51780677,1.4585361,1.343147,-0.051943094,-0.4298542,0.58703446,0.2585195,0.5177491,0.05021486,0.41961712,-0.26394516,0.09015287,-0.7772712,0.18236339,-0.072530285,0.040266093,0.36126834,0.11647905,-0.74782676,0.33128393,-0.72873783,-1.4059852,-0.5477057,0.34746686,0.8087065,0.6219294,1.2177122,1.0257145,-0.6939554,-1.3259033,-0.7171779,-0.29513553,1.1493496,1.0319078,-0.98579025,0.35532773,-0.34680995,0.14895892,-0.2423197,-0.8956166,-0.6881552,-0.68500584,-1.2821476,-0.64977884,-0.40809622,-0.8848976,-0.03749382,-0.9447208,0.30753914,1.6522036,1.1525382,-0.29568806,0.3345472,-0.43623066,-0.47237572,-0.08911584,-0.52998906,-0.56801206,-0.1601523,0.6248168,-0.8552124,0.55049044,0.13783184,0.41223225,1.0530349,-0.15048474,0.3162574,0.9683877,-0.65395236,-0.16254032,-0.0907164,1.365343,-0.22321671,0.35797742,1.1935033,-0.9941188,0.5010498,-0.40882674,0.21717218,-0.2821537,-1.0880306,-0.48653972,-0.79641026,-0.6363272,-0.261872,0.21818215,-0.15453355,0.57319546,-0.7239963,0.46875876,0.3261605,0.47110006,0.44809553,-0.41286153,0.2842143,0.5783483,-0.087685145,-0.25734448,0.30444056,0.887559,0.4723717,-0.48359767,-0.68416613,0.21562394,-0.78889835,-0.7789455,-0.28742713,-1.2683719,-0.17557776,-0.42028737,0.2141367,-0.31956854,-0.27273065,0.74296767,0.55242294,0.5743396,0.5087249,0.11133513,-0.42316866,0.017791664,0.46644613,-0.50338775,0.7048103,-0.14821874,1.120537,0.64591897,-0.8797004,0.64180154,0.13748942,0.5135964,0.31299135,-0.011806651,0.16798478,0.18835661,0.10065439,0.5266751,0.21798183,1.7915888,-0.45321536,-0.7988905,0.9654642,0.10786026,-0.13558814,0.13725239,-0.1120677,-0.24989563,1.0263989,0.2062718,1.0422238,-0.40908438,-1.6947348,0.78142685,0.3603701,-0.85326993,0.30737042,-0.004017822,0.12878808,0.28093997,0.58712226,-0.36399207,-0.9225151,0.69444424,-0.8002476,0.3541991,-0.011950461,0.55801874,0.04441108,-0.56938416,-0.38279086,0.62896293,0.8585947,0.47811136,-0.40468618,0.51262987,0.47395846,0.32068914,-0.81232536,-0.4926225,0.3693985,0.54923785,0.50014174,0.9594595,0.08480693,0.111312404,-0.6328675,0.7028318,-0.3413884,0.9122487,0.2792419,0.30868548,0.40088302,1.1068254,-0.7609125,-0.10082327,-0.59689766,-0.066867925,0.041642413,0.081266865,0.09273259,-0.45210403,-1.1466175,-1.0578388,0.2559457,0.36086187,0.23536237,-0.24710871,0.63813496,-0.24606468,0.34268916,0.1724951,0.2952004,-0.4386683,-0.16838533,0.86919165,1.3163884,-0.2044161,1.0780392,0.039455235,0.32452843,-0.73350227,-0.17586982,-1.3120211,0.9376363,0.22997582,1.0270668,0.19281283,0.5919092,0.9225453
-0.064389594,-1.8334315,-0.7817669,0.12917782,0.115839265,-0.28664073,0.8748878,1.0179927,-0.4806373,0.6662414,-0.17126046,-1.6257004,-0.7573815,-0.002153928,-0.044436604,0.23513496,-0.89448196,-1.881852,0.11905964,-0.42621177,0.7694379,-1.8139426,0.42002702,0.14923893,0.23173393,-0.1648222,0.29765946,-0.4177901,0.2964422,0.0992522,0.22748876,-0.5685047,-0.13527216,1.1417334,0.055299014,-0.3111038,-0.641708,0.94870967,-0.042819582,-0.8335189,-1.2697597,-0.46819767,-0.7693468,-0.40170145,-0.5858282,-0.08998796,-1.0624776,0.26964906,0.32160583,0.7757558,1.205324,-0.66225606,-0.026281375,-0.09601428,-0.06633123,0.40271276,-0.64926094,0.300279,1.0669743,-1.575771,-0.20778161,-0.62016594,0.343586,0.17703865,-1.3433688,1.2409115,0.65734726,0.2123378,-1.1067356,-0.7350743,-0.78886455,-1.4332467,0.38163632,0.46201214,-0.5387239,0.5762165,-0.98495245,0.15468158,0.4503947,-0.084852256,-0.016719524,-0.49238116,0.4658882,-0.2647821,-0.28267238,-1.2667652,0.66785556,-0.12375099,-0.27450943,0.6065713,-0.10904267,0.56496865,0.8665393,-0.49084103,0.3089217,0.55197656,-0.4992485,-0.38690507,-1.7238153,0.15879369,1.4319745,-0.3868398,0.32173774,0.009859275,-0.119316936,0.49480382,-1.0781622,-0.87148947,0.6401106,0.745538,-0.12474985,0.22475561,-0.08823927,-0.6482883,0.20285445,-0.11121954,-0.37760282,0.03949631,-0.2820173,0.74030346,1.1511475,-0.6127375,-1.3591644,-0.97919554,-0.47840872,-0.8342743,-0.55968314,0.56515205,0.26733884,0.46181983,-0.6960727,-0.8882198,0.6476716,1.0322696,0.73925096,-1.1893017,0.4617066,0.2863205,-0.23458141,0.36421356,-0.16308257,-0.26671243,-1.0941026,1.3647162,1.0980893,0.32944372,0.41646755,-0.7938267,-0.016694553,0.9366558,0.015701825,0.7806795,0.11068166,0.38072938,0.1285668,-0.47279373,-0.9007956,-0.06909303,0.2730437,-0.05341677,0.40502056,0.77819914,-1.050137,-0.3879846,0.4742719,-0.0029542756,0.88180315,0.28613117,0.35149038,-0.36489317,-0.4180828,-0.931654,-0.88368636,0.18810993,0.4547127,0.30593896,-0.70366824,0.19053969,-0.31614384,-1.0328192,-1.1582884,-0.57683814,-0.20897959,-0.21684365,1.2902071,-0.5157211,-0.8425832,0.29245916,0.24873945,-0.0066165444,1.433366,1.743541,-0.6554571,0.2352529,0.097929776,0.4329651,-1.162563,0.061404094,-0.34460536,-1.2885717,-0.9010549,0.33732182,1.2594522,0.59852463,-0.074553974,0.6977379,-0.05298147,0.5662421,0.5998451,1.4879149,0.024802128,-0.19130386,0.67773986,0.17819847,-1.1901203,-0.032303944,0.21678236,-0.7009522,-0.12677975,-1.0734539,1.806388,-0.23862253,0.18077944,-0.0962599,-1.0128894,-0.45033965,1.3107038,0.38992208,0.638693,0.8474915,-0.32192704,-0.64473104,-0.81907916,0.075656585,0.52881426,0.089204505,0.04331252,0.6950264,1.139801,-0.1183823,-0.046534825,-0.73892695,-0.92256373,0.6585609,-0.80958146,0.14847383,-0.583402,1.1365103,-0.9524871,0.041321557,1.1606939,-0.028446048,-0.39712444,0.76654446,-0.20991497,0.23674078,-0.41842157,0.15025397,-0.5919283,0.5240889
-0.054820243,-1.8556297,-0.6920551,-1.7322489,-0.34989214,0.088386595,0.035993896,-0.4331544,-0.655931,0.689876,-1.0738051,-1.9119412,-0.4364929,-0.3008076,-1.0203862,0.87644166,-0.058586467,-0.21475796,-1.045063,-0.00906138,-0.5733767,-0.21641661,-0.90849733,0.35389763,-0.38612026,0.1601332,0.33591893,-0.002976414,-0.31780633,-0.3327662,-0.7365715,0.13391581,0.65937257,0.5340505,-0.9302336,-0.7383536,0.6714468,1.3976077,-0.3202006,0.31997043,0.758589,-0.5425362,0.4151692,-0.507745,-0.81193924,0.45140228,-0.74930066,0.053067107,1.3426567,0.9461433,0.0628515,-0.7040207,0.11509937,-0.9106065,0.37175024,1.8637534,0.0077209575,0.58394283,-0.13513401,-0.53186935,-1.4129883,0.63140774,-0.13144617,-1.373521,-0.27651718,-0.29800716,-0.43179542,-0.62026453,-0.4310676,-0.057796862,-0.91884804,0.36891982,-0.00470915,0.02913768,1.016219,-0.13154869,-0.23133281,-1.12587,0.857768,0.70448023,-0.22129369,-0.1406739,-0.08365695,0.6265213,-0.43920475,-0.8126419,-0.1278556,1.252668,0.0050213677,-0.1329836,0.3856208,-0.66928214,0.12336114,1.476059,-0.50132984,0.023018165,-0.87259,-0.7170598,-0.07369894,-0.04031702,-0.6829229,-0.17575595,-0.55480796,-0.5881426,-0.9885285,-0.07819609,-0.20303592,-0.012889561,-0.24831761,0.5600809,-0.5439028,-1.121136,0.25771275,-0.5326855,0.13119273,0.552647,-0.07824155,0.03443219,-1.5790098,-0.29948288,-0.48141026,-1.1192316,0.93588305,0.16442814,0.3472885,-0.7936794,-1.2239535,1.3415619,-1.4133154,0.5235781,-0.62422794,0.49140438,0.5635138,0.26284093,1.0596049,-0.37943432,-0.3921094,-1.8853859,-1.6545253,0.07447882,-0.30970058,-0.890768,-0.31043947,-0.19980697,-0.06629168,-0.66523826,-0.658151,0.4934897,0.0042559383,0.46485624,0.640226,-0.88484937,-0.5925755,-0.48570284,-0.4457116,0.46243948,0.053470895,-0.2592508,0.031770613,-0.95838547,0.61799085,-0.64342237,-1.0143055,-0.23430395,-0.1499788,-0.87490124,0.96385556,-0.97437805,0.25376734,0.57036763,-0.42483726,1.2450639,0.57110476,-0.8235895,1.2664635,0.76669496,0.99752843,1.4975668,0.8271792,-1.5988208,-0.46364564,-0.59897715,0.46825227,-1.4930085,-0.13255727,-0.821084,-1.0306385,-0.6901382,1.5429835,-0.20652924,-0.2570894,-0.029704757,-1.4450709,0.599002,0.22169027,-0.11545045,0.41603777,0.31737852,-0.7389531,-0.7065402,1.0600612,-0.2570243,-1.1234553,-0.44916752,-0.46703795,0.08623797,-0.21969956,-1.5709696,-0.17633769,-0.24142353,-0.99459916,0.66973597,0.66931915,0.37755778,-0.30256435,0.33779603,0.46031004,-0.457095,-0.16779798,-0.48467058,-0.13292988,0.24734959,-0.24814224,-0.829437,0.6677001,-1.073609,-0.10101798,-0.74921006,0.016931264,-0.00042451773,-0.05432881,-0.13150367,-0.30341527,-2.5524294,-0.07356499,1.5391142,0.04984419,-0.890934,0.537875,0.6542937,0.522704,-0.683964,-0.7024749,-1.9708319,-0.22862564,-0.553502,-1.4397684,1.5258776,-0.7795969,-0.2924821,0.16887857,-1.2868304,1.0512017,1.0756806,-0.37078854,1.3477938,1.136292,-0.58479196,0.2738257,0.33656132
0.24060826,0.12461985,0.676032,-0.40389496,0.09699131,-0.2785062,-0.58950436,-0.93750507,-0.66195476,-0.6165417,-1.7870795,-2.2004712,-0.41875485,-0.84581625,-0.3526667,0.30704656,-0.8313435,-0.07365632,-0.5107485,0.03613806,-0.37975597,-0.029474676,-0.30701467,0.19379148,0.24930264,0.37609947,-0.11268286,-1.0127217,0.07320639,-0.38012752,0.36068445,-0.26125813,-0.115199715,0.8764131,-0.88684106,-0.18758596,0.037159774,-0.11914705,0.5253287,0.847555,-0.09436255,-0.6544276,-0.18823966,0.45476556,0.17962433,0.09170569,-0.10836939,0.7912701,0.25831515,0.29567248,-0.7716124,0.116639756,0.15531796,-0.561483,0.16870691,1.1462595,-0.5365689,0.8632254,0.95379144,-0.58777237,-0.5469431,0.76613307,1.293169,0.15703486,-0.32149175,-2.1289222,0.14066096,-0.94421214,-0.6512107,-0.35907936,-0.6187956,-0.6311412,0.5310368,-1.1894814,-1.5558339,0.13426685,-0.07849458,0.37987423,-0.28390574,-0.56649584,0.7688337,-0.5716492,-0.47342005,-0.50585055,-0.52314013,0.5586314,0.055445477,-0.68879414,-0.13304678,-0.78859323,-1.1353583,-0.68728536,-1.2222155,-0.5227434,-0.19309272,-0.16446976,-1.0049603,1.466892,1.0376579,-0.31169593,-0.017863741,-0.3855308,-0.6848065,-0.1672975,1.3695995,-2.72232,0.3905347,-0.7286431,-1.1203583,0.40094998,0.42351663,-0.17102888,0.3735256,-0.35286602,-0.11629786,0.3329572,-0.5318171,-0.3616907,-0.7893167,0.5823213,0.6419112,1.0822366,0.0918477,-0.7210676,0.16125967,-0.9641365,-0.97196794,-0.38803574,0.16096975,-0.6406365,0.96633446,-0.068125024,0.13285325,-1.0402082,0.7703853,0.41080537,0.36847058,1.1191403,1.5423448,-0.22114594,-0.49044302,0.25230077,-0.6126603,-0.29461604,0.8628516,0.34996063,-0.34605855,1.1433135,-0.007656255,0.48051232,0.6393757,0.67216444,0.39635488,-0.6291498,0.29930678,-0.36290076,-1.1992681,-1.3378588,-0.6278371,-1.41769,-0.2873227,-0.37317488,-0.9664861,-1.2797718,-0.8534852,0.7542214,0.3234054,-1.3492111,-0.5603267,0.75098044,-0.67672247,0.679696,-0.9491179,-0.40196165,0.07790801,0.15257224,-0.22390217,0.003907088,-0.01721592,-1.354038,0.3774232,1.7687545,1.3842366,0.000243065,-0.42510837,0.91443783,0.177844,0.44347352,0.47085273,0.17167328,-0.33425975,0.20031093,-1.4419883,0.5394202,0.3708937,1.0919961,-0.12431256,0.92220956,0.6780993,-1.1621877,-0.12900735,-1.2966928,-0.22259142,0.29520682,1.1212735,-0.7469462,-1.3665051,0.76664495,0.710391,0.07594588,0.20671454,0.52567863,0.054123394,-0.5480575,0.46337453,-0.47784856,-0.030241296,0.28783706,0.29508787,0.5760891,-0.06925025,-0.5505778,-0.57175153,-0.6740201,0.80981576,-0.543461,-0.7653613,-0.94787824,-0.39651597,0.16015173,-0.30714452,-0.19901127,-0.3555509,-0.120086454,-0.346224,-0.8856059,0.14532724,0.4878708,-0.7003008,-1.6805683,-0.8631204,1.0249262,-0.49232692,0.839633,-1.4809335,0.8163327,-0.5620102,-1.3975523,0.5535058,0.23563415,0.27012846,0.608532,-0.86285233,-1.4407636,-0.14933296,-0.048165094,0.20861681,-0.51445425,0.5895035,-0.25834513
1.083723,-0.36487916,-0.38554797,0.41692516,1.3463807,0.36667266,-0.46040663,-0.77438194,-0.5655661,-0.9206519,-0.024289798,1.0593865,0.73894805,1.1634744,-0.676726,0.21616866,0.76350194,0.60334855,-0.9265689,-0.53320897,-0.39790726,-0.5134914,-0.2517033,-0.3103112,-0.50701785,0.5104917,0.111225024,-0.43112087,1.0774384,0.7800975,0.5733294,-0.81700647,-0.5766777,-0.037118725,-0.29704046,0.54058814,-1.035131,-0.97459716,0.13804801,-0.567435,-0.91524214,0.1218548,-0.036112297,0.013387855,0.99055356,0.42663175,0.30973667,1.0372293,0.71315986,0.51860064,-0.8554576,-0.72200155,-0.6184492,-0.14333238,0.60707986,1.2211713,-0.16684605,1.1599219,0.26129457,0.060619634,-1.3487068,-0.015547032,1.0218621,1.052152,0.31172353,-0.5624075,-0.3821341,-0.63535416,0.8746751,0.4577045,-0.92959744,-0.34853297,0.13685046,0.47907338,0.7950182,0.10969366,-0.5246293,-0.60859036,-0.9675735,-0.18624319,0.3705005,-0.3425935,0.2836105,-0.66741824,-0.57522494,0.47654915,-0.5805583,-0.17624915,-0.03563813,-0.68357253,0.10817287,0.099285185,0.44020963,-0.026821455,0.057509817,0.17675453,-0.20716517,0.08201915,0.37296185,0.23391446,0.13962007,-0.097279266,-0.016405104,-0.4369737,0.12400218,-0.7826733,0.19498299,0.16771007,-0.37831536,-0.08588431,0.16607325,1.3685769,-0.0038534354,0.2878896,0.35664195,-0.6177727,0.571334,-0.7961831,0.026707213,0.35914373,-0.83484775,0.015031343,0.91211176,0.2082506,0.09856304,0.017943798,0.14869265,1.3716985,1.0034808,0.6439541,-0.69981694,-0.42342895,-0.9404759,0.27695248,-0.03463143,0.0821446,0.4380041,0.28789982,-0.12441438,-0.6568525,-0.53415287,-0.65256053,-0.8267071,-0.53187203,-0.61938953,0.6939821,1.2012746,1.1567395,0.61808306,0.34173912,0.25098112,0.5352299,0.04338861,0.08074961,0.27505603,-0.16074759,-0.44587156,-0.64754754,0.118434235,1.334461,0.044203736,0.018152924,0.69771427,-0.3166067,0.20475566,-0.27172637,-0.2532834,-0.5181745,1.1372211,0.22664498,-0.8331196,0.2691198,-0.87840897,1.525467,-0.16616412,0.46948132,0.42879307,-0.19333868,-1.1821818,-0.7332598,-0.768772,0.55709785,-1.0432315,-1.3303242,-0.44169426,1.1184651,1.9910779,0.21943511,-0.33811137,0.11877718,0.27276066,-0.5315087,-0.19470853,0.15361089,-1.7989603,0.14734776,-1.2055824,-1.7366014,0.16439529,-0.8022993,0.5884639,-1.1151139,0.35057166,-0.042514686,-1.0676076,-1.0150778,1.7638215,-0.2485122,-0.49932617,-0.3242735,-0.07739042,-0.32578513,-0.46050495,-0.05547102,1.8877565,-0.103265285,-0.7241623,-1.3523624,-0.66256005,1.0274235,-0.2720956,0.7036226,0.86618143,-0.48407215,0.95845366,1.4704968,0.8275509,-0.30988184,0.31702632,-0.16148475,0.6702823,0.62692606,0.50882244,-0.65543145,-0.22442888,-0.50627816,0.79210824,0.98619753,0.3741003,-0.8720064,0.099724464,1.3567318,-1.8165084,-0.67726535,0.44130063,0.36436662,-0.35615683,-0.29381567,0.7295339,-0.54140455,0.0976014,-0.9504448,-0.4662574,-0.4842641,0.07022377,-0.16483715,-0.74049133,0.12922792,-0.40974784,0.7594523
-0.9086198,-1.0274893,-0.760596,-1.1960906,0.23718427,0.89590347,0.29853946,0.5948838,-0.9644495,0.23413137,0.80042607,0.04147,0.8795332,-0.28490427,0.37430796,0.0028666544,-0.025360106,-0.7696458,-0.7744893,0.3090355,-0.6797688,-1.5073411,1.8081518,-0.02176756,0.37550816,-0.24093866,-0.15865105,-0.7660408,0.17355126,0.7264116,0.30258968,-0.19288732,0.10477855,0.73665345,0.5194988,0.54658586,-0.49601793,-0.4212059,-0.5856967,-0.24922425,0.032135036,1.0648164,-0.06974087,0.48307902,0.5950835,0.81842613,1.0196651,-0.19478536,-0.5681494,0.5452877,-0.17730153,0.22000112,-0.7044598,0.31589672,0.55105716,0.71330327,-0.28964463,0.11107926,-0.46566132,-1.1394786,-0.15419239,-0.5028113,0.29828274,-1.1445535,-0.46726716,0.012620486,0.1951461,0.5495598,-0.33305562,0.33376092,-0.9638272,-1.0825148,-0.39468384,0.0375728,-0.028847914,-0.26942024,0.4703212,0.5015006,-0.5547239,0.057900574,-0.34508944,-0.37995777,-0.011283013,0.29396102,-0.64467186,-0.6763572,-0.68847805,0.064295605,-0.26592556,0.3512149,1.8716028,-0.21405964,-1.093676,-0.6377056,-0.5608842,-0.81731343,-0.58174175,-0.5458385,0.09735543,-0.045921218,-1.1871493,-0.8629872,-1.1029829,-1.0688607,0.6106265,-0.6860306,-0.76051205,0.23327354,-1.1312432,0.15228128,0.5564247,-0.41549537,-0.35717073,0.34013745,-0.20781562,0.58286375,-0.024760205,0.55500174,-0.23698956,-1.665033,0.2203977,-0.3850923,0.3767754,0.21755196,-0.4598853,0.7919237,-0.2224779,-0.93384933,0.044142302,-0.111691475,0.06914848,0.42578495,-0.11158571,0.34724477,-0.83899516,1.0896372,-1.8913138,-0.49272394,-0.44532406,0.56096554,0.6744044,0.24132848,-0.58507025,0.38477772,1.7892404,0.922428,-0.3154311,0.17555782,0.5370976,0.47869778,-0.7033981,-0.78150827,-0.5005929,0.21790668,-0.72713107,-0.30990234,-0.5549666,0.35499793,-0.18034987,1.1165696,0.2591589,0.5910081,-0.20061818,-0.33527735,-0.07724903,-0.14364141,-1.4564785,0.24208578,-0.7490778,-0.3420436,-0.29002374,-0.17214674,0.02401792,0.52038926,-0.09434096,-0.89904815,-0.47606838,0.17526308,0.11440304,0.5025237,1.5555398,0.3834377,0.49278823,-0.44377556,-1.1244977,0.03504952,0.4318825,-0.9334636,-0.14300528,-1.5669074,0.23987034,-0.8700694,0.93496484,-0.42477906,-0.003008343,-1.1329683,-0.16725068,-0.799026,0.06394803,0.31676927,0.18222967,-0.48567873,0.09886486,-1.1564933,-0.144871,-0.1327992,-0.03456185,0.40372008,-0.37743038,0.83426577,-0.44833702,-0.5202804,-1.3144517,0.69295,-0.35858822,0.7193735,-0.43868318,0.124057434,-0.25897843,-0.11792872,0.3241803,-0.57140267,0.20434573,-0.12744239,0.12371827,-0.3216345,-0.34369767,-0.49349916,-0.7959391,0.19825582,-1.0450897,0.38892967,-0.00070583675,-1.1581852,0.3695112,0.9941761,0.10527187,-0.0060440847,-1.1813412,-0.1572065,-1.146654,0.52478325,-1.3309013,0.5538663,-0.3758731,-0.047571275,0.25084022,1.4082361,-0.53384674,0.16087694,0.5451942,-0.23854922,-0.14722313,0.60923904,0.35685346,-1.0835501,-1.1398611,0.07327386,0.5399443,-0.74375975
-0.28306007,-0.92180246,-1.1175245,-0.8304887,-0.023989545,-0.17916325,0.9505085,-0.07409962,-0.3532132,-1.0237032,-1.7860433,-0.632619,-0.3953196,0.1661952,-0.67065954,0.16949664,0.28769138,0.20478882,-0.56544954,-0.12221475,-0.99027324,0.34947616,-0.27945474,-0.11195385,-0.095586605,-0.11319569,-0.9989265,-0.32490972,0.25663728,-0.6755554,-0.050073795,0.027048593,1.9687097,0.5185534,-0.52648157,-0.8607072,0.14185326,-0.42400438,-0.1938673,-0.27551785,0.0011879521,-1.4592714,-0.1332933,-0.904796,-0.2540131,0.06434524,1.0518713,-0.11010153,-0.1280961,-0.25835183,-0.4401445,-0.23103324,-0.13004845,0.46493998,-0.1305855,0.17103691,1.4660476,-0.23622589,1.0219779,-0.09694017,-0.94785196,-0.23344368,0.5414383,0.5638097,-0.724739,-1.0565234,-0.19857948,0.09621991,0.19774805,-0.19773701,-1.3858988,0.31325445,-0.16933712,0.44163555,-0.8971751,-0.9267648,-0.72315526,-0.81961596,-0.9903792,0.5431993,0.3129228,0.11125874,0.5312089,0.39098042,-0.112930395,-0.24940614,-0.59007436,0.05425523,-0.43740007,0.3540452,-1.559952,-0.33136746,-0.048339635,-0.33156276,0.34670782,-0.09557382,0.08952242,-0.63320225,0.94738245,-1.3640796,-0.4481243,0.24634346,0.7938336,0.10172381,0.19777076,-0.24757135,0.35966522,0.16771941,-0.656612,-1.2083026,0.043573797,0.3300387,0.3441118,0.591048,-0.4353031,-0.61929727,1.2763883,0.5964821,-0.6289281,0.21370715,-0.17919655,-0.13167872,1.0510045,0.31530568,-0.07922047,-0.20554276,0.51820135,-0.9551001,-0.9396021,0.11367352,-0.14095448,0.2860818,1.0107121,-0.28478926,0.19629036,1.438259,0.5048453,-0.26883212,0.23749813,-0.50789666,-1.1505826,0.39325023,-0.68123436,-0.61524457,0.7821662,-0.5732768,1.1582601,-0.38288078,-0.4754075,-0.8210808,-0.1329302,-0.6584742,0.6377905,0.36121014,1.0461434,-0.7284664,1.085495,0.40620446,-1.2568991,0.34063977,0.29066223,0.72923064,1.2343055,-1.0572251,-0.25549313,-0.10153314,-0.99572253,-0.78333485,0.33580676,0.3973073,-0.18387671,0.9507573,-0.003853094,0.07196488,-1.3360097,0.48363796,0.345358,1.3459835,0.9434999,0.36918128,-0.2148031,-1.0445377,-0.35932064,-0.8362472,0.986078,-0.27521503,-0.094623156,0.45672598,-0.5231166,0.07880326,-1.025501,-1.5471772,0.4278405,0.1121562,-0.1486885,-0.63254505,0.21160045,0.615534,0.15881081,-0.39888316,0.2627498,-0.6482897,0.47047296,0.7236688,0.3688331,-0.55550903,-0.3359844,-0.28754365,-0.022099782,-0.007077116,0.07777128,-0.08086342,0.43497583,0.30980217,-0.15997766,0.202365,-0.05667471,-0.07536598,-0.044248562,0.85124743,-0.697,0.4868078,-0.05217343,-1.4994513,0.3785701,-0.37323806,-0.057621825,0.81541437,0.7554489,-0.34377828,0.6823809,0.19722918,1.2216333,0.9397116,-0.45410615,1.143575,-0.790351,0.5229735,-0.024965571,0.67501336,0.2613636,0.80654585,0.85897374,-0.19231959,0.2314073,-0.13016824,-0.14293207,1.6205646,-1.1554692,2.085072,-0.79214007,-0.6949743,0.57931936,0.43934652,-0.13519076,0.29003435,-0.9303516,0.045167826,0.9289053,-0.53863055
-1.3422569,-1.8082174,-0.7808696,-1.2744707,1.0300049,1.4808877,1.1242346,0.34268096,-0.096254624,-0.9218396,-1.2962602,-1.0648787,0.5995347,0.20054561,-0.24485557,-0.531568,-1.3710234,0.10606482,0.31322387,-0.6105392,0.90154773,-1.0585176,-1.0220574,1.1229067,0.07851153,-0.15707222,-0.33855018,0.13717932,0.352256,0.37038234,1.1310736,-0.19098826,-0.17546083,0.59627074,-0.48983496,-0.15001659,0.7679472,-0.41705227,0.0057889186,-0.864627,-0.59532607,0.14404869,0.03146786,0.14066614,-0.24249758,1.6681136,-0.037895404,-0.57892364,0.76881886,-0.08442062,0.31536365,0.047131024,-0.7977775,-0.13339585,-0.43547451,1.2731394,0.42923853,0.83874124,1.5529768,0.13238798,-0.6337613,0.31147712,0.46677443,-0.9960541,0.57261485,0.4682462,0.4880549,0.31591132,0.26579404,0.6023552,-0.1057277,-0.54756546,0.79671216,0.34714186,-1.2418121,0.106332846,0.46000922,-0.33089846,-0.48799452,0.7813954,-0.63789845,-1.089025,-0.11679921,0.116155736,-0.82767373,0.24173394,0.5033542,1.4638557,0.8229003,0.9782856,-0.8960036,1.1595517,-0.23753172,0.4299931,-0.1506971,0.37660715,-0.40269962,-0.05376741,-0.102693684,0.23320483,-0.1452872,0.7547984,-0.37649468,-0.19459927,0.22118886,-1.3353022,-1.4006139,0.44774988,0.2962783,-1.0334023,0.5906083,-1.5283862,0.7474557,-1.0210884,-0.1511099,0.45721525,0.41177344,-0.3043568,-0.92364526,0.50351393,-0.117196105,0.75422144,-0.36417866,-0.4540414,-1.099894,0.61729836,-0.112501845,1.087189,-0.9362654,0.7535924,-0.12949468,-0.13861579,-0.47741222,-0.16318339,-0.079632655,-0.17721963,-0.31141838,0.63880485,-1.3556974,0.06097064,-0.27135,-0.88325894,-1.3788565,0.22468221,0.7419743,-0.100588106,-0.16747779,-0.3042455,-1.0356362,0.6168512,0.2897905,-0.6631903,-0.93060434,0.2731637,1.1062697,0.45286408,0.34220177,0.14558963,-0.4196577,1.1394835,0.7841009,-1.2503217,-0.018536918,-0.07729148,0.062540494,0.9260541,0.6080227,-0.14194775,0.061567247,0.215339,0.2503141,-0.37727576,-0.2682406,0.7535928,0.4598337,0.7496152,-1.116407,-1.1514692,-1.0779734,-1.4867786,0.41520092,-0.8174204,0.6807775,-0.54623336,-0.6567616,0.57421446,-0.20538245,0.54476815,-0.28590727,-0.7315482,0.76728654,-0.49194667,-0.050398614,0.54123396,-1.1880736,-0.69058925,-0.79082906,-0.33016315,-0.8734457,-0.83457047,-0.3248795,0.7720102,-0.75688124,0.19092053,-0.20356528,-0.18624248,-0.14953454,-0.6874979,-0.38033268,-0.7536942,0.7969657,-0.07966728,-0.023116233,-0.024343854,0.31462651,-0.18729207,-0.20851073,0.7483952,-0.7268616,0.05102273,-0.43968382,-1.1758728,-0.21288046,-0.45632645,-0.35486504,-1.1830311,0.89450836,0.07547648,0.5967646,0.5646459,-0.08695773,1.017042,-0.2811023,-0.92724085,-0.034382448,-0.2129004,-0.567015,-0.39519435,-0.50372314,0.0052755144,0.16413519,0.12501508,1.1493521,-0.36502615,-0.75630695,-0.0063762087,0.36994267,-0.163049,1.3733448,0.62663656,-0.18779534,-0.72032076,-0.07400132,-1.2718661,-0.840639,0.17828046,-0.00018366554,0.53874224,0.10368514,0.4114945
-1.0389174,-1.4496642,-0.9994453,-0.42725322,-0.5861134,-0.17003915,-0.37955585,1.1326786,-0.16525735,-0.39857125,0.55371803,-0.16076125,0.12502769,-0.37431023,-0.4611459,-0.0749025,0.56553894,-0.6893056,0.13157941,-0.044481326,-0.5125121,-1.1600628,0.06949963,-2.0683513,1.1320446,-0.38425705,-0.3303352,0.7683304,-0.35172874,0.9940637,0.76270866,0.250342,1.1704639,2.3271902,0.8673949,0.48418242,-0.022860104,-0.085478954,-0.35997817,0.5692392,-0.20873731,-0.19519873,-0.9723826,0.5348624,1.0834862,-0.17134798,-1.634297,1.3486003,0.084540054,1.1977315,0.23824579,-0.37160984,0.037529048,0.6088088,0.07595062,-1.1808558,0.8840767,0.9028864,2.3674815,-0.9400708,0.17425252,-0.37663218,-0.8163564,0.45908165,-0.11171288,0.4976027,0.36484385,1.686858,0.053062756,-0.1141847,-0.1029446,0.52885073,-0.9773128,-1.9406891,-0.15918744,-0.066005625,-0.70394623,0.14881165,-0.98362786,0.24576193,1.3002167,0.029877117,0.89644283,0.76303077,-0.13911536,-0.21947075,0.14067388,-0.5965678,0.09935226,0.6615714,0.13808185,-0.21796687,-0.43979633,0.91441065,-0.39882666,0.62052244,1.5133293,-0.38137892,0.34633073,1.177499,0.15935504,0.12413111,0.104729146,-0.90832746,-0.77364,-0.704509,-1.0472596,-0.4943086,-1.3384304,-0.9810322,0.106299445,-0.81786513,-0.8436986,0.8617678,-0.26945964,-0.107944146,-1.224566,-0.68891466,-0.38533247,0.38654792,-0.4678587,0.029845716,0.9705052,-0.21610755,-0.46902245,0.056913566,-0.6222732,0.5788306,-0.64080226,-0.7099905,-0.3700651,1.0936544,0.74880224,0.59786534,0.588272,-0.6801114,-0.2794279,0.39640608,0.16980869,-0.2280761,0.33861786,-1.1358225,-0.26278433,0.72759914,-1.2039324,1.5581223,0.41520473,-0.24762768,-1.0274796,0.3884334,-0.23612075,-0.49175188,0.6587152,-0.4246245,-0.6452223,-0.5276733,-0.36217642,-0.70624226,0.09728578,-1.2395024,-0.31338316,-0.84663385,-0.084270634,-1.0144392,-1.7760084,-0.500441,-0.9504423,-1.3222076,0.10920765,-0.9931429,0.44194087,-0.121938154,-0.4843346,-0.12813352,-0.20060249,-0.12789465,-0.0038182018,0.9547577,-1.0064181,0.0651989,0.41150495,-0.3522747,0.7951211,0.20765252,0.3770028,-0.08548568,0.6865808,-0.4893427,-0.7796618,-0.7550968,-0.45944253,0.41289842,0.020953007,-0.042740274,-0.29664826,-1.6457943,0.17433326,-0.08842133,-0.13345475,-0.52339274,0.04568494,-1.2092434,-1.7232867,-0.045572635,-0.14306074,0.61699116,-0.023415286,-0.16177043,0.25149247,0.08399206,-0.5659145,-0.42517358,-0.18516704,0.9872674,0.12751088,0.32549906,1.0225719,0.20829472,-0.46733394,0.7338993,0.2439356,0.87745243,0.35604575,0.124367654,-0.79736745,-1.3162884,0.07627638,0.25678086,-0.2634803,0.95244944,-0.12271552,0.8841046,-0.07287448,-0.0030830125,0.9262045,-0.3345797,-1.1732204,1.2712729,-0.36361566,0.15935011,0.3480246,-1.0111476,-0.005730425,-0.5700003,-0.923316,0.5795483,-0.35849062,-0.2940284,0.330346,-1.4250996,-0.4958754,1.1326448,-0.78024334,-0.019845875,0.74264085,-0.5618851,0.13244654,-0.3771696,-0.7671005,0.36795524
-1.5706341,0.14208949,-1.4910349,0.6024007,1.0470463,0.08217858,0.63010186,0.5518988,0.3741352,-1.308631,-0.45032966,0.0017430035,0.2615352,-0.09339244,-0.7285099,0.32387042,0.068594314,-1.0483632,0.19111112,0.35603595,-1.4997604,-0.5064448,0.2628304,-0.4184787,0.5134859,0.94495976,-0.6641408,0.8648259,-1.0342977,0.15214096,0.76955485,0.46725047,1.3594279,0.20606454,-0.56481653,-2.169027,1.2544124,0.32750493,-0.10271137,1.1624428,0.4561998,0.6790215,-0.577589,-0.1182373,-0.27514085,-0.12909628,0.30190316,-1.0182233,-0.58755594,-1.1900926,0.54406047,0.2982441,0.652418,-1.1521833,1.2410129,0.9050818,-0.8370085,0.60431224,1.2669686,-0.41840807,0.08848479,-1.5867995,2.176536,0.30805677,-0.5200542,-0.8573662,0.16987851,0.1872101,0.087127864,0.69652194,-1.0287358,0.5360446,-0.91738665,0.13089141,1.0160111,-0.8544898,-1.4593785,0.893868,-1.0613335,-1.9504497,-0.14705291,0.17358486,-0.39282453,-0.28873685,1.0813321,1.2785856,0.43306187,0.49821454,-0.3646525,1.5853863,-0.60855573,-0.3129054,-0.686144,-0.24904636,-1.3317281,-0.22859025,-0.28368282,0.5162456,-0.4277313,0.63792187,-0.1772106,-0.089658156,-0.0627545,0.45723125,0.7722664,0.5758513,1.1025374,0.59131414,-0.05114386,0.7967413,1.1214268,-0.697141,0.35050252,0.15571438,-0.030306662,-0.120890886,0.09343778,0.43603894,-0.21854483,0.7419884,0.3209164,1.2278173,-1.43829,-0.59394634,-0.7687118,-0.2563989,0.94238615,0.18203822,-0.6403814,-0.59838194,-0.3770623,0.34393957,-0.24893025,0.5813571,-0.6606897,-0.63351905,-0.95975107,-0.6337002,0.35526198,0.14199562,-0.83089066,-0.1325722,-0.6883018,1.0275127,0.62092656,-0.32374364,-1.4491663,0.7342859,0.4755709,-0.1725948,0.06481777,-0.5885304,-0.017390057,-0.23697208,-0.42066586,0.017764162,-0.16488211,-0.030715516,-0.5625473,0.34835488,-0.018344125,0.1865964,-0.028804235,-1.0288357,-0.6148903,-0.17445457,-0.64300615,-0.42247713,0.5577575,0.13183558,0.6198074,-0.6807794,-0.5408541,-2.297977,1.6697687,0.19967584,-0.3348153,-0.22306752,0.7477568,0.4617015,0.5224943,-0.28309357,1.5953937,-0.051523574,-2.3648734,-1.0725573,-1.154754,-0.6839166,-0.032667357,-0.023301689,-0.22763573,-1.0639653,-0.40356433,0.41912043,-0.9992633,-0.4055375,0.3455027,-0.38072217,-0.23696133,0.69833827,0.37420747,-0.16100542,-0.3955123,1.0031152,0.74799913,0.2961862,-0.5327796,0.36864805,-0.27013457,-0.4103233,-0.23540825,1.0196912,0.50925237,0.029985104,0.5075756,0.12008101,-0.35313308,-0.7587221,-0.9683762,-0.56193644,0.11529001,-1.4111047,-0.49543047,-0.5236939,0.2601205,-0.30978575,-0.43823627,1.2720513,-0.44059762,0.6371481,-0.11553473,-1.0362047,-0.7532915,-1.5502567,0.12113821,-1.0738298,-0.210244,-0.9737163,0.09233636,-0.17355545,-0.62011784,-0.65892684,0.09061875,-0.25075415,0.5726987,0.46548817,0.74829906,-1.0870025,0.66007864,1.6540228,-1.4244217,-0.33778405,2.1110935,0.68862075,0.16085786,2.0066729,-0.835254,-0.6105418,0.10821949,-0.5144594
0.18462183,-0.13509202,-1.1238668,-0.11026125,0.742497,0.1900554,0.3477565,1.0177821,-0.09269,0.3578254,1.7610774,0.31848717,0.070296034,-0.9102377,0.14175351,0.135496,-0.034676667,0.88128763,1.461905,-0.7171049,-0.020218324,0.14580709,0.05045975,0.51907885,-0.6164269,0.059040513,-0.06827413,0.1613968,-0.4321718,0.5059245,-0.30936342,-0.24825607,0.78548205,1.1747435,-0.6337525,-0.75480443,2.278869,0.38250807,-1.2756922,-0.5426503,0.29409993,1.0676253,0.6203916,0.33849585,-0.059219792,0.38149393,0.24004671,1.33642,-0.4828085,0.8582389,-0.06153235,0.15502878,-0.12154251,0.66328543,-0.0358663,0.07986118,0.33218116,0.5672379,-0.213983,0.8560478,-0.6135666,1.5138512,0.86839825,-0.93674684,0.03498431,-0.61918235,0.3315931,1.426336,0.16729374,-0.7715951,0.3415096,0.27961117,0.32226768,0.12604302,-0.50864685,0.11981365,-0.36683044,0.36037558,-1.2302032,-0.7553775,0.267273,-0.9919915,-0.7645494,0.9710982,0.7441951,-2.2884579,0.29448795,0.17196816,0.09859198,0.06071223,0.03131774,-0.47889704,-0.61357164,-0.021780906,-1.7141123,-1.2829578,-1.8851953,-1.1238958,-0.8751719,0.21274254,0.16004212,-0.40959582,0.64222026,-0.22404377,-0.55235445,-1.1403875,-0.390865,-1.2586659,-0.77207524,0.19814233,-0.77399296,0.41775224,-0.13318136,-2.0291855,0.66176206,0.02180646,0.159714,-0.008471623,0.8099908,0.1533027,0.020797534,-0.5326154,0.21416953,-0.47676185,-0.12513468,0.4156697,0.89884144,0.7401206,0.27523696,-0.52983505,0.46455947,-0.32341588,0.6693851,0.3701002,-0.04895131,-0.67658925,-0.27637732,-1.4077079,0.27112055,-0.54786134,-0.4985719,-1.3065829,-1.4090488,-1.43298,-0.030515824,0.4432982,-0.5911783,-0.2697252,-1.6538295,0.24902812,0.6223866,0.2423779,-0.30014986,-0.33583653,0.7141682,-0.46329007,-0.1537404,0.50921506,-0.3936297,0.43927622,0.85092825,-0.19476435,-1.0879561,-0.90715367,-1.0212631,0.30054733,0.6164702,-0.024646321,1.9571011,1.0302374,0.81788415,-0.7981709,-0.073651455,-0.12527621,-0.2539323,0.2668285,0.44786438,-0.32806042,1.0734848,1.0123338,0.6301103,-0.19297986,-0.21574068,0.7756462,-0.56385416,-0.20822418,0.39392978,-0.52256036,0.08215753,-0.46173674,-0.13934845,0.24818246,-0.26328424,0.54817617,0.42023703,0.024634726,-0.9982776,-1.0626305,0.522689,-0.40288967,0.426761,-0.0889265,-0.5913971,-0.42792186,0.71035904,-0.99844474,0.2134212,-0.37114367,-0.2305871,0.7838928,-0.578895,-0.5977632,0.56667674,-0.75759333,-0.1227854,-1.2227353,-0.037264924,1.822746,0.3305963,1.2719425,-0.32356855,-1.7548207,-0.20516887,0.88095385,-0.50143254,0.8739023,0.8375043,0.66657597,-0.30290222,0.37225637,0.0882821,-1.4014721,-0.6921985,-0.35759145,0.43530694,0.18177651,0.89522886,-0.15512218,0.17428908,-0.69722486,-0.37452465,-0.13769837,0.3125463,-0.8194397,0.04417473,0.62746835,-0.54480624,0.44349506,0.40873602,-0.24840665,-1.0828737,-0.6248979,-0.7948573,-0.22524856,-0.50947356,0.5856185,-0.73563033,-0.44571447,0.56137455,0.33366662
-1.014689,-0.88732415,-0.5225088,-0.21227136,0.26449114,0.5366329,0.07793832,-1.0566514,-0.20270696,-0.2921866,-1.0810064,-1.2672881,-0.32097757,0.06804473,-0.10511404,0.284767,-0.6111207,-0.03448451,-0.9143174,-0.81109583,0.14033337,0.07588191,-0.33790395,-0.4722846,0.18071339,-0.80572736,0.060691487,0.074698426,0.2721195,-0.018477593,-0.16537787,0.1811564,0.62372804,-0.18438512,-0.96787065,-0.8863053,-0.62970394,1.8109761,0.682105,0.9169381,-0.66012686,-0.023960443,-1.2629316,0.17077745,0.22189829,0.6867378,0.6959733,-0.010914963,0.6093353,0.9766796,-0.23477696,0.06693291,0.9222157,-0.03335169,0.07413722,0.043622877,1.6815121,1.1550792,1.1341482,-0.57667834,-0.5597481,0.37897348,-0.2428102,-0.3252591,0.8779892,0.086005546,-2.0763884,-0.5413703,-0.49875426,-0.47432667,-0.2989013,-0.9539306,-0.114436164,0.64504236,-0.5396775,-0.34269834,-0.75475574,-0.020414753,-0.26926842,-0.0012987402,-0.38843554,0.24365118,1.4419177,-0.96541,-0.59630716,0.30351302,0.74804795,-0.23540558,0.0294622,0.16478841,0.43249306,-0.54030246,0.33093682,-1.1066958,-0.3427415,-0.83249766,0.2584827,0.8669377,-0.9534438,0.42637265,-0.19119595,0.7593756,0.40433362,0.22493991,-0.708347,-0.7299474,0.1739971,0.08506922,-0.12812495,0.12217883,-0.15887783,-0.02676082,-0.8588774,0.17686719,-0.8728384,-0.8951109,-0.17623599,-0.0058499756,-0.8114238,-0.060092244,0.30602077,-0.8103118,-0.33520216,0.69146615,-0.98873824,0.57465976,0.8074334,1.635803,0.21933056,0.20400408,0.71521246,0.53623646,0.26445088,-0.59469473,0.8335045,-0.61771286,-0.9641639,0.5859977,-0.112729594,-0.50483525,0.28157598,0.21720922,-0.6246886,-0.7068903,-0.15005332,0.24774109,0.4185404,-0.4988483,0.33301038,1.4841005,1.6353854,0.3695343,-0.0536141,1.4484729,-0.5396751,-0.503893,0.94503933,0.45177105,0.36064163,1.0558697,0.46320543,1.8574979,1.4359555,0.48582366,-0.53390217,-0.016582344,-0.88574517,-0.17715469,0.28067353,1.1526772,0.30233356,1.5498883,0.122006886,-1.1344651,0.8680402,-1.0707146,-0.5020951,-0.321848,-0.013469731,0.80745274,-0.8682945,0.31150764,0.12153446,-0.07944938,0.16739434,0.14183009,-0.23821083,0.14702797,0.24825498,0.27458772,-0.26154724,0.7790685,-0.6708199,1.05895,-0.05832385,0.65371066,-0.1341951,0.20434892,-0.0631339,-0.033629447,-0.86375093,-1.2797438,-0.5030978,0.7678559,0.3971501,0.21833815,0.20863575,-0.29363492,-0.52120024,0.23813812,-0.48840588,-0.316065,-0.38093665,1.1336601,-0.14912693,0.44950584,1.6449877,-0.2331627,-0.42551532,-0.5732076,-0.8008301,0.5243027,-0.30573824,-0.06995995,-0.31566495,0.39404887,-0.2656741,0.3400434,0.39475116,-0.81920075,-0.23481886,0.35686314,-0.30412045,-0.5431232,0.6739052,0.817168,0.37686867,-0.94355303,-0.4705806,1.1314261,-0.32390675,-1.2154949,0.5785941,-1.7412049,0.89193624,0.14265658,0.62693125,0.8839351,0.3972952,-0.36184663,0.050114755,-0.89188904,0.5880444,-0.108375214,-0.90357316,0.050714545,-1.7814898,-0.31554604,-1.2196636,-0.47788647
0.20075302,-0.6082784,-0.5123287,-0.33535975,-0.38515607,0.19763735,0.13760646,-0.4431206,0.76556104,0.52927756,0.073574424,0.21924742,0.09650265,-0.8974131,0.114078626,0.5944497,0.12554131,-0.31438398,0.8972809,-0.3014687,-0.23522629,-0.4332381,-0.2761642,-0.34515575,0.72239554,-0.7291226,-0.15916324,-0.1691904,0.25032443,1.0944694,0.42093417,-0.25921094,-0.22689806,0.7017253,-0.05475299,1.1209134,-1.0945289,-0.31370863,-0.009012576,-0.06770005,-0.49675488,-0.72607344,-0.3555255,-0.3895349,0.625428,0.31243834,-0.16728964,0.25566024,0.655395,-0.5077058,-0.14054538,-0.8273301,-0.62713253,-0.7447985,0.6836263,-0.21282218,0.20342664,0.4355296,0.87117827,-0.76702356,0.08950265,-0.73024666,1.2705266,-1.156631,0.05684954,-0.44682184,0.0005407825,-0.007081807,0.37533972,-0.55866337,0.28128222,-0.47732654,-1.8101587,0.784126,-0.13985147,-1.6124474,-0.39486727,1.292215,-0.080113485,-0.35309133,0.7171308,0.02180042,-1.155333,0.86293375,-0.017263247,-0.10522405,-0.4538222,0.6923318,0.48840326,-0.5269579,-0.4067573,0.39443746,1.0282578,-0.5096545,0.5298767,0.01930839,1.8026235,-0.36390463,0.6584664,0.528762,-0.91246396,0.72274876,1.7593827,0.6195778,1.3876581,-0.099048875,-1.579284,0.3548839,0.26385474,-0.07776489,-0.1717644,-0.5579023,0.051433302,-0.70904475,-1.3201667,0.5876812,0.24777727,-0.2747064,-0.7299811,0.82068896,-0.19991706,0.5316288,0.66263664,-0.15095817,0.0104856845,1.646903,0.8089985,-0.10683264,-0.38321882,0.007916248,1.1852853,0.84519243,0.9248192,0.4724373,0.25294828,0.51281893,0.24160708,0.051075876,1.0069017,-0.29563224,-0.7175554,-1.0410724,-1.3902174,0.6625278,-0.15693457,0.3704011,0.08855794,0.11773679,1.1317503,-0.010190289,-0.21202338,-0.5996437,-0.07174865,-0.42838645,0.23468623,-1.0839858,0.085565135,-0.48979846,-0.08669541,1.1478498,0.95870125,1.1527508,-0.53046185,1.4967827,1.0117964,-0.66053617,-0.07129234,0.8143134,-0.58987856,0.25610432,-0.17697352,-0.82872623,-0.49085623,-0.8753289,-0.3755805,0.5832559,0.41684735,-1.4053721,0.53901285,-0.5358587,-0.2656315,0.16372328,-0.5888236,-1.1352863,-1.0924158,-0.43724835,-0.5633903,0.7101094,-0.54682535,-0.28831372,0.17667156,1.0522395,0.107703984,0.62394255,-0.19800335,-1.9298886,-0.10966583,0.64317167,0.2431962,1.1081812,0.71778446,0.08332947,1.5182284,-0.12633657,-0.1539893,0.60300523,0.15235785,0.08921553,0.12711501,0.4637174,-0.064284675,0.39335445,-0.81937516,-0.76037073,-0.20763984,0.1851401,1.076018,-0.039980527,0.0025613348,0.41765293,-0.35994732,-0.46414536,0.13223013,-0.6452065,-0.14494744,0.51155126,-0.17357276,0.64336073,0.61673117,-0.6241452,0.1567283,-0.18993352,-1.2578458,-0.18958579,-1.4167272,0.3899043,1.4751163,0.6154259,0.49352223,0.3956168,-0.12986457,2.1831746,-0.039729968,-1.6125187,-0.24595813,0.7429716,-1.058884,-0.32513747,-0.30435073,-1.8351122,0.19013895,-0.54487395,-0.24925268,-0.4004051,-2.1517274,0.6670541,-0.46693707,-1.5524603,-1.203785,-0.51376426
-0.52394086,-0.67713255,-1.0540427,-0.5505437,0.36517137,0.26409006,-0.50920504,-0.28120726,-0.4295058,-0.43868577,-0.03979583,-0.0725881,0.83151656,0.6674824,0.80838346,0.58818287,-0.10112951,-0.60452324,-0.36125678,-0.05622289,0.04061895,-0.9643354,0.2522506,-0.97153115,0.28643075,0.056605075,-0.021144466,0.8895549,0.75858676,-0.25284645,-0.14996642,0.217742,0.9935414,-0.2612049,-0.3988899,-0.8878339,-0.12486569,0.52972364,0.19496341,0.7902615,0.6150435,-0.5655364,-0.59748715,0.5126156,0.11872776,0.6865501,-0.6518665,-0.11088346,0.70492715,-0.928004,0.87358254,0.010055616,-0.03397233,0.3881426,1.5800223,0.8076892,0.59644324,1.2638499,0.44765544,-0.095973834,-0.95811576,0.018424314,-1.0903976,0.35638148,-1.1956538,-0.9949044,-0.0282448,0.13658859,-0.5695192,0.18499392,-0.57408744,-0.3681663,-0.7027079,-0.10971688,0.01889538,1.1185094,0.15867239,0.48336303,-0.2445995,0.74935865,-0.66313916,-0.31751183,-1.5671191,0.4649563,0.57087743,-0.51012206,0.3575396,0.15383486,0.55490303,-0.26747474,0.04455257,0.5441419,0.006538968,1.0290297,-0.9127463,-0.14139438,0.21577069,-0.45005307,1.3461516,1.5244254,2.1001616,1.4968058,0.5806283,-0.57140946,-0.39184585,1.113805,-0.8308032,-0.112529695,0.35136494,0.41129476,-0.35752583,0.43992123,0.29200527,0.43697232,-0.1769408,0.6719717,-1.4170164,-0.60278046,-0.008228598,0.51425767,-0.40003023,-0.5772613,0.17858835,1.0709277,0.23884484,0.0036839144,-1.3245369,-0.098417215,-1.4633331,-0.38032833,-0.536237,0.06550505,0.50547016,0.17104678,-0.10390384,-0.9268856,-0.18350488,-0.13457805,-0.8123373,-0.31529117,-0.50295204,0.1578284,-1.1940535,0.30680814,-0.3206941,-0.28614214,0.3782734,-0.16009621,0.019086996,0.37773767,0.19262172,0.35800084,-0.45546487,0.30275816,-0.07937221,0.55525994,0.6504787,-0.96246576,-0.17127548,1.1277819,0.52433187,-0.9677743,0.007937602,-1.2015761,-0.9991354,0.5290245,0.34279373,0.7816823,-0.41911644,0.8242746,-0.48358852,-0.7155196,-0.07891408,0.29998913,-0.9675316,-1.4590952,-0.7003392,-1.8063678,-1.2439826,0.77675503,-1.3682792,-0.21438815,-0.017074088,-0.8530476,-0.9615819,-0.8708196,-0.43700847,0.008990053,0.62200034,0.4894765,-0.8575163,-0.4665154,0.57910717,1.0805153,-1.509962,0.111228876,0.48447847,-0.10454672,-0.8112634,-1.3565501,-0.044910103,0.3889635,-0.60683495,0.32863998,0.94393486,-0.00035260242,-1.1101118,-0.0835637,-0.6297597,0.45479894,0.9370763,0.59318286,-0.10578511,-0.4601573,-0.2753104,1.3186823,1.5912651,-0.6161315,-0.055817023,-0.33308014,-0.41722766,-0.46981427,-0.09073691,0.18300965,-0.2766145,0.5324492,0.035767924,-0.8429407,-0.23702253,1.5174941,0.29695946,-0.3803542,-0.28271767,-0.1322266,-1.1920897,-0.059211243,0.22446811,0.95333576,-0.7955244,-0.7284174,0.92170393,0.33092928,0.0043834895,0.69786876,-0.8448674,0.18302013,-0.62803715,-0.09840818,1.3927336,0.2554355,-0.03544152,-1.0007215,-1.6878606,0.7768033,0.675338,0.4748702,-0.81314594,-1.1349808,0.09141152,0.33976552
-0.3769527,-0.9228582,-0.23899369,0.98126036,1.4438046,2.0583396,2.4033918,1.7857236,0.01885097,-0.8115314,-1.8335663,-0.9637909,0.010082828,0.29614335,0.15235911,1.0689454,0.33037534,-0.81776035,-0.09445625,-0.3808014,-0.0368755,-0.5905125,-0.3441557,-0.11163491,-0.30273232,0.31560814,-0.85617936,-0.425927,-0.22492833,-0.7987378,1.1528617,0.33287168,1.6236954,0.24095236,-1.6128755,-0.4331426,-0.17120872,0.51039326,-0.57458395,0.1310384,-0.00019554893,-0.9697102,0.2690114,-0.63417274,0.8124148,1.0149001,0.56213427,-0.24025486,-0.004457343,-0.33736813,0.8092265,0.24521407,0.7103138,0.26650378,-0.49424407,0.22388157,-1.5126334,1.0073678,0.9460396,-0.22882219,0.39868528,-0.31086305,0.017493341,-0.17331186,0.54122204,-0.13178653,1.8866096,1.1975751,-0.7558781,-0.56870157,1.2805083,-0.2271006,1.4312648,-1.4577334,-0.99791664,0.39344177,-0.5024272,-0.7834871,-0.01527722,-0.862865,-1.355627,1.3821996,-0.46244627,-1.2856498,-0.21689796,-0.9384059,-0.10084668,0.009322573,-0.44542748,-0.11066026,0.36785424,1.7351856,0.68435895,0.17584455,0.965104,1.0223876,0.81430346,-0.097804815,0.7664643,0.34954888,0.23809305,0.83019185,-1.5070401,0.077261806,-0.15345925,-0.38092127,-0.6650523,0.78540003,-1.1213082,-0.51242554,0.06984114,0.1135969,-0.02861075,-0.06381742,-0.74270755,1.0615207,0.029897021,0.5939133,-0.07496786,1.3814945,0.93074983,0.050283585,-0.46823412,0.4253305,0.26393485,-0.0034265171,-0.05423563,0.0685158,-0.3149184,-0.5151018,0.2968022,-1.7627416,0.9103553,0.32787442,0.91142887,-1.1932474,0.23888236,-0.7386241,0.80835044,-1.6755946,-0.50472796,-1.0088909,-0.23362911,0.48956755,1.302956,-0.21325475,0.1897036,-1.7780346,-1.3174521,0.3107088,-1.3850489,-0.36525947,0.5544007,0.17296189,0.65982807,0.41569605,-0.99909055,-0.2309739,-0.23158926,-0.31698734,0.12745793,0.4478601,-0.0321599,-2.0244846,0.7493392,-0.25132027,-0.17412949,-0.36319935,0.3307057,-0.8642971,0.48518124,-1.0714614,1.1522173,-1.4463645,-0.032023896,-0.9216362,-1.4772304,0.66715854,-0.7203659,0.08832947,0.22660212,0.635855,0.33007675,0.8685063,-1.5661448,-0.49064463,-1.3891618,0.23791543,-0.3725339,-0.852582,0.6087164,-0.10755255,0.4191527,0.82279307,0.16792135,-0.05592472,0.27209827,-0.3720172,-0.5529429,-0.6305537,0.7351809,0.30955705,0.15223826,-0.20186213,0.98447293,0.65080124,0.9514354,-0.59868985,0.38084254,-0.023459198,-0.07238563,-0.817569,-0.93707746,-0.118441075,-0.08688927,0.13772728,-0.2543446,-0.16201212,-0.86277676,-0.025070809,-1.7734251,-0.37000695,1.1649178,-0.08013444,0.15248695,-0.6944593,-0.1059926,0.38119298,0.58068687,-0.49398115,-0.42400694,1.1729375,-0.32979608,0.78071874,0.83928156,-0.44565555,0.87162447,0.92966914,1.1946884,0.4512761,-0.40024978,-0.5807882,0.21894088,0.71256477,-0.5445329,-0.03353951,0.079325676,-0.11818537,0.13265023,-0.5102081,-0.6326923,0.5093214,-0.22995052,0.29551935,0.42735925,0.104493625,-0.5796324,-1.2410018,0.06281018,0.26302263
0.16347344,-0.1748295,0.53316945,-0.7825434,-0.5200175,0.15839899,0.546803,0.14849614,-0.95891064,-0.24812073,-0.10302966,-0.016068893,0.05363435,-0.9389877,-0.39854705,-0.4113399,0.2948758,-0.3131916,-1.5591098,-0.4947059,-0.26434493,-0.5631527,-0.503783,-0.6634771,0.83391356,0.00891396,-0.5418298,-0.6209677,-0.7611506,-0.2635879,-1.0796177,-0.007009008,0.7998856,0.41293424,-0.87211925,-1.7161719,-1.1414075,0.23609614,-0.33211333,0.20855491,-0.17233822,-0.40689328,-0.05837473,-0.45602825,0.4996709,0.2966586,-1.0870513,1.1422192,-0.2578501,0.099017024,0.07128959,-0.055165365,0.34980798,-0.2644556,0.78970057,0.6079819,0.68486655,1.0072136,1.0616844,0.46371078,-0.27465525,1.7983893,-0.39916545,0.51945996,-0.30618998,-0.92107916,-0.34936574,0.11438145,-0.30408725,-1.1128066,-0.28995806,-0.08453667,-0.19622451,-0.2681609,-0.8324753,-0.6888301,-0.9349558,-0.034564737,0.21732223,-0.111475825,-0.7538581,0.60135835,0.42755416,1.3649697,1.3208952,0.21209402,0.4416105,0.6397259,-0.03449481,0.40381068,-0.17222877,0.4381785,-1.7806487,-0.4718359,-0.35491052,-0.5364742,0.095508605,-0.04213787,-0.38509998,0.42863357,-0.37169507,0.10180352,0.5256434,-0.9616249,-1.3759768,-0.11308838,1.4011663,0.82158595,0.52567416,-0.47631556,-0.6682779,-0.16228978,0.12383609,0.08882796,0.3058125,-0.23616047,-0.34347746,-0.025440095,-0.38985023,-0.4458535,-0.23009387,1.3865478,0.64987254,1.7579845,0.59026337,0.4687461,-0.6771961,0.40665528,0.22995158,-0.66072255,0.5188467,0.52677065,-0.46514124,-0.38980842,0.6576101,-0.4484383,-0.3343898,-0.21744569,0.084778264,-0.18872298,0.3083968,-0.85111785,0.1719163,-1.099523,0.49392205,-0.9710729,-0.3871517,-0.30192915,-0.93717974,-0.9583521,-1.5656022,0.2306972,0.47939113,0.26782256,0.40432975,-0.67456883,0.2997562,-0.1239646,-0.19364859,0.4573931,0.16767792,0.79168063,0.8418094,-0.64171296,-0.3726564,-0.40118116,0.2531311,-0.49670914,0.28428885,0.9318636,-0.0401167,-0.5284322,0.8537543,-0.9712695,0.77128744,-0.43335485,-0.31185,0.19085053,-0.41694647,-0.054735675,-0.1991543,0.25355378,0.13993151,0.9641055,-0.101383366,-0.4867651,-0.110035546,0.45285898,-1.1207418,-0.28918415,-0.76834214,0.34987444,0.08091941,0.6886652,-0.045837186,-0.42010102,-0.16262281,-0.5774629,-0.0021884942,0.26018354,0.028391484,-0.39095077,-0.16367057,-0.45442125,0.32076192,-0.33067966,-0.9676939,-0.62919533,0.23407385,0.35287312,-0.23633353,-0.80136037,-1.3334489,0.043477513,-0.07590342,-0.07739832,0.6634458,-0.07869991,-0.14029983,0.6679268,-0.5828227,0.31635654,0.53738916,0.11069071,0.033849362,1.0098013,-0.64643323,-0.7364497,-0.13971777,-0.7966735,0.2670269,-0.24989939,0.14176583,0.7508157,-0.59416986,-0.10247749,-0.12825659,1.0337244,-0.2585833,-0.044256754,0.5107717,1.9180484,-0.6240255,1.3588403,0.086658984,-0.36787704,1.0383878,0.76750404,-1.1710616,-0.55422765,-0.67327225,-1.0387819,-0.8834658,0.917857,-0.08074803,0.66739196,-0.3828542,-0.008478438,1.1450084,0.28803918
-0.0071205585,-0.46020603,-0.61100537,-1.1991684,-0.90129817,0.49498776,-0.18829827,-0.26949424,-0.7267654,0.5808633,-0.7948794,-1.28012,1.3366593,-0.46453947,0.3122037,-0.47870037,-0.18144159,0.5443408,-0.010447195,-0.7611187,-0.042569436,-0.4349437,-0.43325478,-0.18204711,-0.67378855,1.01437,-0.27749765,-0.29403874,-0.6028854,-0.8321283,-1.204062,-0.57617944,0.7040245,-0.17510763,0.17142704,-0.7784433,-0.984883,0.7646354,0.92340374,-0.44004858,1.7756791,-0.601515,-1.412783,0.026956892,0.8637889,-0.57239085,-0.34624094,-1.3019092,0.52741206,0.11713516,-0.2874864,0.9769257,0.25526586,0.54590374,0.17725272,-0.027153155,-0.9143396,0.19064742,0.52235895,-0.6062511,-0.4559911,0.21916158,-0.73073316,0.24523836,0.2567368,0.594948,-0.49779165,-0.45106414,0.041973487,-0.17932941,-0.3807262,0.5001113,-0.15513717,-0.022023706,-0.94786996,-0.45189446,-1.0541608,-0.32295874,0.7104788,-0.740441,-0.13157456,-0.40470108,0.56578076,-0.18731183,0.50798523,-0.39435643,-0.570069,0.4574974,0.46077603,-0.4489674,0.3252618,0.14843532,-0.7643029,-0.49781412,0.0011392778,0.36308363,-0.6866127,1.6022558,0.22170907,-0.8474462,-0.3570147,-0.85254306,0.37077156,-0.34587055,-1.0486263,-0.26882592,-0.7811816,-1.5930575,0.031485517,0.38523087,-0.1181781,1.1576761,0.5171626,-0.061125305,0.3603301,-0.21490833,0.5208539,1.070922,0.6365171,2.2003455,0.3288533,-0.8039935,0.34224492,-0.3800743,0.09210759,-0.4766719,-0.022133715,-0.91096884,-0.872003,0.3368432,0.2781784,-0.083774015,-0.045340843,0.82344437,-0.57697725,-1.75779,-0.63633573,-1.104783,-0.15675536,0.42611495,-0.5067576,0.4539763,-0.27035436,0.75788033,1.3265502,-0.52768856,-0.0021766943,0.24012943,-0.028798956,-0.03248156,0.39892277,-0.9039801,-0.4440365,-0.9335862,0.22995596,-0.5745302,0.20086417,0.68960994,-0.3907703,-0.57759756,0.3187067,-1.2710761,-0.1331553,0.09040567,0.17921492,1.2474164,0.23352285,0.41722783,-0.02381037,1.0973575,0.18255532,0.5959914,-0.5575188,0.46500525,-0.38580328,0.77594966,-1.8905734,-1.8276908,-0.664934,0.6337805,-0.53941065,0.37023464,0.3030524,0.93020844,0.9981209,0.8183081,-0.38000384,-0.8396763,0.55456454,-0.7675184,0.52109736,0.6931682,0.4873663,0.60321397,1.8387635,-0.36076966,0.08209274,0.47969437,-0.31249148,-1.0595542,-0.24794014,-1.2853736,0.5463801,-0.88461477,-0.7976677,0.6813445,-0.32992604,0.42522916,0.7683627,0.048529886,0.4191177,0.8091974,0.01077505,0.22812054,0.669557,0.89629567,0.565376,-0.6406421,0.5902297,1.734588,-0.1531,1.1799792,-0.015492852,0.40400663,-0.18512468,0.2014344,-0.5098126,-0.6059701,1.1847296,1.1434747,-0.27556288,0.49396318,-1.9391891,0.4969719,-0.074105866,1.3263036,0.5960638,1.4553683,-1.2204593,0.8952216,-0.85469854,-0.099965446,-0.44761762,0.2727874,0.115047105,-0.13474394,-0.6001584,-1.2356592,-1.8602444,0.72350174,0.328089,-0.09825595,2.070022,0.081457384,-0.35304743,-1.4771856,-0.07236652,0.5509874,-0.41022903,0.08990516
-0.04213735,-0.30161998,0.10144075,-1.4111465,1.7431616,0.77903014,-0.28366882,-0.41386706,-0.15870695,-1.2341267,-0.25171039,0.397498,-0.64936,-0.0999433,0.9701878,0.28273138,0.32425502,-0.65057933,-1.3555046,-0.4121448,-0.43344748,-0.28608736,-0.26924872,-1.046977,0.9585623,0.72150713,-0.052121896,-0.8980566,0.44247335,0.42072374,-0.97160304,-0.26869634,-0.58553845,-0.14538655,2.0077608,0.02716144,-1.154687,0.68447447,-0.09424728,0.8806888,0.5665249,-0.3909107,-0.28533673,-0.95180815,-0.18159893,1.0345185,-0.9338929,0.21802889,-0.9614983,-0.9827669,0.6927837,0.2563931,-0.6487603,-0.90630233,-0.087026805,1.3840818,0.11601943,0.14565378,2.0587604,-1.1289629,0.14717658,-1.1082461,-0.93533266,-0.6799251,-0.02173372,0.8450197,-1.9506633,-1.5439882,0.32296896,-0.19427326,-0.48651782,-0.47573268,-1.3419832,1.1192427,0.7954521,-0.15406413,0.22046258,0.47045776,-0.0986885,-0.49121097,-0.29383355,1.0544647,0.36699557,2.3229668,0.5083544,-0.5373608,-0.30782917,-0.3755001,0.22252986,-0.17368911,1.0517453,-1.9428594,-0.6329883,0.4615324,-0.2622938,0.40331277,0.1512157,-0.122801565,0.041457493,-0.5035344,0.6221832,0.17048608,-0.5192189,-0.5540054,-0.532052,-1.3960121,-0.527566,-0.21196549,-0.29816455,-0.35995772,0.9225282,0.4686888,1.0118275,0.5962992,0.55861264,-1.1182524,0.01913236,-0.24856563,-0.07273344,0.5825166,-1.589029,-0.21719709,-0.47068596,-1.7533301,0.20089437,0.26368994,0.7409645,0.6038714,-0.82521075,0.021033134,1.8770888,0.6535076,-0.3555997,-0.10808003,-0.16745663,-0.64781815,-0.55232733,0.15423758,-0.10640942,1.2424499,0.107760616,-0.084705025,0.11760162,-0.40566334,0.342441,-0.4538627,-0.19269185,-0.5476421,1.1480342,-1.1443838,-0.0813172,1.0634917,0.7841694,-0.35239097,-0.73229265,0.9457849,1.1384894,-0.13914333,0.029627366,-0.04831919,-0.3093111,-0.633122,0.59001344,0.31142786,0.07928857,-0.3741566,0.22921284,-0.25389066,-0.070967995,-0.4429339,-0.9148375,0.98732567,0.7991978,0.15793718,0.5854739,0.7963848,-0.8144609,-0.26311034,-0.35140917,0.15976222,0.5495279,-1.0112501,-0.49123615,-0.5172417,-0.28206205,-0.33563662,0.7344799,-0.546445,0.8711757,-1.4809247,-0.34798396,-0.051932707,-1.0277619,0.6048423,-0.05292125,-0.43296838,0.49562612,-0.8614654,-1.1847959,0.37943304,0.09342711,0.093699925,0.13216713,-1.0230904,-0.32274023,-0.8636198,0.10314363,0.011842968,-0.11373646,-0.6826166,-0.44168758,0.75438756,0.83418703,0.06562997,-0.27530986,-0.022865467,-0.30485034,0.37049112,0.48389474,-0.46868593,-0.8900291,-0.70395005,0.33945853,-0.6458809,-0.3308748,-0.19272214,0.37553334,0.4232347,-1.5492563,-1.0214006,0.3642825,-0.09769082,-0.116897404,0.5867298,0.31531954,0.35070693,0.8661367,0.4319429,1.250475,-0.78007853,0.81162065,0.67283404,0.2053975,-0.89545774,1.5838622,1.2200317,0.6083092,0.08440167,-0.7689934,0.35389262,-0.79143935,-0.4071497,-1.4736117,0.759166,-0.1037876,-1.7648062,-1.3375547,0.21721669,-0.2924101,0.10745942
0.46114916,0.0759163,0.30903262,-1.4288545,-0.53620446,-0.74502385,-0.9919165,-1.3704717,-0.24615337,0.99973017,0.69276977,-1.4392855,0.34344393,0.2435201,0.4271829,-0.2687155,-0.48931172,-0.12973382,-0.6511753,-0.5325373,-0.20369287,0.41144595,-0.8878453,0.37589294,-0.25698718,0.6580213,0.10559877,0.74654275,0.38987595,0.8834544,-0.36873862,0.8014229,0.5380797,-0.4557747,-1.4714129,-0.3761487,-0.11779304,0.6170242,1.110864,-0.491743,0.43877697,-0.8787173,-0.71771723,0.6156224,0.14875226,-0.13226028,-0.51545465,1.347943,-0.5045587,-0.5675486,0.6762424,0.38565418,-0.116985075,1.7160431,0.020010263,2.304574,2.0137472,-1.2012608,-0.62863976,-0.2763329,-0.046936885,0.23914768,0.18066277,-1.5768825,-1.1368817,-0.26326188,0.8006624,0.120227106,-0.28565207,0.88729894,0.8607821,-0.13456991,-1.6802226,-0.3634029,0.21695617,2.4839225,1.3849337,-0.80294406,-0.20231111,-0.40451953,-0.4945869,0.7562046,0.31595403,0.12834568,-0.17473353,-0.9556877,-0.08660541,-0.37509194,-0.0734262,0.032057695,0.7139434,0.76898664,0.8256234,0.54835516,-0.2298918,-1.662801,0.1505615,-0.69764084,-0.2831607,-0.14340016,-0.6217493,0.7197934,0.5152308,-1.0754224,0.80121124,-0.5971417,-1.1164298,-0.27904257,0.041028377,0.10157313,1.2442162,1.7778695,-1.0217392,-0.18838419,-0.20088196,-0.8023848,-0.5137124,0.13781835,0.40396854,-0.096956894,0.037484754,1.2635273,-0.7340496,-0.882721,-0.7878747,0.66472185,-0.08251023,0.02890022,-0.6408902,-0.8094589,-0.90010154,0.027186835,0.5940075,0.2361198,0.6821869,0.4780751,-0.9876033,0.48622915,0.3846274,0.30176386,-0.5129333,0.35786045,0.10384817,1.2175733,-0.48536232,0.2955842,-0.23427215,-0.12490349,0.6263708,-1.1708047,0.06213398,0.48432183,-0.50089335,0.09544674,-1.1894937,0.08470153,-0.10952853,0.37062007,0.93790054,0.24404843,1.3366902,-0.1625066,0.12619661,-1.2242779,0.21905728,-1.3622156,-0.17061378,-0.7334346,0.40178883,-0.44754323,-0.3092028,-0.8802166,0.86229473,-0.9109017,0.43135697,0.25008705,-0.5916754,0.74853325,0.9196472,1.197763,1.3642246,0.042446606,-1.2495431,-0.45932087,-0.051197384,-0.7975264,-0.2728691,-0.6590641,0.85827404,-0.004135507,-0.63901323,0.49696848,-1.764965,-0.18325473,0.6737211,-0.75878763,0.6075245,0.9369364,0.107690044,-0.10250182,0.055001203,0.43815714,0.26013353,0.20995358,-0.22031274,-0.9982883,-0.0059525818,1.4653883,-0.3762426,0.92503375,0.5593296,-1.3579857,1.1077142,-0.019184204,-0.25199756,-0.6607799,0.3603741,0.66333073,-0.417258,-0.70036584,1.5149369,1.0109018,0.26223567,0.02409203,-0.26001915,-1.3685246,0.2506756,-0.30123743,-1.0672517,0.039698157,0.3594712,-0.22044052,-0.97222877,0.6236444,0.54612213,-0.25656667,0.861625,0.33616883,-0.8161109,-0.9447957,-0.44583613,-2.0995343,-0.24785459,0.09035874,0.008845386,-0.020740444,0.37100407,0.5610386,0.68913215,-1.1389695,1.9331696,0.399443,0.67397463,0.79544884,2.0568204,-0.5016857,0.15837914,-0.49211994,0.11254719,0.14948328
-0.15337302,-1.1263164,-0.776997,-0.21093664,0.86765265,0.47633332,-0.46827623,-0.43612957,1.2042013,-0.76761293,-0.060827218,0.8536361,0.17197636,0.7569754,-0.09268148,-0.04161827,-0.07095593,-0.40136492,-0.6309817,-0.47269633,-0.21487571,-0.055868387,0.5409989,0.25009283,-0.3355067,1.4236403,-1.3452681,-1.577829,-1.2142622,0.319923,0.6914072,-1.334029,-0.5294257,-0.31832245,2.0262334,-0.983107,-0.04815227,-1.4528419,0.2525573,0.15204118,0.53421766,0.70451576,-0.94506544,0.36330575,0.6076434,-0.074682936,-0.19304483,0.3730101,0.18613523,-0.2961789,0.0803204,0.58333856,-0.54082316,0.34116334,-0.00025263356,0.16000883,0.40797898,1.4388653,-0.34310955,-0.7281077,-0.56804556,-0.72657627,0.36390164,1.8129834,-0.31392667,1.4512944,-2.3811517,-0.5754812,-0.19980103,0.06634551,0.5536334,0.54112625,0.25862914,0.26212114,0.14933564,-0.83624375,0.56050503,-1.0909199,-0.7649707,-0.25182468,-0.2676291,0.24253982,0.58732826,-0.7966347,-0.56802267,-0.8474521,-0.6341047,-0.03177124,-0.08274976,-0.66526747,0.19968098,1.1045526,-0.5100057,1.597528,1.3536893,0.50129074,0.33673954,-0.85273147,0.34601143,0.8726733,0.32812327,-0.4464697,0.4964544,-0.71293575,0.17014661,1.1591877,0.067152314,0.85715675,-0.17705162,1.2541438,-1.644672,0.13618504,-0.67732596,-1.1854882,-1.3862768,-0.68905306,0.37945274,-0.4030535,0.14405279,0.80368716,-1.3521509,-0.9516841,0.1487225,-0.1965836,-0.03680298,0.51269865,0.37240505,0.7776878,0.10109528,0.54127985,0.28495613,0.16664892,0.68555135,0.44445282,-0.416952,0.52232563,0.1030159,0.026940934,-0.19319348,-1.926331,0.04915213,0.13140947,-2.3999255,-0.005385704,0.3903622,-0.7231116,-0.04246909,-0.17714955,0.34584728,1.3661047,-1.1079804,-0.9476149,-0.54618806,-0.3756565,-0.31663612,0.29736254,1.1683984,-1.039302,-0.070345975,0.55058944,-0.00021590163,1.1965737,0.52734745,-1.7120936,-0.4736094,0.5165292,-1.1495088,-0.5138709,0.20358264,1.156394,0.15379496,0.5417493,-0.39082193,-0.3173431,0.4799799,-2.2802746,-1.3575472,1.6851556,0.3093151,-1.0699506,-1.4393884,1.6806388,1.0748955,0.7399335,-0.044014506,0.3148318,-0.048532855,0.34748393,0.086617395,-0.82011974,1.0100029,1.2763727,-0.22986487,-0.15015937,-1.053521,0.26914173,0.29777953,0.86285067,-0.5502429,-1.0460266,0.06224828,0.22621992,0.07022446,0.3558848,-0.06955689,1.1145303,0.7547785,-0.13212468,0.62550247,-0.51789784,0.368176,-0.6666187,-0.17584875,-0.38130176,0.95882946,-0.32279086,0.18898238,1.046854,-0.00077724346,1.0916263,-1.0279746,1.6094128,-2.139725,1.6098841,-1.1270591,0.9474755,0.3576401,-0.7265589,-0.7376527,0.15630636,-0.5028751,-0.2672285,-0.604208,0.29499844,-0.9882636,-0.9755384,0.12765367,0.5375175,0.06883724,-0.2565113,-1.2242808,0.06214821,-0.33367896,1.2222407,0.69909155,-0.66541594,0.0047683096,-1.0522507,0.49729958,-1.1656903,0.2421863,0.048663598,0.64282465,0.35212663,0.21344768,-0.028984811,1.6547332,0.07665603,-0.47627503,-0.13014875
-0.13262251,0.037765708,-0.13076946,0.2836561,1.8528013,0.3429564,-0.09508708,0.5148616,-0.8702067,0.43714392,-0.15671816,-0.22758748,-0.23089705,-0.31407017,-0.30195197,0.24284822,-0.3082932,0.31692505,-0.38629344,-0.5985879,0.049726155,-0.27038616,-0.17729932,0.324477,-0.6997969,0.59048104,1.3233421,0.68462306,-0.47688213,0.60669416,0.014407984,1.0187771,-0.9825373,0.69584435,-1.1155577,0.003649507,0.2158497,1.5350633,0.9846603,0.57811695,-0.57023513,-0.1619847,-0.17958626,0.6124505,1.7339109,-0.5795749,0.8130409,0.39031118,-0.76075023,0.5914751,0.46270582,1.0103337,0.25218746,-0.54314977,0.3126366,0.9885991,-0.33775562,-0.0992294,1.1055449,0.35525593,-0.5311103,-1.0754395,-0.052572343,-0.015701067,-0.2897687,-0.30376378,-0.6448441,-0.1719956,1.3956745,2.277824,-0.4314317,-0.18635832,0.43539906,1.2331742,0.19879204,-0.63109595,-0.9308705,0.59115434,0.1172588,-0.9515733,-0.92779475,0.08334954,-0.020378029,-0.8132291,-0.15450099,-0.8870379,-0.4387321,-0.006701683,0.18363835,0.8465738,0.6884222,0.07583813,0.008501941,0.042184938,-0.15942128,1.6045446,0.8457829,1.3246908,1.2534127,0.22122608,-0.12872359,0.029821709,0.42273134,-1.0121248,-1.2390211,-1.329455,-0.22736065,-0.98577285,-0.45478764,0.40959948,0.8311081,-0.29752564,-0.84710276,-0.48825338,1.2459953,-0.071472146,0.29666036,-0.31000954,0.8060304,-1.0226991,-0.91351354,0.57044834,-0.93953943,-0.14323889,0.37530512,0.2831886,-0.5055291,1.0683466,1.116215,0.37993893,0.33933076,-0.17024949,0.19553848,-0.8122777,-0.20724957,-0.27773902,0.55372304,-0.09598627,1.407256,-0.02218493,-0.19691649,-0.15535516,-1.186319,-1.437483,0.5616213,-0.07716909,1.5356799,-0.32437253,-1.3734989,0.015958656,0.86667264,0.9379803,1.002986,-0.7541308,-0.66269743,0.40347287,0.021628382,0.3256711,0.06548567,-0.35365316,0.056035496,1.1696475,0.10887106,-0.8101469,-1.2145063,0.4302321,0.40606284,0.80644643,-0.3675647,-0.06114929,0.97215337,-0.27392057,1.9661657,-0.55280155,-0.46737066,-1.8594036,-0.14073776,0.54268986,0.6251998,-0.018607287,-0.4136545,0.7993939,0.45288464,-0.092500515,-0.6307091,-0.85372216,-0.88747853,0.46024883,0.22271882,-0.23208109,-0.27352056,0.22094442,0.6888114,1.485047,0.028654281,-0.90408134,-0.2670368,-0.71582717,0.69129074,0.9397022,-0.5688262,0.29046065,-0.78114986,0.5789597,-0.24840492,0.05443977,-0.51665616,0.33412716,-0.1580574,0.52155423,1.3275225,0.69739336,0.4575063,0.44766462,-0.6493037,-0.73855126,0.251874,-1.320496,-0.2816119,0.6181567,0.9717084,-0.28549752,-0.10115575,-0.7377573,-0.13229094,-1.0733932,0.34383488,-0.99825734,-0.49340335,-0.85384417,-0.50844246,-0.20665666,0.8937141,-0.7289536,0.12120629,0.2136424,0.6858424,0.35952225,0.39403135,-0.7964976,0.08148309,-0.43525445,1.980976,-0.04315966,0.8148186,0.5542675,-0.07857517,0.19132484,1.0184388,1.7585721,-0.82220036,0.7560089,-1.2656933,0.18433776,0.5361454,-0.5188844,-0.01997686,-0.33965048,1.006307,0.10711658
-0.6883063,-0.14185339,0.23565874,0.6604258,-0.22788234,0.95817244,0.6225798,-0.78596926,0.289379,0.26530486,0.18538591,-0.150506,0.0071110153,-0.03500781,-0.42455348,-0.16330189,-1.4916234,-0.7462727,-0.21515317,-0.32076114,-0.25357664,-0.65696454,0.79527193,-0.11225557,0.5602823,-0.20699328,0.9411617,0.24140891,-0.90756726,0.47475705,-0.51129264,1.1326569,0.24967328,-0.87451243,-0.053210177,0.087663,0.36620793,-0.91403645,-0.44387496,-1.065386,-0.6289547,0.005071677,-0.42443514,0.489326,0.22097151,-0.5421094,-0.044707075,0.22004929,-0.27269232,0.35529083,-0.0058849817,-0.14876835,0.430109,-0.22378431,0.61764884,0.55394953,-0.8086224,0.5845947,1.003242,0.65851873,-0.10835671,0.9367271,-0.5736208,-1.1446891,-0.5816513,0.93047297,0.7575732,0.10929488,0.60751235,-0.72855175,0.055790488,0.34770355,-0.16177645,0.07717545,-0.5570932,-0.23179802,-0.20995569,0.15349779,0.31606302,-0.52533215,-0.39505568,-0.37727097,0.6648142,-0.5903818,-0.57139975,-0.07002325,-0.03475858,-0.046589054,-1.0046881,-1.672943,0.6433753,-0.633703,0.24289845,-1.194881,0.3889282,-1.1405365,-0.632661,0.501538,0.018265808,0.37073886,0.24606758,-0.15787928,-0.9437541,-0.25717947,0.15326853,0.42001775,0.30769208,0.09768428,-0.23219366,-0.512589,0.12347448,0.101611815,0.5149616,-0.0020131005,0.21409968,-0.0795068,0.58754194,-0.3350962,-0.016929895,-0.19122124,-0.29822624,-0.9301934,-0.6364158,0.22453126,0.18555975,0.049822755,-0.9947835,1.0146512,-2.2050092,0.9046598,-1.240308,0.3172655,-0.6459544,-1.1901685,-0.039619267,0.71378464,1.3955595,0.7260448,0.766276,-0.48852748,-0.21187383,0.00042054206,-0.029318362,-0.18067366,0.32321197,0.8002293,0.5509689,0.21854103,-0.39492634,-1.4939494,0.977738,0.34167147,-0.035998553,0.5443394,0.798206,-0.0806957,-0.7103756,0.6756992,0.5347757,0.18239781,-0.488274,-0.3285043,-0.61224765,0.8049484,0.7100691,0.5083308,0.9152121,0.80331683,0.47564405,-0.25359365,0.36817485,0.4888456,-0.10465484,1.0897124,-0.9408869,0.5075937,-0.48204535,0.0030024871,-1.4071709,-0.23657043,-1.0214329,0.46356294,-0.36592937,0.38313478,0.29840747,-0.9444084,-1.422862,0.036185935,-1.0721418,0.7777622,-0.9948849,-0.9639225,-1.1016082,-0.78067005,-0.5819771,-0.96998835,-0.3086906,0.005554576,1.0306549,0.074671775,-0.07984817,0.7759421,-0.16771589,0.89826596,0.68330216,1.5030237,-0.41488212,-0.7643343,-0.2745626,-0.80395466,-0.22030802,-0.18587159,0.2971357,0.251096,0.48685852,-0.9223528,-0.45828527,0.53633094,0.11944459,-0.074579716,0.18626828,0.20561056,1.3113974,-0.52171576,-0.62819654,0.34118924,0.14428253,-0.61698306,-1.512579,-0.59309685,0.22210222,-1.0558654,2.2618701,0.58540356,-0.014193677,0.47988033,0.6576284,0.46851814,0.2954185,-0.5148981,-0.3140973,0.60414094,0.44315088,1.1507422,1.3285155,0.7836433,0.0539466,-0.32046065,-0.5823468,-0.42530495,0.66761124,0.5836373,0.34210834,-0.23920932,-0.08004036,0.0564559,1.1307017,-0.42685172,2.018375,-0.98265094
-0.03785594,-0.37400538,-0.46523556,-0.32040414,0.862551,1.6847425,0.49775836,0.4113224,0.9895105,0.013122886,-0.17978233,-0.5432317,0.74879616,-0.46469033,-0.33538854,0.6233878,0.3934634,-0.055327512,-0.48332462,0.60130024,-0.9969751,-1.1260328,-0.25388265,0.19068456,-0.5211872,-0.7754861,0.4604796,0.41604754,-0.6305996,0.528638,0.5601948,0.5813526,1.083255,0.4399104,0.8057973,1.457777,-0.020497663,0.9748861,0.5237256,-0.87250566,-0.3001336,-0.4670476,0.65155333,-0.06337255,0.427313,-0.56428164,-0.16091013,0.23995623,0.3439558,-0.95704633,0.15845612,-0.1078337,0.31718734,-0.5685841,-0.706744,0.8469051,0.64339024,0.7850543,1.0658462,-0.21700157,0.709872,1.2637463,0.7306263,-0.3863326,-0.25100696,-0.56023186,-0.29200643,-0.9340872,-0.30474502,-0.33161995,-0.018723303,0.3391278,-0.1800628,0.20598926,0.55006814,0.15720905,-0.5479456,-0.40827122,0.01688632,-0.35022458,0.8313642,-0.85902464,-0.57583785,0.8557384,-0.8058518,0.10534566,-0.9562852,-0.21538873,-0.24368905,1.2908732,1.0009267,-0.56820965,0.56874955,0.7741327,0.39483514,0.1310482,0.43968672,-0.4262396,-0.36125582,-0.11737022,-0.64894277,0.70735544,-0.03788878,0.75361335,-0.34156567,0.8060614,0.27312797,-0.3323312,-0.46064377,0.47240362,-0.34580767,0.3214215,-0.3325535,-0.97559905,0.41010445,-0.23057272,0.2553278,-1.2772548,0.24289882,-0.17111704,-0.17808063,1.4054796,0.6426273,0.3478394,0.018503271,-1.3975574,0.039508443,0.56417274,1.1736097,-0.8046144,-0.06496154,-0.13089365,-1.2800175,1.0355214,0.12898965,-0.40641332,-0.4982321,-0.77450174,-1.0067655,-0.6235191,0.5069326,0.26249662,-0.5854702,0.31011903,0.43206036,-0.27555043,-1.467639,-0.7276965,-1.388295,-0.2404437,-2.0244281,0.7466287,1.0172303,-0.15852118,-0.07406835,-0.7830958,-0.25745276,0.5003714,0.10762476,0.6145816,-0.24256398,-0.22999349,-0.7599064,-0.6560245,-0.060739722,-0.6176391,-0.1768953,-0.10562328,-0.0019844563,0.6227746,-0.9089675,-0.8651003,-1.4607409,1.2070001,-0.31124613,-0.77719027,-0.32736775,1.031479,0.91920274,0.0121466,-0.13097225,-1.1838974,-0.21263257,0.22311832,-1.0419989,0.1447334,0.07823009,-0.2319936,-0.4017295,-0.39956805,-0.24383838,1.1559981,0.20702435,1.0639392,-1.0835363,1.2911116,0.013883613,1.6022754,-0.38988096,-0.25852737,0.3279344,0.7717904,0.50171435,0.1885419,0.5192834,-0.7527563,0.31275034,0.034395624,0.32399663,-0.46880054,-0.13584103,0.36812404,0.02186051,1.3447177,0.2652421,0.09757642,0.6133189,0.32364866,-0.07568633,-0.5650451,-0.35942066,-0.1851774,1.0042832,1.1131647,1.008565,-0.14580192,0.8646827,0.8541905,1.270936,0.027674,-0.89768076,-0.23114151,-0.38238612,1.3039827,-0.2820748,0.8609839,1.2688432,0.25170442,-0.32574067,-0.91145027,-0.1400204,0.007308581,0.6217105,0.5126229,-1.2080247,-0.31310326,1.3654097,-0.5006343,-0.4372227,0.2499691,1.0569664,-0.16257139,-0.62723273,-0.056900732,-0.5628508,0.7232612,-0.27037787,0.41859677,0.21577299,-0.9044643
-0.34968725,-0.44264483,-0.9826547,-0.431195,-0.4755039,0.35066417,-0.47130015,0.13130392,0.57269675,0.34581155,-1.1531769,-0.8272681,-0.41208875,0.0032872267,0.90227556,0.3505295,-1.3159562,-0.6113221,-0.0029335625,-0.7147878,-0.88829666,0.38541996,-1.378917,0.34686404,-0.013737398,-0.06913244,0.6273067,-0.17953451,-0.6437551,-0.5005179,0.03665762,-0.2204645,-1.0633874,-0.19020975,0.683114,0.5832914,-0.3600058,0.20164129,-0.6404333,0.84893197,-0.15630573,1.018159,0.23696877,-0.5547766,0.92407846,0.43687078,-0.032718204,-0.53964627,-0.9944539,-0.36246642,-0.92462915,-0.19213374,-0.6960684,0.4500793,0.6124305,0.70344234,-1.6575611,0.09803463,0.49977013,-0.4611958,-0.84983027,-1.4321605,-0.6424248,-0.09268617,1.4803104,0.30571908,-0.032307386,-1.36411,0.26730162,1.0368549,0.6038638,0.84555125,-0.12987967,0.09018806,1.1608657,0.3470397,-0.1248996,-0.40066355,0.5614446,0.12181707,0.43953872,-0.032316994,-0.17999664,0.9576799,0.1291691,0.8500202,0.59335047,-0.45154035,-0.32443345,-0.46734795,0.43584365,0.6118203,0.42541853,0.97509444,-0.5598336,-0.8871224,0.10173364,-0.39181513,-0.003223966,0.0575939,-0.96702,1.1391604,-0.86756015,-0.713703,0.54098594,-0.1403769,0.16985737,0.4163255,-1.0433533,-0.9115692,0.0068268282,0.20602116,0.72100747,-0.06257153,-0.91551924,-1.1520923,0.70681345,0.08704626,1.2756845,0.0008302195,-0.27876255,0.7475728,1.6891952,1.9214678,-0.4058189,-0.44269443,-0.032711323,0.8839921,0.8168348,0.43586403,0.5267283,-0.19444199,-1.0489495,0.24198167,0.7681456,-0.41685185,0.40907392,1.7003276,-0.39981622,-0.654628,0.32634425,-0.11435388,-0.29847994,-0.7718528,-0.28893274,-0.37147257,0.31076273,-1.0623912,-0.6913715,0.9475693,-0.42475116,0.08533992,0.9490212,0.24191208,-0.017366746,-1.1718979,0.04159739,0.9210081,-0.10872391,-0.40315956,0.72971743,1.7115513,-0.101945676,-0.50244635,-2.1409445,1.3234317,-0.80745876,-0.42519897,-0.6321682,0.72838545,1.1343006,1.4906802,-0.6907561,0.047329754,-0.5793372,0.49561554,-0.6083118,0.46447664,-0.35149902,0.5172638,-0.5354223,-0.68812126,-0.45575312,0.7745984,1.1597096,-0.9329333,-1.0873014,0.12569585,-0.84929943,0.022415057,0.31459138,0.05683265,0.077061005,0.301135,-0.35997197,-0.0026230642,0.9291539,0.29850185,0.37801564,-0.04920849,-0.28306,0.058816552,0.22944306,-0.019834971,-1.3058544,-1.1994859,0.32687324,-0.06675219,0.48994833,-0.16893774,-0.5276034,-0.23735157,-0.24675554,0.7381417,0.0011874427,-0.72477454,-1.6809195,0.76131773,-0.37115437,-1.2147725,-0.347612,-0.047350816,0.22507887,0.48959973,0.8253742,0.7185373,0.679693,-0.04596664,-0.27797332,0.43717292,1.1661985,-0.3503776,0.30818212,-1.3921303,0.27814886,-0.01802873,0.7057294,-0.94629127,-0.6476319,0.21971326,-0.74612087,0.47401315,0.016198881,-0.6766129,0.023620952,-1.900146,-0.33280694,0.0716502,-1.5129268,-0.55860275,0.72703207,0.2717837,0.956606,0.006987026,-1.3293372,0.25226575,0.8339286,0.5945227,0.7891242,0.45935363
-0.74455535,-1.1442925,0.019643025,-0.31224114,0.9045375,-0.64900696,0.89668363,1.0268447,-0.34384114,0.4994181,-0.36910117,-1.4053925,0.7903628,-0.3716911,0.12624952,0.5851408,-0.40060827,-0.62837857,-0.44263828,-0.7057036,-0.2411725,-0.21052434,0.19472422,-1.0483903,0.9985363,0.056335133,-0.3995446,-0.10040215,-0.30576366,0.045119192,-0.5668079,-0.085199796,1.4296777,1.5914023,0.23709372,-0.5659485,-1.1747739,-0.3666595,-0.21101475,-0.87947166,0.18683113,0.048813175,-0.8883929,0.50255823,-0.20210735,0.3538735,-0.8103251,-0.69769543,-1.1128397,0.93575245,-0.45959678,0.81043106,-0.046008866,-0.35015684,0.8803038,-0.6881979,-0.23672919,-0.029715765,1.1622536,-0.32429254,0.055041336,-0.6288374,-0.1719093,-0.30644706,1.0610482,-0.19480066,0.53257227,-0.3380382,-0.20068173,0.09546643,0.016351309,0.3361301,-0.124050565,0.42325494,-0.22150053,-0.7213539,-0.4640989,-0.3690251,0.34119168,0.47369295,-0.6581881,-0.07706851,-0.19525254,-0.1011459,-0.27542827,-0.085173115,0.48192605,0.8418307,-0.00509922,-0.6712032,-0.122805856,0.39096066,0.44085422,0.91136104,1.515532,0.9952575,1.2487037,0.91574866,1.4418337,-0.004018824,0.58613205,-0.916454,-0.61138725,-0.615688,0.41324654,-0.7530146,-1.5695517,-0.8476931,-0.29751316,0.22863942,0.15768312,-1.1582046,-0.2377214,0.5429678,0.1729905,0.16332527,0.5319553,-0.61034775,-0.38127995,-1.2157748,-0.4854052,-0.70394534,0.5140116,0.801603,0.9445899,0.09423374,-0.17335743,-1.640565,0.46694767,0.20186393,-0.767152,-0.8132669,0.74793357,-0.21725073,0.85573703,1.3143009,0.4513149,0.5539424,-0.5719443,0.2733408,-1.0880089,-1.5505372,-1.0453086,0.3336242,-0.24699448,0.12240716,-0.5450665,1.0225701,0.6070169,0.9280971,0.0075229523,0.2946852,-0.07516916,-0.55133826,-0.61904764,0.7424322,-0.29151103,-1.2852563,-0.039426804,-0.042005952,0.6820203,0.17144428,-0.21284561,0.23775624,-0.6224735,0.010245649,1.3862779,0.025994355,0.04250124,0.3826188,-0.24146071,-0.40655202,0.3949202,0.23128736,-0.25271806,0.47736254,-1.4106207,0.3757501,-0.26003212,0.042199578,0.40572923,-0.7076679,-0.08814278,-1.0349234,-0.47762436,0.27456433,1.6738287,0.6101043,0.48004103,-0.1976482,0.8572338,-1.213523,-1.1837629,0.07971038,0.06407752,-0.44380733,-0.61346453,0.9576212,-0.6762293,0.44157055,-0.12747574,-0.0970285,-1.4751958,0.5706377,0.1447058,-0.95863545,-0.5424602,0.16344441,0.4853068,0.32110164,0.0066798446,-0.98957515,0.6315901,-1.2116052,0.99967474,-0.74471325,0.17648153,1.2691844,-0.022707421,-0.40005013,0.9042463,-0.17356913,-1.6695355,-0.5296521,-0.5917347,-0.28987858,-0.08492272,0.7279318,0.09030971,-0.06685969,-0.27937406,-0.57805115,-0.048712492,-0.97312325,0.4370725,0.110819206,0.2593968,-0.19599207,-0.5299206,0.5128464,1.0279984,-0.4164108,0.20537546,-1.7359288,-0.38380116,-0.22920711,0.12234232,0.4095983,0.1530408,0.4090109,0.3676642,-1.4526552,-1.4839998,-0.3008067,1.9601868,1.2002716,0.86926454,-0.2690425,-0.54064727,0.7520251
-0.7192533,-0.86848813,-0.98210645,0.09844943,-0.19155979,1.230851,1.0353415,0.99002415,-0.81262875,0.39703685,-0.47468907,-0.42554727,-0.8420812,-0.7144952,0.7888715,1.1003909,-1.1902024,0.04312743,0.29076064,0.91981566,-0.8220683,0.00950257,0.41811293,1.1850914,0.14891352,-0.4976368,-0.99668115,0.038941473,-1.0153663,1.1530312,0.09696207,-1.0074692,-0.5585628,0.19665465,0.9357272,0.07279006,1.274141,0.45727658,0.75564307,0.29934004,-0.15107234,1.1483161,0.22351843,0.6331769,-0.1702814,0.8948972,0.21114977,-0.41201937,-0.68702126,-0.75375044,-0.18837601,-1.1341211,1.0002209,-0.989677,1.0414867,-0.8032717,0.5651659,-1.87238,-1.4040964,-0.21389169,0.09286691,-1.6476808,0.19636376,-0.3752551,0.50414044,-0.42226774,1.4654193,-0.055965584,-0.59765416,-1.1438867,0.28326985,-0.11127664,1.1004558,-0.030642886,-0.087937504,-1.3184842,0.92488843,1.9116563,-0.019113502,-0.34407115,0.93638206,-0.022495963,-0.25732088,0.3787053,-0.041609414,-1.1336228,1.2057039,-0.031246083,-1.0285366,0.16796924,-0.18719086,-0.37179056,-0.5085002,-0.5526979,0.33496386,0.28021452,0.11363101,-1.0513569,-0.84902644,0.88996804,1.2675328,0.1340622,0.30736804,-0.83292085,-0.922851,0.50965405,0.19604346,0.6198056,0.011840487,-1.0554035,1.870268,-0.10607584,-0.4439527,-0.18508293,0.55339843,-1.0517087,-0.9224945,1.3230441,0.14055078,-1.1351442,-2.4029002,-0.92245185,0.4852645,0.9880703,-0.71638495,0.361839,-0.2895453,0.06561281,-0.5830484,0.13336198,-0.7110327,1.037717,-0.118069634,-1.1313583,0.9806017,-0.5239988,0.6715392,-1.5903435,-0.02383112,0.097840324,0.9010886,0.87126255,-0.20340092,0.885242,-0.5618674,0.100526534,0.19137022,-1.2726533,-2.6085033,-1.1615901,-0.7636299,-0.05567395,-0.4577838,0.41452098,-0.19516164,0.008225071,0.6931936,0.23770116,-0.88566834,-0.5955607,-0.8847566,-0.4813993,0.26452866,0.030292045,-1.9582953,0.7097647,-0.19387004,-0.96958,-0.30092922,-0.07557563,0.023586068,-0.15326187,-1.6673609,-0.073776625,0.406543,-0.5385765,-0.18272816,-0.09230054,-0.1350867,0.56209344,-0.8345346,-2.1613436,-0.93494636,0.3734989,1.4930505,-0.22688472,1.2283312,-0.027243244,-0.46661225,0.116759054,0.4680821,0.25942472,1.446042,0.04506789,-1.5777293,-0.93404573,-0.11763274,0.5775922,0.4388804,1.0678321,-1.2205952,1.2339259,-0.10599161,0.3919807,1.2788727,0.7685138,-0.24249828,0.39922035,-0.9769505,-1.841448,0.5546896,0.27743274,0.6862602,0.16539265,0.13556561,0.09385183,0.17249073,0.037718855,0.6179597,0.509094,-0.30519912,0.12615602,1.1270397,0.04273854,0.09862032,0.0027830312,0.44435793,0.17084281,-0.34071612,-2.3290656,-0.3659754,-0.15114468,-0.3332784,0.49776003,0.4998287,1.2013569,0.5693979,0.4471814,-0.7579794,-0.7281403,-1.013378,1.6126254,-1.5174766,0.28185552,-0.009493797,-0.33887774,0.066708684,-0.5265417,0.102764525,-1.6175942,1.4505159,1.4218098,-0.36043504,0.23221081,1.0497469,0.52683705,0.6002555,0.09662637,0.8978648,0.2854995
-1.120253,-2.0195684,0.1796572,0.48712817,-0.23964778,1.0752434,-0.3688246,-0.56783193,-0.6709425,-0.8470035,-0.82883656,-0.045887467,0.62595415,0.05048071,1.000494,1.4275818,-0.4231173,-1.1568669,-1.0852643,-1.0153265,-0.34544492,-0.072333716,0.87781614,-0.007494902,-0.23768191,-0.9487788,-0.30764833,0.2649863,0.16019262,0.44715735,-0.73632103,-0.73656017,-0.48795322,0.5387416,-0.8308525,0.16310649,-1.0003042,0.6847605,-0.901905,-0.7509114,0.3293881,0.8469334,0.5479202,-0.7220785,-0.7402118,0.9657605,-0.19599421,-0.9451513,-0.77070963,0.9497442,-0.91303843,-0.26076347,-0.098633595,0.4056347,0.3670682,0.23157595,-0.6677294,-0.4265031,-0.110631384,0.32863212,-1.0581439,-0.8939366,-1.0661752,0.0012087721,-0.6072187,-0.45310852,0.48176733,-0.7685781,-0.33635792,-0.28468987,0.5712575,-0.5860086,1.0196298,-0.9456992,-0.32312763,0.6161816,0.5870657,-0.33534265,-0.19552124,1.0167906,-0.28517786,-0.044754818,0.19136702,1.2644806,0.24816777,-0.5142707,1.2726786,0.4286144,-1.1471786,-1.0212194,0.7153934,-1.092159,0.29019737,0.5587091,0.57022494,-0.6023433,-1.1122892,-0.043856353,-0.6076191,0.4036515,1.0220836,-1.518454,-1.4410417,0.9979809,0.9609667,-0.5142881,0.064623535,-0.13304523,0.15971422,-0.32549408,-2.111767,-0.27449098,-0.59491074,-0.57398266,-0.1743235,-0.70532113,-0.30006796,0.98786104,-0.7541879,-0.7541228,-0.6012858,-0.37251684,-0.4401479,-0.5654152,-0.116296485,0.39357507,0.10565385,-0.8032951,-0.42073426,0.73303,0.6384851,0.9913637,-0.47554848,0.31530574,1.4199065,0.73289764,0.5050236,-1.2037278,-0.27173516,0.33816734,0.91544706,0.44064897,-1.1834905,0.25280574,-1.1303426,0.0694489,-0.447444,0.28992957,-1.4998792,-0.74153036,-0.020343013,-0.64575946,0.10228362,1.0011433,-0.5320577,-0.2548909,-0.53696877,-0.42326742,0.3268247,-0.74577427,-0.7584114,-0.5952369,-0.57262415,-0.98007196,-0.8996584,-0.7791478,0.4409946,-0.8573177,0.90847075,1.4706836,-0.25940046,0.49076322,0.40555868,-0.9994133,0.7034138,-0.6266728,-0.35922474,-1.7150047,0.78987586,-0.3201402,-0.59826255,-0.18711752,1.7244948,-0.70489025,-0.5099108,-0.5720987,-1.862814,-0.097689785,0.04463177,0.30681705,-0.34373665,0.58169913,-0.7229301,-0.021878622,-0.2837742,0.05646382,0.9190996,0.04873535,0.03945093,-0.85691774,0.08444292,0.3334514,-0.45009887,1.8951714,0.6050345,0.07031509,-0.3688142,-0.4843976,-0.023492321,-0.5642109,-0.22536924,-1.2915785,1.2622714,-0.17431012,0.82218975,0.013906756,-0.6806474,-0.16044225,-0.31209168,0.97185165,0.9144762,0.2607287,0.44292346,0.23114009,-0.27330306,-0.1139381,-0.6062662,0.1776961,-0.06716364,0.41892198,-0.45337656,-1.401609,-0.36597064,1.2970674,-0.26923352,-0.24463329,-0.6534083,-0.47924504,-0.76307654,0.11068842,-0.06480976,0.92338926,-0.07735843,0.6369876,0.45597026,0.13581745,0.21152598,0.5390765,-0.121372096,-1.5494157,0.21970394,-0.51129496,0.45650262,1.3214816,0.6123406,-1.2267352,0.068891004,0.3185681,1.166693,0.6047432
-1.4329293,-1.5752016,-1.4555151,-0.16271639,-0.4939065,0.078364775,0.258642,-0.69429713,0.3295708,-0.3951559,-0.20260203,-0.434248,-0.21904387,0.22618756,0.083521865,-0.66778004,-0.7544676,-0.5083707,-0.38556397,-0.4442111,-0.70194,0.6608041,-0.3791338,-1.2649829,0.22880127,0.6301651,0.26604465,-0.20266466,-0.06562155,-0.20438153,1.188595,0.15231626,0.24875544,0.09602447,0.9529158,0.11663179,-0.25179127,-0.56399506,0.68355185,-0.3546203,-0.612649,0.5139846,-0.019628739,0.91302395,-0.5264363,-1.0031321,-1.0974761,-0.4352142,0.31888837,-0.6072101,-1.0446255,-1.184305,0.12126472,0.13876252,0.47921243,-1.2607889,0.6170913,0.7789719,0.6010669,0.5399485,-0.6318039,-0.01508402,-2.4584777,0.15797247,0.18363476,-0.63259995,-1.2564118,-0.06469066,0.10111766,0.7761597,0.52531976,-0.86922497,0.17067713,0.2774405,-1.1225669,-0.06083941,-0.6081736,-0.51332194,-0.6069494,0.6049788,0.93626034,0.029854458,0.5088109,-0.09650897,-0.3633178,-0.03815041,0.69350946,0.27959368,-0.67412263,0.20602944,0.26252943,-1.500632,-0.18843019,-0.8726848,-0.82194203,-0.31819537,-2.274713,-1.4035901,-1.106481,-0.15949911,-0.048070308,1.0260859,0.592981,-1.0460422,-1.1275295,-1.3395523,-0.17896976,0.021581242,-0.16502899,-0.33401713,-0.00023535933,0.28997445,-1.066005,-0.54667133,-0.48529992,0.08222209,-0.19891763,0.98093617,-0.09147693,-0.69585496,-0.3473061,-0.35982698,-0.5835897,-0.85589916,-1.1566335,0.8671482,0.6010706,0.3803477,0.1908912,-0.31950977,-0.13656275,-0.15721907,-0.037274964,0.9210939,0.5220857,-1.0669736,-0.29182085,-0.12856841,-1.1580592,0.0877683,0.04247401,0.37153658,0.6341279,1.02903,1.2336954,0.1912784,1.3384852,-0.28209174,-1.9924212,0.24757442,0.3135323,0.27914077,0.4804548,-0.75056344,1.366253,-0.3109742,-0.29566228,-0.18910043,-0.7167953,-1.327304,-0.09864153,0.39301878,1.6493603,-0.41951603,-0.8490295,0.79496616,0.5255625,-0.42425156,0.17889647,-0.5636608,1.4021347,-0.9368576,0.43836042,0.5931299,0.1528852,-0.24095993,0.5037253,-0.7313786,-0.030396394,-0.16913149,-0.3051286,0.84262407,2.0450466,0.57989347,0.67891884,0.32229865,0.52559596,-0.38011834,-0.16413216,0.20414615,-1.1433821,1.0535322,0.72825915,-0.42279327,0.5809176,0.4170469,-0.8254719,0.021715999,-1.7347653,0.9788091,0.23182887,-0.8909547,-0.41283008,-0.1896191,-0.20114289,0.7381673,-0.73193103,0.07429321,0.50231373,0.3548842,-0.3942272,-0.3823436,-0.5037856,-0.29113838,-0.27918816,0.71540475,-0.63541925,0.7313555,1.0377682,0.096846454,0.32395715,0.14958765,-0.1112723,-0.41124517,1.938921,1.0954931,-0.69214934,0.4658125,0.5195304,0.4265019,0.14418069,-1.029852,0.16153286,-0.5485785,-0.5894446,1.0425744,-1.0359788,0.06345391,0.009745905,0.4145874,0.78343135,0.6635818,1.1960746,-0.44172597,-0.010660562,-0.42048204,1.1472003,-2.2920673,-0.7189389,-1.8430892,0.69585687,-0.4751194,-1.2107806,-0.19010034,0.5283328,-0.8079262,0.029564787,0.5115514,-0.371577,0.98173904
-0.5521714,-0.8768389,0.36585787,-0.4036481,0.52969074,0.12731507,-0.15483952,-0.69110405,-0.095508195,-1.2157182,0.6354949,-0.19693466,0.70416045,0.053907264,-0.29410192,-0.24054293,-0.85136354,-1.0187832,-0.60692525,-0.38506207,-1.0959479,-0.7188559,0.057406027,1.0115429,-0.20574827,-0.36626136,0.41364634,-1.038735,-0.08450071,-0.23826545,0.79419935,1.0929369,-0.43949363,0.45577943,0.6475755,-1.260619,-0.13295431,1.0323981,0.17309654,-0.36387375,-1.066669,0.008694109,-0.4104434,-0.6768744,-0.2513634,-0.3840325,-0.8244091,0.28852132,-1.6068428,1.1960715,-0.988806,-1.1397549,-1.471819,0.7607482,-0.6304941,0.52388525,0.47021723,0.4043122,0.9838343,-0.9144039,-0.89139956,-0.49101976,0.44077712,-0.75174403,0.254051,0.65214044,-0.0540596,-0.14038028,-0.77386475,-1.475224,-1.4206123,0.19512418,0.39443448,-1.1925712,0.47582424,-0.78025115,-0.87029904,0.006992955,0.37073484,-0.27958795,-0.0010127202,0.30778065,0.6526519,0.0034755247,0.016466556,-0.683643,-0.50835156,0.010059605,-0.2583662,-0.07061286,0.98077065,-1.0535793,-0.22207771,-1.050004,1.1267698,0.2953352,-0.6361444,-1.2913892,-0.38639298,-1.4904631,-0.042024095,-0.46185005,-0.3612004,-0.7620488,-0.42100656,0.7148312,-0.25742066,-0.76718694,-0.4231781,-0.5742955,-1.7943941,0.09126919,-1.01122,-0.3388895,-0.0016212325,-0.52061224,-0.95474577,-0.45136508,0.50640845,-0.65659577,-0.041607644,0.43635163,1.136743,1.0808494,-0.10415627,-0.271148,0.23315047,0.46817702,-0.33548164,0.28080678,0.15522072,-0.040553275,-1.0256038,0.7037649,-0.22644049,0.036043696,-0.18935047,0.21868695,0.7502533,-0.75161606,-0.022941165,-0.7795556,-0.0499486,-0.9187327,0.043005377,-0.54342616,-0.808806,-1.8010006,-0.86120254,-0.6667521,1.1042606,1.6003413,-0.080745645,-1.1565044,0.6028525,-0.07457273,0.7939018,0.5726223,0.60316074,-0.4995568,0.059970688,1.0922707,-0.573848,-0.7340179,-0.18418714,-0.020671867,1.2280792,-0.06503272,0.3875258,0.16627027,-0.4811159,-1.6927683,-0.09041031,0.08642014,1.0977862,-1.1100341,-0.77229565,0.73392934,-0.5638025,0.0059296833,1.2873073,1.0607783,0.6318987,0.7482092,0.9297019,-0.79411983,0.12168997,-0.8607224,0.48435,0.6816691,0.48474723,-0.2509719,-1.0443199,-0.41693437,-0.36561674,1.3804532,-0.4281381,-0.0008643836,0.18509911,0.57676613,0.3672621,-0.4443507,0.7194928,-0.14516483,0.115538836,1.0784853,-0.8918322,-0.33997625,1.0791292,-0.22245307,-1.2697651,0.30623028,0.26991308,0.45927328,0.14885229,-0.7663155,0.19741532,-0.07140507,-0.23368262,0.09954045,0.50927544,-1.069602,0.8017643,-0.7685729,0.26989323,1.6082646,0.7921903,-1.0302606,-0.6852456,0.26096144,-0.14496115,-1.5323398,0.8494186,-0.26506943,0.32633245,-0.028194034,-0.38619146,1.2128294,0.08702231,0.43081155,0.67776763,0.7458282,-0.5048281,0.98884624,0.98563606,1.4427719,-1.0373855,0.42344594,-0.22428949,-0.03799383,0.078245506,0.8641911,0.28732073,-0.8576444,-0.38299718,-1.3494966,0.58110857,0.6731683,-0.50553614,-0.4510152
-0.23408712,0.8557416,0.05655644,-0.02157606,-0.7744971,-0.34687263,0.026864616,-0.079120316,-0.6920379,1.1348311,0.034922544,-0.23415245,0.59079874,0.23085149,0.6533401,0.8532948,-0.021794135,-0.6180664,0.13988018,-0.18273078,-0.5362387,-0.081852116,0.9199424,-0.1478584,0.6255729,-0.79783535,0.4950215,-0.6284324,0.11180065,-0.18835276,0.23037887,0.15803401,-0.4408802,-0.23735195,0.5035222,0.50942975,-1.0773962,0.6511911,1.2101287,-1.0713917,-0.49474522,-0.007307266,0.03784437,-0.55999494,0.48365828,-0.2872619,0.022099683,-0.932653,-1.2724562,0.30596727,0.25713342,-0.69814557,0.30035174,0.07212695,0.10544441,0.22378924,0.99409777,-0.6935827,-0.8556927,-0.7078002,-0.2591486,-0.14463255,-0.2835538,-0.29375976,-1.785808,-0.29913756,0.6608752,0.07983107,-1.0202864,1.577838,0.29229057,-0.76479024,0.28671497,0.6222935,-1.2889293,1.8760939,0.79061925,-0.09168882,-0.5414459,-0.4073276,0.6271424,-0.06965816,0.5837604,-0.10083993,-0.69799054,-0.33023846,-0.68416953,-1.1962762,-1.1750077,0.11169534,-0.14071226,0.3070805,1.4582356,0.070887655,1.0580379,-1.010442,0.8329173,-0.4484601,-0.94042724,0.87536985,0.43474132,0.7244046,1.2452769,-0.655177,-0.73708016,0.11685253,-0.48383263,-1.0571836,0.03404811,-1.2008717,0.38028124,-1.2182248,0.8327539,0.002849685,0.6012059,-0.7834472,0.0355113,0.86748886,-0.13881627,0.93242884,1.1943487,-0.32516348,1.0056123,0.36395648,-0.05069231,-2.3410091,-0.1333952,1.0105145,-0.14955528,0.36058068,-0.23772582,-0.2171558,0.03502137,-0.4646087,0.98636734,0.5003316,-0.42387238,1.7380526,-0.09860421,-0.5958856,0.7128205,-0.70554185,1.0586051,-0.1805544,-0.84253865,-0.81193703,0.22662179,0.19496752,0.9749972,0.21083584,-0.7140689,-0.23720571,0.10823145,-1.3989899,-0.23372506,-0.5213973,-0.2919089,0.9364926,-0.19384356,-0.12552644,-0.34368166,-1.3365229,0.10408184,-0.999724,-1.1848533,0.38298082,-0.6505674,0.70714164,-0.38047028,1.3722248,-0.039607428,0.5134254,-0.047972307,1.0895835,0.54403305,0.2845444,-0.6006517,0.6805603,-0.29518265,-0.06848061,-1.0680281,0.9551985,1.3862307,-0.82153684,1.5939641,-0.80264896,1.0787493,0.78506035,-0.04850506,-0.13955386,0.14860411,0.3045405,0.26907852,1.9568816,-0.15502848,0.22894756,-0.43601328,-0.37409505,0.21304007,-0.10596704,-0.44990113,0.56766087,-0.78300005,-0.32350394,-0.58361006,0.08822734,-1.619973,0.16754128,0.5149063,0.513657,-0.16988377,0.13216545,-0.2728179,0.7421151,0.63128525,-0.30109605,0.60756624,1.0847931,-0.29795948,0.9543376,0.6504739,-0.24064377,0.6855295,0.31092516,0.56403846,0.55300415,0.2550011,-0.7557432,0.015630469,-0.16792299,-0.09582766,-1.012135,-2.184435,-0.16409722,0.64301753,0.7614817,-0.8656929,0.10338484,0.8875269,1.7064364,-0.2643138,0.0027434241,-1.7414881,1.2028842,-0.4892195,-0.74075496,0.81463915,-0.61170036,-0.23031844,-0.3546179,-0.42770845,0.6479112,0.5246417,1.0969653,-0.30337343,0.03665365,0.25956956,0.88351554,-0.5487909,1.3604156
-0.33254507,-0.32764885,-0.9378719,-0.33030197,-1.2332133,-0.31173223,0.19363132,0.021727074,1.3273714,-1.1546828,-0.7850114,0.21412711,0.29869348,0.44531274,-0.21420394,0.5275951,-1.6415166,0.9514799,-0.37909707,1.0091274,-1.1961415,0.31904945,-0.64063305,0.03403014,-0.18173344,-0.32897595,-0.59452826,-0.5548004,0.29444283,0.28928095,-0.8134634,0.7430484,0.26652366,0.41904297,-1.0433408,0.026347276,0.0045769513,0.459782,0.53076166,0.105498545,0.2882718,-0.6044366,0.014623825,-0.9860428,0.62993443,0.1054347,-0.22642165,0.25907925,-0.32746974,0.7032232,0.9166314,-0.6053632,-0.34812987,0.007028684,0.22939426,0.31165597,1.4440825,-0.2923184,0.5157817,-0.09065343,0.11047972,0.34097978,0.74194384,-0.25074035,1.5719708,-0.3027438,0.036608152,0.0028700102,-0.3150985,0.88975245,-0.6791883,-0.05479865,-0.48396298,-1.5728828,-0.07716628,-0.31132138,-0.20805933,-0.4974183,0.43077046,-0.30131483,-0.095723085,0.41108364,-0.19849987,0.21778364,-0.17422919,0.09365635,0.08802148,0.51082796,-0.88562584,0.35355708,0.284894,0.69413686,-0.3873794,-0.7346853,0.81116295,-1.0064484,0.17198516,-0.3958219,0.037298895,0.3381434,0.38213462,0.68957305,0.5742669,-0.78173524,-1.4590834,0.51686925,0.16968445,-0.027568216,0.6227949,0.51495636,-0.12808275,-0.67380977,-0.016755989,0.0143088065,-0.6256147,-0.45415336,-1.020161,-0.29137015,-0.63745296,-0.48457086,-1.1615812,0.24186179,1.1490422,-0.08174178,0.30527347,0.64368916,1.0929174,-0.41358918,-0.00842514,-0.7783488,0.79225737,-0.90730584,-0.2943042,-0.063066855,-0.112707995,-0.63861996,0.15484117,0.51291704,0.45044953,0.22233553,0.2050974,-0.014990924,-0.27956527,-0.124629624,0.83630604,-0.13608605,-0.8607866,0.26583487,-0.053639505,0.9329244,1.4086809,0.63803273,0.88708526,0.21614827,0.04686418,0.081855334,0.30764624,0.12556563,0.7399236,0.92336196,0.28911796,1.3769729,0.8073617,0.12473732,-0.3957082,0.25400093,-1.1060001,0.33166024,-0.053803872,0.52515733,-1.0453016,0.9360942,-1.4686337,0.8253119,-1.2397199,1.8037342,0.4595189,-0.7281002,-0.29990453,-0.5538491,-0.091574274,0.7155521,-0.07486811,-0.26273915,0.7179721,0.5703361,-0.83077943,0.31278077,0.15114336,0.3727079,-0.1768663,0.016907046,1.2107145,-0.6132353,0.04325094,1.2037452,-0.7117681,-1.6687558,-0.278391,0.10314756,-0.13959855,-0.78888005,-0.27011377,0.13044818,-0.6715966,1.5634431,1.1205429,0.8229573,-0.540148,0.7524964,-0.32165352,0.036490355,0.36622784,-0.45328116,-0.33909732,-1.1446271,-0.6468306,-0.8679711,0.5366029,-0.6640418,0.67544013,0.086660795,-1.6807524,-0.37652728,1.3601991,0.80137235,0.3356966,-0.5329883,-1.4048921,0.5327762,0.95940274,-0.196429,-1.4315794,-0.17288962,0.8076362,-1.0763763,0.8543753,-0.9931001,1.078315,0.105355546,0.121901214,0.023920534,0.7169954,0.274169,-0.7242023,1.5377773,1.5349188,0.35049036,-0.52912074,0.65193397,-0.14177202,-0.39864656,0.2766695,0.12584844,-0.8431798,1.5417571,0.005973848,-0.32442948,1.3801618,-0.47799072
-0.7841484,-1.3844423,-0.54796636,0.40331548,1.4217414,1.1215136,-0.23811851,-0.3214038,0.12274906,1.419626,-0.49048802,-1.6481433,0.0127110155,-0.34859756,2.169592,-0.12469272,0.37035337,-0.15049206,-0.64996916,-0.52569133,-1.2387345,-0.19908765,0.771222,-0.9038594,-0.7433283,0.72192353,-0.37612438,0.029849803,-0.22199309,0.19479707,-0.09789209,0.42435473,1.548079,0.17466985,-0.7970961,-0.12894143,-0.6634547,-0.26227403,-0.62898755,0.4783784,-0.2552767,0.3882303,-1.0492693,-0.011159142,0.2747845,-1.6008677,-0.3294352,0.11913489,0.28679606,-0.7136637,0.22116612,-0.3472765,0.31843203,-0.34170133,0.061584473,0.49602348,-0.6888019,1.8406316,1.567208,-0.26412824,-0.75317895,-0.8940533,0.18598819,1.2755064,-0.42108852,-0.32181126,-0.6105364,0.038883474,-0.2361248,-1.2064825,-0.6748262,-0.35293737,-0.5114479,-1.0403339,-0.24114731,-0.37811586,-0.32047918,-1.4916341,-0.19222708,-0.13719487,0.096191235,0.37720197,0.39473566,-0.3878285,0.14751957,0.14105408,0.02344001,-0.29963484,-0.5135474,-1.3659685,1.0380548,-1.0338262,-1.5459371,1.0621804,-0.24820583,-1.0284258,0.18767639,-0.33522,-0.62630594,0.8980913,1.1432693,-0.21468665,0.024708688,-0.64746785,0.6701454,-0.2846586,0.106538534,0.40437895,-0.18388033,1.2769421,-0.59463793,-0.66191155,-0.3981695,0.4688844,0.4446558,0.17952271,-0.79457915,0.66282815,0.8585417,1.2704178,-0.21499002,-1.1400725,-0.436138,0.3427244,-0.5513887,-0.065594874,0.22775164,0.2592084,-0.21034081,-0.20597906,1.0970105,0.308904,-0.8487553,0.6710145,-0.9193998,-0.29987508,0.093288936,-1.1197643,-0.7792505,0.91018414,-0.23529108,-0.020193895,-0.9891373,0.2242674,1.4798794,0.040794466,-0.5185277,-1.3978914,-1.2318814,-0.23654729,0.3401365,-1.4311776,-0.2528597,0.11957455,-0.5492676,0.022019405,0.0753021,-0.7872929,0.31141734,0.8812933,0.15110476,-0.13961123,0.91856366,0.115228854,-0.9907432,0.83666635,0.12840107,-0.1597319,-0.04663964,0.5328661,0.5807025,-0.6959222,0.16658634,0.6137807,0.9715362,0.27015787,-0.049717657,0.010486458,-0.5248439,-0.52981496,-0.15834777,1.5007856,0.5753434,-0.22718163,0.2870194,-1.5281588,-0.004854591,0.055025127,0.89118636,-0.39164773,-0.30819607,-0.10172322,0.4055133,1.0982213,-0.408908,0.34024012,0.11656996,0.50279355,-0.1993078,-1.9292636,0.9897267,0.082600564,0.45320088,0.12492141,-0.48372918,-0.1489071,-0.1806547,-0.3462564,-0.33521143,-0.39563477,0.35272712,0.47883478,-0.7067922,0.23283795,0.9288295,-0.15950458,-0.34844843,1.25436,0.16658764,-0.585493,0.22661038,-0.066832736,-0.2753514,-0.013496287,-0.6862704,0.68471545,-0.21121924,0.038726438,-0.13326113,-0.038636915,0.83203894,-0.32025045,1.5122006,0.5882765,-0.21696281,0.43279126,-0.12511174,-0.39515895,0.053181842,0.06591495,0.27751493,-1.5285306,0.63501,-0.26874813,0.028825939,1.0799489,0.19944242,-0.36437565,0.12632549,0.5771799,1.1808238,-0.2850209,0.5769417,1.6182141,0.4460387,0.6866812,-0.93413085,-0.36676303,0.3049668,-0.30657816
-1.1327852,-0.31830406,-0.68803823,-0.05108749,0.31967464,0.18828152,1.3510166,1.0362271,-0.12470477,-0.40194467,0.26912412,0.7536283,0.47241336,-0.06938352,-1.3002689,-1.2954816,-0.29691392,0.6818273,-0.98678523,-0.35485187,-0.23705128,0.07011009,0.12293883,-0.35681885,-0.53612393,0.67743963,-1.504749,1.1703777,-0.34052882,-1.2929038,1.2832243,-0.37960193,0.5638468,-0.077071555,-1.2772615,-0.8926968,1.668543,1.7641875,0.49837643,-0.7659566,-1.4812053,-0.7321707,-0.6981393,-0.08095901,0.8336233,-0.73102087,0.019976111,-0.029796936,-0.24155803,0.5542107,-0.262667,-0.9175488,-0.29933983,1.2565206,0.08906663,1.2099855,-0.4025452,0.6330188,0.00031042442,-0.41686273,0.17746818,0.15661432,-0.9781236,-0.429415,0.06411579,-0.20167494,0.21745798,1.1697048,-0.10162194,-0.5017286,1.2499193,-0.053553708,0.57129407,0.7921413,-0.45523372,1.8358161,0.4265367,0.007199209,-0.44521034,-0.968087,0.0073286383,-0.4247262,-0.08428973,-0.24625614,0.08365356,0.039025746,-0.7718463,-0.91494507,-0.77806675,0.7634595,0.70525277,0.92039734,0.44040793,1.1966162,0.7846435,-0.22224995,0.40668672,1.0651366,0.10603766,0.50151587,-0.118351325,0.82609844,-0.55296993,0.18108076,-1.4831676,1.3835347,0.6883891,-0.31011307,1.041946,0.034880348,-0.7851419,-0.04952529,-0.38883018,0.17610717,-0.58457434,-1.2525284,-0.72928846,0.37398455,-0.5374425,0.9913849,-0.13688108,0.36817905,0.35581848,0.12927324,-0.18276013,1.2717539,0.80761844,-0.6011305,0.5173333,0.65756017,0.055849496,0.65530074,0.5844694,0.60279304,-0.20084558,-0.39379346,0.43862182,0.5393168,0.69233966,-0.1534883,1.4032412,-0.22489046,0.3866841,-0.44497153,-0.08882654,0.1057235,-0.6392265,-0.7750927,0.3974312,-0.9121513,-0.5745527,-0.24190217,-0.6047952,0.627981,0.48335284,0.23288183,0.55200267,-0.39381126,0.72278017,-0.39779925,-0.40811065,-0.4685402,0.29551873,0.094172396,-0.48931804,0.1829115,1.1677403,-0.7444471,-0.6107593,-0.06500365,0.34814784,-1.4614807,-0.5017798,0.92908853,0.4318057,-0.48910043,0.2607332,-0.19582203,0.4591246,0.46681467,0.6885229,-0.035201296,1.1202575,-1.44716,-0.34817815,0.08063107,1.3154949,-0.81979066,-0.20215595,-0.83909005,0.16285832,0.54043806,1.0308812,-0.7884959,0.7210899,1.4408801,1.4817972,0.61531246,0.3632072,-0.067366324,0.5901494,-0.274781,0.47098073,-0.6002441,-0.73319566,0.78681296,0.6604268,-0.7416933,-0.4007493,-0.87947863,-1.6945897,0.48669147,-1.0479012,0.58407015,-0.7672063,-0.005334552,-0.42319134,-0.58658975,-0.41473612,-1.4633901,0.7152468,-1.0070109,0.56233037,0.28704605,-0.5605757,0.15548281,1.0413165,-0.5066733,0.010386181,-0.6159301,-1.0457492,-1.3123713,0.62636536,-0.7075046,0.9554351,-0.87589735,0.8767374,-0.8845881,-0.6611045,0.9980348,-0.31213143,0.8227108,1.1074775,0.6012725,-0.12842229,-0.060271192,-0.4034835,0.5040787,-0.7438469,-1.2386098,0.18017747,0.570291,-0.38442862,0.35925013,0.7854582,0.81250393,-0.86929524,0.42624912,0.8648818,-0.47051886
0.098965906,-0.064286456,0.17872764,-0.96845216,0.06716503,0.38050684,-0.12233385,0.19514999,-0.83499855,-0.90160096,-1.2714764,-1.148157,-0.22598492,0.7858192,0.42945814,0.60828656,-0.7444526,-1.6623085,0.14603291,-0.7309301,-0.5394672,-0.92282724,0.13382286,-0.91355324,0.16045132,-0.76782733,0.5207106,0.33735406,-0.49135408,-0.32492045,-0.33661097,-0.44437754,0.8156375,0.116341524,1.630442,-1.317445,0.11044064,0.8066379,0.9993123,-0.9631353,-1.0025903,-0.24180603,0.062910974,-0.27894938,-0.9822198,0.43619573,0.36910462,0.524391,-0.75207424,0.3628377,-0.00847559,-0.9520839,-0.058928203,0.55576634,0.4398669,-0.0899732,1.4989796,0.16263771,1.3265074,0.08403826,-1.1244282,-0.73476166,-0.073237345,1.0434324,1.3649195,-0.85241383,-0.39326847,1.1650289,-0.848606,1.5509223,0.7454112,1.0957488,0.5376207,0.69869167,0.2138889,1.3352517,0.47934964,0.4988863,0.11459216,-0.66636777,0.014317121,0.2274645,0.024356306,1.4698185,0.66902703,0.21559286,-0.3880827,0.415416,-0.64355016,-0.49892744,0.103193484,0.43030983,0.14939949,0.53775644,0.52534634,0.5251101,1.2729343,-0.34815785,0.036698658,0.10472363,-0.5932635,0.18637049,-0.4772163,0.16617817,-0.76409924,1.1331972,0.22873248,-0.9467174,-0.21132171,-0.2830636,1.043166,-0.13640045,0.31201378,0.64777684,-0.44318774,0.11221977,-0.604424,0.34518877,-0.9114034,-0.6854847,-0.31093746,-0.0558146,-0.6870958,-0.70170707,1.3264633,0.32758045,1.980617,0.58847654,0.57245475,-0.9652808,-0.65983766,-0.060342297,-0.74988407,0.24762185,-0.2029854,-0.21839243,0.033252288,-0.9073266,0.3602946,-0.15499274,0.9177694,0.9215399,0.8221725,0.2148406,-0.5107124,0.16710913,-0.29933235,-0.8163634,0.093385994,-0.018472312,0.6609807,-0.63958186,-0.42948508,-0.17652053,-0.34086484,0.65206265,-0.55921155,0.5635581,-0.0010283263,-1.1533891,1.2791876,0.5914485,-0.30314535,0.71670794,1.2896526,-0.29640153,0.53450996,0.18756968,0.11182495,-1.0548787,-1.2164296,0.58575076,-0.77442575,0.032124873,-0.8193356,0.984703,-0.6309157,-0.18073326,-0.06455037,0.09564771,0.63324046,0.23481359,0.36186516,0.4045005,1.0254493,-0.49054036,0.010191485,0.65324587,-1.3519988,-0.16377077,-0.20814775,0.882693,0.692597,0.26483175,-0.06902573,0.827192,-0.38987988,0.81569827,-0.29916245,-0.22623523,0.092885464,-0.70721626,-0.24032465,-1.0974944,1.117998,-0.09732152,-0.14448132,-1.975209,-0.34692764,0.4258967,-0.02669512,0.20182697,-0.13117942,-0.20238619,0.08469791,0.05741129,0.6867903,0.61576504,-0.6469711,-0.45692772,0.2422034,-0.92868257,-0.6605175,0.5836313,-0.51219684,0.35744923,-0.7183736,0.61689705,-0.38023925,1.0289909,-0.53458244,0.3407168,-0.1489044,-0.5522932,0.20777072,-0.07729571,0.92915547,0.05501242,-0.2592266,0.7641428,-1.8552372,0.30920464,0.66940993,-0.62960184,0.8334005,0.58814365,0.19427285,-0.18186742,0.80309427,2.4115868,0.040315624,0.5508914,0.20168516,-0.4724609,1.6878835,-0.15329179,-0.78774047,0.24928774,0.19215643,-0.3910051
-1.225357,-0.34883916,0.297419,-1.1474508,-0.70371956,0.14813824,-0.5969752,0.8430274,-0.25254118,-0.37637293,-0.68554807,-1.2888353,0.7040537,0.97410536,0.28143862,-0.22449699,0.23341332,-0.74088144,-0.9664625,-0.7795979,-0.3855374,-0.5809461,-0.79478675,-0.30392292,0.12305939,-0.19087514,-0.45447993,0.47353515,-0.4687782,0.6641248,0.11517374,-0.36850023,0.039921306,0.08850583,1.0360024,-0.7982636,-0.7199267,-0.25622383,0.18720375,0.029075628,0.49535194,0.0073622516,0.2691764,1.293071,-0.9833987,0.0886438,-0.02649693,-0.399381,-0.05451316,0.22745232,-0.7677658,0.18983097,0.15653792,0.08538954,0.16416946,-0.63684833,-0.039589677,0.6316386,1.6021285,-0.84752405,-0.16191372,-0.5836034,0.30319005,-0.36313313,-0.031344254,-0.18016651,-0.35451692,0.24241574,0.68963414,0.35793588,0.021610864,0.13825776,-0.40757173,-0.16802508,-0.47531632,0.06140404,0.502139,-0.49587858,-1.0128077,1.7047073,-0.6873207,-1.1062006,-0.985238,-0.79936004,-0.7067019,0.75245965,-0.25664297,0.6326697,-0.5717228,0.3979745,0.46980435,-0.0657544,-0.6499945,0.73841053,0.10173026,-0.013073839,-1.1109356,-0.544796,0.86890143,0.81904095,0.4161588,0.53375834,0.43312302,-0.42680582,0.108454145,0.15861754,-0.83227634,-0.19442849,-0.6287316,0.9873497,0.51793057,0.11249257,-0.36392042,-0.15432526,-1.4288685,-0.90817577,0.19237053,-0.93179774,-0.16071421,-0.7950335,0.008631094,-0.4260521,-0.3054175,0.51683885,-0.41926482,-0.80330265,0.2588043,-0.59711725,-1.5279559,0.049786273,1.250361,-0.12818718,-0.5335694,-0.34380278,-0.20517986,-0.26000094,-0.6404035,0.93297464,0.083300374,-1.4001794,0.53592664,0.1117508,-1.329907,-0.55653596,0.15369049,-0.60165465,-0.8063292,1.1858085,-1.2220417,0.06462694,-1.477597,-1.1963711,-0.0060751433,-0.39484993,-0.80554885,-0.49951208,0.7168858,0.98398,0.28878352,1.1192634,0.5087947,0.68917304,0.54770964,-1.24741,-0.58465385,0.13764876,0.603785,0.070722446,-0.038703945,-0.41060627,-0.39528698,0.45354053,-0.5885627,-0.56729907,-1.3582866,-0.56011534,-0.9220157,0.39484057,0.5000813,1.7730709,-0.9080456,1.6114703,0.009499683,-0.58701384,-0.8491789,0.9214632,1.2301447,0.8149254,-0.18005942,0.03686218,0.4945835,0.8175411,-0.8471245,0.43134978,-0.82581925,1.055444,-0.02044937,-0.010483733,-1.4829592,-0.538313,-0.3380236,0.6790985,-0.014243579,0.25213057,0.0026683463,-0.29983133,0.07673206,-0.7782582,-0.00013948744,-0.8255547,-0.13202721,-0.4184785,0.0974446,0.72151697,0.34355512,-0.5519426,-0.5650803,0.35649502,0.54283226,0.48639512,0.28640956,-0.77521604,0.00037055273,-0.43663007,0.3072148,-0.6264652,1.4457564,0.4969663,0.46466038,-0.39111263,0.0769488,0.733194,-0.6503498,0.7382899,-0.16347872,-0.7199966,-0.6375161,-1.0028389,-0.11684327,-0.36742628,-0.89685136,0.003937828,0.11581255,0.7283738,-0.76029474,-0.47580692,0.47111437,-0.25844413,1.2259082,-0.063768044,0.17534265,0.90488213,-0.50831777,-0.9412759,0.83132756,-1.1718946,-0.039622426,0.58188236,-0.023768447,0.73129755
-0.86369056,-0.76215476,-0.3085889,-0.73382103,0.35586095,-0.3064416,0.24686675,1.0734515,-0.074069224,0.33030212,-0.12152806,-0.6013973,0.99557024,0.16875263,0.17141218,-0.4098956,-0.017582845,-0.53271717,0.5495539,0.78459966,0.2573073,1.2287235,0.24349765,0.40155092,-0.44138417,-0.040630598,-0.009626996,-0.12067498,1.2640442,1.1728309,1.2749765,-0.16955322,-0.0486038,-0.69923186,-0.13574408,-0.36882332,-0.257274,-0.8700488,-0.95104414,0.19183484,0.7704691,-1.3514212,1.1785394,0.5225897,0.10449495,0.53855854,-0.4630309,-0.7040509,-0.25756797,0.13275741,0.5946776,0.9056877,0.5654984,-0.9259621,-0.6462418,1.4923283,0.6295687,-0.4606859,0.39469615,-0.1421105,-0.08640991,-0.2052893,1.3772018,0.54569906,-0.8802447,-0.30476096,-0.4128023,-1.4756944,-0.17617713,-0.38791096,0.15468808,0.9547116,-0.29536322,-0.28688836,-0.01441789,-0.6021237,-0.15249828,-1.614445,-0.2895534,0.8471421,1.3281062,1.0634171,-0.31021896,0.16301443,-0.03501204,-1.1649138,-0.17581433,0.16096058,-0.5311398,1.2806766,0.42878205,-0.99861777,-0.034984402,0.5692101,-1.3271627,0.014294455,-0.507189,0.08081759,-0.7251478,0.24320056,0.9944665,-0.76296407,-0.8457823,-0.15460171,0.24219283,-0.10196989,0.08125458,-0.7065661,-0.1927545,-0.60526836,0.40063003,0.17690182,-0.29642752,-0.6409933,0.037508458,0.51600426,-0.48511955,0.012628856,0.07550608,0.4444923,-0.9674676,-0.0840837,0.5685686,-0.30874825,-0.48567858,0.082078904,-0.027112136,-0.45172828,0.4456948,-0.6968995,-1.2656865,-0.41088068,-0.5952447,0.33466595,0.41761026,-0.66608405,-0.67546463,-0.9631814,0.59144115,-0.2264259,0.22685532,0.2585769,-0.2705811,-0.06090369,0.11542961,0.733944,0.46213552,1.5754678,0.6993122,0.3287573,1.8405977,-0.6850722,0.27219373,-0.74588907,-0.066791736,-0.34622163,-0.79431623,0.5922881,-0.1945442,0.7176711,-0.07966968,0.41773963,0.30779612,-0.5842503,-0.77799165,1.2863097,-0.5489204,0.49544066,1.4312967,0.4593981,0.34747988,-1.0521433,0.12682432,-1.334232,-0.22876638,-0.6327064,-0.016691886,-0.1535048,0.39364722,0.1469358,-0.055562448,-0.79249054,-0.20010445,0.4260473,-0.42318842,-0.7590937,-0.17346042,0.60324806,0.30437574,-0.261775,-0.108289726,-1.1363761,1.7506405,-0.2753742,-0.24823831,-0.5017104,0.795532,-0.1715522,-0.23437437,-0.3207887,-0.21216665,0.12064157,-0.2817016,0.35884947,-0.62417233,-0.27195594,0.83536893,1.4295039,0.14516357,0.28602958,0.6602343,-0.19745567,-0.34485355,1.0816689,0.49210647,-1.3351096,0.8955955,0.7965766,-1.2388352,0.6580514,-0.33397457,-0.0641764,0.3163299,0.7865563,0.07681135,-0.063306466,-0.544275,-2.0350597,0.36199844,1.2313699,0.9017091,-0.037777696,-0.6769289,-0.7387664,-0.8710585,-0.5184951,-0.7749249,-0.1895475,0.8632008,0.13011031,-0.25820434,-0.9366834,-0.32343546,0.2928129,1.6840581,0.8370982,-0.024507485,1.2446603,-2.0565407,0.4104786,-0.11998825,1.982339,-0.4474807,0.42932633,0.59521335,0.9072093,-0.18212214,1.0934737,-0.96738696,0.65163946
0.19049586,-0.013388459,0.31216472,0.051066685,0.023031196,-0.35771722,0.59644055,0.4413145,-0.56334144,-0.5623687,0.4751235,1.0316985,-0.04577891,0.4179102,-1.0905198,-0.40014645,0.17550632,-0.18202323,-0.4429276,0.40710825,-0.4330768,0.19155683,0.91189533,0.15837488,0.43737414,0.7081985,-0.36893404,0.57255155,1.4086909,0.07509186,-0.6066805,-0.5327192,-0.79834545,-0.92598593,0.9610635,0.6819038,1.0389996,1.3263805,-0.8462994,0.94714296,0.6515673,0.6806337,0.043295003,0.08289244,-0.17355579,-0.4198733,0.058376286,0.30517066,-1.0181859,-0.13339837,0.64956915,-0.24105309,-0.69425243,0.56717825,-0.2932117,-0.03198257,0.25817284,-0.114749655,0.5764138,0.021968333,1.4090179,0.35674334,-0.91552454,-0.07771573,-0.44253024,-0.9981398,-0.03933843,0.8700427,-0.35916385,-0.8185843,0.4957728,-0.13309868,-0.5962424,-0.7312166,1.1444595,0.28982052,0.125224,-0.5351683,0.13869521,0.8869081,0.7915522,0.9579393,-0.016866673,-0.19536501,-0.20465504,1.2299554,0.7537442,-0.58738893,-1.0738713,0.053038884,0.37090945,0.30039644,-0.6120767,-0.38301203,-0.58158064,0.23188423,0.52707744,0.102696784,-0.5279143,0.7294323,0.06354175,-0.17256193,0.093445145,-0.29689878,1.4207165,-1.1415874,-0.24754427,0.054088745,-0.64796793,-0.6396533,-0.34755778,0.004648911,-0.23767823,-0.68443596,0.9755946,0.6046355,-0.09788806,-0.97037345,0.6112224,-0.60914946,-0.9155742,0.27061352,-0.006729548,1.1535405,-0.7345398,-0.25757593,1.2011504,-1.2696239,0.4768113,0.2379768,-1.2406485,0.77527446,-0.6958696,-0.5698701,0.2445515,-0.74562824,0.27900356,-0.30625147,-0.98497933,0.14753401,-0.15446751,0.020019336,0.03314561,0.1259277,1.0322562,-0.0907641,0.09360678,-0.16159236,-0.27851745,1.8685237,0.62299263,0.009092913,0.22743367,0.26357916,-0.47701427,0.6177528,0.44371295,0.010142887,0.13439542,-1.2837325,-0.70826715,0.25430748,0.34754357,-0.5786983,-0.7370952,0.4904294,-1.2753717,-0.89985704,-0.38950306,-0.56556654,0.8243193,-0.20938477,0.070400566,-0.056968283,0.54475343,-1.4697396,-0.4809919,-0.07284911,-0.29804274,-0.15621682,0.6078943,-0.26482552,0.9090977,-0.60622257,-0.24532907,1.0347947,-0.3127458,0.41539732,0.48888895,-1.0817807,0.288759,0.43541378,1.5622354,-1.1274253,-0.41023,-1.0632329,-0.11793737,0.60546595,-0.5202017,-1.3152194,-0.13447084,0.47668415,-0.272794,-0.4959684,-0.024076594,-0.31750837,0.6267868,0.24636465,-1.1447576,0.27669677,0.3936477,0.16015437,0.05124392,-0.7184382,-0.7083775,0.51939356,1.1120514,-0.86469173,0.31832913,0.51794183,-0.8344081,-0.7738544,0.7662315,0.27224004,-0.84492517,-0.40196824,0.6897196,-0.6282035,0.12319015,0.19897485,0.010060646,0.0071241655,-0.074005924,0.09088643,-0.026353886,0.8544048,0.38748953,0.15429457,0.15005147,0.08585883,-0.016346091,-0.3694985,1.0297275,0.196826,0.74396473,-0.0069800317,0.20546924,-0.59271216,0.050130073,-0.85686135,0.06157967,0.0064434647,-1.2534378,2.0799885,1.7681998,0.06412995,0.41822556,-0.18007557,0.3345414,0.36890194
-0.46922898,-1.6011237,0.028074527,-0.1963241,-0.1865949,-0.18427612,-0.027314883,-0.6403157,-1.3439677,1.0366117,-0.1978003,0.41577387,-0.550026,0.5288337,0.3705527,-0.31238565,0.48968807,-0.09621735,-0.632715,-0.29190728,0.5306561,-1.1342169,0.11883447,0.34285125,0.26944906,0.13234444,0.4620445,-1.4198529,0.17407437,0.14679311,-0.086633176,0.75308216,0.12790929,-0.12316482,-0.82709706,0.021986721,1.2948188,-0.9538714,-0.64877903,-0.28958532,1.1480526,0.0112169,-1.2205629,-0.22194701,0.19692174,0.6592107,-0.7469007,-0.8082367,-0.22180304,0.6903588,-0.7277842,0.10005361,0.8196219,0.6120596,0.93245053,0.42036343,0.6841425,0.6512257,0.136108,-1.4003685,-0.6150337,0.768731,-0.0078641195,0.6004605,0.26473573,-0.5924269,0.7472653,-0.20814484,-0.72676444,0.5647293,0.12021431,-0.3749382,-0.6013557,0.69100606,-0.117220804,0.029894214,0.14537685,-0.35242453,0.41039142,-0.5890349,-0.072500646,1.0481799,-0.97012323,-0.58860767,-1.5191555,0.44434622,-0.72416276,-0.25134963,-0.15518303,-0.6042248,0.13804759,0.9711803,-0.27855504,0.31548202,0.569796,-1.2026277,-0.6218985,-0.34635496,-0.9457852,-0.4461232,-0.46265486,-0.3902201,0.011788269,-0.20595449,0.2976193,0.19200738,0.6697965,-0.41391474,-0.19050473,-0.38633627,-0.817618,0.21249814,-0.08401653,-0.588284,-0.5307436,-0.7158015,-0.04870195,-0.289142,1.4405118,-0.43998668,-0.3120507,-1.1507872,0.4865732,0.02685099,0.77821887,-1.1423897,-0.90743005,0.45704004,0.09960187,1.5716189,0.33106562,1.1446471,0.29065216,0.0414438,-0.32236287,0.42297375,0.44745716,-0.80365956,0.5520227,-0.7892512,0.4317031,-0.19118337,0.29012316,0.4990753,-0.7040612,0.63852906,-1.3463684,-1.3749158,-1.264628,1.5532745,0.8751773,1.2952272,-1.3497844,-0.2539212,-0.5783663,0.39282593,0.6706221,0.7605824,-0.84045446,1.4467,1.5222858,-0.0850285,0.65705436,-2.0015545,-0.20635933,0.064562455,-0.46762082,0.36645937,-0.027333861,-1.2952543,-0.9864499,-0.0019391548,-0.43284002,0.78454256,-0.26521385,-0.72899777,-0.7214218,1.0214636,-0.045470607,-0.06470418,-0.051747225,0.5489251,0.5337673,0.9920336,0.03490548,-0.27097422,-0.06688066,-0.18888338,-0.029957993,-0.16030368,1.7859523,0.7914789,-0.0819936,0.5850904,-1.57107,-0.25145558,0.52018446,-0.2265113,0.28992492,0.10997616,0.16569597,0.31129667,-0.05394098,0.7806358,-0.3030313,0.11647335,0.1383659,0.36955854,-0.64552104,-0.66144156,0.05377131,0.7559842,0.77810967,0.65194625,1.3811139,0.33585975,-0.117431365,-0.2720367,-0.5370346,0.08801975,-0.44095004,-0.93152946,0.09397018,-0.27808997,-0.34669483,0.28475252,-0.2160944,-0.06364674,0.18854617,0.42782637,1.2747717,-0.08140939,0.6378103,0.56829673,1.0214533,0.34497586,-0.43972325,0.9513698,-0.16082928,-0.10409086,-1.0216709,0.31466192,0.22747202,0.9888455,-0.84131134,-0.4338734,0.9003576,0.0008851565,-0.92287743,-1.2978476,0.9849017,0.30431053,1.4494228,0.11557857,-0.012788059,-0.676778,-0.51126426,0.76693934,0.008278585,0.08208161
-1.1806413,-0.8719264,-1.001597,-1.1439437,0.39399678,1.0079973,0.023679854,-0.43093944,0.055900734,-0.12470421,-0.6832749,-0.75487727,0.53002363,-0.3965161,0.055080723,0.13520639,-0.9686713,-0.8346771,-0.09341597,-0.24461307,-0.11911848,-0.5780647,-0.27890453,-0.46722814,0.51782626,-0.015688082,0.08016215,0.65897644,-1.1843683,-0.6971464,0.22497204,0.064688325,0.2881695,-0.6540404,0.23778401,-0.4024811,-0.9590777,-0.9714333,0.43897098,0.16883247,1.415376,0.37208962,-0.6196763,-0.23419318,-0.7146938,-1.5336361,-0.6723363,0.35904312,0.20197771,0.27713677,-0.83001554,0.2816626,0.23224464,0.7335103,0.75928813,-0.29784575,-0.664735,0.44260892,0.6191463,0.19080108,-0.75429636,-1.1685355,-0.04472952,0.0722958,-0.2301561,-0.3585347,-0.3347383,-0.3588355,0.21192248,0.30592418,-0.046054833,-0.2276347,-0.9803373,-0.05882234,-0.2951826,-0.1932961,0.9948161,0.11500001,-0.2320133,1.307176,-0.21389362,-0.3247843,0.16896491,0.26293913,-0.26103896,-0.49356118,0.051222097,-0.6583111,0.4960033,-0.2848945,-1.0145152,-1.2694321,0.059300154,-0.5378029,0.62909746,-0.0031087052,-0.6761774,-0.23694171,-0.6012695,0.20837252,-0.0021953597,0.032318022,0.5313761,0.01271218,0.75563186,-0.8883466,-0.19390133,0.65555686,-0.61188614,0.32811385,-0.04419882,-0.2830646,-0.1749567,0.30880675,-0.89364874,-0.10958021,-0.4350382,0.07366134,0.4334199,0.16649139,0.02656245,-0.29365695,-0.9397768,-0.1499815,-0.6919512,0.5586249,0.35117382,0.23824827,0.8413394,-0.42408404,1.4264824,-0.97339725,-0.60935885,-0.11969011,0.15476102,-0.7454991,-0.32613477,-0.9760285,-0.051350385,0.22195594,0.9763145,-1.1415535,-0.25640252,-0.2709408,-0.41133216,0.7315021,-0.17429975,-0.7295816,0.18939444,-0.4174314,-1.0573676,0.22419679,-1.3720261,0.013559207,-0.26406452,0.2802117,0.13894218,-0.6893779,0.49652973,1.1971097,1.0264448,0.43320274,-0.18548971,-0.44313112,-1.0408655,-0.59673554,1.4619131,-0.076474324,-0.57155365,0.36123648,-0.0991559,-0.73123634,0.096534595,-0.40992102,1.244787,-1.6709002,-1.3029612,0.6779536,1.0499197,1.8236929,1.386669,-0.9210787,-0.5900528,-0.7664478,-1.0908217,0.013271813,0.14854677,-0.16598941,-0.011154655,0.3758283,-0.18665248,1.3667763,-1.0445172,0.7577188,0.5773557,0.9709229,-0.039824665,0.3273144,-1.4171903,-0.3799081,0.0023956131,-0.036903385,-0.05213789,0.104562916,-0.80174524,-0.589818,-0.043971334,0.7701221,-0.53810835,0.76815945,-0.022116534,-0.11456341,-0.20553707,0.6639203,0.30298096,0.40324467,-0.16570468,0.1929221,0.33042017,1.0009164,-0.9724666,-0.40451854,0.44107056,0.21513607,-0.22965069,-0.3951549,0.9709487,0.48500916,-0.5754405,0.51071286,-0.07122037,-1.3713571,2.215475,-0.13271168,0.54380876,0.8151699,0.39179766,1.0276408,-0.37305117,0.7104327,-0.50776714,-0.35856625,-0.8689668,0.5686416,-1.0117472,-0.92200863,0.571009,0.82240057,0.7088016,0.37692106,0.74544245,-0.20805785,0.9606589,1.0303358,0.26580954,0.16485584,-0.6361791,0.5655668,0.42215323,-0.08903553
0.31643534,-0.79762226,-0.12342606,-0.37873784,-0.24550349,-0.8392192,-1.1070207,0.9808309,0.6603579,-0.53516954,0.4099959,0.5551816,-0.5472219,-0.12619631,0.51342213,0.09763094,0.101969145,0.4429861,0.19403207,-0.76840055,-0.20595373,0.07950219,0.042717397,-0.3493503,0.84548193,-0.6139525,0.34120703,-0.5528202,1.0093623,0.93284047,1.1732383,0.8631854,1.2773728,-0.10896267,-0.11139986,0.73713034,-0.19705626,0.19278148,-0.18932423,0.6890041,-0.78914094,-0.8185271,0.03315386,-0.340975,0.12798557,0.3651216,-0.674531,0.057416588,-0.20898814,-1.0351396,0.42120048,0.7692805,-0.09629454,-0.19865358,-0.3691379,0.51733863,-0.15442587,-0.4187968,-0.14729123,-0.5501847,-0.5377663,0.41461456,1.9017936,0.9154404,0.03714978,0.82013446,-0.49299085,-0.056351613,-0.36387232,0.2651112,-0.58753026,0.5059735,-0.5675505,0.7114288,-0.637149,0.76955533,0.3364526,-0.3964761,0.18034077,-0.51975054,0.12117508,0.5740817,0.10341003,-0.49743438,-0.9385539,0.5227292,0.24929756,-0.02006292,0.5132656,-0.087909415,-0.48292604,0.094916075,1.5845275,0.9697225,-0.037541583,-0.41565952,-0.25557256,-0.17404824,-0.35525787,0.72660136,-0.6938519,0.12673508,1.0038027,0.05575874,0.6979015,-0.85569555,-1.1015298,0.68619114,-0.12624766,-0.12771784,0.35863,0.09582439,0.9456526,0.13023053,-0.3502685,0.4632653,1.0078386,-0.31737292,0.44428024,-0.071519695,-0.11951707,-0.1872604,-0.66250145,0.006353196,0.18909538,0.31954885,-1.1770676,-0.49694878,-1.673719,0.01915967,-0.19983281,0.2926032,-0.20961036,0.6297746,0.19190703,-0.9206653,-1.4590986,-0.53327376,-0.4789643,0.63210315,-0.003773356,-0.3611611,1.5521493,-0.2570445,0.6924905,0.20136152,-0.43842512,0.08083333,-0.43648705,-0.27724093,-1.3017241,-0.36156327,0.15505247,-0.4287086,-0.11529825,-0.30192822,-0.4572659,-0.5658112,-1.2288493,-0.47862285,0.49956268,-0.039154895,0.43067542,-0.6098983,0.9227458,-0.45416823,0.69957733,0.17534111,-0.71891105,0.2494285,-0.21574312,-0.56432366,0.5784824,-0.5602523,1.2563797,-1.1668347,-0.57011896,-0.62844163,0.21579513,-0.08721388,-0.56842446,0.3711587,-0.11069468,-0.2699212,-0.046913974,0.49454096,0.4695764,0.65218294,-0.38676113,0.6410436,-0.3097845,-0.657336,-0.38093936,0.33424813,-0.43245554,-0.8570157,-0.8678646,-0.43760607,-0.59535724,0.28440732,0.7086921,-0.86682725,-0.59668005,0.3490814,0.46981546,-0.1529023,-0.15458074,0.6818832,0.98511946,-0.06442621,-0.80478704,-0.15655884,-0.9270272,0.28581357,0.42981973,0.31318885,-0.07312891,-0.42943844,0.023215186,0.24321637,-0.12900287,0.04400324,-0.40328684,-0.20370276,0.13690814,-0.5126646,-0.24504505,-0.08579801,0.46548656,1.5659449,0.6943745,1.5273025,-1.4877694,0.4008756,-0.13679641,0.58979714,0.1323853,0.86303335,0.21058403,1.1822553,-0.2876785,-0.81904656,-1.3582827,-0.044761345,0.06471771,0.42782143,-1.348919,-1.4085658,0.6356626,0.8424152,0.5076975,0.30537042,-1.334863,-0.15619695,0.9802236,-0.04969268,0.37000623,-0.6483118,-1.010593,0.007092886
-1.2226933,0.32799417,-0.7683074,0.20916873,-0.7475792,0.017847814,-0.8791458,0.27731565,-0.16126373,-0.04225922,-0.2047527,0.02074894,0.164401,0.8440552,-0.20531844,0.50523293,-1.5181373,-0.51624024,-0.20483924,-1.1035824,0.08955033,1.0308698,-0.26661462,0.08418923,0.9149901,-0.5267504,0.0033495864,0.5648482,-0.27529126,-0.27749178,-0.9537628,0.10446165,2.02792,0.6422761,0.5653317,0.34491688,0.7097456,-0.9585559,-0.702061,-0.6929491,0.82784724,-0.099431925,-0.06772253,-0.19586867,0.37732223,0.35714817,-0.10554534,-0.4449485,0.12820709,-0.30223507,-0.34481388,0.4540396,-0.12534557,-0.11551925,-1.2804564,-0.46039563,-1.3743392,-0.37016302,0.2458635,-0.73160446,-0.7819616,0.10596209,-0.030618997,-0.7708555,0.40105614,-0.46120915,-0.6255265,-0.24502642,0.12889387,0.3919722,1.6832756,0.74381256,-0.4526307,-0.93403155,-0.874928,-0.30547,-0.08211635,0.791487,0.49173653,-0.5046574,-2.0922284,0.8527776,0.5035134,-0.96450126,-0.2306399,-0.030966984,-0.75753826,0.19752373,-0.030438054,-0.44148713,-0.38203785,-0.65687597,0.72736245,0.18154831,0.14753117,1.8731612,1.3276124,-0.16461025,1.3979362,0.009054305,0.045542832,-0.18256457,0.6157341,-0.19435029,-0.79317284,-0.47208768,-0.61826897,-1.1000092,0.044339485,0.7028329,-0.8686724,-1.0877138,1.1376234,0.37746966,0.36306572,-0.12434406,-0.45676306,-0.70481443,-0.34833646,-0.49865383,-0.24955352,-0.39453498,-0.98993057,-1.2830207,0.48426265,-0.6337552,0.048244398,0.026394712,-0.6608522,0.25551242,0.09040867,0.7006235,0.108498394,-1.063099,0.65010935,0.07012208,0.032587767,1.762663,0.22207932,-0.60209936,-0.5197116,0.67785734,-0.57700986,-0.31629488,-0.6841547,0.24056198,0.021637375,-0.2776219,-0.56396437,1.0550647,0.26756594,-0.1777073,-0.28522795,-0.70257974,-0.29724285,0.89085925,0.2916045,-0.46297336,-1.4888533,-0.49121332,0.028613705,-0.5057051,-0.21557418,-0.64378536,1.0097243,0.115124464,-0.14893354,0.3871612,-0.5372914,0.8800403,-1.1936852,0.15541649,1.0245073,0.4185314,-0.013071989,-0.5316475,0.4013715,0.64879394,-1.059708,-0.63379616,-0.31361297,1.5518069,1.1077267,0.7386792,-0.45117098,-0.62396276,-0.6384694,-0.8437494,1.0695682,-0.3813519,-0.33523163,-0.19316918,1.306354,-0.19788747,-0.17704228,-0.079128645,0.39709774,-0.1346693,-0.3108217,1.3706764,0.342605,0.7048693,-0.19488432,-0.09926453,-0.7935672,-0.8279099,-0.18663932,0.5280154,-0.12655705,0.6097176,-0.28881866,0.31259197,0.19829509,0.34653077,0.26685774,0.06728586,0.32217535,-0.53824943,0.5669223,0.83905065,0.09286042,-0.17889257,0.94673467,-0.0011104036,0.6539234,0.23538354,-0.38427815,1.2250233,0.7914541,0.9087518,-1.540212,0.02632586,0.032766208,1.6576087,-0.8403831,-0.62276596,-0.31373045,0.8570562,0.44596723,1.0129422,0.13583773,-0.19254233,0.7786947,-0.45442072,0.3809792,1.1578267,0.41700986,-0.25270322,-0.15115006,0.74407905,1.8065479,-1.0458065,0.34126216,-0.56756955,-0.6274903,0.14890638,-0.085668996,-0.43335944,-1.5602442,-0.24520668
-0.6755821,-1.3956391,0.02028344,-0.3780939,-1.4856019,-0.480047,0.34387934,0.4242827,0.36865857,0.40829796,-0.061867066,-0.80487174,-0.31494296,0.6081361,2.30271,0.9020647,1.0390769,-0.24912965,-0.53168833,-0.29299667,-0.23980676,0.23978761,0.4801513,0.11617787,-0.13154703,0.17863834,-0.4193518,-0.106497735,-0.737271,0.29313013,0.8934011,0.07885536,-0.09032263,-0.39041215,-0.5016193,-0.34104162,0.14794862,0.7319848,1.3142971,0.10519495,-0.09297346,-0.6916188,-0.03146098,0.6954755,-0.348759,-0.13622262,-1.4321965,-0.98374313,-0.5334497,0.12937912,0.16333947,-1.4836178,-1.0483589,-0.24827349,-0.19903626,0.63277835,-0.70580745,0.82313764,0.1546157,0.072634704,0.20353104,-0.59374416,-0.28706822,-0.24736296,0.6967561,0.3334267,0.7819398,0.44615296,0.024894413,0.3580775,1.1803745,-0.6811633,0.77088183,-0.13268486,0.14349797,-0.32217792,-0.48308337,0.00018610619,-0.47434798,-0.7600695,-0.79089636,0.019939216,0.16848569,-0.053850487,1.0683715,-0.078589395,-0.76188487,0.19198872,0.29868016,-0.02989202,0.09912211,-0.7267432,-0.030605914,-1.0060081,0.4477574,-0.2677849,-1.2597542,-0.006481176,0.16622382,-0.2408252,-0.73357695,0.07676934,-1.0513493,0.2724442,0.19812222,0.8462923,-0.46688905,-0.61798567,0.350018,0.30723053,-0.16468944,0.65329707,-0.4600946,-0.6473306,0.09225568,-0.6752486,-0.7002351,0.12596327,0.09285179,-1.3993173,1.0318134,0.7762172,0.37153265,0.42025462,-0.66680336,0.7729215,-0.7998428,-0.70091075,-0.6951651,-0.7281235,0.9680106,-0.46347764,-0.58952886,-0.3171072,-0.31569615,-1.7556194,0.63325554,-1.070239,1.0694172,0.92989326,0.256529,-0.66834074,0.010380537,-0.14616849,0.39283344,-0.29662782,0.5517768,-1.8843838,-1.080956,-0.43763468,-0.74052376,1.0006818,0.059451655,0.04180885,0.8007304,0.5938466,0.18832871,1.1306788,1.1858146,0.2860039,0.5986439,-0.39242497,-0.7308331,-0.36022854,0.7797296,0.35362667,0.37580058,0.20434707,-0.12127157,1.3093299,0.47559032,-1.7771549,-0.67875415,0.3455938,0.81649363,-0.5003951,0.040240988,-0.8221292,1.415498,1.5230001,1.7634755,0.37873742,0.5171881,-0.56218314,0.3035328,0.001721424,-1.3673593,0.031143934,-0.115791075,-1.2401956,-0.5250986,-0.22539926,-0.42764387,0.91520476,-1.1714672,0.49491248,0.13184345,0.55861,-1.5107756,-1.6152418,0.5717468,0.21041337,-0.7677119,0.7625642,0.8662806,-1.3524414,0.7271165,-0.018454747,-0.7464788,0.18023598,-0.14576522,-0.2843827,0.03758,-0.35010362,0.94004947,1.0400695,-0.29283962,-0.28237435,0.53307515,-0.49638683,0.3298348,0.85401887,0.22966108,-0.17841423,-1.0812347,-0.560148,-0.7155075,-0.23296718,0.080542564,-0.18434763,-0.12187234,0.278133,1.999998,0.55280274,0.6375949,1.1736144,0.28852397,-0.6398627,-0.5618753,-0.29623276,0.32766917,-1.4349725,0.04721642,-0.22741506,0.045754656,0.64345616,-1.1973872,-1.2588202,-0.029558334,-0.0940197,0.5180147,-0.01752946,0.24135646,0.11904684,1.8403144,-0.4021478,0.28929162,0.2620634,0.6764694,-0.43069828
-1.3092744,-0.28431654,-0.4155933,-0.27518782,-1.2316524,-0.92063123,-0.10726649,-0.18472594,-0.24283254,0.11393858,0.4596557,-0.20335135,-0.14987357,0.49784493,-0.32078743,0.34514588,0.2691972,-0.03116554,-1.0723387,0.38171262,0.17246963,-0.72502923,0.19090717,0.051018562,0.175824,0.23910475,-0.36899313,0.57007205,-0.52127266,-0.40331224,-0.25251886,0.8137334,-1.563021,-0.4121738,0.9745665,0.618275,0.8219502,0.76481247,-0.10958226,0.1601321,-0.25770622,1.1207767,-0.3070217,0.65619254,-0.41969365,-0.107126296,0.25958815,0.18606998,-0.8402238,-0.22652672,-0.14725254,-0.8122363,-0.7631637,0.45916542,0.2528231,-0.23169406,0.065139465,0.43577835,1.1684687,-0.9697735,-0.36154106,-1.4781,-0.28738636,0.5734028,0.107145,-0.74097157,-0.56118107,-0.65373504,0.0768878,-0.45131913,0.35853663,-1.0544847,-0.15207748,-0.03263046,1.0137782,-1.0414019,-1.4868938,-0.3136283,0.47053865,0.189129,0.29972973,0.22528648,0.6446633,0.6910826,-0.6712695,0.8153357,0.019293992,0.76686704,0.06532661,-0.25281724,-1.0214026,0.3660403,0.49785686,-0.49261752,-0.6679325,-0.66697043,0.72496647,0.19868816,-0.89409775,0.28709224,-1.0585817,-0.06617092,-0.9577505,0.063212164,0.35065266,-0.12826978,-0.30299187,-0.73947334,-0.4623107,0.3480392,0.12867618,0.21328492,-1.0539355,-0.32815278,-1.6691883,-0.1778393,-0.75756186,-1.2806162,0.013386809,0.82775915,0.378788,-0.4533004,1.0579101,-0.8713006,-1.7825347,1.0041487,0.7540559,0.4431467,0.5323877,-0.74429715,0.010575373,0.7762703,-0.07392491,0.43139496,0.42366317,0.47929117,-0.9071034,0.5096794,0.07878462,0.0013987126,-0.430419,-0.82107556,-0.1452499,0.35740656,-0.12588197,-0.79265445,-0.57559484,-0.6766764,-0.27529067,1.3551679,0.24604657,0.3156868,0.3530124,0.3575502,0.46579662,-0.53131133,-0.6172912,-0.6315724,0.7619993,0.017776717,-0.69656396,-0.11562128,-0.13968065,0.15437166,0.12652406,-0.1049482,-0.07320505,0.044555865,0.5028767,-0.5491148,0.9470985,0.65780985,0.408713,-0.9314864,-0.98709667,-0.9783277,-0.89705426,2.199683,0.79832613,-1.0790179,2.2897,2.4537451,0.8028686,-0.18887097,-1.4294738,0.09250983,0.712416,-0.5070758,0.3648535,-0.10908096,-0.27371088,1.090327,-0.6601903,-1.0763667,0.22341524,-0.8486272,-0.25300375,-0.635646,-0.4885239,0.33377418,0.30293655,-0.8343407,-0.0101198945,-1.3866569,0.303545,-0.890969,0.81912506,-0.016723223,-0.4671035,0.4739117,-0.05410926,-0.31905788,1.0080236,-0.12527947,-0.763881,0.4237141,0.09413292,-0.115239255,0.24622364,0.014164772,-0.050886188,0.1920154,-1.0292625,0.63966185,0.05197856,-0.70254004,1.0411496,0.61912507,0.093994275,-0.15529998,0.30671763,-0.18634251,-0.06437948,-0.24454105,-0.786075,-0.4026916,-1.0029148,0.85582507,0.7040288,0.16600034,0.34003577,0.912932,-0.019559022,0.944519,-0.4667501,-0.44548792,-1.0880094,0.8001407,0.9000988,-0.521877,0.17227086,-0.10823296,0.060778935,0.16864185,-0.06017878,0.519833,-0.9166256,-0.89986694,1.0138762,0.08174292
-0.7927435,1.1159955,-0.76092666,-1.3098013,1.3057762,0.28478995,2.1562724,-0.33189526,1.1234493,-0.3304104,0.39586258,0.068876036,0.78971773,0.014290597,0.63054186,0.15451504,-0.9497167,1.191977,-0.4075942,0.6941603,0.46713728,0.21502738,-0.0013497386,-0.25619486,1.0909467,0.46403518,-0.4995236,-0.24621749,-0.3754892,0.09649533,0.4251596,0.34597245,0.7106663,-0.45789468,-1.2249382,-0.92329,1.411662,1.784275,-0.5399476,-0.4313125,0.32537082,-0.6596014,1.4259186,0.037705183,-0.5771348,-0.014485522,0.13270316,-1.2870773,-0.8717232,-0.07903394,0.63546836,-0.69036376,-1.2770189,0.18298316,0.5114852,1.19797,0.07549015,-0.72439206,0.08474795,-0.26294997,-0.85141194,0.7477794,0.71361655,0.82709545,0.6984586,0.801731,0.9887902,-0.23835084,0.23657912,0.6747942,-0.9486005,0.46594605,0.74517685,-0.18341205,-0.31650358,-0.33575585,-0.6548869,0.3557546,1.175422,-0.44775677,0.11208338,0.1549448,0.42333725,-0.5205256,-0.77654433,-0.028765727,0.82601655,-0.90574175,0.3733711,-0.7076905,-0.28514564,-0.14012341,-0.35826698,-0.21847951,0.27039078,-0.47493514,0.5130857,-0.2172794,0.47376648,1.3720995,-0.19844525,-0.29472348,-0.737658,-0.29353335,-0.8635811,-0.041280422,-0.9293273,0.46843472,-0.53937805,0.0776555,0.09392135,-1.1202898,-0.82626027,-0.44184247,-0.33307517,-1.2588058,-0.65139663,-0.5441667,0.201809,-0.059278198,0.28624174,0.64232343,-1.7662735,-0.052520957,0.692933,-0.6545667,-0.933622,-1.0934767,0.7384389,-0.032234486,-1.0414128,0.16564384,-0.31850356,0.110004336,0.58665943,0.25208592,-1.67673,0.63614804,1.036172,-0.05844349,-0.5619311,-0.3537052,-0.34373707,0.48765555,1.4910672,0.6827187,-0.25649464,-1.1252364,-0.31800288,2.0560124,-2.3066225,-0.7432019,-0.9681308,-0.1308713,0.07006406,0.207972,-0.48873326,-1.0621759,-0.8511037,-1.7487898,0.7534165,-0.44254538,0.95005774,0.62285805,-0.19447894,-0.19818115,0.111573674,0.7508775,0.7233542,1.0213994,0.95733494,0.39944538,-0.86909443,0.35121375,-0.43121162,-0.30502805,-0.2720851,0.026355889,-0.70839125,0.2005707,-0.66113096,-1.2214113,-0.29026052,-0.4698144,-1.6811084,-2.0665998,-1.6044259,0.40980864,0.15275988,-0.09691209,-0.23968664,0.809256,-0.2794214,-0.6388488,0.0446445,-0.84674144,-0.41817236,-0.4943916,-0.7615297,-0.77924234,-0.039384242,0.8293522,0.15075672,0.6296395,-0.23679653,1.194338,-0.5480928,-0.5632371,0.032086384,0.8608705,-1.1548734,-1.1424257,0.48226818,0.990382,-0.3821611,-0.4482812,0.09307202,-0.5625914,0.050670087,-0.9778438,0.7795552,-0.18165839,0.4220343,0.9539785,0.012660917,0.56713414,-0.053571217,0.12827231,0.38816002,1.097296,-0.3922669,-0.62963086,0.21955156,0.32158715,1.6895274,0.06522641,0.7629835,-1.3111079,-0.023439284,1.1161911,-0.49479464,-0.3975585,-0.7923841,-0.20768979,-0.7692944,-0.882927,-1.2684783,-0.37325707,-1.0126472,0.726398,0.1410325,0.61722577,0.14336845,0.55417645,0.37930372,-1.2856218,0.052189667,-0.5738113,-0.425981,0.07558525
-0.8040085,-0.4148576,-0.52901167,0.35983324,0.53177303,0.78254926,1.498346,0.18921606,0.7639716,0.69289184,-0.3764616,0.05286873,-0.21149762,-2.0504436,0.86075217,1.1427723,-0.6616767,-0.005086957,-0.36687973,0.18380605,0.20243286,-0.4858724,0.70192385,1.3560171,-0.38523293,0.43253157,-0.12674092,-0.5085478,0.23028082,0.035650585,0.3523638,-0.04878743,1.2156326,0.7328767,-0.31200746,0.54243135,0.17390023,0.055747747,-0.4237138,0.13345368,-1.899077,0.181739,0.46588385,-0.19346164,-0.0025730242,0.68806326,0.632662,1.0532981,-0.22793928,-0.58536166,-0.2220997,-0.92714816,-1.233701,0.84926647,-0.74780566,1.7593602,1.3289261,2.1443975,1.5483004,-0.5367058,0.58564144,-0.59751874,0.121532895,-0.3059066,-0.8806074,-0.953905,-1.0331473,0.35356247,-0.8729168,-0.7134992,-0.0741355,0.545022,-0.08719342,-1.4442856,-0.83096397,-0.3879743,0.9765854,-0.42105064,-0.052013006,-0.47462168,-0.80702966,-0.4302878,-0.8414048,-0.414803,-0.7285036,0.013806761,-0.2627303,0.02238377,0.50278753,0.7431028,-0.28533486,-0.61693484,-0.19806731,-0.07367661,-0.7208717,0.25195175,0.7273121,-0.07608862,-1.0111173,-0.107955374,-0.2953704,0.38697925,0.19407177,-0.060594417,-0.10878023,-0.041859668,0.50282663,-0.15030555,-0.68889636,-0.9482058,0.90826374,-0.23611806,-0.7055328,-0.1619459,-0.9015254,-0.08618334,0.13921864,-0.8106234,-0.92043495,-0.6076138,0.9733322,-0.27583447,0.85376954,0.35174355,-0.44911435,0.65965843,-0.76300544,-0.06232586,-0.3953364,0.71995246,0.3345611,-0.9859871,0.7802427,-0.9131841,0.8732996,-0.06598463,-2.829037,1.2172657,-0.011245874,-0.21714428,-0.34643245,-0.55927956,-0.7580499,-0.23595537,0.1476506,1.6321734,1.2639889,0.6917739,0.290832,1.0457722,0.62696135,0.011136882,-0.28018084,-0.8836905,-0.862121,0.99978393,-0.6270025,-0.3379834,-0.4798153,-0.11509429,1.7988485,0.4613808,1.229558,-0.79360735,-0.88783294,0.3859703,-0.17616491,-0.6204463,0.431077,0.2061568,0.22800556,-0.30989417,-0.9385944,0.641345,0.3137075,0.06939967,0.41585776,0.57586265,-1.1713842,0.15320903,1.3603588,0.59430355,0.10811209,-0.87024635,-0.8058487,0.0943325,0.83647084,-0.61311245,-0.6078614,1.1192831,0.31390303,1.9680663,-0.6986351,0.07186229,0.76052094,0.5992053,0.5890148,0.5728994,-0.7080891,0.3401648,0.41308472,0.7997688,-0.0014928424,-0.14601697,-0.37662444,-0.15634073,0.39894742,-0.0061417343,-0.21040149,0.4896986,0.13934389,-0.48554316,0.016656827,-0.2086156,1.2989154,-0.034916326,-0.89009374,-0.31602222,0.35195467,-0.34873882,-0.10694115,-0.17387988,1.5586739,-1.3422631,-0.09561256,0.8525973,-0.40903878,-0.3932837,-0.013806549,-1.279736,-1.2528745,-0.81057173,2.134625,0.4071283,1.9329016,-0.6466958,-0.19780876,0.6907834,-0.9482521,-0.5803977,-0.9197017,0.7404251,-1.0879267,-0.12437997,0.1142133,-1.5636826,-0.04414215,0.07795431,-0.6842322,-0.6066301,0.7847204,0.9371222,-0.6538031,-0.33244717,0.27956066,0.223683,0.13883258,-0.37376902,-0.7264123,-0.019900022
-1.4007565,-1.4378653,-0.85999787,-0.104520395,0.7018628,0.26908085,0.6004231,1.2497264,-0.41418558,-0.83627623,0.17756519,-0.9413847,0.006741805,-0.4230759,0.41710111,0.8864152,-0.5611763,-0.1769328,-0.18196255,0.29670584,-0.33321393,-0.69454414,0.72103536,-0.27326718,-1.4954945,0.47386852,0.6824334,-0.719986,-2.3551524,0.84921205,-1.2814436,0.4546316,-0.119555555,-0.0028755795,-0.011280488,0.025364231,0.5245226,1.978542,-0.19842397,-1.3488874,0.3713769,-0.562784,0.48686033,-0.90024936,-0.8531645,0.21546361,0.679651,0.28374833,-0.1970131,0.6917862,0.022882799,-1.5936869,0.76415443,-0.36934435,0.7408546,0.12884137,0.39147085,1.4179019,0.35198644,0.265184,-0.48411727,0.18855874,-0.68741393,-1.0780369,-0.4437984,0.41928607,-0.0680526,0.24430177,-0.015310044,0.48100263,-0.9115429,-0.5876198,0.68485314,0.39295813,-0.38488436,-0.9426106,-1.1811483,-0.6117441,-1.2780002,-0.1414909,0.010174563,0.76853776,-0.9311237,1.2658718,0.9602411,-0.95347446,-0.3861799,-0.36235398,0.26059347,1.1761923,-1.3474022,-0.79738784,-0.728224,-0.66026235,1.3079299,1.6327266,0.6950577,0.7992792,0.69098526,0.45977506,-0.2792265,-0.5438023,-1.5043914,-0.73635733,0.4144769,-0.79459983,0.18474226,0.9480009,1.1241162,-0.24657983,-0.55425453,0.48081946,-1.0667865,-0.10407234,-0.8653128,-0.15048084,-0.5489653,-0.502053,0.84865904,0.0016452149,0.112090036,0.8365629,0.07577156,-1.1151954,1.2329515,-0.18000872,0.96858805,0.99392223,0.4184023,-0.7625941,0.58853835,1.3573488,-1.0058277,-0.29826605,0.037465733,-0.42939624,-1.5784657,-1.1612089,-0.66261214,-0.032836467,-0.13696386,-0.6952648,-0.5946771,0.90922797,0.81832427,0.4275863,0.08082589,-0.8870875,-0.6103661,0.6573143,-0.035432387,0.37654522,-1.0163116,-0.35281944,0.24670374,-0.13013951,-0.28874466,1.3620065,-0.30398434,-0.756172,0.3851349,-0.56070226,0.7145563,-0.63415784,-1.2542087,0.2562845,0.070292816,-0.36026204,0.058312055,0.27010742,0.12695904,0.04526499,-0.90112853,0.42433715,-0.53636223,-0.46109486,-0.2172888,0.67219573,1.2973007,-0.5982576,1.6534251,-0.26994184,-0.6751395,0.41735756,0.8003237,0.5806692,-0.38760048,-0.4086803,-0.5256717,-0.54186887,-0.7832301,0.8883089,1.8836217,-0.4153411,-0.050930128,0.11208402,0.2548482,-1.1851621,-0.28288087,-0.23376767,0.92367804,0.1492295,0.10676402,0.124624506,0.5640757,0.41264752,1.4197733,0.50333923,0.11467738,-0.29962233,-0.5571545,-1.0812389,-0.93509567,-1.0463657,0.2828026,-0.08741444,-0.74990463,-0.3960019,1.0047976,0.20177229,0.6593365,-0.04966034,0.7547237,0.16306427,0.13010184,0.5854231,-0.9404211,-0.30957824,0.6423073,0.5904226,-1.3129933,0.45403534,0.23887077,-0.019169474,0.5021642,0.41384926,-0.9242976,-0.559675,-0.589112,0.43128845,0.23668163,-0.76003045,-0.63603747,1.0738174,-1.1845024,1.0097411,1.137124,0.36047512,0.33583623,-0.4060148,-0.6731347,-0.62500495,-1.0860595,-0.26449582,1.0454162,0.32285732,0.7304689,0.41934484,0.40096512,-0.8064292
0.10701518,-1.9941248,-1.1016732,-0.9170323,0.5219981,1.3824328,0.671356,-0.3100903,-0.41565847,0.013685097,0.09078756,-0.08197826,-0.10021688,0.6709359,0.53491503,1.4530957,-0.11705169,0.5949897,-0.34322008,-0.19231157,0.25565413,0.5266455,0.26537457,1.0531515,0.70875484,0.30589268,0.83921546,-0.7931929,-1.0368596,0.12724794,0.81498563,0.03583716,1.4406625,1.1512852,1.4116675,0.29137078,-1.7854761,-0.25908786,0.3628868,0.3687911,1.123181,-0.32845137,-0.69211286,-0.5797496,-0.2532419,0.40590736,0.13881673,-0.36438113,-0.18702567,-0.26354578,-0.25398916,0.22194053,-0.26699886,0.9421362,0.053959806,1.3279034,0.1894263,1.6225353,1.7851788,1.1228616,0.143438,-0.3510014,0.35481054,-0.22553416,-0.38083276,-1.3523026,-1.1268926,-0.62621725,-0.4425236,0.5738021,0.05258962,0.22284518,-0.08261672,1.87583,0.9650469,0.16643706,-0.383757,0.48614937,0.579423,0.7956116,-0.39280874,-0.2892577,-0.18485224,-0.5600447,0.93156147,-1.1832927,-0.29408798,-0.058327593,-0.47956607,0.5815629,-0.8722835,-1.8050532,-1.2113187,-1.6606524,-0.63606495,0.01996904,-0.43113527,-1.4840244,-0.5835508,0.8993065,-0.5941035,0.510664,0.5777002,-0.71455723,-0.15796842,0.28595942,-0.12610787,0.06360431,-0.31698287,0.35168016,-0.74298286,0.43464684,0.300097,-0.2411038,-0.38098076,-0.43106726,-0.10135923,-0.8653863,-0.559117,0.51038474,-0.5167453,0.6015066,0.41467145,-0.058682844,-0.8496811,-0.40342236,-1.3198471,-0.73159933,0.14235,0.3237557,-0.0027495606,1.7381552,0.03101969,1.5174422,1.2206382,-1.0685164,-1.0102313,-1.0623689,-0.06812332,0.7575115,0.41283703,1.2892019,-0.1356584,-0.6061924,0.34806684,0.90977126,-0.15142106,0.07449708,0.46847153,0.22598794,-0.90257174,1.2627175,-1.1183181,0.22065648,0.18161233,0.85207486,0.11959489,-0.08658156,0.17517844,0.5968169,-0.14873007,-0.07363702,-0.20251939,0.15079087,-0.21689463,-0.89591676,0.47637168,-0.02005377,-0.84038943,-0.3051735,-0.007705644,-0.86622185,0.6327877,0.5714498,-0.6874963,0.92408735,-0.7688694,-0.01575055,0.013266092,0.72422045,0.7844622,-0.49190524,0.17352778,-0.07703421,-0.39661264,0.15970682,-1.259765,-0.10575095,0.16709463,0.0054299706,0.056870542,1.0034313,0.28913018,-0.20615366,-0.09602637,0.2951737,0.14003134,-0.5601417,0.19540101,0.34715834,0.68725914,-1.1899492,0.016500017,0.3928974,-0.25545523,0.032149136,0.12538393,0.011721659,-0.6704138,-1.3603214,0.1523154,0.09126139,0.86648536,0.63194174,0.848856,0.73136383,-0.50039876,0.054335788,-0.24212623,0.21527223,0.346191,0.19329844,0.6142282,0.15298094,0.009691893,0.5546493,0.06544107,0.2228915,-0.49938276,-0.01546502,-0.098230086,-0.7597646,1.623386,-0.07843238,0.23454829,0.03071455,0.7320015,-0.3512219,0.21080086,0.30911627,0.6599628,1.2176641,-0.508905,1.5793716,0.3430834,0.31689668,-0.9954068,0.6978491,-0.56724775,-0.6244882,0.13795336,-1.4670786,-0.23628944,0.21561652,0.22470178,-0.57229716,-0.8284859,-0.26799884,0.14601825,-0.3487235
-0.26759386,0.66109455,-0.3038635,-0.4022551,0.57496434,0.76249313,0.8627707,1.3615791,-0.25139037,-0.54203254,0.60576516,-0.7504326,-0.044417206,-0.5421233,0.9360958,-1.3934283,0.08736661,0.29930454,-0.65196425,-0.34648418,0.9855008,0.18008588,-0.4427638,0.408499,-0.37267324,-0.6415265,0.30488735,0.14905809,-0.326045,-0.23092726,0.12898853,0.4553859,0.01617416,-0.20272651,1.8025323,0.9366848,-0.8161022,-0.061321393,0.61530715,-0.5879787,-0.4473835,-0.06733046,-0.11123993,0.5963822,0.50981367,-0.5756344,0.27459633,0.2752023,0.38791776,-0.7823879,0.027124066,-0.48790824,-0.41400144,-0.2856446,-0.561886,-0.8476619,-0.5464529,1.3891128,0.5851103,-0.7608598,1.4502426,-1.124114,-0.30580735,-0.88759315,-1.8739471,0.6529789,-0.23859625,-0.42145556,0.14857972,-0.13163778,-0.93828446,-0.24794085,-0.22161934,-0.44861427,-0.049068373,0.5853841,-0.6016196,0.061776645,-0.43542248,0.36895525,0.5600576,-1.1359048,-0.8055403,0.14202163,-0.174009,-0.13399303,0.47177833,0.33559155,0.0066278907,0.245173,0.25481427,-0.24336053,-0.45596448,-0.4787862,0.07176048,-0.3553056,-0.27597377,-0.7784693,0.03244172,-0.77270305,-0.20936981,-0.68269324,0.17386238,-0.57884586,-1.3414558,0.105655655,0.08935836,-0.54713476,-0.8330559,0.280263,1.6982046,0.1547042,0.04217269,-0.8108944,-0.5517106,-0.70744634,0.76429904,-1.1029284,-0.935342,-0.89748114,0.40158057,0.2209801,-0.32387778,-0.68135,0.409772,-1.0918294,-0.16756852,-0.13293087,-0.19349946,0.51957256,-0.20027141,-0.26159784,-0.5849411,0.1987442,-0.5003368,0.21561167,0.66364706,0.16943376,0.11439793,-0.2600195,0.17303857,0.2925179,0.17937775,0.571779,-0.2957043,-1.3510158,-0.24546476,0.18133238,0.052342307,0.057161536,0.2827258,0.3388223,0.42564863,0.5670292,-0.102050886,0.9630764,0.16148067,0.08074354,1.2486732,-0.034880236,0.61682457,-0.67284966,-0.4002417,-0.60094017,-0.32186654,-0.37302285,0.34212375,0.5727251,-0.3729032,0.20932738,0.51483154,-0.23466063,-1.004974,-0.24911237,1.7967832,-0.122318275,0.12651677,-0.29480523,0.058204286,0.047752127,2.119768,1.2040768,-0.64465046,0.35946417,-1.4356784,-0.2937767,-0.4509522,-0.102488495,-0.19225135,-0.41376585,-1.4930613,0.8836652,1.1878935,0.16671084,-1.4057258,0.013944162,-0.1593873,-0.24628966,0.22871524,0.27392548,-1.1526669,-0.19080646,0.40070164,-0.30134752,0.1962032,-1.2662028,1.0920937,0.67514604,-0.17575839,-0.020958066,0.25773308,0.45919868,-0.9853894,0.2785993,0.7827536,0.13010323,0.19375172,-1.0342711,-1.9586664,0.47514978,-1.3376514,-0.9676008,-0.51160777,-0.6626424,-1.4905233,0.46682104,0.7108638,0.798963,-0.8372337,0.5571734,-0.15442714,-0.94799197,-0.01185678,-0.5257968,0.33814105,0.1489985,0.19001514,-0.1204095,0.36932123,0.020244747,0.88281626,0.8538615,0.20148276,-0.6965269,-1.4497288,-0.029322252,0.016405446,-1.4862387,-0.18569003,-1.0469198,0.94066644,-0.93603396,0.24029402,0.8811372,-0.5866178,-0.07315507,-0.5595283,-0.060872305,0.3262875,-0.4769433
-0.41620827,-0.46615478,-0.42354587,-0.34049395,-0.6608526,-0.70015585,0.55510867,-0.31434873,-0.4350083,-1.1191868,-0.21935986,-1.0265785,-0.13760985,0.16041894,-0.50067985,0.38555402,0.35933685,0.10427821,-0.5419786,-0.14832078,-1.1672951,-0.21340449,-0.7801987,-0.6857569,-0.7180373,-0.011400298,0.29918423,-1.0341197,0.074288145,0.6341534,-0.2429364,0.59576124,-1.7871656,-0.40797982,-0.9015924,0.30629435,-0.6669102,0.43911904,0.026884595,1.066024,0.38163707,-0.13723211,0.44850543,0.5850696,-0.26265922,1.1520582,-0.9297992,0.815928,1.4000841,-0.70018923,-0.063713364,-0.56452185,-0.53126496,-0.43996155,-0.33934075,0.8892943,0.35697132,-0.06978279,0.4178941,-0.6109527,-1.7050472,-0.4658597,-1.5936348,1.0661297,0.19440494,-0.02142654,0.20557761,-0.20800422,0.08510254,0.8214198,0.8186974,0.08393474,-0.8195397,1.1957526,-0.17902005,0.34604537,0.3816834,-0.6419273,-0.13229918,0.47225887,0.9265216,0.6932002,1.0682955,-0.104235515,0.28885803,-0.5590327,-0.7911699,-0.026161024,-0.52747875,1.1167598,0.08857158,0.10371426,-0.8647414,-1.0563657,-1.5434049,-0.076771736,0.65079635,-0.70609397,-0.49188417,-0.23461367,0.9383939,0.28881404,-1.0775695,-0.24160324,-0.2065115,-1.179022,-0.5252596,0.9355716,1.1343778,-0.03866198,-0.24426247,-0.99332947,-0.4860637,-0.284394,0.5040514,-0.6115549,1.0365881,-0.77176243,-0.26677218,0.92462045,0.10585981,-0.15921496,-0.14991897,-0.48319513,-0.34009022,0.43610793,1.5020356,0.52352095,0.28745118,1.259375,-0.16327089,0.5521471,0.09666138,0.25523165,-1.9081895,-0.07071263,-0.10789376,-0.96914315,-0.21636128,-0.029571863,1.449119,-0.2539713,0.21840082,0.019123176,0.46631083,1.0723928,0.55209255,-0.018326491,0.38426858,1.0342994,-0.67381555,0.19935913,0.024520641,0.07578907,-0.040383413,-0.2558513,-0.33615628,-0.70497763,0.01875372,0.5281466,-0.90628314,0.5142196,-0.008578886,-0.30062303,0.4647603,-1.3360064,-0.39818114,0.3005187,0.0055081076,-0.5048807,0.4561725,-0.46894237,-0.5519515,0.48364994,0.8999659,-0.8101857,0.18146744,0.5702129,0.21393472,-0.24097547,-1.1127256,0.6360629,0.7290439,0.45004734,-0.22037964,-0.7638691,-1.7092315,-0.92975724,-0.5031974,-0.24248731,0.37076366,-0.5078964,-0.32433406,-1.058844,-0.2604624,-1.6788168,0.034316473,0.45952824,0.3974129,-0.91332805,0.6200868,0.7974285,-0.3298167,0.6488499,-0.21540514,-0.5095316,-0.17708339,-0.10661432,1.3033245,0.01342174,-0.6286724,-0.08073312,0.49411127,-0.40925995,0.5851236,-0.3608783,-0.46414626,0.3284578,0.22775209,-1.2763852,-0.7337728,0.9435445,-1.6091521,0.42190805,-0.61347115,-0.33456296,-0.58448416,-1.1016788,0.7005197,-0.046164755,0.35319877,-1.2847803,0.2101492,-0.54722786,-1.0521569,-0.6091032,0.1309456,-0.22913371,-0.07091467,-0.19621451,0.62058026,0.4692808,0.019594962,-0.19852258,1.1003524,-0.69088066,-0.51644063,-0.54112154,0.07238543,-0.011682844,0.84807444,-0.71686167,-0.48111427,1.2891055,-0.7853253,-0.9838427,0.06881109,-1.6364348,-0.022947228,-0.6653437
-1.0925136,-1.6306183,0.13378377,-1.4573171,1.6222688,1.1851306,1.3039758,0.7571971,0.16629685,0.9468074,-0.70959777,0.16869086,-0.2054247,0.58521485,0.43056694,0.29951894,-1.2818857,-0.45893377,0.26438862,-1.3838636,0.23892401,-0.41677532,-0.3314893,-0.017615164,-0.07175215,-0.20139475,-0.25831822,0.2962382,-0.23505981,-0.08244473,0.89161336,-0.76754427,1.4586884,0.30319357,1.8338149,0.7859859,-0.7734946,-0.3356407,-0.9188137,0.05527168,0.38087195,0.23037224,-0.22441927,0.17722411,-0.39118302,-0.23743492,0.395244,-0.11375842,-2.0059142,-0.10717738,0.006751113,-0.8246734,-0.19668177,-0.18259837,1.7931141,0.10905327,-0.055786323,1.8415354,1.0072514,-0.065140195,-0.2549573,0.37864193,-0.06675245,0.7877631,-0.46965495,1.5817106,-0.2403755,1.2638687,0.1929111,-0.39720038,-0.29441294,0.46647835,0.026623173,0.75396776,-0.5569934,0.24226023,0.0025613995,0.92064345,0.446378,0.83673275,-0.20433062,0.60314673,-0.5314719,-1.1344578,0.68231153,-0.4752091,-0.4766962,-0.07984173,0.6450413,0.35304385,-0.07783845,-0.31856397,-0.82977784,-0.38834473,-1.0804075,0.08149869,-0.6479576,-0.3582142,0.43138528,-0.48943183,1.1613374,-0.8397255,1.6952269,-0.41330156,0.21984422,0.6663975,-0.17330834,-0.16533862,-0.23605472,-0.5181234,0.08087882,-1.0005914,0.04138896,-1.5387385,-0.7304325,0.7064279,-0.0491112,-0.6563531,0.054731447,-0.35844058,-1.1032903,0.13033864,0.6961985,0.5127978,-1.100639,-0.60896856,1.0394291,0.34591612,0.7261679,-2.048537,-0.39039776,0.3979511,0.5439279,-0.40773612,0.73974967,-1.2697175,-0.8863225,0.31667876,-0.8545426,0.87946224,0.57093066,-0.39176142,-0.7021167,0.7553858,0.20983888,-1.4684494,0.18339261,-0.5560925,0.18728282,-0.6781933,0.14039135,-0.62501633,0.041728754,0.8126081,0.31036866,-0.07855206,0.49424803,1.0737174,0.87461394,-1.8048526,0.79628426,0.8539678,0.7631969,-1.7972018,-0.52633756,-0.97701794,-0.38563648,0.007911531,-0.93706244,-0.042343993,-1.0191777,0.6318495,0.25325128,-0.08725323,-1.3203715,1.032778,0.081291124,-0.0013006806,0.4514451,-0.85466945,-1.0996891,-0.78663725,-1.3193126,-0.5047746,-0.95366174,-1.1599926,0.83053803,0.21066229,0.009015718,-0.21328421,0.48794603,-1.306152,0.40264934,-0.31118006,1.7190908,-0.31555218,-0.054378342,0.48259702,-0.6150971,-0.4069082,1.3508891,-0.6398542,-0.4680769,-1.3491,-0.92217237,0.92085814,-0.8661105,1.0519059,-0.7687225,-0.4389772,0.15751718,-0.63106394,0.375369,0.583171,-0.3282547,-0.27466148,-0.09758288,0.750368,1.2376137,0.13435782,-0.63127786,0.026791966,0.38832808,1.0537577,0.14958659,0.13122413,-0.40832388,0.8818582,0.6878775,-0.7210016,-0.68504685,1.1694272,0.64590955,1.1301609,0.82422566,0.46554446,0.31672463,-0.62891203,0.08136966,-0.8808043,0.2892339,-1.2157694,-0.7774219,0.4972675,-1.5281514,0.6354167,-0.62610185,-1.3333554,-0.9785388,0.33872616,-1.1228769,0.5282752,-0.55333436,-0.89041257,0.7013279,-0.22352208,-0.37934142,0.2015005,0.13273062,0.52926624
-0.6188071,-0.7456161,-0.5968379,-0.18522179,-0.820012,0.052755654,-0.4328407,0.2506347,-0.44727743,0.6741846,-1.0651314,-0.15638842,0.013332089,-0.607186,0.28120077,0.23234515,-0.9848045,-0.23020186,0.30253172,-0.5267827,-0.08608204,0.50957894,-0.34431687,-0.6209069,-0.09546233,0.0034508717,-0.7784935,0.34546685,0.18362509,-1.0445133,-0.27776304,0.52840316,-0.38135204,-0.17592455,-0.595483,-0.20039374,0.025314342,-0.16009557,0.79324186,-0.02786617,-0.34274462,-0.020753104,-0.35444924,-0.064764604,0.53668535,0.041414667,1.2941372,-1.1270602,0.66229284,0.39989546,-0.18432821,-0.1645804,0.29135287,-0.26174888,0.50034726,-0.5093618,-0.62786573,-0.9279275,-0.8528598,0.091693625,-0.2960086,1.1041427,0.1523658,0.50771666,-0.526492,0.10483495,0.26485062,0.34553716,1.1110073,-0.038570438,-0.36325923,0.61082554,0.31475702,-0.12984891,-0.23635864,-0.2530246,-1.0109065,-1.1531411,0.6261843,0.27712134,-0.26214346,0.80871373,0.42821836,-1.2138901,-0.35719815,-0.05429931,-1.6334605,0.4226722,-1.3251753,-0.07806192,0.65411323,0.7840369,0.26731238,1.4430687,1.422784,0.26109388,0.0065204306,0.5620618,-0.3958248,0.49165162,-0.37886187,-0.65733004,-0.1328226,-0.696884,-0.1571817,-0.9820067,-0.07761993,-0.08570222,0.4132187,0.11820597,-0.7589833,-0.3941785,-0.59662306,-1.1989294,-1.3629361,0.09394585,-0.20068721,1.2494135,1.1074171,-0.5188072,0.6309602,0.55372435,0.033677306,0.98455137,-0.103873886,0.72245777,1.902862,-0.1816132,-0.2911895,-0.6181328,0.7761604,-0.29993555,0.36475807,0.5686941,0.22407763,1.2073976,-0.4778963,-0.37322772,-0.28581062,-0.15632364,1.3957107,-0.7343469,-0.20086817,0.39558762,-0.023595221,-0.67113805,0.551369,-0.30898845,-0.62792957,0.01943646,-0.18976322,-0.4562695,0.60274017,-0.05548656,-0.7250516,0.8043878,0.07602681,0.192467,0.3945604,-1.0832256,-0.6026861,-0.22755755,0.25714552,-1.2122914,-0.7055149,-0.103847176,-0.092087775,-0.067372724,-0.16603656,0.055069372,0.93113196,-1.6692635,-0.14222366,1.3733071,-0.039753318,0.23588678,-0.1760808,0.4785455,-0.87040335,-0.25842708,0.5370296,-0.64098376,-0.017019914,-0.44803944,0.37146366,0.22104098,-0.3060426,-0.23300429,-0.1572722,0.034261152,-0.07469229,1.3681779,0.13023852,-0.82144266,0.09628487,-0.13576907,-1.393296,0.12155658,1.105984,0.5818083,-0.34257022,0.12080055,0.53648865,0.1541743,0.082813114,-1.3831182,-0.55717486,0.618247,0.040926736,-0.7577774,-0.2357061,0.55514824,0.37005335,-0.105024844,-1.5143725,0.8343785,-0.29666057,0.3960046,0.710459,0.69608057,-0.52213734,0.4299277,0.682463,0.5550186,-0.483806,0.3778747,-0.11294242,0.5580609,-0.9673394,-0.22505395,0.38196272,1.0045636,-0.78885037,-0.036392566,-0.03167615,-0.093539245,-0.312457,1.2413272,0.4115079,0.12796605,0.41309023,-1.4066856,0.53323567,-1.5306697,-0.9196084,0.2238877,-0.37886077,0.018253198,-1.2939332,-0.048892796,-0.08601769,-0.059079807,1.7375307,-0.7177468,-1.0955813,-0.7777644,-0.2929755,-0.027491657,-0.09865823,-0.61096233
-0.6511044,-0.5857902,-0.9015194,-0.57223505,0.4286379,0.12251933,-0.098340206,0.43098494,0.015673291,-0.49439648,-1.5216734,-0.5069638,-0.18866523,0.38562572,-0.53973633,0.8340609,-0.4824864,-0.58774203,-1.1820467,-0.44501323,-0.04752906,0.040816728,0.35168904,0.45771727,-0.14927186,-0.6290561,-1.0176655,-0.33175746,0.6158165,0.044915874,0.6639905,1.3730781,1.2914088,0.28585482,0.20510513,-0.39015195,-0.36716613,0.790238,0.3581763,0.7676979,0.4426041,-0.41478094,0.38774723,0.05095442,0.73257893,-0.09674755,1.3200004,-1.3121302,1.2298477,0.98256403,-0.7257931,-0.8947742,-0.10587329,0.2608606,-0.56607807,0.57588476,0.37829491,0.17251782,-0.17066401,-0.11710272,0.26163602,0.13944153,0.4839331,0.2646453,0.7448802,0.40564635,-0.060900267,-0.2856831,0.6346893,-1.4318295,-1.3048486,-1.4532818,-1.1946313,0.2058952,-1.0121117,1.3637861,-1.186609,-0.49588275,-0.96244836,0.9580223,-0.6482862,0.1631283,-1.1261873,0.7646353,-0.64223635,-0.56545925,-0.17889275,-0.3757506,0.92292875,-0.51088303,0.68040705,1.4333737,-0.46791062,1.3059459,0.9920982,0.16004239,0.62272197,0.06470717,-1.2133124,-0.48652318,0.36592743,0.46718562,-1.0642264,0.65354604,0.32235405,0.27742165,-0.58816725,-0.69317615,-1.174366,-0.5396383,0.24672256,-0.029178005,-1.1138085,-0.95698225,-1.0904366,0.06541118,-0.588222,-0.17688417,-0.6882254,-0.65015525,1.0837699,-0.37415892,1.0060343,0.2620722,-1.5267102,1.1813631,1.2875623,1.2451952,-0.5952579,0.3128599,0.6972489,-1.0581616,-0.3880273,-0.49830282,-0.45085934,0.75107896,0.28125104,1.0691422,0.6556229,1.0190412,-0.8543063,-0.85995173,0.11861967,0.09238506,-0.82195264,-0.20131129,-0.15349816,-0.05304809,-0.98222476,-0.71916866,-0.41409552,-0.9887983,0.46806607,0.7327528,-0.40867332,0.093713894,0.2018489,0.962737,-0.9978156,0.10390444,0.75611264,-0.097006716,0.8435828,-0.6591574,-0.9779004,-1.1889722,1.2448423,0.63584995,0.025391473,-0.97471875,0.513231,-0.8150414,-0.34887722,1.2800931,-1.6759429,-0.63507706,0.770862,0.30303305,0.16584249,0.69854593,0.46084806,0.92088383,0.00935555,0.45906615,-0.6903786,-0.70487684,-0.11420573,0.4669609,-0.059075095,0.065578714,0.38295406,-0.19727185,0.090790115,-0.13640986,-1.3490275,0.2831717,1.1080854,0.13260105,-0.13872029,1.1826636,-0.24124023,0.40453216,-0.11265419,-0.4933166,0.79231465,1.2474123,-0.023394048,-0.520145,-0.21762477,0.55179656,1.4717859,-0.6896817,-0.18316974,-0.8722042,-0.12950973,1.2110753,-0.12384288,-1.3500108,0.71933705,1.0336381,0.042993605,-0.73807013,1.403626,0.1696966,1.4871286,1.1637857,-0.33154026,1.1011581,-0.21291994,0.19530189,-0.16397746,-0.3670797,0.5312578,0.33191282,0.06493452,0.35969365,-0.19992419,-0.2918774,0.20351632,-0.18036789,-0.6295788,-0.094243966,0.5077935,1.4815145,0.30994955,-0.748051,-0.9553687,0.09787621,-0.3399945,-0.45763972,-0.5948881,0.55239105,-0.8867341,0.5460299,0.18571219,-0.16554144,-1.3567677,-1.2573482,0.40972212,-0.19805375
0.26916665,-0.24331073,-1.2519075,-1.7704221,0.37530127,0.38828328,0.4499277,0.2578311,-0.9911804,0.42288983,-1.0058354,-1.0633289,-0.8190288,-0.4145245,0.86388046,-1.7064791,-0.5601174,-0.18632975,0.23100659,-1.1096715,0.53912437,0.003718963,0.23526654,-0.017749708,-0.29067603,0.37629145,-0.9229722,0.5993001,0.60122573,0.4412188,-0.19722587,1.0033176,0.16115578,0.38501108,0.43032146,0.12093019,0.07587521,-0.15145375,0.88841903,0.15143976,0.89341146,0.0575987,-0.7197392,0.6107368,0.09973781,-0.35552132,1.0904554,0.4818604,-0.06190709,-0.28126177,1.0441762,-0.31377813,-1.2297544,1.0023502,0.48012504,0.3683447,1.3428549,1.732422,0.8408754,-0.24475749,-1.3525188,-0.023495106,0.96949446,-0.09895117,-0.4925797,0.20895493,0.38054,-0.10357216,0.6049984,-0.40224516,-0.33515713,-0.67900556,-0.6056951,0.21679106,0.6093932,-0.42929837,-1.13827,-0.81746256,-0.19823813,-0.95712566,-0.22824916,0.12099749,0.236823,-0.39363998,-0.27180088,-1.1267384,0.4944349,0.466026,0.72357595,-1.4926503,0.24830502,-0.66053617,-1.1246787,-0.54410964,-0.07112037,1.6125884,1.0953519,0.1391118,0.11529229,0.39746082,-1.4518924,-0.13024417,-0.675893,0.680884,1.7158424,0.822077,0.6155144,-0.046622362,-0.45844215,0.31238386,-1.2978395,-0.37951902,-0.730874,-0.29967636,-0.3726527,1.052859,1.0042149,0.6625979,-0.87542737,0.9655548,-0.19967371,-0.7836137,-1.2617784,-0.9394974,0.79180497,0.9615964,0.60649014,0.31443712,0.19036815,-1.1289911,0.24806,0.38031995,0.38476717,-0.21072201,1.1014555,0.009490473,0.32404938,-1.9306753,0.1592818,0.74591726,0.6300938,-0.10770142,1.6111138,0.58337253,-0.07924643,-0.20026174,0.034086466,-0.18606763,0.082679845,0.3392083,0.3083624,-0.034352265,-0.94842,0.101466596,0.059746265,0.90145504,0.56534314,-0.670422,-0.21638733,-0.09678548,-0.021691605,-0.39907786,-0.6114046,0.6143525,-0.71026206,1.1403025,0.19580898,1.2076699,0.20857742,0.42361525,0.103525236,-1.4941492,-0.3928709,1.1906909,-0.5591614,0.72011495,0.04399657,0.42837787,-0.038776483,-0.4285069,0.19826066,-0.35625735,-0.34572774,1.0414509,0.4954925,-0.14294153,-0.62883085,0.36578214,0.018300544,0.5149234,0.26886955,0.37221363,0.14434743,-0.016309684,-0.61391556,0.84254515,0.14101534,-0.1631568,0.3214879,1.3358421,-0.93190217,-0.33408627,0.8468732,0.41502205,0.7194618,1.8330442,-0.9863816,-0.4513195,0.5297207,-0.06011227,-0.77341795,-0.72903484,0.33654284,0.06810718,-0.22720265,-0.6491985,-0.18964767,0.5520377,-0.4974929,1.2307298,0.03415637,-0.01965557,-0.035863124,-0.8990446,0.13879071,-1.4872779,0.1960463,-0.33630073,-0.62093717,-1.4534552,-0.0689894,-1.6822826,-0.23807961,1.484702,-1.8468369,0.79250777,0.12215345,-0.7046688,-0.16420098,-0.27499545,0.3458561,-0.6628352,1.1116898,1.3933218,-0.16626023,-1.8286204,-0.089896366,-0.53117853,-0.93292093,0.15204684,0.28149828,0.48157057,1.6669188,-0.41085455,1.4311402,0.77183276,0.23143955,-0.16887774,-0.8972056,-0.07582415
-0.07672962,-1.0547217,-0.41925052,-0.28533965,1.2108635,1.5426673,1.1239014,0.94576687,0.09753957,0.10235511,-1.5322098,-1.4297404,-0.014554562,0.23578094,-0.3121054,1.2165893,0.07492397,0.13756174,-0.2069028,-0.5758768,-1.257483,-1.0817047,0.34740585,-0.4460667,-0.21919282,-0.5184227,0.91388637,-0.060297843,-0.48249853,0.4675563,-0.5900343,-0.65294725,1.1305848,-0.9974464,0.25592932,-0.18797861,1.1693035,1.2087119,0.2025339,0.57193565,-0.038135383,0.0063325916,-0.6408163,-0.8068595,-0.47165617,-1.0224195,-0.33361635,-0.23630463,1.0495679,0.051277947,0.36619738,-0.5425027,0.4151507,0.19576307,-0.60686034,0.98801607,0.9247911,-0.26109636,0.7823529,0.19555087,-0.8995157,-0.40454865,0.11711237,-0.4074626,0.41839656,-0.27017933,-0.82289565,0.12985575,-1.0176343,0.38329718,1.4536624,-0.43762606,-0.6708577,-0.5543792,-0.3116212,0.32999006,0.2355642,-1.1447886,-0.51326,0.17082992,-0.92815197,0.15905485,-0.049661003,0.41474935,-0.17639619,-0.87449425,-0.5755365,0.32987934,-1.3564192,-0.08668636,-0.94405794,-1.0637647,0.82164156,1.2182376,-0.34244305,0.45332074,0.52019006,0.0017629103,0.017870111,-1.3897009,-1.6620479,0.94690084,0.2600552,0.26143843,0.61969113,0.024977207,0.35755053,-0.37497976,0.6150534,-0.22633047,-0.3819909,1.3691369,-0.20323941,0.37334594,0.8899783,0.2673958,0.3542594,-0.13106707,-0.52783054,0.88711655,0.5331623,0.32907292,-0.69686955,0.2080448,0.49760675,-0.32510915,-0.48694906,0.96090895,1.2498103,-0.52570516,-0.47389597,0.48154497,-0.06815903,-0.37652817,-0.15205097,0.42032894,0.040251266,-1.5261871,-1.8358608,-0.18382165,1.2149664,-0.070475824,-0.5332881,0.26813167,-0.42437443,-0.3520927,-0.92943764,-0.9849334,-0.67317027,0.8800842,-0.11669151,0.07985032,0.19517806,-0.8854661,0.14597194,0.27812862,0.008124605,-0.13122955,-0.09966255,-0.637915,-0.05878907,-1.5532627,0.21350135,0.20863433,0.667707,0.9770445,-0.029871123,1.2799785,0.5879873,0.852167,-0.3276859,-1.3381196,-0.15373553,-0.6682563,-1.3744906,0.5114764,1.597003,0.34322065,0.06818948,0.17010768,-0.6487068,-0.19837554,0.8254338,0.36092034,-0.120431595,-1.1596705,-0.63188636,-1.0145792,0.16497552,0.50170356,-0.137403,-0.14019617,-0.34164014,-1.8998687,-0.54729307,-0.20408934,0.4569842,0.31521508,-1.0986317,-0.24595545,0.2715109,-0.012722043,0.032184917,-0.099871606,-0.008837712,-0.5032712,-0.37556732,0.81850225,-0.73448706,-0.20911528,-0.56610245,0.3996371,-0.10880041,0.8354431,0.6131036,0.71234417,-0.0044893585,0.16517317,0.12567584,-0.437249,-0.69432425,0.033144258,0.5008173,-0.87076336,0.34012625,0.15026563,0.31040043,0.23105735,1.2088443,-0.7863832,-0.7371241,1.0370975,-0.64919066,0.52482545,0.23107196,-1.4596546,0.3860288,0.72769094,-0.2353606,0.3786116,-0.11910762,0.16144618,-2.319786,0.3320047,0.34341252,-0.5361669,0.93118066,-0.6158273,-0.21578997,0.40714374,0.583733,0.5555038,0.9410512,-0.24897693,1.2682399,0.26939636,-0.059600275,0.2661813,-0.36099163,-1.3105509
-0.377036,0.000657637,0.5279754,-1.0942979,0.15029421,0.49790975,-0.39906257,-0.29130533,0.5072367,0.22393033,-0.6144827,1.2586544,0.13965403,0.23295796,-0.3704013,-0.37628698,-0.46687058,-0.37719584,-0.103141434,0.495857,0.2611927,-0.27822712,0.16942815,1.0664362,0.09012863,0.25956148,0.5185718,-0.49798113,0.5258927,-0.04840809,-0.3052792,0.27104825,0.5008672,-0.013718142,-0.097847424,1.9969819,-0.6473031,0.1293341,0.15672229,-0.29081145,0.4732073,0.54048234,-0.3665198,-0.6602556,-0.21451008,-0.15244265,0.3754138,-0.25974953,-1.1690832,-0.29905397,1.0328807,-1.003574,-0.7431877,0.3046396,0.12762117,0.6616302,0.032992657,-0.4325227,0.19824083,-1.346228,0.357588,-0.2610279,0.034640227,1.3522929,-0.47025043,-0.7267449,-0.063613914,0.54200876,-0.039548825,-0.8237915,-0.8539007,-0.8509116,-0.07053153,0.013463791,0.49590853,-1.1703207,-0.20968378,-0.96152693,0.08394377,-0.42683747,-0.61285955,1.3930963,-0.58309925,0.5371575,-0.43793568,-0.23806529,0.3018786,0.29443395,-0.3527446,1.2423848,-0.9489306,-0.4758372,-0.04631047,-0.72076494,0.07392338,1.1488401,0.7060596,-0.05640366,1.515275,-0.35240203,-0.00057583273,-0.13847241,-0.770761,-0.3319555,-1.1965224,-0.61982405,0.25207573,-0.16510221,-0.10813331,-0.51746297,0.20375417,-0.27186567,-0.024159934,-0.74492294,-0.40190655,0.025010878,-0.39994574,1.1730896,0.20955808,-0.7246446,-0.2764612,-0.53841406,-0.054322455,0.7631426,0.23535603,-0.5554959,0.01761779,0.7031737,-0.3322572,0.16262332,0.23289417,-0.20926487,-0.14138107,0.011748822,0.07037031,-1.6153032,-0.19028917,1.1882111,-0.15708824,-0.98198926,0.8488581,-2.0741973,-0.8333638,-0.5902929,-0.06676052,-0.32069507,0.025308795,0.40762195,-0.48661005,0.2898344,0.2661295,0.6623138,-0.969097,-0.08601338,-0.08407396,-0.7226628,0.25902495,-0.20448965,0.30761355,-0.05226707,-0.9132944,0.45684156,-0.3521686,-0.6197483,-2.4779475,-0.27927798,-0.055505786,-0.27103132,-0.5083572,0.31734407,0.55833346,0.6676687,-0.712107,0.75681406,-0.958471,-0.11914532,-0.56310004,-0.18142459,0.13514054,-0.8916392,-0.64933044,0.022547198,-0.67588156,0.7784065,0.8821298,1.5348874,0.5001695,-0.97290945,-0.56576234,0.21911417,-0.31734017,-0.40199342,-0.2207787,-1.1594332,0.66189474,-0.5241429,0.26025987,0.4874612,-0.24293052,0.41222778,-0.15845951,0.7484969,0.7092313,-0.19740409,-0.73349035,-0.45010328,0.39743203,-0.45961443,-0.86154735,-1.4290626,0.2617474,1.1920531,0.779787,0.7236934,-0.5404821,0.7231576,-0.058144853,-0.53584284,0.4430389,-0.062557295,-0.13432977,-0.4717967,0.3463567,-0.38709393,0.041370705,-1.0609027,0.42150223,-0.10619397,0.79511577,-0.09688307,-0.2728993,0.8218907,-0.9086661,-0.62918305,-0.32293388,-0.6381596,1.4267082,-1.7573287,-0.3017155,-0.45210055,0.45668548,-1.9150473,1.928117,0.20998593,0.09925204,0.540543,0.50155693,-0.82495385,0.07627106,-0.7337809,-0.25190878,-1.2501414,1.7142552,-0.12184519,-1.9779902,-0.3833864,-1.4711354,1.0031006,-0.5050578,-0.9490215
-1.7013006,0.7980869,0.65664166,-1.2451223,-0.43845394,-0.29466668,-1.7734329,-0.33484614,-0.7323985,1.0498288,-0.50683063,-1.2340093,-1.1889085,0.8752981,0.41592845,-1.0657023,-1.3739524,-0.26673576,0.28208828,0.38197663,-0.73147666,-0.2939144,1.2570431,-0.1066893,0.38666373,0.7404643,0.13046773,0.061393585,-0.23883025,1.437419,-0.3860124,0.70247334,1.2564692,0.4398165,0.3377931,0.118301235,-0.4902343,0.2614746,-0.14047071,0.8882159,0.36079204,-0.5850987,-0.7322882,-0.057722878,-0.2959054,-0.074070714,0.8441552,0.58097374,0.051490985,0.22616315,-0.17202957,-0.08685942,1.0593549,-0.3547421,0.27084753,1.2294601,-0.8327273,0.35105243,0.20332912,-0.22315516,0.424613,0.11961947,0.66589594,-0.87276506,-0.28481779,0.72462136,1.1500165,-0.58734685,0.46566126,-0.4430859,0.24633117,-0.3250891,0.7175585,-0.17112629,0.37673062,-0.3388729,-0.18038888,0.32316905,-0.96605366,-0.08772135,1.1095134,0.574784,0.039184142,0.9028291,0.52590877,0.054113556,0.12586729,0.18351114,0.6105586,0.97261214,-0.4879263,-0.39979157,0.5694644,0.12867805,0.30454215,-0.7893919,0.5869207,-0.916658,-0.3048106,-0.47140375,-1.2523077,0.9292724,0.6605302,-0.7881797,0.9996657,0.7134949,0.7170107,-0.12165967,-0.12713462,0.19468036,-0.11407271,-1.0517819,-0.24177083,0.024568819,-0.03377927,-1.0896891,1.0926021,-0.20351838,-0.052516986,-0.5784823,-0.74957776,-0.22652914,-1.8773916,-0.44669828,0.09721858,-0.51863337,-1.7575239,0.75460494,-1.5858507,0.3083109,0.1720263,-0.57391244,0.58989656,0.88318425,-0.52444434,0.31723544,-0.504263,-0.057437666,-1.2929119,0.650267,0.023477748,-0.1804235,-0.19460659,-0.29409903,-0.5990201,-0.22434665,-0.17542847,-1.4101796,-0.2209168,-0.4495949,-0.3851252,-0.77886933,0.13858461,-1.3562591,-0.38021028,-0.6042965,-0.81491464,-0.2063705,0.5082799,0.09925413,-0.2189413,1.2482362,0.49884075,-0.99909455,-0.2101427,-0.44837797,0.45002943,0.17627212,0.16406906,0.22406696,1.0566013,-1.0892516,-0.67143047,0.34118798,-0.6653645,0.9251553,0.63212305,-0.5521096,-0.18100198,-0.83360285,-0.07376221,0.5043942,-0.59994096,-0.800298,-0.5473139,-0.37045357,0.37552512,0.7912005,-0.15250486,-0.68011165,0.51844877,-0.22090681,0.80423075,1.2155643,-1.4074214,-0.13377303,-0.0152991805,-0.3711974,-0.062344447,0.498532,-0.3138891,-0.25299287,-0.49309784,0.8750492,-0.63863724,1.7839677,0.08435663,-0.04540385,0.10474111,0.325177,0.7021805,-0.20766293,-0.68353355,-0.018920857,-0.90655535,1.4022877,-0.16693579,0.296431,0.9503697,-0.21124531,0.32039905,0.28856373,0.0946542,-1.3689116,0.056242455,1.4405252,-0.41889024,0.3403124,-1.1556187,0.6653452,0.4528392,-0.8108454,0.049817063,-0.42064005,0.6825937,-0.12931526,0.8250924,-1.1541144,-0.104349025,0.5111601,0.18184744,-0.3902592,-0.27721727,-0.22217,0.34606552,0.004321894,0.5774007,1.047034,-0.7189323,-0.24606094,1.0702857,0.8695284,-0.11792081,-0.08008722,-0.19555037,-0.9063975,-0.8090344,-0.20364816,0.44835207,0.5605146
-0.5160534,-0.9726675,-0.6512332,-0.51015973,1.2689754,0.4109504,1.6011267,0.759266,0.28013343,-0.10417115,-0.09313914,-0.127953,-0.0052734734,0.16268165,0.256482,0.79034096,-0.910748,-0.06801829,-0.8673543,-0.5445741,-0.97616863,-0.32237688,0.98060685,0.5889199,-0.8791424,-0.15201904,-0.9521484,-0.22726098,-1.1268094,-0.039456327,0.20207895,-0.33774206,0.6457225,-0.071807414,-0.033611648,-0.484366,-0.66685975,2.1219862,0.9663273,0.7138063,0.43626568,-0.81262815,-0.25448078,0.3749131,-0.32948485,0.44139087,0.5158441,-0.16208296,0.5828676,0.09570515,-0.109358914,-0.14880753,0.1186912,0.26257184,-0.3955292,1.42287,0.35347247,-0.07945572,1.0761112,0.48609918,0.9035852,-0.8205662,0.011418644,0.25332198,0.6087945,0.98781544,0.623245,0.15489905,-0.45297486,0.025265126,-0.25952643,0.43980306,0.1994661,0.88411015,0.3468733,-0.20912108,-0.49163112,-0.18088996,1.0324464,0.755245,0.62178993,-1.3832256,-0.26026127,0.5306659,1.2582611,-0.5694017,-0.3981705,0.31416258,-0.33021584,-0.05906957,0.231412,0.015072308,0.87028134,-0.11396433,0.0421322,-0.21077058,-0.595038,-0.4125573,-0.11700274,-0.7722101,-0.59242165,0.77640784,0.0055187675,-0.8779078,-0.41537133,-1.0386518,-1.1311669,-0.4096934,-0.76496005,0.19279629,-1.3773663,-0.15541217,0.13171522,0.5185385,-0.42682534,-0.30339992,0.6223511,1.7785034,0.0969971,0.6257868,0.3211796,-0.7087102,0.5399053,0.12442893,0.64446765,0.9542174,0.21516028,0.8837749,-0.1830797,-0.53426534,0.0047727297,-0.3910982,0.031470858,-0.26252583,-0.41053975,0.37662828,-1.3346295,-0.17609273,-2.050516,1.7507336,-0.23397504,0.0013032446,-0.81785184,-0.44654042,-0.31041318,-0.16825029,0.26721898,-0.8186739,-0.66427606,-1.148206,0.33268926,0.17803621,0.124492,0.21559075,0.04441456,-0.53761387,0.14011496,-0.56116796,0.018780507,-1.558882,0.5579284,1.0324237,0.39365718,0.88769335,-0.5002085,-0.5420446,-1.5025034,-0.10016724,-0.48034877,-0.7611476,-0.70484525,-0.19521493,0.40400478,2.039664,0.20704713,0.33380124,0.10447425,1.5656239,2.0916452,-0.2199009,-0.78372985,-0.49553913,-0.3385609,1.6058911,0.11606225,-0.7466629,-1.6745673,1.1296035,-0.24464944,0.42683873,-0.092831366,-0.39177912,-0.4605425,-0.27408236,0.17308363,-0.28917322,-0.7866358,-0.22707695,0.76369476,-0.04449004,-0.71758515,0.2593441,-0.28554678,-0.1136816,-0.6229519,0.24782574,0.12023146,0.2827841,-1.0588585,-0.3673352,-0.75436455,0.7609678,0.029259581,0.5842081,-0.7302856,-1.2477359,-0.3413873,-0.035778742,0.27553576,-0.14095365,-0.28242826,-0.8930308,1.0198568,1.0749462,0.88212794,-0.5293886,-0.48813608,0.1420876,0.64523524,0.0725278,1.0312731,-0.21249335,-0.1942725,1.2055848,-0.38711756,-0.6520159,-0.13941234,-0.5796918,-0.67844003,-0.6623666,-0.41188422,0.5377553,0.24914184,-1.1262746,-1.5547799,0.10223564,0.23526749,-1.5572151,1.1012485,-0.10721169,0.47696972,-1.1982692,-0.51551896,0.11370849,0.5033185,0.06197273,-1.0906026,-0.37720504,0.008712519,0.3172456
0.44646737,-0.29237685,0.43575984,-0.4325375,-0.26316822,-0.5806355,-0.6733029,0.35423675,-0.5251421,-0.7726374,0.9974331,0.8127713,-0.89128417,-0.12263506,-0.045846857,-0.759263,-0.2993243,0.37051076,-0.67674565,0.38991374,-0.6379037,0.26824525,0.028472904,-0.8964855,0.47715718,0.23564264,-0.11225482,1.4237862,-1.2547688,-0.2039532,0.059215326,-0.27208266,-0.8202776,0.2761176,0.43555397,0.95388687,-0.3775337,0.6186822,-0.6585785,-0.26596692,0.38916793,0.30494243,-0.13888302,0.62192523,-0.20490982,-0.37884477,-0.16909976,-0.81442684,-0.44540095,-0.34849444,-0.42721048,-0.56774014,0.53495425,-0.91410637,0.21323077,2.0672178,0.7354362,0.32601073,0.87130606,-0.44553077,-0.21964918,-0.19110096,-0.96262234,0.5598906,0.5221601,-0.5666722,-0.08930865,-0.5071073,-0.28588775,-0.020432934,0.56453466,0.5274791,0.4256268,0.4390653,0.06259471,1.1480062,0.19363405,-0.9693523,0.5160267,0.34681347,-0.01477445,0.7587947,0.56998503,-0.14233851,-0.57476497,-0.029403884,0.40785775,0.1226402,0.2919172,0.96657366,-0.5871617,1.257979,-0.8220201,0.12202338,0.64769804,-0.55169487,-0.17264451,-0.30600742,0.42316294,0.6178437,-0.24152194,0.18586811,-1.1886538,-0.48351625,-0.924609,-0.791569,-0.030194316,-0.20727113,-0.12882285,0.18168096,1.2661026,-0.32404858,0.61155194,0.16787617,0.44475996,-0.3921925,-0.43429637,-0.72456807,-0.14173594,0.1812348,1.4149559,-0.602689,-0.70903575,-0.04132839,1.3825027,-0.65378,-0.8487812,0.27368385,-0.42198312,0.26065767,-0.5759365,-0.2675455,0.29404756,0.43993592,0.9591115,-0.13811311,-0.34362593,-0.6679634,0.21751732,-0.7477286,0.7921502,0.083721735,1.2264186,1.5210515,0.26429823,-0.21178406,0.049641345,-0.4784042,-0.603951,0.04708434,0.5132558,-0.57818997,0.07340269,0.81522757,-0.6793364,-0.9657422,-0.11539131,-0.4228292,-0.1460271,-1.1599116,-0.538591,-0.1386585,-0.7996563,0.39187682,1.5342792,-0.9338441,0.92516315,-0.12833063,0.45916075,0.30361125,1.216551,-0.8965292,0.5918299,2.1151443,-1.2364408,-0.09740256,0.8444327,0.17287181,0.9512802,0.71771634,-0.32480517,1.8848872,1.8556298,0.22294804,0.82504076,1.7749442,-0.017048687,0.14012687,0.14448404,0.19135442,0.051726904,0.2156,0.14578946,-0.17971016,0.11457409,-0.24998772,1.031794,-0.7452134,0.9991194,1.1711274,0.21527982,0.27742648,-0.04656877,-0.536419,-0.30343425,0.2608595,-0.33297813,1.1003461,0.920045,0.48204345,0.563277,-0.9594336,0.3364173,-0.38938412,-0.8660735,-0.2603876,-0.7028111,-0.40366188,0.0007455975,0.58711994,0.6735629,0.9011807,0.75443596,0.27470642,-0.030648908,-1.0084713,0.33197582,0.30463398,-0.72002995,-1.0495498,-0.24242456,0.5075017,-1.0059396,-0.3699127,-0.4950301,0.4764405,-1.6150775,-1.1890534,-0.890983,-0.07683055,-0.62662584,0.2987258,-0.35520032,0.18533728,1.138673,-1.6406621,-0.028650787,0.13326316,-1.0758973,-1.1872138,-0.032250967,0.676898,-0.42326087,0.5503926,-0.54816955,-1.2155141,0.75610656,0.25939426,-0.10315008,-1.1469197
0.3914793,-0.9697561,-1.2662454,-0.3322765,-0.7414686,-1.2085832,-0.27905315,-0.77607405,0.5390168,0.83912647,-0.7134114,-0.79642296,-0.12243542,1.0364143,0.52621174,-1.1581203,0.31483075,0.9269064,0.72109616,0.24340878,-0.6399594,-0.0757481,0.063262746,0.6958719,0.5870959,0.56107414,-0.44609758,-1.239371,0.19060904,0.7303389,-0.062520295,-1.0935318,0.5026595,-0.5391577,-1.0427418,0.83239776,0.17879568,0.27108902,0.119577095,0.7933061,0.3079953,-1.0881739,0.5460976,-1.5724089,0.076280214,-0.13799936,-0.10585487,0.67954725,0.59022415,-0.5144642,-1.2029082,0.39964524,0.6263696,0.1105342,-1.3789151,0.48397574,-1.2323803,0.39638135,-0.34917414,-0.5141676,-0.8430937,-0.3982968,1.1899469,-0.22429805,0.025599672,0.40967906,0.14829439,1.3177233,1.3898015,0.97148603,0.45507923,-0.3853645,0.060574107,-0.9761976,-0.30894652,0.64182544,-0.64499754,0.1750403,-1.0305579,-0.41497803,0.6649917,-0.5007607,0.43600398,0.031973306,-1.2310066,-0.7115535,-0.78912973,-0.16135481,1.1244365,0.12373322,0.41627932,-0.15458377,0.44869035,0.89273274,0.67921656,-0.83320796,-0.3005783,-0.008744836,-0.7567846,0.6749109,-1.3647419,0.64911515,0.14508185,0.2573332,1.3206536,0.33063728,0.8466413,-1.2601032,0.41706938,0.68724364,-0.38310763,-0.15221821,1.2456923,-0.6788026,0.17719842,-0.086490735,-0.2198423,-1.8462809,-0.0017558824,0.28907934,-0.013229881,-0.49993002,-0.9139685,-0.91209,-0.65988636,0.04243776,0.35822514,-0.70369464,-0.31946123,1.4378233,-1.1733446,1.1852577,0.57592654,-0.47231415,-0.3669884,-0.2896043,-0.7983602,0.32783753,0.44175577,-0.7117094,-0.8889211,0.35791627,-0.4066461,0.54734355,-1.561417,0.5764914,1.0647659,-1.0730191,-0.70732003,0.93698716,0.75621635,-0.9801715,0.6514676,-0.6372613,0.31491956,0.62494487,-0.8372858,0.7430715,-0.22187783,-0.7495176,-0.013135992,-1.1424134,-1.3868381,1.4751962,0.7120252,0.05803237,-0.5969876,-0.31314415,-0.4016635,0.707982,0.29504788,0.7529585,0.246691,1.8868345,-0.26764974,-0.6501999,-0.7274436,-1.0804356,0.41500738,-0.54514897,-1.2582763,0.9164525,1.4214265,0.4592544,0.7165535,0.5303607,-0.96603465,0.5089317,0.36455044,-0.4202247,0.044042952,-1.0059625,0.0011107214,-0.9355659,1.3655891,-0.3624372,-0.90587735,-0.6230509,-0.7163075,-0.24712016,1.6312939,0.5837339,-0.26132166,0.07553335,-1.2353159,-0.32543832,0.9753755,-0.49810672,-0.78627926,0.12379399,-0.56487465,-0.9283014,1.7209909,-0.6739307,0.47523037,0.33953917,0.68217105,1.5755627,1.0293596,-0.46097162,0.9649105,-0.31977764,-0.4932251,-0.021695351,1.2126081,-0.43417215,0.25465032,0.16441467,-0.17095537,0.4881928,0.7299815,0.6005262,0.24984108,-0.32360741,-0.103608236,-0.3253194,0.24117024,0.68371683,-0.5387627,-0.38778472,1.124809,-0.0451925,0.5533914,-1.2553912,0.14458068,-0.69058836,-0.21907026,-0.39768693,-0.31838536,0.7895515,-0.63727945,-0.16368097,0.6402972,-0.23620225,0.5949125,-0.47394028,-1.0588791,-0.47350472,-0.5666111,0.10683052
0.52498645,-0.24400634,-0.46775573,-1.3677609,0.29549295,0.052012857,-0.38698405,0.0019682772,0.45077184,1.7762737,0.13228601,-0.57258415,0.59823394,-0.3555835,-0.20239672,0.9443381,0.40255076,-0.6270699,0.55137396,-0.38318613,-0.66468585,-1.2123457,1.0807862,0.023095282,-0.11731587,0.4575224,-0.19272228,-0.46676594,-0.8095811,0.4678308,-0.6855191,-0.69270056,0.5792229,0.6830869,1.6304272,0.71577805,0.7891171,0.36397037,-0.5598922,0.15988232,0.5562751,1.7440516,-1.1681691,0.56513435,-0.41224647,0.047524914,0.6362211,0.9154498,0.19462219,-0.8972611,-0.6996772,-0.56513655,-0.22107318,-1.5197372,0.38152295,-0.52067846,-0.09094688,0.27028373,-0.25782657,-0.22979273,-0.07589773,-0.3345374,-0.27705652,0.33075643,-0.8828574,-0.4008031,0.63256496,-0.33976123,-0.38509265,-0.9089292,-0.93383765,-0.8258804,-0.97038144,0.38100997,0.83877033,-1.2291534,-0.5026314,-0.59284836,-0.39353558,-0.25967348,0.375554,-0.55962867,-0.74046147,0.2437412,0.96731836,-1.6653839,-0.25741982,0.46186957,0.7395928,-0.4381746,0.7437886,0.9003213,1.342434,0.18594326,0.3492433,-1.150886,-1.0695112,-0.3101864,-0.5396881,-0.7015946,-0.6385201,-0.7115206,-0.30490682,0.080015965,-0.8875163,0.04600788,-1.1371988,-0.33874005,0.21165846,0.14224243,-0.63481957,0.81158376,-0.665017,-1.0237292,1.3183811,-0.20969747,0.7605371,-1.4880295,1.5977234,-0.15982519,-0.4052571,-0.78959256,0.28409174,-0.36704287,-0.73715186,0.9749111,-0.970113,0.41005003,-0.5018379,-0.20041749,1.0055221,-0.5092648,-0.5980577,0.8410598,-0.19645832,0.109941676,-0.13543728,-0.7216266,1.0134012,-1.0788927,-1.5876786,-0.92348474,-1.5643035,1.0453306,1.4408156,0.48282865,0.24311489,0.40501535,1.807486,1.5826623,1.6034511,0.091615155,0.34597188,0.8916568,-0.81809455,0.78014576,0.057992112,0.25816792,0.06339024,0.35362014,1.0099754,0.79211175,-0.3513393,-0.16222599,0.14078884,0.41423878,1.0018258,-0.2279006,-0.25228643,0.66777074,0.27042645,-0.0742709,-0.3489239,1.2949519,-0.26675588,0.8148616,0.39818665,-0.95640916,-0.085970126,0.2017844,-0.9434456,0.9227677,0.09866713,0.78491503,0.16883579,0.47592038,-0.3049697,-0.46001136,0.17113982,1.112339,0.33401373,0.897838,-0.3704264,1.1026163,-0.28034276,0.590401,0.25319332,0.23893325,-0.614216,-0.53568226,-0.32589895,0.003978011,0.33648035,0.40076903,1.1439054,1.1233428,-0.25555116,-1.1351621,0.11635743,-1.0581566,-0.8143998,0.5004634,-1.0918826,-0.064463936,0.34103692,0.079155564,0.11091526,0.063192315,0.5945509,0.07586477,-0.8221437,1.6549644,-0.20835717,-0.36864376,1.4884195,-0.4399958,-0.46566898,0.03241991,0.57862896,0.38137805,0.045788594,-0.6975256,1.4695704,-0.65557367,-1.078311,0.5471478,0.8913559,-1.3623568,0.3322527,-0.13585317,-1.3014904,-0.1711231,2.805226,-0.8248807,-1.6596681,1.2801166,-1.3589602,0.19718307,0.45884517,-0.007944585,-0.3635922,0.9007533,0.27079976,-1.2161452,0.8276483,0.0011886914,0.23848256,0.23355958,-0.405419,-1.0548519
-0.059427664,-0.3720474,-0.96016467,-1.2460939,0.013092334,0.37267944,0.5988093,0.41071022,0.1500423,-0.4183142,-1.1451933,-0.8056414,-1.0781072,1.8124167,0.6987286,2.368108,-0.67253673,-0.29482007,-0.05256532,-0.69600445,0.8990467,-0.50882363,-0.36665535,0.7400856,0.25932986,0.24243127,0.071318984,-0.3304138,-1.8596786,-0.71741354,0.091552846,0.4070123,2.0829191,0.65002555,0.07156148,-1.6775329,-0.021210255,1.2608,0.45474574,-0.0039639156,-0.3022373,-0.8008454,-0.67824733,0.462753,-0.04334846,-1.2046329,-1.474632,0.47386432,-1.0602767,-0.7773489,0.048394203,-0.5217421,-0.44169682,0.54698783,-0.13705188,-1.1475756,-0.5355673,1.8810651,-0.38596728,-0.2289347,0.268776,-0.2592105,-0.37587115,0.21904701,0.624831,-1.3930501,0.19456555,0.5531767,-0.19638446,-1.132499,0.58208257,-0.5559988,-1.0752193,-0.43931177,0.37778774,-0.10690129,-0.05413994,-0.79389626,-0.6648175,0.10314757,0.100455515,-0.64858294,0.8762061,-0.060172264,1.6076391,-0.08633702,-0.41303012,-0.1215977,-1.4100424,-0.66404146,-1.1340107,0.84584624,-0.16455275,0.45238957,-0.29212776,0.7302563,1.6713917,0.3776631,0.42577156,0.799603,-0.040823624,-0.2841594,0.31261206,-0.5277419,-1.8562137,-0.30370677,0.8192045,0.07761459,-0.6687241,-0.38425118,-0.50400156,1.0997645,-0.2857748,-0.45350564,-0.27083468,-0.40300074,0.028931145,-0.46923226,-0.94498545,0.24543428,0.042716324,-0.86240095,-0.32356402,0.957332,-0.2741732,0.722545,-0.44026792,-1.0285912,-0.84767294,0.3362031,-0.030578997,0.062305585,0.01606647,0.021100488,0.7503545,1.0683887,-0.20475407,0.7123226,-0.16256227,-0.37115294,-0.9521274,-0.8031157,-1.1283268,-0.73380715,0.7177492,-0.23165874,-0.1749725,-1.0263392,0.9655244,-0.8777255,0.45865843,-1.3872457,-0.62123376,0.3597534,0.66564244,-0.62039065,0.22462797,1.2612889,0.27363506,-1.6684396,0.22296272,0.021532064,0.39227164,-0.9551002,0.5212651,1.7924044,-0.6589361,-0.5288097,-0.2790462,-0.24140567,0.7181525,-0.86478084,0.41498378,0.3188924,0.6935108,0.37220824,0.49963516,-0.91210586,0.40686673,0.24075706,-0.065087244,0.08716256,-0.6192583,-0.47915167,-0.30359468,-0.10898277,-0.10948536,0.023099737,0.39216143,-0.00042831118,0.41591236,1.1845667,-0.6533796,0.01169072,-0.90270644,-0.38043836,-1.31449,0.113749705,-1.4745928,-1.7046868,-0.5255606,-0.601617,0.5191618,0.34572548,0.65085787,0.29676378,0.14104979,-0.61244464,-0.67870885,0.123189986,0.5765999,0.68028975,-0.4534026,0.67831457,1.1542083,-2.0001316,0.90830415,-0.48719645,-0.381665,-0.85801005,-0.47087395,-0.017004954,-0.32821003,0.1143368,-0.59505016,-0.22730066,0.5543345,-0.6808311,0.36290792,-0.6336868,0.64251286,0.87394804,1.0741978,0.4422057,0.3525309,0.77805424,-0.3655313,-0.62086034,0.5950288,1.039756,0.19510181,-2.6836376,0.8295398,-0.13312265,0.3027859,-0.54435116,0.32275692,-0.9732039,-0.5781545,-0.84485644,0.9064027,-0.1427748,0.6792875,0.62399185,-1.4156673,-1.251201,-0.36784127,-0.7732521,0.035099052,-1.2370949
-0.29985,-0.54673815,-0.35715607,-0.0026884465,0.18635395,0.5725345,0.8995163,-0.18285815,-0.4396653,-0.9314625,-1.433843,-0.27218923,0.72163224,0.21958485,0.2843755,1.2344534,-0.35254088,-0.621178,-0.23997842,0.55841684,0.0060152956,-0.8124961,-0.17270102,0.34387577,-0.26847446,0.47467467,-0.84093523,-0.58831865,-0.5964805,0.16521432,0.637068,0.3083249,-0.087842315,0.58978605,0.74720615,-0.4473322,-0.4870667,-1.3162225,-1.1203448,-0.3059993,0.19125785,0.9997054,-1.1249207,-0.39387608,0.2868497,1.0182322,-0.3063311,-0.84049183,1.0510434,-0.66568834,0.71010965,-1.1516473,-0.73594254,-0.21958499,0.11697462,0.221182,-1.1668075,0.44319668,-0.26036626,-0.011004856,0.08201424,-0.27085283,0.17171507,0.6280202,-0.47422716,-0.9005213,-0.41225278,0.1674502,-0.15883607,0.34267738,-0.6016662,0.9519446,-0.73988247,-0.55646735,0.8674155,0.37996396,-0.3585588,-0.38313016,0.13377984,0.20699738,0.26453263,1.4583799,0.42406735,-0.06195533,-0.56513476,-0.7865185,0.23295638,-0.088647835,-0.27647203,-0.87124616,-0.080060124,0.07687853,-0.51801866,-1.070032,-0.6760424,0.33888206,-0.2712699,-0.90908664,-1.8516139,-0.21024446,0.51333445,0.24251527,0.31684598,0.41545054,-0.32166988,-0.8355863,-0.58581305,-0.88609475,0.6034736,0.9324455,-0.5195419,-0.004999841,-0.21934201,-0.36358452,0.17845273,-0.437358,-0.17507496,-0.46166703,-0.22985423,0.40200064,0.19351837,0.023407381,1.2027819,0.7946607,-1.2283834,0.6078078,-0.027906844,0.42271352,-0.2669975,-0.1939181,1.3443102,-0.7840656,0.2779163,-0.50477695,-0.7530458,-0.40040514,-0.92014575,-0.53101856,-0.10273014,0.035766903,-0.48428568,-1.403846,-0.23883328,0.6853335,-0.24756868,-0.541128,-1.0082189,-0.20717698,0.16681622,-0.5544719,0.21029209,-0.37360573,0.09304619,0.17072347,-0.36322471,-0.079256006,-0.33386663,-0.18074954,0.006603402,0.57687503,0.0110264355,0.792583,0.2897622,0.20306696,-0.21279958,0.3609931,0.47095472,0.51526046,-0.5008806,-0.21952313,-0.44879624,-0.010349027,-0.20754929,0.35342446,-0.26299825,-1.0431198,-0.96182096,-0.58121234,-0.29648918,-0.756211,-0.31277955,-0.80431443,-0.93148726,-0.19557934,1.3061465,-0.9308912,0.35642442,-0.70168537,-0.030996542,-0.20977232,0.40478906,0.5498494,-0.9002889,1.0580293,-0.09286645,0.34469676,0.46767867,-0.7303278,0.30122817,0.067841604,-0.36196336,0.24989837,0.7077751,0.4587589,-0.34071508,0.023167068,0.10929872,0.4230046,-0.0023468765,0.7876073,0.2326121,-0.36909914,-0.48869723,-0.38981986,-0.69265985,-0.28101557,0.98934895,0.14479342,-0.9311603,-0.6663339,0.20570336,-0.032073114,-0.49004355,-0.047483437,0.59366834,-0.0021671988,0.28657877,0.03869852,1.0346354,-0.33167306,-0.20797426,0.9407313,-1.0899411,0.7889583,0.26614603,-0.35391447,0.31336677,0.79632825,-0.48044536,-0.1951479,0.1093509,-0.6545959,-1.154716,0.05882019,0.6386336,1.0295699,0.549676,-0.2080458,0.1945161,-0.5404622,0.73650295,-0.15104337,-0.46957344,-0.64515126,0.13304466,0.33044314,-0.29352725,-0.39771926,0.06734265,-0.2752379
-0.34923834,-1.0101565,-0.3987973,-0.11436005,1.8005552,0.32220408,0.8586609,-0.14849992,0.09496648,1.5933872,-1.4808581,-1.7927899,-0.42379355,0.57639736,1.3513482,2.737895,-0.29211456,0.6564166,-0.6327995,-0.4929681,0.6673141,0.07531246,0.565988,-0.644,0.011384614,-0.4628377,-1.9581537,1.0360117,-0.86603624,-0.39811394,0.021098964,-0.53358084,0.9604404,-0.121798426,1.633854,0.4776185,-1.5198449,-1.347616,0.17853017,0.56858516,-0.52887565,0.6736685,-0.3046245,0.054821037,-0.088660896,0.35872006,0.330336,-0.08325083,0.20082948,0.4781145,0.46048093,-1.0896891,-1.4196806,0.65279293,0.2380372,1.1657203,0.49309036,0.3309606,1.1498437,0.2693607,-1.3487914,0.47342166,0.52717173,-1.7524513,-0.27319685,-0.72488517,-0.8334327,-0.8885968,-0.4761047,1.2125889,-0.82816494,-0.5313564,-0.2334691,0.22306275,1.2022551,-0.91640764,-1.0553114,0.08436816,-0.35917807,-0.29884592,0.17049547,1.043548,0.78956336,-0.12970364,-0.664176,-0.015290728,-1.4262819,-0.047679167,0.21804915,-0.15090184,0.8513196,-0.5441547,-0.010494355,0.06390525,-0.22341463,0.52557075,-0.3401057,-0.70951635,-0.9308857,-0.119204715,-1.8732247,0.1955894,-1.4574783,0.03275313,-0.14250377,0.15681313,0.5928354,0.27787256,-0.26236856,-0.7002975,-0.033756763,-0.33403233,0.8303597,-0.077102534,-0.8316547,-0.329691,-0.16955703,-0.6920009,-0.38170332,0.6271093,-0.78682566,-0.23579851,0.18762721,1.5241202,0.28498977,-0.07401309,-0.36608648,0.08073981,0.04992132,-0.16855413,-0.10023456,0.2101901,0.060906116,0.396003,0.4647635,-0.8199156,-0.71216744,-0.6254681,-0.5990517,0.73386896,0.041763388,0.5761289,-0.56104094,0.5419133,0.3098448,-0.62874407,0.41837525,-2.1298566,-1.4464071,-0.43611062,0.8108298,0.8855247,0.7816787,0.16257706,-0.7938995,-0.6423563,-0.057621714,-0.37551057,0.27105814,0.6944034,-0.64629406,-0.7323202,0.63149893,-0.8351904,-0.25678158,0.84172237,0.22240955,0.2287362,-0.78224665,-0.19162247,0.02191321,-0.28989562,-0.51654536,0.53005177,0.678517,0.73964375,0.3164705,-0.17141742,0.30238158,-0.5094274,0.10686462,1.1101953,0.27953753,-0.07792296,-0.4577486,-0.17887956,0.42974192,0.665609,-0.0013215863,-0.36659762,0.48787913,0.10099205,-0.95288527,-1.3356204,-0.6346634,-0.12452149,-0.96178776,-0.18729636,-0.05784717,-0.2824854,-0.092495285,-0.3377175,-0.94983584,-0.23453751,0.23837188,0.7498378,-0.92058736,0.42026672,0.28809068,0.09496855,-0.20804891,-0.65077907,-0.7947259,-0.8455415,0.64613,-0.22286263,-0.3114196,-0.26476097,-0.26835573,0.99715114,0.28567538,-0.04563957,-0.64836264,-0.47692496,-0.92431873,0.078154035,-0.17694283,-0.19470447,0.8264552,-0.45129362,-1.2087104,-0.85031843,0.32576764,-0.28537825,0.20023218,-0.13159697,0.35373756,-0.026214298,0.806418,-0.79598683,0.56702894,-1.2089523,-0.21998121,1.1127865,0.24476016,0.97740227,-0.16744557,0.8571387,-0.29793093,-0.42756552,-0.4019935,0.1862985,0.15653571,-0.6378531,-0.66475046,0.3899828,-0.28884432,-0.81432223,-0.14228177,-0.58709186
-1.7416761,-1.3133998,-0.7970792,-1.5316751,-0.9147747,-1.0403785,0.4213061,-0.0493935,-0.4249524,-0.817101,-2.291768,-1.0630403,0.49691015,-0.36306134,2.08732,0.76788884,-0.52071714,0.08247354,-0.48553348,-1.0151026,-0.40254736,-0.61357975,0.29954255,-0.872901,0.3891411,-0.43824416,-1.0592295,-0.1047638,-0.4745989,-1.0765576,0.19696659,0.35218522,0.9969688,0.12113403,-0.1177484,-0.3488757,-0.24508472,1.0939153,0.13606311,-0.80487037,0.7350225,-0.0040105996,0.29450175,0.63638425,-0.31140703,0.12533642,-1.3518914,-1.2609121,0.28465608,-0.0018367092,-0.68069965,-0.08504488,-0.24674515,-0.604212,0.33530235,1.7829256,1.1865387,1.0059289,0.1924828,-0.5558633,-0.53260916,-0.03139215,0.18577208,0.5795558,0.20394409,-0.39696416,-0.046593424,0.7558896,-0.17583834,-0.5831608,-0.78716433,0.84583586,-0.24951744,0.0682714,0.4568601,0.50569427,-0.2468018,-0.6833138,-0.40780786,-0.17248364,0.7017372,-0.24339207,-0.087973654,-0.06276929,-0.4967811,-0.096714005,1.4876627,-0.36733565,0.28977853,-0.57343656,-0.352196,-0.5906943,0.31241202,-0.41680136,-0.48888817,-0.7127558,-0.5924565,-0.012771313,0.6340461,0.910102,1.5147824,0.32753104,-0.8499852,-0.7086944,-0.20927532,-0.97573954,0.32355922,0.8043652,0.23088782,0.11442266,0.21385463,-1.7045488,-0.5996481,-0.19574288,-0.029225178,-0.35066828,-0.87198067,-0.24147095,0.21502602,-0.4228696,-0.48288107,0.56648886,0.13391946,0.6837438,-0.30851847,-0.34780192,-0.6574461,0.8606127,0.050799582,0.31495687,1.2574463,0.10812235,0.31737962,0.5555786,-0.39835244,-0.07876434,-0.16769178,0.034897435,0.2810697,-0.025973903,-0.68591523,-0.5875427,-0.017710391,0.3586635,-0.61298794,0.6574731,-0.15069282,-0.27344412,-0.3419608,0.07017444,0.19687921,0.39619994,-0.24424832,-0.30045837,-0.13196443,0.9536794,0.62186074,-0.23915055,-0.5677196,0.23914222,-0.2428762,-0.32464647,0.6223017,0.39958882,0.266794,1.0303366,-0.24800305,0.41136745,-0.027879747,0.72749954,0.14660175,-1.6560231,1.264653,-0.18877165,-0.11971803,0.46398404,-1.2256669,0.1679444,-0.14667623,0.37711582,-0.41557422,0.7480145,-0.7347036,0.123434216,0.0021276348,-0.6643945,0.37824887,0.59363383,-0.23371942,0.9619538,0.3875584,1.4112512,-0.4739907,-0.9188127,0.42148536,-0.101775,0.42339146,-0.025676044,-0.14738217,0.09707998,-0.25698566,0.55661774,0.04963139,-0.0746605,0.6541469,0.429737,0.4996139,0.8606891,-1.12031,-0.63487214,-1.117741,1.1513209,-0.53544194,-0.10448327,-0.62593764,-1.1475286,-0.27664685,0.47841245,0.27263805,0.4348073,-0.45110083,0.7318005,-0.3704868,-0.21561529,0.407397,-1.6097881,-0.5397129,0.62641907,0.3021449,0.1613262,0.29358044,1.2779542,0.2613618,0.14823328,0.41841295,-0.5518405,-0.31052288,0.12386486,1.396184,1.6965357,0.11126167,-0.14387038,1.0880593,0.31212747,-0.021154149,-0.07112464,0.074354894,1.1082705,-0.7050884,-0.8090609,-0.49950746,-0.17929521,0.15514395,-0.90462273,1.2817539,-2.1910968,-1.0031383,-0.46464062,-0.806146,0.6641044
-0.6312492,0.08873017,-0.77170223,-0.7838746,-0.72448105,0.59012663,-0.92034054,-0.2565983,-0.03611287,-0.62109315,0.54352045,0.71623707,-0.13948435,0.619341,0.68359673,0.19463336,-0.060420893,0.16870767,0.16464159,0.18686017,-1.0137762,-0.05517366,0.5016572,0.53955096,-0.93510574,0.5025761,-0.2679731,0.5352458,-0.6566472,-0.6880452,1.1032625,-0.82841337,0.0028941613,-1.5291791,-0.6527103,-0.45310923,-1.9143485,0.7491488,0.09709974,-0.27940398,0.00020166635,-0.3757431,0.35790122,-0.732057,-0.33519167,-0.92625165,-0.7099729,0.66430813,-0.7684074,0.05662113,0.47764668,0.29669383,-0.6002733,-0.17907229,0.38545737,0.55615526,-0.835191,0.15850528,-0.8527925,-0.36750564,0.3968231,1.4615365,0.6234316,-0.010779766,-0.6376962,-1.0841206,-1.6592904,-0.028429896,-0.2885482,-1.0700413,-0.63265985,-0.3036004,1.1482564,-2.161717,-1.1559592,-0.7437014,-0.099858515,0.6616329,-0.38355774,0.5900633,0.45384133,-0.97133505,-0.41213,-0.582036,-0.48963514,0.3952473,0.0286729,-0.18616898,-0.48786837,0.532035,-0.55293614,0.67059296,1.4796082,-0.11773887,-0.044144306,0.8578597,0.5714979,0.88097167,-1.0780138,0.46791628,0.2764464,1.8181018,-0.5704022,0.04985108,0.069168195,-0.5957154,0.1453856,-0.84695715,-0.6509003,0.39473128,-0.9737954,-0.07576209,-1.0160099,0.7294821,-0.039342526,0.20740058,-0.34130898,0.49265483,-0.1707286,-0.7732931,-0.19795929,0.840237,0.49569768,0.16896793,-0.9054671,-0.91832715,0.46708336,-0.08777981,-0.908248,-0.3007295,-0.7739663,-0.54140925,-0.6350994,-0.3812657,0.38806027,0.0840087,0.48193043,0.329908,1.2035456,-0.44336215,-0.40276828,-1.5376484,-0.6135711,-0.35989475,-0.7468205,-0.1657515,0.2502505,0.58034825,0.66975904,-0.35988197,0.04941309,-0.39184994,1.0642719,-0.28042495,-1.5178506,-0.5443365,0.35598612,-0.8723991,-0.12536682,-1.2673376,-0.13707069,-0.8899955,-0.35603073,-0.013815907,0.13768479,-0.50823665,-0.9153968,-0.7076067,-0.29805943,0.75922287,0.19298619,-0.1353488,0.6431518,-0.6451994,0.5309238,0.42584887,-0.22316839,0.01891934,0.038125973,-0.67134744,0.5946475,0.07235644,0.19524561,-0.24636622,-1.5947595,0.39241844,-0.3913607,-0.05662765,-0.33003786,-0.19973762,-0.13954133,0.07351431,0.9728624,-1.5046922,-0.3486333,0.57331896,0.3703966,0.3179555,-0.019666098,-0.8840044,-0.22230662,-0.3047851,-1.1752,-0.4926347,1.1633233,-0.13544022,-0.5463082,0.7948278,-0.4501209,0.11584661,-0.09662721,-0.08489894,0.876394,-0.007229936,-0.39526403,-0.9372284,0.06608923,-0.44757485,-0.44207308,-0.6384535,-0.7626839,-0.96276855,-1.0099459,-0.36281484,-1.0918709,-0.019189617,-0.14781892,1.0507027,0.46121955,-0.104337424,-0.21642573,-0.052401986,0.7286705,0.61537373,-0.18109219,0.21070607,0.65406865,0.32561138,0.030366898,-0.02039714,0.47417307,0.7953888,0.20319982,-0.37014142,0.028125715,-0.22414325,0.27422228,0.5151073,1.1016421,0.7017487,0.016761009,-0.16578253,0.47488445,-1.1377099,-0.13252692,-1.0699944,0.24275228,-1.0064087,0.08391901,-0.2768164
-1.339786,-1.1748706,0.98646075,-0.012401658,0.6973246,0.32200566,0.3756517,-0.22683658,0.6266831,0.7789963,-1.6583031,-1.19223,0.032885864,-0.4620394,-0.07677543,-0.9474883,0.33109614,-1.5920228,-0.6736475,-0.1715527,-0.6525979,-0.51510376,0.6201274,-0.059238147,-0.3471357,-0.03828677,0.722295,-0.6248773,0.85230505,-0.7901919,0.057741765,1.251736,2.075304,0.05526996,0.03521295,-0.18750568,1.188615,1.1586659,-0.9945544,-1.1026678,-0.18421331,0.72701466,0.17805912,0.2457377,0.93058175,0.2409546,0.6560071,0.7013337,0.1861415,0.19261086,-0.2699258,-0.37234735,-0.32084587,0.9005232,-0.6496307,1.9848027,0.3067326,0.21538354,0.7360917,0.31427968,-0.841146,-0.83763,-0.2542011,-0.7557396,0.13421364,-0.4713047,0.36410242,-0.04615176,1.0566132,0.12566683,-0.21281597,-0.42284885,-0.55569714,0.23201191,1.2901297,0.86123663,0.25103566,0.17403306,-0.6335898,-0.11275072,-1.0228897,-0.16275781,0.472734,-0.26800013,-0.045788955,-0.39147577,-0.63771254,0.06915554,-0.17523254,-0.2809659,-0.16471009,-0.9962821,-0.29826322,-1.1936138,0.19580805,-1.3179462,-0.6968757,0.050951105,-0.11800983,-0.25019726,0.9575243,0.28986973,-1.0817993,0.50107706,-0.13470414,-0.43762457,-0.51432073,-0.550815,0.4937611,-0.54600835,-0.3525132,0.56273174,-0.24307549,-0.36249465,-0.017110547,0.10169083,0.6436408,-0.31633425,-0.7397278,0.7314707,-0.59060353,-0.96639496,-0.17771114,-0.091993205,0.5981674,-0.6459564,0.85433716,-1.5307789,-0.42241117,0.21920285,-0.8736396,0.97272176,0.39006114,-0.15602373,0.5710112,-1.5412658,-0.94152397,-0.5278617,-1.7557001,0.43150598,-0.14648232,-0.5354174,-0.50363153,0.47680625,0.28561497,-0.48393887,-0.09746697,-1.0199728,0.66435325,-0.034728553,-0.052199107,0.819147,0.8101423,0.49700096,1.4959096,-0.18985778,-0.9218941,-0.1460517,-0.5278881,-0.62204635,-1.2155676,0.25180897,-0.3491598,-1.693509,-0.7971912,-0.04708568,0.18783613,-0.39359495,-0.27667403,-0.42609227,-0.60611856,0.60263526,0.31144696,-0.9884776,1.0100979,-0.32850772,-0.020482605,0.8439308,0.13845846,-0.24385972,0.00022106631,0.45148978,-0.8004306,-1.5571111,0.30655625,0.5338683,-0.07774378,0.88141567,-0.53330165,0.95562875,1.0759536,0.65648603,-0.20291872,-1.2630854,0.21570294,-0.9585718,-0.027595602,-0.18389717,0.28106117,-0.24055158,-0.096710116,0.67723775,-0.4626109,-0.5635883,-0.03363319,0.3334361,0.7525139,0.22362371,-0.24620685,-0.09495158,0.16562797,-0.6482547,0.18560812,0.8893323,-0.1343289,0.4606418,0.11535757,1.3782539,-0.69545513,0.57754743,0.33433834,-0.7834827,-1.2642968,-0.4105308,-0.5646356,-1.1960709,-0.48945153,0.57941,-0.24052778,-0.122817546,0.011889423,-0.29195356,0.20542918,0.21938261,-0.76104814,1.0275244,0.30197313,-0.332197,0.044727486,-0.6181739,-0.7702159,0.72436035,0.47272247,0.3016376,0.32946664,0.20492381,-0.7082491,-0.74984604,0.42877564,-0.8000257,0.6366725,0.4785076,0.013417863,0.645243,0.54081744,0.4591404,0.25556195,-0.7769282,-0.3620435,0.108620815
-0.22867629,-0.29828712,-0.049563114,-0.94887096,0.068331905,-0.5825986,1.3387699,-0.6313128,-0.5431171,0.10797322,-0.9322476,0.6357636,0.30325353,0.14008994,0.04203052,-0.04321504,-0.19500886,-0.40189067,0.91716194,-0.6926326,-1.0006778,-0.4815107,-0.82781494,0.514663,-1.3575333,-0.3537302,0.5929595,0.13392858,-0.8764945,0.31954405,-0.16518034,0.3131786,0.93405163,0.059680007,-0.53348917,-0.20967127,0.1421054,0.067712344,0.73253626,-0.33280724,-0.6714693,0.3319037,0.29364628,-1.0265137,-0.5343871,-0.5779516,0.40179583,1.8059843,-0.2986657,0.04748172,-0.6940112,-0.94952667,-0.31109676,0.18770753,1.2804959,-0.80874985,0.27968082,-0.5432815,-0.9749272,0.08548685,-0.38613638,-1.1356078,-0.17953585,-1.4238552,0.4039735,1.1838766,0.3896046,-0.9921291,0.395324,1.1120241,0.07455465,0.32883415,0.21144475,-0.92901635,-1.7928948,-0.21787778,-0.08333977,-0.29885468,-0.29426813,-0.5990757,-0.5167953,-0.18240406,0.22006865,-0.29622436,0.010198629,0.4502324,0.5361003,0.3550503,0.16650367,0.3213256,-0.05154687,0.43854073,0.48279735,0.20023176,-0.62330776,-0.4848703,-0.6463662,-0.27869242,-1.2277153,0.5181145,1.0843607,-0.9206421,-1.5286808,0.16950025,-0.40413427,0.21645176,-1.2543725,-1.7642009,-0.0056952382,-0.41392845,-0.6436014,1.5928967,-0.03847807,0.8942738,0.82479984,-0.7675365,-0.576298,0.82083786,0.18343844,0.67559284,-1.1673506,-1.0481136,-0.70145,0.07316309,0.64562345,1.0693095,0.43229565,-0.9216133,-0.0065924404,-0.63059115,0.5016121,-0.67404455,1.0140381,0.88570356,-0.5734207,0.5493098,0.5561477,-0.28664616,-0.5426086,-0.28868774,0.3799478,0.6141382,-0.3391138,-1.0238949,0.20845136,1.3758373,0.5238219,-0.35916954,-1.3156673,-0.18654199,-0.4311723,-0.3292051,0.3873553,-0.41613117,0.088883206,-0.5241595,0.0346052,0.45671573,-0.5589523,0.23023348,-0.67162377,-0.26905704,-0.35777882,-1.1976209,-0.5979297,-0.6945263,-0.4016151,-0.49060795,0.12390227,0.34786442,-0.7529476,0.7641157,-0.6444077,-1.1287178,-0.0028155006,-0.7590599,0.09717088,-0.9523794,0.508733,0.432317,0.5744763,0.24088861,0.30541903,-0.7205196,-0.8364669,0.62427956,0.28713134,0.32598785,0.09452511,-0.03629092,0.0321378,-1.4259421,0.26284674,-0.30191398,0.099942386,1.3116238,0.1390667,0.17105226,0.6853655,-0.32116258,0.085602574,-0.00019185414,-0.27934125,-0.36958995,-0.16258489,-0.8740204,0.64523745,0.4377806,0.6969529,0.20873633,-0.8892775,-0.103743024,-0.2250979,0.15818936,-0.027769962,-0.7882701,-0.15878652,-0.0022177037,-0.698229,0.44850293,0.63276094,-0.91032195,0.16633725,-0.26980704,0.16819985,0.17992876,0.3413165,-0.02164057,0.5761872,-0.059748497,0.610707,0.6684441,-1.0743347,-0.4575501,0.4190178,0.7299998,0.8728001,0.04551213,-0.095205784,0.31324652,0.0035597372,0.16029498,-1.0495539,0.5890789,-0.6922363,0.37258798,-0.9775662,0.14966373,0.7756221,-1.2018907,1.4993149,0.52869534,0.21263239,0.1987134,0.8494327,-0.83797204,0.28287065,-1.1231792,0.93930465,1.0837013
-0.56646633,0.06614432,0.1684513,0.09649087,-0.55533934,1.047858,-0.20620589,-0.7013262,0.43351436,0.39722896,-2.1277626,-0.4912516,0.67017,-0.32857388,1.7452356,-0.023671422,-0.2178741,-0.12540928,0.62035924,0.35330126,0.2616389,-0.5452135,0.4171342,-0.00030293988,0.106677495,-0.38059226,-0.1715198,-0.5974677,0.6703589,-1.2329087,0.29964304,-0.36434424,0.25534746,-0.022469867,0.30822533,-0.80023026,-1.1938851,-0.092278995,0.70917183,0.49278522,-0.6786077,0.47668862,-0.37725967,0.55338824,0.33065256,0.46770492,0.12441699,-0.57307595,-0.3391998,-1.2000337,-0.16158523,-0.37475875,-1.053893,-0.3250171,0.38273567,-0.09903391,0.28484583,1.2817904,1.0380433,0.75603455,-0.85411066,0.80861485,-1.0125188,0.8889054,0.09644667,-1.2192456,-1.0350361,0.31459746,-0.3985729,0.6775202,-0.34205115,0.5809669,-0.23498699,0.33683366,0.0774115,-0.022427088,0.12750858,-1.1024059,-1.2144,-0.7252486,-0.5025165,0.03396386,0.14904182,0.0687073,-0.7782825,0.7990253,0.26593098,-0.9563684,-0.39625242,0.55172884,-0.816295,-1.2266146,-0.49702778,-0.63875103,-0.17895433,0.47808272,-0.22137024,0.11614039,0.10444456,1.1481855,0.6939616,0.41306832,-0.4286328,-0.78063637,-1.9398377,-0.72132,-0.81306344,-0.8263115,-0.08091908,-0.0320825,-0.0029129682,-0.29779276,-0.61035097,-0.12868492,-1.2114044,0.85010934,-0.18724096,0.22800107,-1.108726,-0.106943674,-0.60460114,-1.5179393,0.9595003,0.1773548,-0.50486326,-0.48646176,0.35380432,-0.37734386,0.44667864,0.03260112,-0.8721947,0.9549757,0.4032171,0.37487546,-0.32194933,-0.40703845,0.5942501,0.18443318,-0.06204037,-0.18917635,0.478169,-0.26935622,0.91273004,0.43907517,0.43592292,-0.6298871,-0.9009676,-1.2852354,-0.16178279,-1.0205916,0.41815773,-0.49352115,0.42758986,-0.711837,0.36279714,-1.2455542,0.33761716,-1.7523113,0.8570718,0.16846581,-0.1260446,-0.1149071,0.6403466,1.2168001,-0.8375093,0.904073,0.83348155,0.28198144,0.05146899,-0.7305937,0.4246077,0.28222534,-0.26764017,0.003418761,0.12220766,-0.43737713,-0.82628864,0.32130688,0.5276464,-0.2666266,-0.17938863,0.81410664,-0.5084715,0.50021213,-0.71405756,-1.7501484,-0.23579322,-0.17134643,0.32805368,-0.6011111,0.015365035,-1.2394357,-0.107738204,-0.48800012,-0.11251789,0.091745146,-0.029588783,-0.009037003,0.28829584,0.10154421,-0.36858463,0.101868145,-0.4303489,0.13660493,0.57887226,0.29643875,-0.91288936,-0.097665116,1.0175363,0.18106191,-0.42162383,0.28569704,0.03323101,0.76341313,1.0283973,-0.033330448,-0.26804772,-1.6799927,-0.51111245,0.24467336,-0.7157313,0.42257226,0.45463005,-0.871745,-1.5892528,0.30932048,0.6262979,0.04557617,0.031174384,0.5884829,0.46914244,0.07997959,0.30233216,0.45354053,-0.62985677,0.74285764,0.9629914,-0.42482337,0.20155962,-0.8999176,0.13759054,1.320719,0.84721434,0.7579434,1.2649152,-0.41435024,-1.45671,0.5724279,-0.0004234363,0.020332554,-0.5530122,-0.08976166,-0.72663045,0.5034679,0.58853745,-0.23968045,0.07485547,0.14673732,0.2001077,-0.38744608
-0.28018835,-0.4136355,-0.16932334,-0.83768815,0.009996628,1.0683402,0.3158117,0.95452964,0.12345758,1.7211363,-1.1099688,-0.97389907,0.5958588,-0.9527365,0.6134785,1.2978622,-1.1009537,0.011593319,-0.42024612,-0.49294925,0.36111936,-0.97143394,0.67190593,-1.021267,0.44322124,0.79308784,0.25222012,0.018398093,-0.2644125,0.46438557,-0.7589914,0.02465312,1.822837,0.51028097,0.2712101,-0.69514203,-0.44294629,0.08504925,0.53356475,-0.3234871,-0.61215806,0.9285317,1.4916217,-0.8380739,0.56069577,0.56376785,-0.24669768,0.16335283,1.4182041,1.1343821,0.3866125,1.2133532,0.23185399,-0.23138377,-0.181041,0.45549804,-0.03937822,0.57631856,0.48798725,0.042054757,0.3813183,-0.2891914,0.71211845,-0.6071113,-0.19013359,0.04412195,0.24257639,0.053740747,-0.063235454,-1.1492568,-0.53692144,0.06955088,0.34597123,-0.765919,-0.9387682,-0.3332482,-0.37955678,-1.04575,-0.13556542,-0.76229656,-0.96033293,-0.37453866,0.13032478,-0.21509051,0.09395723,-0.49143815,-0.56175727,-1.1706198,0.28472432,0.06566772,-0.122166194,0.6411432,-0.21874063,0.20393373,2.0044374,0.7618459,0.119168654,0.057880603,1.2308208,-0.449924,-0.85473216,0.12860294,1.2786995,0.68757373,-0.43151045,0.27812046,0.26648128,-1.4467753,-0.71623784,-0.34069243,0.5117187,-0.19223109,0.0940363,0.09871035,-0.8318267,-1.3029044,-0.7626115,-0.4498956,-0.18398803,-1.0142941,-0.872813,-0.4997421,-0.8810759,-0.75609523,0.52762395,-0.55573946,-1.2452892,1.1084613,-0.9722473,0.20840617,0.11374992,0.5039619,-0.46093026,-0.41634035,0.06959391,-0.5159842,-0.79222095,1.634847,-0.62385684,0.45837826,-1.1318489,0.24569227,0.26376873,0.39628416,-0.3050747,-0.15994395,-0.45021698,-0.92640734,-0.22403058,-0.49390626,-1.8328502,0.20184222,1.3223517,0.39561728,-0.496496,1.2611786,-0.64472014,-0.8288258,0.38688,-0.603806,-1.6311014,0.2705513,-0.41973755,-0.1311969,0.4390203,0.527052,0.54254466,0.35828388,0.38748926,-0.13038465,-0.10196434,-0.6689196,0.2541855,0.6712968,0.57242805,-1.2558188,-1.0221704,0.090957694,1.1142215,0.29769176,-1.3018872,-0.25339705,1.1486629,0.6128606,1.6178949,-0.6294496,-1.6786156,-0.6796717,-1.0420265,0.028985023,0.20139968,0.04642754,-0.6146131,1.1713943,-1.26416,0.53117776,-0.066960774,0.2416615,-1.3263,0.6913588,-0.4417263,1.2674129,0.27741134,0.48752567,-0.32999256,-0.38888925,0.2567878,-1.3084497,0.6976306,-0.66204005,0.053420026,-0.4300217,0.42518228,-0.7137294,0.83085465,0.39113176,0.7422621,0.12096549,0.8566516,0.7056355,-0.43929213,0.037722964,-0.14236474,-1.4601469,-0.8264272,-0.63569516,-1.0675914,-0.26898682,-0.25197527,-0.40064228,0.23253761,0.5119947,0.34112543,0.35045487,-0.7689635,-1.6931121,-0.19168894,0.7087874,-1.5801643,0.576626,0.034008726,0.47261643,0.76559025,0.4706928,-0.9016511,0.43212658,0.8486255,1.2155502,0.57010835,0.8666364,1.6846544,0.40095517,1.3188719,1.2734547,-0.4649368,0.8730244,-0.014867933,0.05738464,0.48794842,-1.2241774
-1.1117535,0.080453426,0.06925332,-0.6828515,0.20359021,-0.9154255,-0.21885811,0.1622284,0.17447495,-0.5975398,-0.21400563,-0.97467697,0.5282187,0.35282317,0.75142527,1.0733656,-0.5403759,-0.38724288,-1.4733554,-0.13883549,-0.5717162,-0.20230746,0.2987612,-0.06379932,-0.4843533,-0.6114687,0.49537823,-0.19590463,-0.25882113,-0.40321717,0.31717777,0.17385375,0.47855988,0.50110143,2.1057634,-0.5372594,1.1468005,0.37476107,-0.22746152,-0.18790504,-0.74234563,0.41290027,1.0975041,0.2955937,0.2473093,0.36970672,-0.40798125,0.72206956,0.13049349,-0.68766576,-0.29041353,0.002961038,-0.08301118,-1.1213111,1.0904037,-1.2001663,-0.9807838,0.29236197,0.018469434,1.3484497,0.8242502,-0.20740432,-1.1103287,0.04924904,-0.27590686,0.25176683,0.5729102,-0.6087117,0.73007923,1.1129583,0.62270886,-0.09264296,-0.50281405,-0.5524258,0.51456136,-1.5535957,-1.1202244,0.21100079,-0.4928565,-0.044619553,-1.256184,0.2708736,-0.05890614,0.6548172,0.4443034,-0.05833221,0.49845967,0.17240265,-0.548548,0.8502861,-0.6472179,0.31906936,-1.3923717,0.7963369,0.35615724,1.7568909,1.3948934,0.43003613,-1.1329095,-0.85296077,0.99701184,0.10081896,0.27894038,-1.7126683,-1.2423156,-0.21129678,-0.9254576,-1.0575548,-0.34317148,-0.99359816,-0.29651245,-0.7065813,0.6858904,-0.09220156,-0.6692783,-1.2774811,-0.2781223,-0.23898315,-0.8158277,0.79752076,-0.40486306,-0.6289347,-0.5643874,0.19874297,0.011304668,0.49363068,1.4587891,0.3690523,-0.50836235,0.7408276,0.16598871,-0.10755175,0.098609336,0.9977807,-0.88300204,-0.9723986,1.4661522,0.7753795,-0.76978564,-1.393305,0.1319957,-0.63818085,-1.3106818,-1.0021805,0.4649666,-0.008373863,-0.6200796,-0.36224928,-0.5314559,0.16732658,0.07750115,0.2743948,-0.924159,-0.053896133,0.31385377,0.75218076,0.75820774,-0.72201353,-0.15641125,0.7924863,1.3252008,0.107025266,0.66083515,-0.23434953,-1.8549403,-0.013635664,-0.8814857,-0.7844253,0.056244984,-1.0480202,0.25664294,0.09303322,-0.57034457,1.1721363,-0.15672511,-1.022009,0.1330154,0.68377995,1.3696761,0.044908315,-0.7558673,-1.0634938,0.45606223,0.2680373,-0.81882215,-0.31502223,0.14137775,0.05827128,-0.8443593,-0.14152017,-0.4052797,-0.029311523,-0.045756504,-0.19707406,-1.3393829,0.71215016,0.2863578,-0.2904927,0.21383393,0.31317657,-0.42379558,0.301673,-0.19569863,0.28514093,0.14092667,-0.5853732,0.0040232404,-0.6370685,0.9658759,0.73080516,0.57674056,-0.608769,-0.64074844,-0.47357926,-0.028439023,0.7847406,0.8942392,0.062615916,1.0319573,0.5082445,0.1561737,-0.323257,-0.4503439,0.87678427,-0.37173167,-0.09530071,-0.6281407,-0.086654074,0.14299291,-0.46217528,-0.3231052,-0.21423186,0.31370318,-1.215232,0.09149327,-0.09335026,1.633307,0.44343698,0.07183592,1.117516,0.18827532,1.3968724,-0.7989668,-0.07261395,-0.41654825,0.51217806,1.3575402,-0.8784218,-0.5687559,-1.3438334,0.06570714,0.732974,-0.6428506,-0.75033104,0.43119472,-0.14885502,-0.467101,1.0545523,-0.6529112,-1.2495273
-1.2935872,-0.29539227,-0.84621334,-0.6329598,0.4526374,1.2571744,-0.40454692,-0.024679827,0.30154255,-0.18243341,-1.3397907,-0.06796597,0.15190987,-0.27300024,0.5753337,-0.00013391754,-0.12101011,0.60138565,0.28056648,-0.088923045,-0.2527389,-0.15466961,-0.43772638,-0.6793788,-0.5294503,-0.45021605,-0.6554093,0.73344487,-0.4643278,-0.32596728,-0.8156089,-0.69935447,-0.18848883,1.2143552,-1.914422,-0.72509027,-1.4706571,1.0122023,0.21421367,-0.0831251,0.39809558,0.11707093,-0.28088462,0.7477601,0.11346487,-0.12157981,0.334799,-0.12735851,-0.21914595,0.54217774,0.6976809,0.5113645,0.19593038,1.0253378,-1.2229296,0.89487106,-0.49218535,0.4832486,1.8239318,0.372334,-0.55460215,0.3225622,0.73793834,-0.5125863,-0.67472464,0.19229312,0.15583028,0.23756744,-0.06672759,-0.8477231,-0.24610381,-0.11183926,0.17370963,0.0370235,0.030528592,-0.006711104,0.2370145,-0.26798964,-0.37031406,-0.5137812,0.35035124,1.4264722,-0.5472157,-0.054113705,-0.84086126,0.44450468,-0.015218852,0.31022584,0.35202837,-0.37233508,-0.77996045,0.06405712,-0.41376942,-0.46818122,-0.50338113,-0.41525808,-0.17475618,0.9404354,-0.41284144,1.191087,0.25390208,-0.3084271,0.6071324,0.06658768,0.66369134,0.667386,0.8942307,-0.7131387,-0.6621734,0.46124354,-0.6151722,-0.0763303,-0.9168921,0.30688825,-0.47920027,-0.19448116,-0.35473946,-0.894698,-0.8412464,-0.7309769,-0.17120436,-0.78023714,0.4558652,-1.0124811,-0.27211532,0.70861,0.17835552,0.09146469,0.56715786,0.13970675,0.3250252,-0.3807728,0.42795888,-0.2635455,0.33196148,-0.56733483,-0.44059306,0.4516975,-0.41285473,0.9060551,-0.70254856,0.32026625,-0.77418345,-0.8944814,-0.36179525,0.46419454,-0.642072,0.31567496,-0.9210413,0.4802595,-0.56959414,0.2933801,1.2618585,1.017359,1.2807412,-0.4213501,0.52930546,-0.72286797,0.43900254,-0.3500649,-0.6304988,0.16482346,-0.43655178,0.70794135,-0.8645405,-0.2461574,-0.7163472,-0.114340395,0.21459918,-0.05292234,-0.28857565,1.0057805,0.093484744,0.67890507,0.46097574,-0.5946862,-0.97276086,-1.0651196,-0.96306956,0.4366827,0.2713559,1.0943893,-0.07076371,-0.96010447,-0.5128682,0.30976394,-0.30905738,-0.42222157,0.14058045,-0.37367597,-0.23140463,-0.71904796,-0.15077235,0.23284668,-0.0051094773,0.51633644,-0.26075602,-0.84976405,0.7411983,0.30990514,0.715646,-0.28973407,0.015795015,0.37022054,-0.3480682,-0.12684397,-0.12544602,0.6203225,0.7042088,-0.16307576,-0.34088022,-0.22699238,0.0021859673,0.16995531,0.5560686,-0.18469943,0.2641361,-0.65839547,0.061706558,0.9285956,1.2700096,0.058388833,-0.77262205,-1.2870021,0.7300655,-0.8499778,-0.7932189,-0.41221723,-0.5128252,0.36841136,0.5305466,-0.6768556,2.4299362,0.24751793,-1.1169473,-1.2243549,0.3932549,0.4508504,0.9539115,0.15985374,1.1355021,1.7960814,0.6338403,0.0719088,-0.39517176,-0.70348924,0.5354161,0.79764867,-1.2764909,0.19001046,-0.3759723,-0.48465943,-0.22988756,-0.45488673,-0.7940697,0.34319118,-0.826365,-0.46209958,-0.33762997,1.1346539
-0.9585177,-1.3977821,-0.30745366,-0.06543735,-0.6044631,-0.25926894,-0.07665851,0.2088172,-0.31905866,-0.49360055,-1.2133602,-1.0572832,-0.58763766,-0.9120518,-0.42848352,-0.37279454,-0.22156428,-0.64835936,-0.5245324,0.28466362,-0.15582079,-1.0236603,1.0108619,-0.58330125,0.5256522,0.58645827,-1.002803,-0.56862384,0.21169642,0.6467564,-1.4387181,-0.24870022,-1.4599969,0.17055589,0.2013912,-0.59315705,0.6582349,-0.78612113,-0.36587694,-0.1430916,-0.39385772,0.15956496,-0.28749344,0.26003766,0.07978788,-0.7436311,0.5520788,0.70541555,-0.46953258,0.6390085,-0.101927206,0.0014320882,-0.44372824,0.52364177,0.1113847,0.5269273,0.4507021,-1.285336,-0.62313116,0.38332734,-0.40267324,-0.23244089,0.4231394,-0.353038,1.273724,-0.25294307,0.13116287,-0.40430877,-0.14165017,-0.45916414,-0.32388282,0.76276845,-0.4052536,-1.2409278,-0.49808568,0.21438721,0.4674781,-0.6117699,0.80758274,-0.078433156,0.44734702,-0.14766541,-0.19676226,0.4602667,0.022855585,-0.015437596,-0.43798155,0.2067214,0.69219303,0.80401456,-0.0740909,0.9636213,0.8700595,-0.6529688,-0.62540495,0.5669206,0.46626666,0.33879605,-0.17010178,0.93722194,0.5280789,-0.16505693,-0.50054616,0.21593493,-0.4667914,-0.009837092,1.1526406,0.2273003,-1.315763,1.235147,-0.5517304,-0.47436684,-1.2105055,0.39651027,0.23933338,-0.42745686,-0.6063429,-0.7933871,-0.66181374,0.3925908,0.50404215,-0.011442527,-0.05489946,0.83021945,-1.369966,-0.7284933,0.005369929,-0.03205139,-0.63049215,-0.23863308,0.7019457,0.48551378,-0.10701395,0.4393345,-0.24426408,-0.44824603,-0.13253298,-0.3261722,-0.04343519,0.08764727,-0.29203442,-0.99806666,0.80746365,0.77214956,-1.522196,0.007521155,-0.929427,-0.9707128,-1.5637715,0.9913369,0.0158961,-0.38795835,-0.034203805,0.39971688,-0.38694102,-0.28915223,1.004162,0.15353279,0.9330481,-0.75535214,-0.46778366,-0.16178672,-0.6200126,-0.4332202,-0.50556695,-0.335916,0.42539805,-0.45468488,-0.42949107,-0.65644,0.7609161,-1.3520111,0.20393121,-0.8422563,-0.17178424,-0.6082654,-0.13544102,-1.2761143,-0.70022285,-0.33209738,0.6818957,0.23626705,-1.1868957,0.18341671,-1.0589541,-0.35593697,-0.6671842,0.109632425,0.15326633,0.3275021,0.23864807,1.568674,-0.25347865,0.6314249,-1.0256517,0.6038345,-0.7729566,0.77320135,-0.66319835,-0.88166046,0.22150715,0.43404448,0.38323003,-0.52506834,-0.05367595,-1.1681253,-1.3847616,0.3759526,0.46904546,0.63951874,-0.032983083,0.5123112,-0.489955,0.23733485,-0.02200443,0.20954046,0.0363684,-1.5724846,-0.02789646,0.02367359,-0.04282201,-1.415186,-0.27771962,0.49225545,1.1054199,-0.75160325,0.08844709,0.39211684,0.3095336,0.14968115,0.012228023,-0.37439522,-1.1146955,1.4860651,0.14451784,0.027861733,-2.3338642,0.075454734,-0.42857018,0.29381707,0.5092549,1.4548507,-0.5033163,0.8643387,0.81877816,-0.3822242,0.40781158,1.2119503,-1.0712893,-0.8229992,0.6552029,-0.0992053,-1.4592352,0.9277151,0.21070966,0.50085336,-0.23247457,-0.0071991095,-0.78130716,-0.28765303
-0.5182162,-0.89235926,-0.66384584,-0.5888752,0.45625266,-0.29858604,0.34529388,-1.1239636,0.7462637,0.082379825,-1.6301297,-0.26626378,-0.18172218,-0.10792084,-0.2674982,0.5501964,-0.1960002,0.6410382,-1.3606639,0.7809843,-0.2868831,0.015815033,-0.5793615,-0.17261732,-0.7807251,-0.19767751,0.6974797,0.732116,-0.3671392,0.33184546,-0.2965371,-0.072660916,0.21322167,0.4572621,-0.8601133,-0.3948815,-0.17424633,0.020606311,0.36031893,0.53732955,1.5313737,-0.47806898,-0.20118731,-0.16512161,-0.11778963,0.73255366,-0.27377436,-0.17526631,-0.33316755,1.1485406,-0.2994399,0.19547169,0.25820273,-0.3961315,0.6538663,-1.0372936,-0.70769745,-0.21454807,-0.62158287,0.396354,-0.094463974,0.6617992,0.7503769,0.59468913,0.3407411,-1.0554903,-0.06144893,0.95870334,-0.63233936,0.11650345,-0.23819478,-0.18224667,0.19283251,-0.6776612,0.32781208,0.19849728,-0.008463932,-0.9902575,0.3857982,-0.25905907,0.40986982,0.046429355,-0.106380425,0.011811906,0.37055206,0.17271072,-0.6805914,0.05365512,-1.0451822,-0.079898186,0.8225187,0.71349746,0.53087115,0.36925355,-0.3962945,-0.15555133,-0.8352617,0.3364506,0.104199514,1.4655424,-1.2125032,-0.48462585,-0.0910896,-0.22840962,-0.30355313,-0.29635686,-0.7114295,0.34848082,0.3230644,0.59091944,-0.086450085,-0.37572873,-1.2153298,0.88192457,0.47070432,0.20911717,-0.59460527,0.007152308,-1.0261189,-0.006213571,0.099903606,0.04860035,-0.9892699,-0.29395127,-0.036896408,0.18258075,-0.3748628,0.5202012,0.29405195,-0.80239034,-0.29265785,-1.1835207,0.49162847,-1.1090169,-0.9736936,-0.7677415,0.4661226,0.13007922,-1.3582484,-1.0944511,0.4460812,-0.024386164,-0.65628254,0.43248355,-0.24100822,0.11935242,0.31271678,-1.5762355,-1.8569466,-1.9367512,-0.71300524,-0.30912971,-0.9698846,-0.3458655,1.0276886,-0.4469026,-0.8201588,-0.35980743,-1.2009823,0.4141211,-0.46435258,0.7139088,1.1237662,-0.6096663,-0.24241437,-1.1484104,1.1772394,0.05224186,-0.32545328,0.25051773,0.84972245,0.71675336,-0.22125725,0.24248983,-0.9241012,-1.0108339,0.50578046,-0.21222454,-0.29623356,0.9165943,0.7771522,0.03888256,-0.3660641,-0.341093,-0.16770743,0.15747659,-0.6547206,0.2686555,-0.45877364,0.018154003,0.31712675,0.2781557,-0.7913226,0.58912545,-0.0042729285,0.6350452,1.0693685,0.024114061,0.34624037,0.31041968,0.24285652,-0.5719453,0.5128177,0.15257753,-0.4937268,-1.57102,0.098862275,-0.26014942,-0.7054427,0.1975839,1.392031,-0.48891795,-0.13097516,-0.8692669,-0.20910415,-0.10668086,-0.5637502,0.18679237,0.02098028,0.29658473,-0.20730855,0.66359127,-0.21473496,0.22421327,-0.39874375,-0.87719387,-0.3103074,-0.20237651,0.29502288,-0.8019535,-0.60432565,-0.5057105,0.4106687,-0.53768414,1.1008049,-0.40005443,-1.1351699,0.12944709,0.5507871,0.5780295,0.23870763,-0.82388055,1.0439335,-0.84897536,1.2058693,-0.19559364,0.24658947,0.88320506,0.80233335,-0.54908967,-0.26473966,-0.047657873,-0.6898044,0.75258905,0.5652996,0.14064021,0.6129923,-0.19330242,0.52472353,-0.13790302
0.1095696,0.43824586,-0.046205647,0.22619125,-0.247699,-0.62637514,-0.28580326,-0.50081366,-0.6803894,0.4608956,-0.45527342,0.25586152,-0.23330675,0.93054396,0.3265411,-0.12803154,-0.4546928,-0.17786916,-0.1996669,0.4655876,-0.71855724,-0.03502714,-0.42936745,0.61690027,-0.07922887,0.69030946,0.058550775,0.76334924,-0.09903352,0.51112384,-0.17949562,-0.64714825,0.12856486,0.25442424,0.023281638,-0.44217345,-0.8934016,-0.003099328,-0.20198162,0.51121294,0.50278044,0.020418525,-0.6222644,-0.9729171,0.1236596,0.6441792,-0.13112678,0.65427494,-0.15370674,-0.09379643,0.18170425,0.2167472,-0.20901698,-0.07590987,-0.107377276,0.2270694,-0.50486034,-0.89600885,-0.2877728,0.04947942,-0.4099593,0.20694497,0.12077006,1.1309968,-0.5934027,0.29361695,-0.0233773,-0.78118294,0.9962006,0.07322502,0.17234778,0.5812915,0.6686952,1.1232462,0.61895293,0.30860546,0.10982876,0.5907445,0.04267946,-0.009737803,0.6601088,0.5036669,-0.5545958,0.19239557,-0.21190311,-0.59070724,-0.88060766,-0.15833226,-0.09609493,0.056953955,-0.12694672,0.08820888,-0.09508117,-1.0647694,-0.25691962,0.09901866,0.22178274,-0.1709572,0.3711991,0.43255505,0.5663799,-0.4110374,0.51362413,0.43093318,-0.8298321,-0.86323345,-0.5614343,-0.61606073,-0.77519095,0.43615115,-0.014463884,-0.51684105,-0.11835888,-0.6815781,-0.42792612,-0.3598569,0.048013676,-1.4196377,0.0889377,-0.5594719,-0.33331674,0.14939167,0.40364057,0.061533857,0.075881094,0.4928086,0.7317407,-0.18794389,0.263249,0.13649796,-0.20666903,-0.25535327,-0.17031075,0.100614816,0.112041846,-0.27177274,0.7553048,-0.9309375,0.38493407,-0.14692684,-0.188334,-0.50986826,0.5067699,0.5499882,0.70783246,-0.0979273,0.07577882,0.47877702,0.99782693,0.24537767,-0.07722926,-0.3487818,0.3566075,-0.14585023,-0.26313853,0.27151912,0.4311702,0.42777097,0.3132697,0.42064828,0.3975292,0.41858488,-0.21175851,0.9163573,-0.1461026,-0.7963248,-0.08925519,-0.25721735,-0.52555406,-0.15917438,1.2194754,1.0882567,-1.4767444,-1.5911793,-1.53365,0.16024874,-0.084501594,0.1850635,-0.8039553,0.3385068,-0.18109992,0.6715992,0.42407095,-0.13714463,-0.23451178,0.20804657,-0.002666115,-0.1949202,-0.5250731,-0.2914276,0.037004344,0.46673945,0.13317794,0.3718531,0.2073629,0.85556644,0.34503147,0.07730543,0.043354638,0.3819511,0.01445859,-0.26062837,0.11603094,-0.37228698,0.07492433,0.6776001,0.24498843,-1.1344912,-0.44595996,-0.41337064,0.03510497,-0.1583709,-0.27253363,0.07537728,-0.2876755,0.16645506,-0.5428374,0.27000836,-0.4710077,0.8458522,0.04582695,-1.2224634,-0.19646895,0.15873699,0.3743737,0.45123973,0.038198214,0.5591446,-0.52249736,-0.027081845,0.09283661,-1.2774118,0.32392448,-0.27100527,0.12577133,-0.23385845,-1.2809813,-0.06235164,0.8691749,0.8922684,-0.420974,1.0573137,-0.49267095,0.14244829,-0.42524546,-0.4332535,-0.00043022458,-0.040833097,-0.97427374,-0.43891627,0.79445344,-0.6086464,0.00077042956,-0.21661997,-0.12684827,-1.5253323,0.0767046,-1.1007669,0.010071892,0.10665553
0.11786083,0.19184527,-1.1442342,0.16873482,0.5507647,0.3258229,0.99315315,1.3221484,1.0158805,0.13436027,-0.1143568,-1.5770246,1.28707,-0.45999995,0.19652006,1.3601056,-0.3118021,-0.31137288,-1.201974,-0.12701009,-0.7587304,-1.7026138,-0.24628308,-0.25718024,0.94588727,-0.18857433,-0.9881306,-0.33120653,-0.1323177,0.9959929,0.94507194,0.10265107,-1.100253,1.1954316,-0.5103067,0.39795002,-1.8481832,0.43693545,-0.0015208754,0.7867303,0.805668,-0.67749554,-0.07032973,1.9464109,-0.43980032,0.28480637,-0.58037174,-1.1030377,-0.56384414,0.640373,-0.42720547,-0.93965995,-0.3082336,0.20671627,-0.020172477,1.1721488,0.037268657,1.4428924,0.9808354,-0.32736534,-0.041655723,-0.3600648,0.37586296,-0.96464074,-1.2763752,0.2315872,-0.3130765,0.49644038,0.32413456,0.78737575,0.09032796,0.47274226,-0.16143577,-0.91055226,0.47207054,-0.19563782,-0.2686457,0.9056905,0.382082,0.21203773,-0.524248,-0.9459545,0.28305483,0.2629665,0.28773105,-0.2375855,0.16613142,-0.26154518,-0.10533931,0.19702874,-0.08375457,-0.23642941,-1.0153923,-0.20850989,0.3156778,0.1046316,0.62938684,-0.44877437,0.4969746,0.38443428,-1.0545765,0.023487404,0.8356253,0.6539016,0.28097814,-0.4052673,-0.2835065,0.028736047,-0.056264516,0.24895814,-1.4952391,-0.4422397,-0.60619193,-0.21295498,1.003506,0.15097514,0.2984415,0.57945144,0.5867374,0.9519876,-0.20883863,-0.27404472,0.29968137,-0.18049365,-0.9562794,-0.46048376,-2.0112994,-0.09664741,-1.4229305,-0.09210329,-0.049055405,-0.34372303,-0.044513386,-0.04025071,-1.3407215,-0.9522174,-0.15955345,-0.24216266,-0.7974777,-0.9503659,0.23824504,-0.49113968,-0.04635491,-0.3970525,0.73819935,-1.1493621,0.50350547,0.11442597,-0.016787667,0.42876595,-0.41980448,0.32802168,0.4442738,1.1750792,-0.6244241,0.41190985,-0.8490783,-0.13923989,-0.15426561,-0.79320836,0.8779776,0.23437779,-0.26367936,-0.8183681,-0.055818647,-0.4409826,-0.52262056,-0.46354187,0.017518185,0.78217864,-1.0558847,0.39338055,-0.55680984,1.410379,-1.1267419,-0.78134054,1.1467254,-0.008707353,-0.055418145,0.017904604,-0.7968997,0.23866005,-0.18710946,0.57571244,0.025003854,-0.76233536,-1.0373349,0.3335356,-0.6605,-0.8934759,1.3541272,1.740062,0.5394959,1.2259032,-0.5482201,0.18799216,0.48354244,0.918594,0.10194111,0.22968385,-0.7852224,0.22181882,-0.19465992,0.994038,0.17465061,-1.111507,0.80638033,1.2757916,-0.32704216,0.06758801,0.06465158,-0.78314584,0.17632936,-0.5343978,0.112931855,0.38354734,-0.5450562,0.955748,1.8731692,0.83444476,0.9925797,-1.3250357,-0.17114443,-0.02085594,-0.11922375,0.11694156,-1.2637337,0.21740365,-1.0509684,0.6744098,-0.03330306,-0.054705635,0.60799634,0.58521664,0.038310543,-0.8252186,-0.83805424,1.3370674,0.6617172,0.25219473,0.73147225,1.5473684,0.75632167,-0.26738754,0.5976534,0.23577282,0.098163635,0.42724267,1.8745393,0.787511,-0.2823894,0.49690512,1.0618399,-0.42133105,1.5076191,-0.6933372,-0.67372,0.112920806,-0.10573351,-0.50204194
-0.7737773,-0.5939588,-0.827561,-0.28398412,-0.7495376,-0.59734577,-0.023564802,-0.11678962,0.3849031,-0.45627877,-0.8088178,0.8943985,-0.8585373,-0.26279458,0.58996296,-0.7260087,-0.9954146,-1.6967252,0.21761619,-0.8827981,0.37749746,0.25824672,0.29821187,0.67675716,-2.0833826,-0.91020596,0.64037246,-0.09196768,1.3817034,0.3136835,0.40723088,-0.6115168,0.19478458,-0.9299372,2.4523647,1.2097037,-1.0559243,-1.0578977,0.0925681,0.11453466,0.08283287,0.68477446,0.63422436,0.2571882,-0.9376848,0.978968,-0.54120487,-0.6211054,0.7845752,-0.071620926,-0.51846784,-0.5504615,0.90690273,-0.6530001,0.6548474,-0.5375275,-1.2198235,1.5059336,0.47973377,-0.084926054,-1.5784997,1.2097809,-0.03847571,-0.34983215,-1.7315928,-0.7404928,-0.574428,-0.03946222,0.1219574,1.4065272,-0.17440593,0.38875434,0.123484075,-0.85605794,-1.364754,-0.65143925,-0.6029737,0.09608675,-1.1149826,-1.4746994,-0.32395178,0.76438475,-1.1569943,-0.45452312,0.343144,-0.07066441,-0.047809478,-1.2678088,0.46309382,0.5570351,-1.3655405,-0.38759243,0.6295181,2.0516996,1.560217,0.51406264,0.6977684,1.9114951,0.3272909,-0.25671405,-0.53946984,0.64472014,-0.38277692,0.82844865,0.03180272,-0.028911386,-0.4217227,0.80197954,-0.06487301,-0.525339,-0.73418015,-0.043001864,-0.06463864,0.039744463,-0.012044358,0.038129468,0.26048303,-0.3164867,-0.9833722,0.2927704,-0.16647132,-0.18578239,-0.43960938,-0.29244927,0.24435951,0.06903879,-0.13965903,-0.5618301,-0.7676076,-0.21015093,0.45161596,0.074991874,-1.1645861,0.20855717,0.008059464,-0.17993699,-0.63416636,-0.32114682,0.6356131,-1.543701,-0.34750155,1.003301,-0.6331589,0.56164926,-0.70956993,-0.22029099,0.79018843,-0.65967464,-0.50319254,-1.1717314,0.6457806,-1.3697523,0.13215078,-0.038141876,-0.16887711,-0.36761093,-0.5660508,-0.40230748,-0.37979445,-0.037630253,0.6105634,0.14661,-0.46030748,0.4734379,1.882311,0.26882383,0.041436363,-0.15703635,-0.054701563,0.052403655,0.74470663,-0.17697039,-0.36810225,0.18817438,-0.6092049,0.26781267,-0.17623056,1.9650323,-0.5410305,-0.016224373,-0.017401323,0.8554471,0.39218605,-0.20773683,0.82486516,-1.2715654,-0.6966258,-0.09662236,0.054037966,-0.18523408,-0.533794,-1.149763,0.15523925,-1.3212193,-0.8502846,-0.2304986,-0.06548594,-0.24291712,0.48128644,-1.0905515,0.569295,0.0261245,-0.35612738,-0.54458857,0.70559615,0.4254753,0.25113893,-0.38762665,-0.90506214,0.39377806,-1.3967093,1.3192128,0.3786498,-0.7098385,0.08141667,-0.14572014,0.14696506,-0.02365705,0.8610854,1.181435,1.1390486,-0.118959084,-0.37137327,0.29450575,1.6026598,0.7253435,-0.84984195,-0.16978529,-0.4625159,-0.41194504,-1.227378,-0.2182643,0.4517008,0.5276012,0.055391062,-0.7544597,0.7272262,0.07957762,1.3913194,0.31231603,0.7446308,0.70483416,-0.62074536,-0.86225224,0.85618126,0.5252941,0.833093,-0.7388908,0.0013204438,-0.41824782,0.3827991,-0.84478486,0.043084744,0.73834693,0.30898082,-0.2551951,0.16286156,-0.8118652,-0.18892027,0.24360481
-0.91863877,-0.16911224,0.05154102,-0.5876567,0.8637235,2.766581,-0.14311196,0.12615152,-0.18997426,0.004397161,-1.6326962,-1.4791764,0.1945421,0.39579847,-1.7303602,0.022719994,-0.98483145,-0.46898028,-0.55963016,-0.04149474,-0.882587,-0.90384185,0.2553866,-0.07599864,1.363971,0.8662937,-0.21092084,0.45284486,-0.46098357,-1.2181572,0.6823758,0.13872132,-0.71175414,0.14800261,0.7632158,0.013218384,0.38154685,0.06652043,0.6125419,-0.09560486,0.7148962,-0.049983084,1.3094187,0.2099919,-0.315549,0.14354078,0.3318865,0.702258,-0.6675505,0.71324,-0.37005323,-0.02807662,-0.38235518,-0.61381245,-1.5418184,1.0842001,-0.5700057,1.523018,2.1425433,1.417402,-0.8311929,0.032250263,0.061724212,0.55730003,-1.2389121,-0.3732372,0.2768397,-0.10422988,-0.10970567,0.6528962,0.10038588,1.1040405,0.6728871,-0.7503745,0.37082928,0.62127346,0.4068332,-0.33977616,-0.3959883,-0.2516822,1.2709787,-0.6524442,0.15448225,-0.44940832,-0.45731187,-0.1642198,0.783007,-0.3326333,-0.045753837,-0.29846534,-0.06009109,-0.3125346,1.060762,-0.12944736,-1.1950096,-0.50045204,0.86426973,0.9789231,-0.04818382,-0.29352978,-0.0637684,-0.90986824,-1.3238511,-0.38143033,1.0272818,-0.16487314,0.243828,-0.7110263,-0.7418752,-0.43915528,0.53393364,0.6059291,0.4458314,-0.3127545,-0.11990191,-0.8236022,0.7019126,-0.7548003,0.40321246,-0.06935424,-1.0151142,-0.25705522,1.4104921,0.2995448,0.091986656,2.4026368,1.2862791,0.37229207,1.3217691,-0.3175935,0.34536174,0.031227745,0.033673268,-0.4421852,-1.3176625,-1.2917509,0.24654321,-1.0807706,0.07710909,0.59898686,-0.586536,-0.4239603,0.8481967,0.69697756,-0.3102274,0.89262223,-0.53948426,-0.7739957,-0.49850747,-2.072407,0.2581941,-0.10639103,0.34384948,0.47180578,-0.7786205,0.2816619,-0.41596583,-0.25297588,0.40680373,0.33122838,-1.239341,0.3592495,-0.23302838,-0.61832476,0.06578806,0.45923328,-0.9733539,-0.5388133,-0.9414443,-0.13950294,-0.3175856,0.9175367,-1.1755066,-0.7636328,-1.6221739,0.428988,-0.52392554,-0.7100447,0.042418484,-0.07657873,0.9278403,-0.29749116,0.29544097,0.8879102,1.2789857,1.5725987,0.24782147,0.18758278,0.30363503,0.2107439,1.1291397,0.37244463,1.1035222,0.67065734,-0.3715537,1.2157406,-0.20516963,0.6010235,-0.5833771,-1.2805282,-0.27784154,-0.70003235,-0.97592324,-0.21708514,-0.14342447,-0.01715508,0.61298215,0.8539681,0.3318913,-0.96951354,-0.69196355,0.18072005,0.6996752,0.086605154,-1.5629067,-1.5492798,-0.8020948,-1.4580925,-0.060383733,-0.19167557,-0.4242366,0.3719411,-0.13918546,-1.0314164,0.4608066,-0.096932836,0.7498095,-0.18576092,0.16631603,0.62849754,0.20407505,-1.061181,0.8987586,-0.22311081,-0.18727413,-0.3626429,0.2670322,-0.8044891,-0.3223476,-0.32520604,-0.54037094,-0.56508255,-1.2712753,0.47671205,-0.577089,-0.5611191,0.5224537,0.86976147,-0.29602283,0.54860765,1.1627245,0.46310404,-0.31470323,-0.28546032,-0.42276552,-0.021015022,-0.09451325,0.12539825,-1.6914862,0.98474175
-0.68661404,-0.334558,0.13770626,0.027785227,1.6200333,1.6592399,1.2707264,2.1959293,-0.06308677,-0.61580455,-0.27382982,-0.09384014,-0.47827718,-0.11723918,0.69648844,-0.019943468,-0.64675224,-1.1878865,-1.4315698,-0.108847715,0.13316925,-1.1284847,0.79872036,-0.18156332,0.9892395,0.3867768,-0.17035066,-0.5809481,-1.3633149,-0.43913075,-0.32367492,0.062712684,-0.09460633,-0.42372158,0.39117396,-0.07691093,-0.65774834,0.49286643,0.053448796,0.28906578,0.067564525,-0.06585143,1.2602173,0.6544201,0.7035796,0.028396862,1.5719384,0.6947354,0.34256795,0.43717077,0.062548846,0.116713814,0.03861365,0.8065687,-0.4713194,0.7422555,-0.049563978,-0.3703043,-0.28196412,0.2628773,-0.4005329,-0.12636337,-0.105304636,0.701027,-0.59492606,0.20687145,0.64143175,0.13305694,-0.112406954,0.11637662,0.22339994,0.22645362,0.19337374,-0.9300342,0.21072324,-1.4996598,0.25943154,0.12340097,-0.07548788,-0.8456462,-0.46351135,0.409032,0.15363482,-0.79021955,-0.24605605,-0.011899991,-0.36777154,0.0062742634,-0.22625443,0.3200481,0.0021720105,-0.7535762,0.3369924,-0.8178887,-0.36481726,1.2358348,-0.37512597,0.5989935,-0.2926166,0.34794098,0.20353076,0.31259376,0.20674102,-0.5636788,-1.410808,-0.6062325,-0.05108908,0.52721196,0.66508883,-0.41806483,0.43451542,0.5450956,-0.5887456,0.7125405,0.5314922,0.2488232,-0.6407512,-0.13150045,-0.3496947,0.14345737,1.1227626,-0.51257855,0.80337447,0.2760641,-0.65343124,1.2216622,-0.14165175,0.5633753,-0.2642522,0.9795578,-0.28271353,1.0937532,0.31026775,0.1871798,0.75125,-1.125642,0.03343549,-1.2977716,-0.72075677,1.5813872,0.89598376,0.27070147,0.05150823,1.3033648,1.0145407,-0.05680623,0.022459824,-0.66563183,-0.7836078,-0.62744397,-0.6119507,-0.24677502,-0.040934388,-0.70238537,-0.3296589,-0.14109853,0.7880548,-0.09696513,-0.23456854,1.2193695,0.87611663,-0.6338294,0.48099175,-0.48933774,-1.5953157,-0.7493328,-0.2004849,0.066092975,-1.0294023,-0.507562,0.0021673052,0.24659131,1.3416569,0.049279947,-0.718483,-0.27430397,-0.038897302,0.16937664,0.7778166,-0.6527584,0.5722693,-0.83818966,-0.6917627,-0.2832727,-0.39716312,0.26325062,-0.020634286,0.48458833,-0.28050292,0.32945547,0.71270794,1.5018654,1.2254719,-1.4508896,0.022522585,-0.86043155,-0.040777814,-0.5993866,-0.78716475,0.070886694,-0.12130787,0.15700743,0.7974574,0.43055514,0.23170878,-0.58791745,1.0018934,0.31276637,0.48855987,0.04655338,0.13816619,0.82722735,0.23774512,1.1718761,-0.11786703,-0.514682,0.1636655,0.34448567,-0.7435167,-1.5578605,1.1590421,0.37518474,0.42144987,-0.3840432,0.26176572,-0.8308159,-0.045035068,0.44374248,-0.53558487,0.2619264,-1.6007928,1.924963,-0.81887335,1.0401316,0.00053385436,0.7309196,1.8385934,-0.6449961,-0.43353233,-0.047428004,-0.2200552,0.27963445,0.3755845,-1.1136,-1.0645589,2.1640816,0.85152155,-1.6108998,1.3428148,0.7985826,-0.56825477,-1.1699834,-0.869924,-0.33240098,0.49903268,-0.24809581,0.46410614,1.7248071,0.48445567,-0.3423568
-1.8319782,-0.20994976,-0.79336715,-0.8748998,1.0399787,0.16850126,-0.5923157,0.24086884,-0.05436487,0.0293345,-1.0289881,-0.37666765,0.536196,-0.49920642,-0.28517905,0.0243087,0.61931795,-0.5823287,-1.0873497,0.21972252,-0.5964359,-0.266027,0.15484801,-0.42479545,0.11860082,-0.42366073,-0.09856339,0.54901856,-0.48530903,0.80851305,1.4857693,0.0776905,0.8475702,-0.3799535,0.8783614,-0.17772573,-0.9111296,-0.85001796,-1.0079967,-1.1143457,0.7842136,0.43501896,-0.5046466,-0.92289513,-0.20406923,0.6092814,0.40522227,0.70403093,0.009909528,-0.42853045,0.97143316,0.48052156,-0.20423502,-0.408054,0.8305461,0.36955106,0.49631912,0.5557745,1.7060789,-1.3616207,-0.5323443,-0.21814142,0.365065,-0.6060812,-0.08629085,0.12769783,0.7052748,-0.29162836,0.83472276,0.095978506,-0.35874054,-1.4158063,-0.0931923,-1.1844476,-0.22363737,-0.03220645,0.17208903,-0.062317494,1.1181352,-0.01636113,-0.5939785,0.35046202,-0.26118532,-1.0702487,0.19756177,-0.27581623,-1.5290565,0.030729754,-0.12041818,-0.07637141,-0.16511925,-1.1303772,0.15631133,0.18873778,0.3029359,0.3684834,-1.291655,0.7445505,-0.40581802,0.105150476,0.25481233,-0.71559757,-0.99312174,-0.12414327,0.09303062,-1.2682394,-0.16135053,0.68342984,0.72118795,0.15385492,0.6785543,0.882619,0.07004523,-0.06190741,-0.09130556,-0.13984671,-0.27511626,-0.2582543,0.14726494,-0.10426055,1.4062465,0.5561844,-0.17207718,0.4849955,0.4946275,0.5754595,0.4698791,-0.89801097,-1.0423427,-0.3697536,-0.88438135,0.4937975,0.95378184,0.5979638,0.55405116,-1.0108076,0.30937698,0.7210281,0.24818152,1.278477,1.7042907,1.1818209,0.90162694,1.1936178,-0.061600942,0.98023516,0.6010194,-1.6754453,-1.2009265,-1.0900689,-0.7859093,0.3344999,0.46907178,-0.8237152,0.103491165,1.2115705,0.43871585,0.62487245,0.44762635,-0.00064180326,-1.5207444,-1.1493529,-0.57316536,0.11990824,-0.047868613,0.0416687,-1.3554157,-1.5732442,-0.7466256,0.063529305,0.3564756,1.0846782,-0.38146868,1.1730317,-0.8631854,-1.7994945,0.687458,-0.7575262,0.51173085,1.6189815,1.1123284,2.0045686,0.33771306,0.011110267,1.7736826,-1.0188851,-0.13605435,0.86555064,-0.08415867,-0.3475687,0.9055014,0.031242318,-0.49449453,0.2862532,0.16877095,0.5355571,-0.5780463,-0.21476866,-0.32174253,-0.85032344,0.21759324,0.5735933,1.0173831,0.4721902,0.02025356,0.26333597,1.0007486,1.5079498,0.39441967,-0.25083756,-0.2611788,0.19268522,-0.24533571,-0.42352542,0.64199996,0.015695164,-0.04201197,1.338936,-1.0630654,0.8155278,-1.5059526,0.27399606,-0.100873716,-0.361866,-0.07305113,-1.2766539,0.5781894,0.4951813,0.32452145,0.5633699,0.35965586,0.12816007,-0.010393747,0.183008,0.36022514,-0.3620753,0.22496146,-0.8568517,-0.7630286,0.17855856,0.16869205,0.89068484,1.2426482,0.18534468,-0.33659425,-0.060754206,1.0903672,-1.3301613,-1.4615314,0.3349606,-0.9684136,-0.43534118,1.215923,-0.55950934,0.34164932,-0.61845315,0.8248966,-0.75295836,-0.13016707,0.4831181
0.3224587,0.1572789,-0.4361137,-1.1697968,0.7145328,1.57338,0.912913,-0.76251996,-0.217275,-0.6014375,-0.41560948,-1.0513312,0.65762204,-0.95905876,-1.165282,-0.5904934,-0.18312508,0.34225306,0.5077177,-0.23995629,-0.6407962,0.75337476,0.12696564,-0.50673974,0.554412,-1.081542,-0.050477814,1.0087028,-0.8171475,0.37786368,0.32276875,0.6718581,-0.14477873,0.21552466,-0.5435686,0.17219332,0.48457053,1.3980129,0.19113113,0.99020195,0.25209317,0.2164647,0.058885742,0.5023565,-1.1179487,0.7570078,0.52339935,-0.53139305,0.42993712,-0.162746,-0.2681722,-0.3340638,0.71718574,0.55601114,0.19626854,2.247278,0.7638136,0.34837303,0.2167028,0.7509799,-0.5019258,1.3440509,0.92376965,1.1821823,-0.16407736,-0.27717945,-0.381574,0.13558137,0.82462263,-0.1125519,0.19524406,0.49920705,0.22366288,0.12512666,-0.012005405,0.7104766,0.5885797,-1.0422953,-0.20633268,-0.5837753,0.8546971,-1.2352101,0.07704222,0.8161176,0.65037394,-0.21982552,-0.6379617,1.3482406,-0.31072745,-0.46104917,-0.7144074,0.115265064,-0.35101748,-0.7524011,-1.1135916,-0.9071704,0.37619495,0.10487478,0.8601911,0.3727491,0.75188667,0.555992,0.40057263,-1.6489553,-0.6274343,0.32391194,-0.32775488,0.44823542,0.52923536,1.0741389,-0.89851403,0.16811115,0.19924554,-1.300472,-0.5421268,-0.42070946,-0.0716589,-2.0204678,-0.6137222,1.006707,0.39259636,1.2118553,1.2312664,1.094013,0.18314819,-0.91758555,-0.69427264,-0.009886852,0.80176884,-0.35562262,0.42278764,-0.03119916,-0.78515065,-0.06481831,0.6625068,-0.3124733,-0.29284927,-0.9409807,0.64354837,-0.12211153,0.40114692,0.6599442,-0.5196562,-0.3444275,-0.07369784,0.38936222,0.08311114,-0.041708466,-0.19332989,0.5965092,0.26518422,-0.46331748,-0.4903424,0.19176975,-0.76044726,-0.45991677,-0.14660256,-1.2679782,-0.15136263,-0.54646397,-0.70730245,-1.1730343,0.15283556,0.4404699,0.097340174,0.7602116,0.8592557,-0.2412809,-0.44587913,-0.23959135,-0.39777035,-0.22661498,-1.2393764,-0.6504209,0.42811912,0.08004649,1.2290847,0.18460695,-0.550699,0.04674273,-1.0417014,-0.2746346,0.11870642,0.9460919,-0.48446578,-0.024654644,0.3865965,-0.15336835,-0.13020453,-0.2772756,0.33977753,0.56270957,-0.0062090536,0.3551776,0.3509179,-0.33480248,-1.7391934,0.18892652,-0.5241281,-0.8774115,-0.5287145,0.68712705,0.5700645,-1.54929,-0.70477843,-0.299213,-0.6603846,-0.55447686,0.28052667,-0.76346153,-0.7724573,0.48328432,-0.40908536,0.41663763,0.15777336,1.1154231,-0.26801687,-0.36431304,1.2063395,-0.7416116,-0.18286428,-0.06591962,0.73102987,1.0076262,-0.65241325,0.1580389,0.78651255,0.6134015,0.23596124,0.081408486,0.42543814,-0.032453407,0.8599724,-0.8145627,-0.27958098,0.16503051,-0.32360724,-1.0133884,-1.2123024,-0.13996899,-0.36361098,-0.45984215,1.1498234,-0.6090472,-0.7025453,1.43157,0.4457768,0.82737553,-0.7040062,1.50586,-0.02116923,-1.3192326,1.3218892,0.061992317,0.47400284,0.09698521,-0.6970804,0.26096886,-1.5061529,0.9896639
0.13758266,-0.33892038,0.10142365,1.6950629,0.77432275,0.17824905,0.6402621,0.83675563,-1.6166794,-0.04484829,0.6589574,0.942629,-0.7645394,-0.32794636,-0.1936249,1.051151,-0.43894628,0.55457664,-0.17908299,0.4126101,-0.89315957,0.54817045,0.8181954,-0.16238478,-0.8693732,-0.15605175,0.28928906,0.99944884,-1.5775144,-1.0889887,1.5799099,-0.89443386,0.082896374,-0.5798421,0.3100484,0.92032444,-0.37202862,0.38605183,0.6826971,-0.591524,0.36300787,0.34414428,0.2770777,-0.4193365,0.9220279,1.0624619,-1.2453861,-0.36717445,0.21327995,0.7037625,-0.11330623,0.57173073,0.11853777,-0.14055865,-0.25040257,-0.80474,-1.6495376,0.05708932,0.83042496,-0.24136962,1.5744033,0.4178004,0.99228454,-0.14293188,0.61600214,-0.258182,-1.0478369,-1.9068898,0.40897492,1.1109264,0.43594077,0.5510001,-0.26373553,-0.027673043,-0.14332126,-1.1160069,-0.6448366,0.82379293,-1.179199,0.9690992,-0.39732614,0.25578097,1.1082785,-0.6180088,0.033077274,0.26879922,0.27480486,0.5358282,-0.9823215,-0.17360294,0.32576257,0.44746614,1.1987956,-0.09668505,0.6793321,0.6501554,-1.1596078,0.10562234,-0.10864888,0.58253723,0.7274443,-0.29919818,0.15753524,-0.90643525,1.1841192,-0.063320056,-0.016952435,-0.055098914,-0.27477536,1.4607002,0.20169793,0.64981693,-0.24179254,-0.5375463,0.008360766,0.09593936,1.5101296,-0.14569727,0.08548271,-0.14112942,0.04810713,-0.23821458,0.72742,-0.121201605,0.4377181,-0.16926861,1.8832092,0.45666474,1.515399,-0.18432929,-0.11879122,-0.6797,-0.7455329,-0.1386841,-0.7336731,0.9385094,-0.290314,-0.4770024,0.3210185,-0.20174617,0.062762305,-1.3396473,1.124923,1.7801113,-0.14820203,-1.6654928,-0.08537229,1.2600684,0.6837733,-0.38014334,-0.051215827,0.33208516,-0.9995634,0.188571,-0.6418983,-0.19005297,0.23327717,0.85060114,-1.4938109,0.44316342,1.6149771,-0.6501485,0.18501161,0.58920735,0.5819503,0.7505587,2.7120872,-0.7541078,0.049423944,-0.63170296,-0.43016875,0.20613271,-0.20779313,2.0872746,0.5753988,-0.2710296,-1.2160226,0.39843023,0.3399748,-0.16466947,0.24834538,-0.29765055,-1.4941535,-0.37616113,0.26624894,0.47462085,-0.8375166,-0.03814037,0.9794063,-0.7869716,-0.17269452,0.7560551,-1.3811044,-0.04604455,-0.47429323,0.23195516,0.5293727,-0.47821665,0.12531309,-0.29627615,0.16081354,-0.63859683,1.7230229,0.81267995,0.51647305,-0.32121384,-0.84394556,0.5952804,0.3618334,1.6252974,0.36745965,1.5149834,-0.12943222,0.38240185,-1.7562758,0.13456292,0.14614397,-0.13988313,0.24569477,-0.52363354,0.6367294,0.91374546,0.7756629,-2.3263555,0.25829095,-0.77634007,0.5654853,0.12818588,0.12382215,-0.6657234,0.8260641,0.41246048,0.74448454,0.5942151,-0.46165204,-0.52747333,-0.630822,-0.97500736,1.1561606,0.15384577,-0.67000407,0.9796489,0.5858065,-1.0650971,0.9948446,-0.107189335,-0.15106629,0.53393346,-0.43342912,-0.45671314,-0.30547786,0.99839294,-0.9253508,0.7455021,-0.79090625,-0.28392142,0.14462505,-1.2192131,0.38840294,-0.26640463
-1.0730045,-0.8052563,-0.17488001,-0.75992376,0.6606359,0.3265713,-0.0025344412,-0.7314391,0.33700565,0.365547,-0.88311595,-0.5794587,1.0615492,0.07740496,0.42691872,0.43815577,-0.43124038,0.37998325,-0.41934335,0.3849421,-0.75398046,0.029499596,-0.2567329,0.7388277,-0.5932051,-0.51714087,-0.4720004,1.0421149,-0.20579894,-1.1803106,-0.34812257,0.38939688,-0.4410648,-0.5322259,-0.3859187,-1.0208315,-0.00013941433,-0.1685085,0.6509717,-0.81030023,-0.2738052,-0.07364697,-1.6553262,0.5866816,-0.11797644,0.95568585,1.2096764,-1.1413809,-0.61210847,-0.99526775,-0.3254432,-0.02042614,-0.42539474,-0.2980493,1.8731396,0.6817273,1.3714722,0.43704438,-0.9992119,0.39970693,-0.34525767,-0.75912,1.4247763,0.479294,-0.25646245,-1.0002306,0.16762789,1.3026278,-0.033493813,0.35856253,-0.10708456,0.07030908,1.0298709,0.52194744,0.7805212,0.050796658,-0.17705928,0.26606035,-0.51930004,-0.5145658,1.3575664,0.93091154,-1.3153745,1.5760787,0.45326278,-1.3562129,0.32943907,-0.67012167,-0.13867296,-0.8129683,-0.14427973,-0.61268073,-0.1177132,-0.14655067,-0.19915532,-0.5386251,0.85725,-0.5786555,-0.49160674,-0.24519564,-0.9030248,-1.3724433,-0.38109043,-1.1030726,0.006529345,-1.1948365,-0.84196746,0.88419694,-0.34458047,0.35854614,0.028474199,0.9303092,-0.13059016,-0.1827433,-0.8588839,1.6654755,-0.37724158,-0.3768131,-0.03968497,0.20291445,0.20481001,0.039136358,-0.17206067,0.7244957,1.3105619,-0.70394844,-0.37224826,0.6769295,-0.94220185,-0.5254451,-0.87353146,0.08469102,-0.059919886,0.22980632,0.44594306,-0.865855,0.5303004,-0.19660626,-0.15746097,-0.47196582,0.7916299,-1.32532,1.0754373,0.063168995,0.06399559,-0.6641312,-0.03577377,0.42890266,-0.5592947,0.5893669,-0.013386567,-0.07897761,-0.39526817,0.63632977,-0.34016842,-0.33709309,-0.2537166,-0.7771809,0.6260304,0.5944876,-0.36187318,0.4592159,-0.76019704,-0.42378128,0.88200766,1.1281519,1.4170576,0.22912118,-0.5785537,-0.34782383,-0.3642714,0.15935111,-1.0236194,0.45202932,-0.40104702,0.3880428,-1.257396,-0.67194533,0.29325876,0.67226493,0.4796926,1.4919034,-0.98682564,0.7329163,1.8121926,-0.035237353,-1.2631651,-0.21446677,-1.1807672,0.67665726,-0.14169195,1.3093559,1.7375478,-0.2815194,-0.6985666,0.36478737,-0.5608452,-0.32470936,-0.92644,0.9891984,-0.91871315,0.34739465,0.41809276,0.22201096,-0.3343501,0.81074166,0.07291879,0.24149887,0.22559226,0.9918923,-1.5185132,-0.09032174,-0.08934062,-0.45725575,0.93197364,0.46238092,1.0455565,0.3970949,1.1725698,-0.21668574,-0.03569357,-0.18059835,-0.07616075,0.33313692,-1.3896348,0.46627438,0.50882864,0.69880664,0.18713875,-1.09762,0.45955268,-0.7663265,1.0302536,-2.0514395,0.21078974,-0.027316343,0.6443338,0.18851402,0.15328379,0.66356283,-0.3886696,-0.18481675,1.2720428,0.3164688,-0.8123853,1.3735439,0.32383102,0.15758997,1.5086324,0.9438052,-0.47640106,0.16739872,-0.48874992,0.81792986,-0.26352894,0.39878833,-0.33049354,0.89938974,-1.5666472,0.60423887
-0.579728,-0.15323901,-0.5265081,-0.9086377,0.026761401,0.52681535,0.36953434,0.18343326,0.09973725,-0.3178242,-1.0103469,-1.7719786,0.108909145,-0.25074473,-0.09429071,0.08364017,-0.025820449,-0.16268036,0.50874496,0.7675788,-0.8246399,-0.2380904,0.03201287,0.27733833,0.6899329,0.7078721,-0.9722159,-0.20216542,-0.47530803,-0.46038473,0.2257365,-1.0381609,0.48083726,1.3790119,0.7662198,-0.92543584,0.950938,-0.1057287,-0.96514875,0.8390487,-1.1409962,-0.06135088,-0.6847323,-0.57905996,-0.13639897,-0.1870439,-0.8829845,0.23611577,-0.8070521,-0.08649775,0.33473656,0.020188743,0.46789676,0.14370659,-0.06850601,-0.6460589,0.17286776,0.17025718,1.1171706,-0.15896189,0.33796555,0.43025368,-0.2147895,-0.11308468,-0.94214267,-0.7519505,-0.70774204,-0.12920855,-1.5130436,1.2843783,0.023831109,0.4890013,1.1658463,-0.72408706,-0.5218166,-0.6467566,-0.1916045,0.44511527,0.6273809,-0.7773152,0.18345444,-0.2547143,1.3635198,-0.39815044,0.25775915,-0.30048636,-0.8753118,1.0882771,0.18748313,0.31021726,0.17427717,-1.0115983,-0.48783568,0.037643716,0.16170304,0.2640804,0.42743036,0.51180375,0.18291752,-0.442972,-0.9651797,-0.8767474,0.39951977,-0.33015168,-0.26496792,0.5279379,-0.7895357,1.0757712,0.35076326,1.3082983,0.9558809,-0.5831225,0.11006953,0.308605,0.4899668,-0.3692884,0.1705576,-0.260421,0.58528686,0.29453257,0.09468834,-1.3583611,0.3257543,0.883258,0.21680932,-0.7962404,-0.73827016,0.23190244,0.48405465,0.27770847,-0.54030067,-0.10441679,0.14325467,0.34938762,-0.256792,0.073243834,-0.2272622,-0.122352846,-0.23612094,0.36114535,0.788479,-0.113069594,-0.36355332,0.15878357,0.26900306,-0.9625681,-0.20249268,-0.5998691,-0.55732065,-0.81873345,-0.92852527,-0.30926237,0.26867092,0.4694969,0.11152803,-1.1390077,-0.80818343,1.0040451,-0.42975986,-0.8549864,-0.83183277,-0.7855395,-0.4210253,-0.090257846,-0.017830832,-1.0419096,-0.3766625,-0.50477743,0.3101851,-0.6750902,-0.08065322,-0.98362994,-0.007915569,1.5280204,0.2468836,0.43588313,1.2449722,-0.27645203,-0.8396776,-1.2761182,-0.26757777,-0.115914844,-0.46603554,-0.6247985,-0.3160687,0.28583795,0.0674915,-0.64583695,-0.40423125,0.42153087,1.1160858,0.7698629,0.6582633,-0.8274066,0.5314233,0.14839925,0.3940211,-0.5290435,0.9488132,1.4788842,-0.21555994,-0.22250019,-0.14294474,0.8271837,0.05451622,-0.28723216,-0.0011009594,0.30864498,-0.91464216,0.34157768,-0.24182989,-1.3033079,0.779088,-1.3974054,-0.21569777,0.1579676,-0.3428324,0.58754635,0.7161313,-0.05402047,-0.26852608,0.018210532,0.8562398,0.3049625,0.46264112,-1.6956378,-0.29166692,-0.6204228,0.114049874,-0.6704995,-0.1459101,0.20072474,-0.08818544,1.3436345,0.56899154,-0.4692468,0.038046658,-0.51023006,-1.1780751,1.0952219,0.18351923,-1.6884353,1.5654619,-0.17778224,0.35590425,-0.2997495,0.042095575,-0.17578158,0.11633972,-0.06850231,0.037461556,-0.24073853,1.3820975,-0.14362338,0.03421528,0.16768368,0.14712599,-1.223032,1.0049741,0.9516754
-0.82412326,-0.5465883,-0.10684787,-0.5638288,0.089888066,-0.37722585,-1.1925553,-1.2573842,0.23880653,0.42719427,0.51979965,-0.35310227,-0.4384236,0.24991441,-0.855933,0.475234,-1.3225145,-0.49960715,-0.5701914,0.7480797,-1.2942213,-0.86414784,0.06884219,-0.18387495,0.28502217,-0.20132446,0.5156488,0.8058282,-1.1890806,0.6584073,-0.30002224,0.6841608,0.12080061,0.033561368,-0.8400019,-0.5278929,0.5383251,-0.4814306,-0.5482822,-0.104934745,-0.11883382,0.56052,0.8212078,-0.49616912,0.073619105,-0.5203752,0.5335814,0.6371611,0.6938272,-0.073306434,0.7036389,-0.633026,0.26684707,0.2097698,-0.31960797,1.128736,-1.1422974,-0.57692605,0.5380544,-0.5836979,-0.972865,0.29311052,-0.8454806,0.75137466,0.9221007,0.15641391,0.4526114,0.4926343,-0.70579463,0.044933267,-0.4087533,-0.3470354,1.2511282,1.069182,0.38497385,-0.996271,-1.1342245,-0.7376104,-0.94821584,-1.2214226,-0.76952994,0.91558033,0.29927897,-0.7801469,-0.32073557,-0.108914286,0.11464152,-0.022575863,-0.08481228,0.27427155,-0.33577067,0.15311587,1.4723345,0.8799669,1.1377234,2.180242,1.7002798,1.9146496,2.102483,-0.590334,-1.3168676,-0.24328066,0.59120655,-0.4383628,-1.490478,-0.6895685,-0.251687,0.026254762,-0.16084816,-0.3007107,0.29650578,1.6676483,0.05677035,-0.87824523,-0.9344241,-0.19545111,-0.78432614,0.097440735,-0.10629006,0.5629677,0.6134302,-1.1498088,-0.4446011,0.30193257,0.45282036,-0.3883728,1.2102453,-0.111172475,-0.14317146,-0.03296394,-0.15369155,-0.8210764,-0.63291806,-0.07481036,-0.67687005,0.7322732,0.815135,0.14365982,1.5846835,-0.14140092,0.21711855,0.23806417,0.21128234,-1.1462405,-0.36082038,0.35544884,-0.1670664,0.26953474,-0.8368135,-0.71649086,-0.8969833,-0.07027214,0.721462,1.4751455,-0.001722925,0.5456,0.5042615,0.5591584,-0.52249324,1.2012757,0.63594466,-0.25441355,0.41347107,-0.15638794,-0.42740858,-0.239645,0.4170297,-0.7334735,-0.9314557,-0.27020893,-0.80537766,0.07441411,-2.1011522,0.084873006,-0.024808783,-0.3102357,0.026480392,0.3199544,-0.10021252,0.18702857,0.15087928,1.4212351,-0.16214423,0.17039873,-0.8647913,0.6072078,-0.33504274,-0.16942827,0.031074865,-0.21318492,-0.16313514,0.3731145,-1.6464672,-0.1633312,0.62688965,2.917537,-0.32249257,0.10160572,-0.9781171,-0.44628966,0.61494136,0.124348275,-0.11687729,-0.8254109,0.13032134,-0.094149135,1.1969159,-1.0927769,0.10755373,-1.0472083,-0.70322603,0.9494525,-0.7298776,0.18929747,-0.43807107,0.37273267,-0.75524384,-0.46789315,0.19697095,0.805159,0.46099174,0.5442151,-0.5112291,-0.18508902,0.13743848,-0.4587928,-0.46281978,0.20785296,0.64084244,0.41886318,0.32036114,0.2401801,0.8701616,0.47057745,0.49972,-0.7182186,0.46487668,-0.3103677,0.7444706,0.36740246,0.774304,0.21263528,0.05028057,-0.13468835,-0.43391785,-1.443923,-0.17460828,0.47575974,-1.3430349,-0.8473644,0.6055065,-0.1017709,0.16283882,-0.814139,-1.4046652,0.09949263,0.16772388,0.8460257,1.1835766,-0.36648804
-1.4040681,-1.4114685,-0.6619398,-1.650367,1.7151319,0.47337013,0.18411727,-0.09042099,-0.8329203,0.044314753,-0.29675716,-0.31022185,0.8348225,0.7917294,1.1239023,-0.51612854,-0.6508497,-0.7122148,-0.9488458,-0.3393127,0.34985095,0.014972051,-0.22797981,-0.20783956,0.014643068,-0.70265025,-0.15350825,0.13252337,0.8176118,-0.75380623,1.086008,-0.96906674,0.084252894,-0.5137579,-1.445486,-0.31627762,1.5969862,0.9065317,-1.5276616,-0.7665394,0.4625677,0.5357232,-0.13613984,0.9766406,-0.39893624,-0.44858804,1.4333467,0.3678237,-0.47283238,1.2368274,-0.97202516,0.4103178,0.012989009,-0.35911375,0.07456436,0.79246414,-0.08927075,0.018331409,0.5824744,-0.09511504,-1.1621128,0.48814914,1.0364155,-0.29375762,1.557642,0.27396992,-0.9282743,-0.051416807,-0.2889944,1.23298,0.61865497,0.26007795,-0.7676419,-0.1465858,-0.47760078,0.20127693,0.24563633,-0.4508813,-0.11083079,0.084785186,0.25534204,-0.44104955,-0.31599382,-0.29665223,0.13207883,-0.3810037,-0.8874715,-0.018037772,1.1599675,0.0050223605,-0.6268775,-0.42697588,-0.38703898,0.10627274,-0.57286483,-1.246285,-0.061358128,-0.8032184,0.96880305,-0.132029,1.3930501,-1.1027275,-1.5364051,0.26789472,-1.9942738,0.6757871,0.4742703,-0.4995208,0.65569687,-0.45395848,1.0964433,0.107878365,-0.13980108,-0.7902566,1.0151659,-0.15713087,-1.1533622,0.2915541,-0.47509786,1.507592,-0.9613344,0.4762013,0.17529733,-1.0438459,-0.097972736,-0.04271704,0.6039458,0.46036384,-0.38519508,0.88120306,-0.38654938,-1.2148427,-0.7470215,1.6332179,-0.07221072,-0.31212273,-1.5395168,-1.2492617,0.32981303,-0.63139,0.32514793,0.70784026,0.48900753,1.8453634,0.8727708,1.7804872,0.2854707,-0.45525682,-0.6691017,0.889196,-0.16370432,-0.10241732,-0.18318443,-0.29271778,0.7988554,1.8943075,0.29448357,-0.33039644,0.3770556,-0.12360576,-0.58735394,-0.94038355,0.6670559,-1.0357617,-0.19517997,-0.3312741,-0.84050685,0.4057394,1.8134058,-0.1994623,0.26723966,0.065180965,-0.17651562,-0.68613565,-0.25418454,0.14439712,-0.79942906,1.5311414,0.8102202,-0.4851883,-0.96895826,-0.04041758,0.8984453,-0.6390973,0.61063,-0.81210715,-0.44769284,0.21881454,-0.5219498,0.3195767,0.031453975,-0.62385386,-0.66172975,0.84803134,-0.5822097,0.97298133,-0.050247505,-0.41678688,-0.47087806,-0.40129742,0.54001194,0.4974449,0.35424095,-0.303127,1.7069554,-0.5263304,0.24928549,0.3344086,0.19738798,-0.24444333,0.98036975,1.1249932,0.19508663,0.6666518,-0.90567905,0.4897445,-0.2721634,-0.97570556,0.5891671,-0.06483822,-0.7535118,0.93219864,0.21050578,-0.95568514,-1.0812533,-0.41277933,-0.6087281,-0.07174886,-0.16149744,-0.014316457,-0.6673451,-0.105914906,-0.1717501,-1.2071502,0.8429668,-1.0289104,-0.70300573,-0.66814756,-0.66832715,0.06461262,-0.251338,-1.4584638,-0.4116878,-0.7295673,-1.5248895,-0.004110405,2.2293532,-0.2295097,-2.3694088,-0.1438206,-0.514562,0.3098456,0.8887134,2.0030491e-05,-0.55322266,0.7075938,-1.7301797,-0.31573534,0.94559455,-0.4400899
0.32623866,-0.08410498,0.32679158,0.6512307,0.46137342,0.28134367,0.601848,-0.087724544,-0.008003082,0.39754477,-0.8583727,-0.22886235,0.15675206,1.0144929,0.51806396,0.9424216,0.21786202,-0.15617628,0.51432616,-0.5479641,1.0433352,0.6707098,-1.4706234,0.39726594,1.0045956,-0.3815875,-0.089637324,0.5081804,-0.7489211,0.8935478,0.15918247,-0.54737073,1.2151371,-0.7169905,0.63980806,0.13561694,0.641494,2.3554115,0.0837194,0.012462217,-0.41894382,0.023903636,-0.7993467,-1.255495,0.73281914,-0.49153382,-0.118797645,0.18083708,-0.27803203,0.12018887,1.0010985,0.18423009,0.37522686,0.13168645,-0.4326958,-0.12076689,-0.9875176,1.043756,-0.19106875,-0.6784854,0.310334,0.56768256,-0.016492134,-0.7971508,-0.68783647,-0.7049224,1.4265002,0.61190563,-0.0526854,-0.028025536,0.8184295,0.5727539,0.5214321,0.11086823,-0.123057775,-0.23984511,0.079022475,-0.9086061,-0.7104153,-0.10110157,-0.97963005,-0.20108727,-0.2103675,-0.9257487,-0.6693077,-0.48466378,-0.37218255,-0.10635615,-0.21721913,0.28808758,-1.0291635,-0.04931944,-0.27146548,-1.2638558,-0.40992266,0.96920943,0.15681015,-0.03444538,0.952969,1.0628408,0.60011613,-0.6488211,-0.97661114,2.2105672,1.0520042,0.3177229,1.2462027,-0.35480854,-0.7816376,-0.57372004,-0.16599669,0.83049124,0.9169965,1.3960419,0.85607946,0.33724383,-1.3378361,-0.2774622,-1.6961857,0.0082617635,0.20414785,0.79165363,0.7312484,-0.027792012,-0.396593,0.5177581,-0.5622036,-0.3885152,-0.9000418,-0.30408353,0.038077146,0.24525927,0.12341277,-0.12730946,0.5243559,0.23155232,0.99139464,0.70913744,-0.14099169,-0.02384041,0.30820513,-0.4073557,0.8822184,-0.38064608,-0.10098863,-0.21408719,-0.903687,-0.51941425,-0.9429129,-0.34926906,-0.45921192,0.054570023,0.5693102,-0.44192088,-0.74772155,0.22147784,-0.6023961,0.45581728,-0.57395405,-0.9407523,-0.5134966,-0.87201744,-0.5665981,0.12811175,0.455026,0.6692357,0.6574518,-0.083091326,-0.18192168,0.0993337,-0.8337282,0.6546788,-1.0291758,0.8109004,0.90752304,1.6018388,0.49931785,0.4860392,-0.73400646,-0.6772807,-1.38634,0.41035634,-0.27598512,-0.81664884,0.356639,-0.113500156,-0.5767747,-0.1235717,0.5808848,0.46175322,1.0799047,-0.8059115,-1.0507058,-0.056332573,0.68802196,1.5048425,-0.31124237,-0.22854939,0.08838071,-0.4120963,0.10521259,-0.8582651,1.2793077,0.49013662,-0.833946,-0.5490226,0.7201467,-0.010245135,0.8288168,-0.88013595,-0.013214771,0.06581413,0.1440746,0.35479236,0.5311545,0.1694652,-1.3572024,0.16579013,-0.63638866,-1.0579655,-0.7939837,0.37351364,-0.085756905,0.83775735,-0.2217202,-1.2703438,-1.4107331,0.97315216,-0.33577436,0.33230567,-2.025022,-0.63956517,-0.3601562,-0.36015582,0.035297215,0.17065486,-0.2504771,0.012968207,-1.4513115,0.4741155,0.46898034,-0.713526,-0.15274876,0.3270922,0.5933052,-1.2932333,2.400274,-0.36145484,-0.15489793,0.6305186,-0.31144544,-0.42977616,0.79381216,1.0124598,-0.29616472,-0.6665135,-0.4681903,1.7945147,-1.0695003,0.024963344
-1.7734697,-0.806851,-0.14617226,-1.1202503,0.37204793,-0.46792194,-0.29665864,-1.1559069,-0.37777212,-0.45303145,-0.7990033,-0.0147422375,1.2470263,-0.7624634,2.0044065,1.5092372,-0.83924425,-0.7729379,-0.5531951,-0.76385087,-0.2348109,0.7642286,1.0063133,0.46400923,0.5031932,1.1344408,-1.4485775,0.096056685,-0.75706726,-0.12546994,-0.3695654,-1.0744907,1.4184179,0.515714,-0.33042136,0.8279135,0.042214863,0.3694497,0.59041655,-0.10213284,0.44958588,-0.08549217,0.31579044,-0.46857056,-0.39187694,-0.66732746,0.0776718,-0.061779786,-0.52269214,1.0579848,-1.1651366,-1.1856021,0.82918113,0.12637803,-0.252351,1.5186243,0.23742756,0.39089277,0.06336798,0.05129976,0.31270126,-0.41309583,0.61613953,0.21547322,0.4489848,0.031813458,-1.001295,0.60115784,-0.9622966,0.19641459,-0.047585864,0.37005207,0.050448168,-0.9308086,-0.45663872,0.6304369,-1.2226796,-0.9029195,-0.32822087,-0.26220697,0.13678047,0.06490904,1.3893936,-0.117084496,0.36477563,-0.35543182,-0.048416663,-0.15459822,-0.60833836,-1.2251251,-0.6328894,1.3129706,-0.66055304,1.4898312,-0.6476607,0.34860227,-0.0039187293,-0.7924931,0.47671467,0.32921153,-0.090710536,0.20273831,1.0715216,0.90752226,0.72453195,-1.0954734,0.005840806,-1.1109632,0.34413552,-0.9391052,-0.5788908,0.13124034,0.41705635,0.63004595,0.42301768,-0.016928976,0.0710801,-0.37200436,-0.29687086,-0.26598537,0.4098141,0.32920393,0.86885244,0.9555432,-0.37587228,-0.62765944,-0.34481236,-0.15320826,-0.7483934,-0.7429695,-0.12352102,-0.20620161,0.5589762,0.057334032,0.1528289,-0.06659295,0.6536848,-0.33548254,0.19938609,-0.34191817,-0.3610107,-0.04328055,-0.04789521,-0.6368958,-0.2269436,-1.0077759,0.19276863,0.936023,0.68830293,-0.35731837,0.917282,-0.18408112,0.3209117,0.76155424,0.49291933,0.37722212,1.1493101,0.050149936,-0.9553518,1.552638,0.69455564,-0.61430836,0.5676372,0.29165286,0.04820833,-0.34205726,0.24490651,0.10817514,-0.5409222,0.14201386,-0.5374358,-1.2915925,-1.0119506,0.98635477,2.249686,-0.20083907,-0.9909437,0.4010728,-0.017220736,-0.49988982,0.6288505,0.8787986,0.17744127,-0.40870658,0.80583024,0.620501,0.63126636,0.21344139,-0.35043848,-0.0056891893,0.5020735,2.2536204,0.98393095,-1.4984269,-0.41913262,-0.8238099,0.012372411,-0.87594455,-0.14790322,-0.10113998,-0.877411,-0.5180811,0.44687387,-0.029547073,0.06781552,1.37193,0.5198083,-0.023293797,1.082605,1.0115662,0.37677425,1.0665065,0.43498623,-1.0041152,0.38031942,0.1825539,-0.34133667,-0.22379233,-0.7434824,-0.41194645,-1.1065124,-0.64642006,-1.0626955,0.4288174,0.19977945,-0.69459575,-0.184693,-1.388586,1.1617221,-0.38884494,-0.3428299,-0.82266587,0.30430198,0.51536405,-0.6098658,-0.5040278,0.09716808,-1.1799881,0.139124,-0.40366355,-1.1860788,-0.28510416,-0.67698884,3.0699866,-1.4491588,-0.18635699,-0.12412193,1.0868236,-1.426977,-0.18182814,0.71320885,0.16866666,0.06113931,0.31425107,-0.2652319,1.2843275,-0.43402576,0.26483837,0.7629675,0.02864362
-0.6301939,-0.33563316,-1.2866831,-1.4479097,-0.8654154,-0.69629586,-0.07684968,-0.39773774,-0.12930053,-0.8264881,-0.6025465,-0.6038925,-0.6597388,-0.6485049,0.12348185,-0.009102932,-0.34457532,-1.8203775,-0.61144614,-0.48017496,-0.60849696,-0.7491728,0.8357223,0.7732007,-0.3261958,-0.14360303,-0.6607124,0.4005246,0.16798311,-0.54805636,-0.117729515,0.2010852,0.050930023,0.49078435,0.7281067,-0.8948287,-1.5415196,0.044627473,-0.22883178,0.19238043,-1.0604422,0.03297773,-0.19880573,0.34291425,0.64553344,0.455791,-0.9383731,-0.24091583,0.28124386,-0.267408,-0.20389427,0.22957392,-0.4782217,-0.43187493,1.0958593,1.0727533,-1.5116097,1.3044037,0.97144145,-0.39955267,-0.2808875,0.21043494,0.092058934,0.23634595,0.060700346,-0.1270543,0.36462432,-0.28704512,0.10245024,0.1946823,0.13667907,-0.036147468,0.113834746,-0.4178262,-0.8768706,0.618178,-0.93228227,-0.45792386,-1.1848403,0.40014678,-0.758941,0.15359567,-0.3414479,0.2555583,-0.71822244,-0.057953764,0.27486622,0.7689555,-2.0912058,-0.054517794,0.88925135,-1.3075689,0.3561017,-0.11362116,-0.5649566,1.0132109,1.251469,0.11976802,0.31015334,0.2744526,0.6498446,0.27521026,-0.39650026,0.10516707,-0.14245184,0.21507113,0.6989735,0.27699757,-1.2840935,0.36949944,0.2339178,0.1707256,0.36260912,0.22743124,0.34420085,0.007623096,-0.07544855,-0.08671779,-1.8512349,0.17645356,-0.20429808,0.7161683,0.98242706,0.21549344,0.98236203,0.20426886,-0.33559525,-0.29286444,-0.37595978,-0.24484342,0.32584628,-0.40897012,-0.7490364,0.13238591,-0.32238737,0.99686635,0.62149554,0.5519005,1.047441,-0.55065817,0.86132264,-0.15865836,0.5737494,-0.20162424,-0.6256758,-0.037813626,-0.69565207,-0.82055265,-0.072187334,-1.099165,-0.23765808,0.13463378,-0.52401286,-0.024060275,-1.1521988,1.3402256,0.14006291,0.52989936,-0.645999,0.9511971,0.06438257,1.0531656,0.84797436,-0.22485015,-1.2166288,-0.043867476,-1.1708449,-0.48974973,0.077367075,-0.32655457,0.71619403,0.45436242,-0.40597743,-0.21017958,0.10349003,0.24118747,1.2882454,-1.3035687,0.16521783,-0.17755774,-0.33397347,1.0294713,-0.61597544,-0.87226975,-0.24088046,0.6453377,-0.15963267,0.46982348,-0.3701746,-0.52311397,0.1582642,0.692128,1.8808782,0.6930442,0.46523872,1.3048725,-0.35943532,0.5908659,0.80831975,0.57457745,-0.096705064,1.1841687,-0.027581822,0.9881782,-0.82973707,0.03617355,-0.32763588,0.0037708927,0.13602038,-0.33121175,-0.74965274,-0.23285516,-0.5817098,-0.74064565,-0.18993315,-0.27290052,-1.1055242,-0.09799215,-1.0027201,0.4650941,0.08128949,0.43184212,1.0857754,-1.2099218,-0.0075353677,-0.06375646,0.074852586,0.9234527,0.049730856,-0.43454188,0.58253974,0.06787816,-0.30583784,0.28795087,-0.5603443,-0.44115478,0.42731106,-0.076970614,1.3884218,0.56810886,0.67875814,0.027758848,0.62042385,0.6323042,0.45893204,1.1676357,-1.0950822,0.61246556,0.3013557,-0.16844468,-0.140377,0.061577957,-0.5426327,0.15547103,-0.7728536,-0.051624335,-0.7757141,-1.6090124,0.19178379,0.54923904
0.25601202,-0.6802271,-0.42208958,-0.09280263,-0.43014914,-0.40762958,0.21785149,-0.8102462,-0.29427785,-1.3940014,-0.89490265,0.9937022,0.80181456,-0.1666968,0.36406323,0.022335831,-0.9833983,-0.8644414,-0.5312748,-0.035703212,-0.47232586,0.51536155,0.3455227,0.19815415,0.7802183,0.7076491,-0.4837049,0.8156665,-0.27592367,-0.14931564,-0.6189068,-0.29611522,0.48681062,0.343285,-0.15580003,-0.036178414,0.25357196,0.6634924,-0.49428806,0.3844599,-0.030405883,-0.5952405,-0.0018986224,0.2719319,-1.1314839,-0.28965977,-0.9841856,-0.065510646,-0.033433627,-0.21382311,-0.15506345,0.22270176,-0.10243587,0.12843801,-0.666245,-1.3961406,0.5905019,0.04514828,1.0639993,-0.5777593,0.22549723,0.24839331,0.042261392,0.48613963,-0.8313214,-0.25025362,-0.05781454,0.14958408,0.29465112,1.0957762,-0.31420496,1.1411319,0.04035737,-0.6636174,-0.051135372,-1.0067993,1.191643,0.000355926,0.16332287,-0.41407588,0.60565287,-0.5947993,0.34862635,0.12931865,0.5578051,-0.7724609,0.16002764,0.10292083,-0.4820792,1.0813918,0.9800366,-1.3822167,-0.58737296,0.42386422,-0.73575985,0.42889792,-1.2500033,-0.115019,-0.25859255,-0.5459536,0.6511078,0.69337845,-0.37308624,-0.43491328,1.3991524,0.47339937,-0.18882315,-0.15168256,-0.01605451,-0.29272598,-0.6633526,0.9777868,-0.50384897,-0.628053,-0.25126576,0.40202373,1.1935748,0.1030662,-0.19953461,-0.37518054,0.34982154,-1.0367088,-0.43410653,-0.523963,-0.811722,-0.5475388,-0.24180916,0.08382895,-0.8539137,-0.10298737,-0.04543141,0.03481232,0.47256356,0.6198633,0.25600132,-0.7627083,-0.5958801,-0.04137788,0.5415782,-0.01700882,-0.8742647,-0.6600885,0.42189437,-1.0650997,-0.7048764,0.17286134,-0.82412016,-0.8971337,-1.2964696,-0.04325539,-0.48079827,-0.64055234,0.20076427,-1.0624892,0.6203984,0.20158796,-0.45196527,-0.44722608,-1.3621948,0.03860132,0.898676,0.862986,0.5721547,-0.2656716,-1.0585625,-1.2856177,0.8642359,0.41081944,-0.045523424,0.7623387,-0.93212515,0.98170567,-0.16125453,0.32930502,-1.7581521,0.66540956,-0.41015038,0.021266323,0.4537441,0.5883875,0.89058995,-1.5243094,1.1814104,0.34364393,0.44508567,0.1989251,0.7516054,0.43459967,0.39999667,0.33966848,-0.41348824,1.2723542,-0.9828679,1.9105887,-0.5843391,1.2887694,0.8730494,-0.51548743,-0.53072166,-0.7256221,-0.4878848,0.7003343,0.40324226,-1.2570801,0.21389207,0.113952726,-1.6651796,0.40097442,1.6093159,-0.54807156,0.19923629,-1.1786302,0.29707828,0.3833327,0.51048774,-0.37808356,-0.009797276,-0.7026902,0.7278079,0.1346494,-0.105726115,0.6842966,0.33023953,-0.18862315,-0.2994452,-0.23240735,-0.18851914,0.2672173,0.9035501,0.6399916,-0.5848778,-0.28204805,0.30989286,-0.56399435,0.19589758,0.17177916,0.3305784,0.49344355,-0.18417998,0.5986218,0.33498493,0.015142682,0.8786682,-0.40310782,-0.9370422,-0.22470939,0.5099399,0.345053,-0.33501896,0.17246553,0.5971955,-0.6822347,1.0479896,-0.8570701,-0.5693863,-0.07768585,0.16341567,0.27278167,0.133668,-0.7653285
-0.7011704,-0.25371096,-0.111816,-0.2138669,0.094973005,0.38896132,0.3030961,0.28587967,0.5851937,-0.32198772,0.4729306,-0.3153928,-1.0173166,-0.59916055,-0.8555175,-1.0920455,1.2305964,0.91431385,0.05750276,0.3757215,-0.3148665,0.11354632,-1.2286323,-0.32692054,-0.36228645,0.583558,0.4785677,0.19109705,0.4118261,0.3427653,-0.29307038,-0.3411565,-0.200593,-0.992005,1.00675,0.78742623,-0.28316703,0.6474082,-0.018217035,-0.35249326,-0.44678414,0.44980544,-0.7708753,0.46836734,-0.65813315,0.007664574,0.118247494,-0.18544272,0.6852379,-0.5711532,-0.18816723,-1.42238,-0.63724524,-0.42111015,0.42682964,-0.0009473998,-0.19960308,0.065460704,-0.488803,0.39145833,0.01309475,0.9430197,1.7935264,-0.47962832,0.89560187,-0.60070175,0.62884474,0.15807241,-0.06095093,0.15494624,-0.028558008,-0.678723,0.6815138,-1.1160293,-0.37848482,0.49152228,-0.3026478,-0.8432769,-0.2959287,-0.28012934,0.14639477,-0.650334,0.18186341,-1.0103284,-1.0254148,0.29773054,0.12837681,0.6081175,0.47026864,-0.019449715,-0.6390879,0.5303706,0.25332344,0.052707132,-0.30684084,0.4728551,0.5445283,0.28432667,0.5872109,0.32114553,-0.10317655,0.065708734,-0.8829435,-0.5679486,-0.16368006,-0.7678586,-0.2515011,0.34517425,0.21912798,0.37035537,0.29671398,-0.2769183,-0.16484201,-0.6182603,0.2193348,0.6428462,0.8269652,0.084893644,0.6267043,-0.5443832,0.48621112,0.5771537,-0.5619861,0.25542244,-0.52144074,-0.66879135,-0.5233499,0.7987143,0.9247855,-0.3636233,0.2035048,-0.1511046,-0.5561431,0.349932,-0.19752215,0.86524034,-1.1742233,0.5770287,-0.2595055,-1.3021735,-0.68543905,-0.9616814,-0.14074428,1.0963854,-1.1241713,0.9875689,-0.8395543,0.7224085,-1.0828003,-0.50215745,-0.44899186,0.5446891,0.076812774,-0.27912027,0.32898074,-0.0034722267,-0.48148045,-0.31109393,0.24171263,0.4406952,0.62875044,-0.008845069,0.98440164,-0.9584786,-0.713627,-1.5875615,0.6439591,-0.6380388,-0.74879116,-0.31657076,0.21241328,0.8523127,-0.6493427,0.22473758,-0.46017125,0.794131,0.45549458,0.83671683,-0.9060672,0.05369592,-0.5673371,1.0214292,-0.10491086,-0.9711504,-0.28932777,0.11732522,-0.87899697,0.114036694,-0.626962,0.58105654,-0.3616265,-0.9775069,-0.8336976,0.29094645,-0.07176839,-0.54141134,-0.1639797,-0.2084282,-0.39815244,-0.091841854,-0.98076254,0.3369114,0.34656823,0.8776194,-0.85910404,-0.14787444,0.56930584,-0.2172598,-0.10558456,-0.2099363,0.11544899,-0.64241874,0.67246795,0.05358104,0.37987342,0.39322686,0.05053419,-0.07300003,-0.5862721,0.30127937,-0.5404821,0.47129554,0.40769744,-0.11300484,-0.37293664,-1.0500225,0.08832478,-0.7343218,-0.60454386,0.34629884,0.75379056,1.4283623,-0.061984774,0.31162396,-0.34796777,-0.41489163,-0.008711715,-0.09291995,0.57658756,-0.11101953,0.077358074,0.17202777,-0.08778711,-0.48878792,-0.9067153,0.7363026,0.98475266,0.1706311,-0.6838078,-0.3065751,-1.1178855,-0.66014004,-1.9282287,0.5735588,2.625983,-0.8499148,0.1572408,-0.29069734,0.16777508,-0.9664447
-0.57988524,0.10410846,-0.54514414,-0.023889724,0.65948015,0.73718256,0.5344622,-0.80232763,-0.27531144,0.27592954,0.036329266,-0.04700442,-1.1755117,-0.20600708,0.79576063,-0.50401884,-0.80501527,0.5709808,-0.10551162,-0.46919551,-0.83686554,-1.0919003,0.6743475,1.3450474,-0.03705324,0.2548839,-0.26926357,-0.662245,1.071499,-0.5970783,-0.5702871,0.29034233,-0.67370015,0.22047347,0.88313574,-0.57036334,-0.21696818,-0.17362858,0.43962866,0.5195376,-1.1716479,0.32982662,1.0632548,0.61888325,-0.77023154,-0.068707176,-0.11489338,-0.53095007,-0.11094537,-0.15806241,-0.30605265,-1.332768,-1.2722522,0.76936615,0.6227569,1.5200961,-0.6434568,0.048227593,0.13939738,0.6827609,-1.2016609,0.34966305,-1.4167448,-0.30578685,-0.3359367,-1.1963742,-0.513093,0.32532823,-0.50207525,-0.4101235,0.7231954,-0.06858591,-0.4069794,-0.44445762,-0.96389925,-0.45744133,0.015573005,-0.41880912,-0.55195487,0.6503756,0.59758407,-0.63585943,-0.19087173,0.50981146,0.36164412,-0.292643,0.7239443,-0.8482453,-0.36439198,0.568419,-0.682768,0.2900722,0.4632219,-0.22047989,0.35967913,-0.92898464,0.20419507,-1.2661572,-0.1430856,0.2919464,-0.035837747,-0.09034615,-0.3952473,0.0459762,-1.270778,-0.06762843,0.7843216,-0.004119984,-0.73142874,-0.112885065,1.0831637,-0.032041226,0.0044689663,0.007475848,0.6249424,0.1426198,0.5302236,-0.27835461,-0.8727113,-0.9271806,0.046231616,-0.8832598,-0.39769766,0.06511898,-0.68993205,0.71726,1.3480358,-0.6309762,1.0034413,0.6176486,0.9784537,0.30229026,0.1373059,0.27905044,-0.123398624,0.051941022,-0.0030100064,1.4057941,0.6175184,0.54654795,0.5188905,-0.81556255,0.38831672,-0.29861477,-0.6207227,0.8591344,0.030402094,0.31920075,-0.70255876,-0.103199214,0.11969757,-0.9797701,0.37002072,-0.64839834,-0.2758952,-0.9147589,0.09187571,-0.1723575,-0.22023025,0.4310681,0.17114201,0.58573747,1.4517893,0.29326734,-0.44103187,0.6763522,0.2804799,-0.3888732,-0.28677878,-0.17659408,-0.616195,0.95956016,0.24500121,-0.62062144,-0.31884077,-0.9545043,0.5276987,0.38233954,0.488243,-0.39246508,0.10732178,0.06278567,-0.2643065,-0.4248761,-0.5870848,-1.4863929,-1.4166704,0.092135504,-0.52015173,-0.67946994,0.03624742,-0.16852714,-0.50588185,-1.2245306,0.3459156,1.2227175,0.29119098,-0.3226737,0.14491865,0.8381863,0.43606856,-0.7054149,1.0512358,-1.3962731,-1.408189,-0.17833225,0.17789108,-0.6944645,-0.9262232,0.60519695,1.6203142,0.21228047,-0.81234026,0.21246973,0.08397983,-0.2957084,0.58393544,0.92885804,-1.6417276,-0.75661,0.3212448,-0.371164,0.287838,-0.045757174,1.4891088,-0.079656996,-1.6854959,0.076453306,0.06306929,-1.1123307,0.13677302,0.2202618,0.5014888,0.07576672,-0.51262957,0.0647317,-0.4506932,-0.5394763,-0.1456926,1.1307008,-0.42437062,0.8675639,0.38013458,-0.24564217,-0.91649574,0.8037871,1.340839,0.8189274,-0.6942566,-0.26919487,-0.2289475,0.74318296,-0.18046407,-0.5701292,1.0032685,-1.2449373,-0.737124,-0.01586256,-0.62635785,-1.3582537
-1.5084157,-1.2864404,-0.69054633,-0.7770032,0.995217,0.711655,0.6985412,0.5461268,-0.4744247,0.24046752,-0.47028363,-1.4379009,0.15211137,0.5806533,0.6103286,0.29982916,0.56371474,-0.26502123,-1.0608621,-0.500145,-0.6731945,-0.45732075,-0.07306083,0.51745546,-0.044276137,1.0615942,0.47264716,0.57023835,-0.017367916,0.7256448,-0.37294015,-0.35313994,-0.011272427,0.46968517,0.7257371,-0.12456287,-0.13704126,0.26800576,0.4807568,0.45172536,0.08318862,0.5825241,-0.11454057,-1.0439095,0.78234965,1.0847303,-0.010756657,-0.28266534,0.6937256,-0.90187675,0.43759915,0.17714444,-0.30190504,-0.17428207,0.39252558,0.6311146,-0.9251615,1.6062062,0.77295333,1.1261623,0.08303349,1.03402,1.0682133,0.087691456,1.1102204,-0.8672975,-0.4609523,-0.76208913,0.5017476,-0.75972867,-0.29998067,0.2860731,0.46385652,-0.3597774,-0.41306868,-1.5309392,0.040685553,-0.1070925,-0.24202015,0.067240424,-0.14075135,0.5510923,0.43697366,-0.13011856,0.45960954,0.61910427,-0.97436786,-0.22819985,-0.6670974,0.714922,0.5177495,-1.0746393,-1.4421153,-0.73256105,-0.89313793,0.49743447,0.52640116,1.5142989,0.9110517,-0.98002964,0.6934352,0.52789456,-0.29293188,-0.93897206,-1.3148146,-0.2918742,0.35462958,-0.5287914,-0.21846265,-0.16284303,0.11368742,-0.55252737,-0.204108,-0.022573754,0.28150848,-0.3691945,0.28244525,-1.3741611,-0.29473624,0.06935592,-1.1003072,-1.1469673,0.47371012,-0.29314643,-1.2533684,0.12846097,-0.051088315,0.011733356,0.67999256,0.3937258,1.1722424,-0.42857635,-0.6413391,0.066234976,-0.48603046,0.61552113,-0.062444665,0.7398738,0.20719108,-0.27715707,0.084772535,-0.7616575,-0.7644918,-0.9407632,1.1009932,-0.13515016,0.28867376,-1.1699741,-0.86419123,-0.87900186,-0.78451455,0.14784169,-0.13080548,0.32452038,0.6455794,-0.46092254,-0.40954974,-1.3397391,0.7748248,-0.18635687,0.22512561,0.2738212,-0.42759275,-1.0479184,-0.18938616,-0.1751378,-0.4953378,-0.6277551,0.7620573,0.15269442,-0.07477903,0.25173834,0.39713877,-0.070412554,0.6087545,-0.061859187,-0.03390117,-0.24174546,-0.12263967,1.0089464,0.68886775,0.30064932,0.35944507,-0.6516339,-0.41114688,-0.98836404,-0.13462797,-0.6461608,0.4817898,-0.62297845,-0.010138629,0.59980977,0.049162235,0.98399323,0.16191924,-0.5804468,0.17737716,-0.3621086,0.34759492,0.29895887,-0.54004353,0.43394142,-0.027628096,0.63271344,0.51282173,-0.061065167,1.0001279,0.06301222,0.7670066,-0.21866353,0.28277832,-0.6556279,-0.25712925,0.17207162,0.36288503,-0.6111563,0.5757805,0.045575064,1.3428292,0.1943184,-0.8046075,-0.12803201,-0.66057193,0.47610414,0.0117273275,-0.34303242,-0.4740955,-0.16076183,0.17374443,0.035403408,-0.642088,-0.2114442,-0.7404126,0.5993123,-0.12454341,-0.7985265,-0.53249973,0.36622933,0.32611674,0.4819687,-0.16065426,-0.29627898,0.2626809,1.1118203,-0.51458275,-1.4705588,-1.1094887,0.43824524,-0.5897086,-0.55449134,0.3719683,-1.4919645,-0.15438575,0.30696496,0.47201866,1.3838533,-0.31775603,0.44847524,0.6133051,0.18985885
-1.1570405,-1.5010056,-0.5391551,0.26046103,-0.09771964,0.8821848,0.27937138,-0.55963844,-0.7878068,1.462629,-1.6034513,1.1475608,-0.701653,-0.6902193,0.46009386,0.64224875,-0.90369356,-0.7949301,0.10714026,0.5557194,-0.05232404,-1.8229808,0.7621187,-0.18171468,-0.9104071,0.058833938,-0.5164932,-0.7577229,-1.1778035,0.5927646,-0.78061527,-0.009367858,0.55623937,0.3139122,1.5204791,-0.28243518,-1.765311,1.2600703,0.26287317,-0.39280173,0.84104973,0.72347414,-0.37075174,1.8039205,0.004861939,1.5665796,0.37359536,-1.0168903,0.7454606,-0.33296528,0.50438386,-0.59292144,0.30230328,0.41246602,0.6863367,0.75985533,0.894236,2.248954,0.23194325,0.2040859,0.31087834,-0.3150063,-0.22207426,-0.21521984,-1.9547774,0.255409,-1.2352036,0.15873234,-0.21892886,1.141581,-0.6235953,0.108370386,0.37493336,0.05786886,0.14192164,-0.3699116,-0.17337191,-0.44007045,-0.2609393,-0.28474414,-1.1162816,-0.24249537,0.31772766,-0.46537942,-0.7651536,0.41267347,-0.42872953,0.7566102,-0.4940554,0.38987732,0.50069356,-1.1618776,-0.8608494,-0.2044943,1.2038131,0.40489137,0.41419646,0.10046764,-1.1604781,0.68241805,0.63374496,-0.068248615,-0.34623703,-0.91236293,-1.3352225,-0.7444634,-0.5187012,0.09026593,0.18631938,-1.6452303,0.7737246,-0.5891592,-0.623237,0.42889327,0.26572448,-0.21242112,0.5469449,-1.3419815,-0.72721,-0.09583742,0.5698353,-0.066981874,-1.0210376,-0.4273522,0.7876283,0.560395,0.22007799,0.24549086,0.27321482,1.1294497,-0.10257502,0.7694207,-0.43468153,-0.02748514,1.1273574,0.5795993,0.7155805,0.48596323,0.8456927,0.33840042,0.64722604,-0.26410523,0.16214715,0.72325075,0.52878356,0.1947067,-0.02464053,0.6090377,-0.09696603,-0.08065977,-0.62162143,-0.21303013,0.67253345,0.1777252,0.2606801,0.45910767,0.77462703,-0.65859675,1.2857631,0.7929822,0.85300106,-0.11219934,-0.7484987,-0.77709544,-0.6581615,-1.9134879,1.2757348,-0.36161315,0.008858321,-0.69203293,0.07210217,0.14988333,0.24494009,0.98499715,1.0873648,-0.120583676,-0.6120706,0.3520021,0.48651004,-0.07585566,0.2906185,0.4351247,0.3505778,-1.0060593,-0.18453829,1.8534284,0.8488503,-0.1442503,0.7483244,-0.05216219,0.11432486,-0.99268055,1.6637275,-1.0781918,-0.28006494,0.31548545,0.3559225,-0.30967972,-0.5363489,0.023683177,1.1067923,1.2546817,0.79511905,0.9443259,0.3571761,0.085182205,0.59480786,0.7663131,-0.082784235,-0.16901435,-1.2249209,-0.30555314,1.4974163,0.055288576,0.012425453,0.17958628,-0.42217723,0.8828206,-0.88796884,-0.49262327,-1.1917793,-0.2579524,0.95418984,-0.5945885,-0.22425526,-0.17944162,-0.42696568,-0.18838844,-0.9614453,0.061511986,0.54696995,-0.21622318,-1.0021628,-0.09123531,-0.77174246,-0.025772179,-1.0741907,0.38614032,-0.36064857,-0.41981754,-0.26606336,-1.2234493,1.7203209,-0.5641264,0.6052434,-0.4131917,0.89841044,-0.16729881,-0.9080052,2.1840224,-0.7403684,-1.0065899,0.22898345,-1.202518,-0.48704642,-0.5339674,-0.9565276,-0.87607527,-0.37027127,-0.99152285
-1.3818332,-0.7807935,-0.7592359,0.033935763,-0.62101144,-0.9603601,-0.8804136,-0.536777,-0.81707025,-0.1048907,-0.6887728,1.2476003,-0.12936422,-0.08308449,-0.38100332,-0.4105459,0.9136829,-0.4603351,0.60213846,0.5874781,-1.1278219,-1.0659335,-1.0865732,-0.25674853,0.10027947,0.41885847,-0.53482234,-0.026484227,0.15932155,0.05896454,0.019634796,0.2362484,-0.5484455,1.2601398,-0.4135882,0.72378826,0.0007882577,0.61796993,0.5374919,-0.61845446,-0.6020668,-0.22329783,-1.4180362,-0.005951605,0.62061113,0.6127956,-0.27276933,-0.1522743,0.12841795,-0.36437237,-0.18019141,0.06402007,-0.09490263,1.196293,1.0955646,0.19186297,-0.05580899,-0.5003599,-0.61613137,-0.6404395,-0.15948671,-0.38591528,0.50798076,-0.007971328,-0.3157331,0.42151225,-0.46821904,-0.23679121,0.4548245,0.43716356,0.65977514,-0.7104514,0.20027764,-1.0094837,-0.67415315,-0.922411,0.14900069,-1.3204535,-0.49673,-0.7264955,-0.30535525,-0.455917,0.29253405,0.07006216,-0.60921204,-0.49764356,0.27402288,-0.35108608,0.35345823,0.9443618,-0.5416788,-0.9546466,0.39574003,0.0024643834,0.19988003,0.62150586,-0.46656036,-2.0064452,-1.0316402,-1.2118942,-1.1409564,0.29095575,-0.12831672,0.35890955,1.3366774,-0.92522144,-0.7964376,-0.23436925,-0.55411315,-0.662497,0.547129,0.74416804,0.6859226,-0.3292726,-0.28368908,-0.53770137,0.085340284,-0.21272197,-0.7886817,0.76166886,-0.292172,-1.3917912,-0.38835633,-0.8817126,0.20578887,0.36941126,0.29223642,-0.47031307,-0.3113597,0.57719374,-0.142857,-1.4237778,-0.21573412,0.936032,-0.0664239,-1.0293154,-1.4128473,-1.3007488,-1.5075079,0.020508708,-0.52198315,-0.048728622,-0.78541315,0.8132724,-0.8483236,0.8423881,-0.3421048,-1.098077,0.68204075,0.5306588,0.9446637,1.3004493,-1.0877936,-2.1260326,-0.6179569,0.64648545,-0.26209602,0.076288,0.34268573,0.22480987,0.076480314,0.01876478,1.2748704,-0.7741253,-0.8273043,0.1266045,1.6658152,0.9968952,-0.050250344,-0.15532948,-0.22966956,-1.1789321,-0.62631047,1.4446555,-0.87001914,-2.480845,0.17910905,0.1434919,-1.0125426,0.42681095,-1.0157115,-0.26438162,-0.052987184,-1.301765,-1.947553,0.88082665,-0.3377247,0.743078,-0.45493025,-0.82360363,0.17517829,-0.12291805,1.579171,-0.43121016,0.058018196,0.68935186,-0.07619301,-0.49703583,-0.20311159,-0.5305288,-0.4362312,-0.18586746,0.10032448,-0.7471742,-0.2538411,0.6680803,0.24184035,-0.060684405,0.33134505,0.38846684,-0.8355204,-0.85282147,-0.50043154,0.9739155,0.8760421,-0.3419793,0.09648304,0.27225706,0.08456468,-1.020374,0.31895736,1.9146316,0.25585985,-0.45641375,0.39618844,0.7501593,0.846632,0.0125629725,-1.1226932,-0.406942,-1.3227351,-0.46681845,-0.9721286,0.33051518,-0.4251957,0.70720434,-0.51742107,-0.27137306,-0.39483115,-0.57369554,-0.5386657,-1.0651599,0.62288105,0.8035908,-0.37623203,-0.29638928,0.07689182,0.6257489,-0.41739604,-1.3680292,0.6713513,0.2596806,0.47785816,0.48974186,0.5756327,-1.1293323,-0.92134583,-0.56167686,0.027806146,-0.2771234
-2.1833575,-1.13189,-1.4820251,-0.8731811,0.8937662,0.44535244,1.4575038,0.813148,-1.0470638,-0.8040352,-1.356278,-0.7315685,-1.2667544,-0.33572015,1.8944973,1.2578557,-0.4214398,0.116005704,-0.9797366,-0.47053134,0.19965425,0.62681276,-0.79376477,-0.8116875,-0.6639257,0.8982804,-0.0073092515,0.011308259,0.60940045,-0.6434036,0.03064763,-0.5910874,1.035364,-0.61686957,0.6097455,0.87943316,-0.13271472,1.9978635,-0.9954922,0.35248807,0.3206442,-0.29527706,1.1014535,0.3313345,-0.35187835,0.090174824,-1.4072506,0.5256727,1.4595963,-0.4273941,0.30303144,-0.49457103,0.28900245,-0.36503187,0.22549762,0.9850343,-0.11618083,0.02920667,1.1162156,1.070847,-0.8888998,-0.59208953,1.8078285,0.8327121,0.17071629,0.21128258,0.70897865,0.90749145,-0.39486465,-0.031434607,0.2016277,-1.3045853,0.4047044,0.5182307,0.3995779,-0.11182367,0.74558383,-0.19399975,0.15334502,-0.3287101,-1.4046907,-0.94922143,-0.95314616,-0.32572204,0.50021213,0.18549815,0.51108605,-0.9842193,-0.5880619,0.90279055,-0.28639296,-0.15194835,0.25692967,-0.5648654,-0.615011,0.805646,0.17691602,-0.39513087,0.32840854,0.09965089,0.016757868,-0.22781378,1.0584757,0.84479064,0.6825904,-0.2622933,-0.82068205,-0.51137197,-0.55474335,-0.6729099,0.0075584566,-0.04002813,-0.8201795,-1.1081383,-0.42976514,-0.60619646,0.1638727,-0.3250521,-0.6904513,-0.5591989,1.0722712,-1.1452225,0.35246915,-0.25373232,-0.60696673,0.052360915,-0.5045097,-1.4187678,-0.9017717,0.21774335,1.1457262,0.2578471,0.014238762,0.41127253,-1.155156,-0.28369543,-2.1653175,-0.9855491,0.06822399,-0.017216338,-0.2834987,0.06030948,0.4408966,-0.8949539,-0.8184484,-0.037365723,0.960856,-0.86016273,-0.97587645,0.7151024,-0.011198172,0.3590911,-0.5985888,0.05049438,0.7213621,-0.029921455,-0.047270253,0.13360076,0.2196187,-0.84670854,1.2257452,-0.79409224,-0.6517518,-0.7430985,-0.7381953,-0.80807763,0.66513723,0.13538633,0.4305847,0.5421268,0.25779498,0.57035667,0.4227654,1.761849,0.014906776,0.38645816,-1.3430375,-0.21329086,-0.7980447,-0.75558233,-1.678259,-0.05101642,-0.10514743,0.95358384,0.74865484,-0.8335368,-1.0971881,-0.59315383,-0.36558926,-0.70650595,0.5466554,0.38101947,-0.18250434,-0.31381252,-0.24576437,-0.5795708,0.50017077,0.02675818,1.4467062,0.28892112,0.47672513,0.66479695,-0.33794162,-0.3354712,0.22678925,0.20349675,0.34082147,-0.16271295,-0.3631466,0.102691375,0.016129987,1.4950995,-0.6650461,0.16610079,0.8230476,-0.5378064,-0.8185907,0.23541152,0.04402302,0.041415423,1.2495522,-0.23883423,1.2857813,0.16250797,0.038992867,-0.33296108,1.0776511,-0.03782641,0.19175299,-0.5527039,0.22497752,0.4698601,0.8376558,0.7409077,-0.39370257,-1.6659697,1.0952679,-0.09221032,0.049266603,-1.3475677,0.5181145,0.5085185,1.2178812,1.8617076,-0.27911782,0.3875095,0.43737838,0.3365716,0.21805933,-0.35582834,-0.027107958,0.033792675,-0.106253065,-0.14602627,-0.48371357,1.0207982,-0.23658426,0.29607418,0.14245544,0.41256255
-0.8622209,0.053678688,0.12388689,-0.29003534,1.4258014,0.37398496,1.2819507,1.0521492,0.7589116,0.50257736,-1.5027972,-1.1521511,0.09736702,-0.43776807,0.96539307,1.4173819,-0.43920842,-0.20806433,0.15280831,0.18683095,-0.44573027,-0.28561983,-0.9711731,-0.34611937,-0.19091086,0.13904798,0.57800025,0.114579275,0.93681794,1.3228065,1.3025976,1.3160112,-0.6338816,-0.3361788,0.90951586,0.20165387,0.7967976,1.7041459,-0.2011375,-0.6851016,0.0053292788,-1.7910509,-0.47724378,-0.67016006,-0.3081614,0.7192376,-0.52970624,0.8105418,-0.48187873,-1.2797321,-0.8653455,-0.05108836,-0.7603089,1.0860695,-0.056397554,0.45110133,0.29422235,0.17544194,0.6223867,0.12468295,0.64099336,-0.9874556,0.71297604,-0.5198797,1.2947237,-0.9341863,-1.7373685,-1.2084564,0.85515195,0.23390122,0.26861134,-0.06819605,0.09478474,-0.506812,1.049082,-0.8882843,0.28795046,0.14318259,-1.0874071,-0.6053087,-0.5555404,-0.5278651,-0.83236945,-0.3098954,-1.0780587,0.43616736,0.2544354,0.04264858,-0.04684785,0.24770711,-0.79417944,0.41777855,-0.9004361,-0.5831727,0.5887955,-1.3845111,0.6025033,-1.3503917,-0.04563472,0.92135954,0.36720872,-0.71489215,1.1328536,-0.43924367,0.40873805,-0.825271,0.7592461,-0.95400965,-0.85091466,0.36130562,-1.015859,-0.09719596,-0.5322396,-0.32956836,-0.69304687,-0.22156009,-0.28323296,-0.5407014,-0.36372986,0.10643621,-0.23794037,-0.0013899984,0.59412265,1.7144024,0.052618507,0.5489147,1.3484142,0.5033764,0.74636066,0.07635161,-0.6067383,0.72044873,0.64517456,0.7068333,0.59407926,-0.3448777,-0.5480565,0.21737164,1.2262007,0.5085148,-0.5737027,1.8932021,-0.115614966,-0.21189608,0.1618945,0.046514727,-0.23152384,0.6029893,0.12583205,0.040725462,1.5569667,1.1480048,0.08619842,1.0465771,0.14839843,-0.5601388,0.963509,-0.13003388,0.4593934,0.7249408,-0.42132697,0.617848,0.27489164,-0.6266093,-1.6776819,0.76804763,-0.6351964,-1.074328,-0.4975123,0.10830228,-1.9666337,-0.7079338,-0.6093534,-1.0078418,-0.9278424,-0.6433808,-2.2423432,-0.09561229,-0.21941517,-0.5977071,0.82843053,0.27017486,-0.4514562,0.27557367,0.19019844,-0.8918917,0.75548166,-0.17652945,-0.71065956,-0.9293603,-1.2507538,-0.32637575,1.7291061,-0.23611838,-1.0978701,0.8033997,0.25341722,0.8247642,0.09630641,-0.2900722,-0.40943068,0.14814802,-0.3251278,1.0867409,-0.7427692,0.43888366,0.09596692,-0.11524908,-0.33734542,0.8449681,1.5850421,0.6709758,-0.848042,0.07725281,0.5930136,-0.32621798,0.85753393,0.55241996,0.42914632,-0.3620924,0.52633196,1.671292,-1.0943499,0.21780756,0.004860422,-0.6220254,-0.52260673,-0.68583757,-0.6893036,-0.605142,0.5549159,-0.71591985,-0.40443075,-0.35444316,-0.21873266,-0.43956104,-1.3352,1.3332273,0.6206541,-0.05871115,0.12358269,-0.3222173,-1.2071584,0.14046407,-0.026624853,0.18760784,0.33469585,-0.39999247,-1.3357924,0.68751335,-0.46549475,-0.033931524,-0.37775218,-0.81973636,1.561809,-0.9435835,0.026533423,0.620807,0.5836885,-0.29444647
-1.5158862,-0.91456574,-1.092561,-1.2604718,0.22976896,-0.34819022,-0.8758251,-0.25859308,-0.33886206,0.3458078,-0.0032581647,-0.42463246,-1.2366942,0.8390248,-0.23615892,0.6802956,0.2660692,0.17072661,-1.6627259,-0.15544888,-0.4857225,-0.0030207536,-0.90714425,-0.5700561,-1.6507747,0.20967147,0.9078191,-0.42454514,-0.48006004,0.03063354,0.49950582,-0.0648232,-0.22209284,0.33187371,-0.89967006,-0.7530453,1.4497559,0.85534596,-1.1332607,-0.18382725,-1.2480906,-0.987442,1.0749112,1.3661559,-0.2033951,-0.5685728,0.86561626,0.18800423,-0.09896926,-0.22959708,0.6627991,0.5553302,0.896785,0.88380903,0.38416356,-1.4754312,-0.052885726,0.13863932,-0.10279162,1.1681308,-1.1425391,0.41583085,0.89231324,-0.0044468264,-0.824193,0.93368506,0.43770066,1.2212656,0.35583067,-1.0242578,0.5537881,-0.24508883,-0.021534175,-0.07732446,-0.19139707,0.19838336,-0.3992149,-1.775068,-0.61320746,-0.96002465,-0.8342278,0.7740917,0.07289529,-1.1991868,-0.15487385,-1.6062527,-1.0771914,-0.85329455,0.12042727,0.3360086,-0.2957658,-0.40674853,-1.0766574,0.42347392,0.3161321,-0.39305326,-0.23607114,0.35782692,0.31688455,0.06472108,0.105467685,-0.97430736,-0.33055604,-1.3750625,-0.104888916,-0.9202028,-0.49927637,-1.6869042,-0.36218783,1.612903,-0.08999504,0.18505177,-0.67627907,-0.5772111,0.023626084,0.6950433,0.9746241,1.351483,0.5272849,0.128315,1.49082,-0.49469072,0.307678,-0.25500533,-0.99327815,-1.170682,-1.5464828,-0.3909288,-0.40768686,0.45490152,-1.0763298,-1.6358792,-1.2232096,0.66030896,0.37703583,-1.0969889,-0.075589076,0.898776,-1.1415755,-0.68099207,0.17986219,-0.8390095,-1.3864866,-0.13418847,-0.48341173,-1.5167685,-0.23752299,-0.76009893,-1.4429474,-0.04561938,0.6196535,0.08588937,0.47256908,1.0211431,-0.14972876,-0.05985013,-0.69181585,-0.40708318,0.61278576,-0.09256315,-0.06414966,-0.8206921,0.462193,-0.52900684,0.4975303,0.4948178,-0.2993766,-0.24394773,0.7029971,-1.1673255,-0.5770162,0.6106342,0.6401693,-0.4688811,-1.2351474,-0.5854083,0.34081408,0.020421414,0.13915607,-0.82965195,-0.37511253,-0.499257,-0.2517397,0.84711915,0.17002481,-1.4522649,0.73612934,0.8132124,-1.178287,1.0803232,0.09175557,-0.4573645,-1.8561664,-0.67416525,-0.74647737,-0.7616731,-1.3755974,0.27958855,-0.38736647,-0.5657275,-0.7281638,-0.44086778,-0.44493607,0.528827,0.019735228,0.735925,-0.42924008,0.13835083,-0.20735456,-0.747621,1.6361711,1.1111023,-0.631494,-0.035767753,0.72955644,0.076138884,-0.32218823,0.12728833,-0.6968004,-0.1412726,0.8138182,-0.56098205,-0.13485812,0.04242275,-0.6309621,-0.4214714,-0.28043646,1.1310973,-0.07462941,-0.5894229,0.542797,-0.1496962,-0.21303895,-0.251217,-1.5273516,-0.33045655,-0.3595416,-0.64271027,0.5620711,0.36375642,1.0435501,1.160228,-0.79336315,1.4414598,-0.7376833,-0.9481569,0.8028247,0.5632536,-0.59019905,-0.020512972,-0.18495442,0.06529384,-0.8601319,2.0317414,0.5660793,-0.8299758,-0.7756277,-0.22234249,0.60457575,-0.6344485
-0.95167637,-0.06274484,-0.56660396,-0.6758311,-0.07390698,0.057925873,-0.4240919,0.4157178,0.12826991,0.49074808,-0.96465373,0.6662454,0.4114295,0.4719476,0.8280524,0.4972091,-0.19765306,-1.0573865,-0.53661436,-0.4708658,0.1453413,0.39447868,0.17828438,-0.689438,-0.45699963,-0.0669979,-1.0755552,-0.33985165,0.76040375,-0.5435622,-1.0096716,-1.1606777,1.32613,0.39241874,0.644981,-0.16804181,0.110810645,-0.8539099,0.041955117,-0.4249515,0.040814627,0.549749,-0.10842601,-0.85713965,-0.7196373,0.4397726,1.078859,-0.279523,-0.3103122,-0.9252615,-0.25989902,-0.8167428,-1.3187871,0.251327,0.2696236,0.17366874,-0.17182477,1.3204386,1.119994,-1.3593771,0.43485555,0.034131285,0.7327369,-0.45539716,-0.15083754,-0.7004774,-0.1879626,-0.333437,-0.7566928,-0.83242476,0.031728145,1.0833269,0.23918842,-0.048097182,-0.23915476,0.34984633,0.6325951,-0.4608818,-1.2473556,0.28517023,0.5709246,0.10377674,0.7308071,-0.02644536,-0.38200894,-0.14893462,0.08127185,0.630972,-0.7738751,0.45710638,0.68169874,0.5820244,-1.0516423,-0.7188268,0.32523626,0.26758143,-0.42451844,-0.7555382,0.80804366,-0.3591787,0.57572407,0.57057136,0.24808703,-0.58538723,-0.051838335,0.16579235,-0.040104777,-0.355139,-0.15322268,-0.45642644,-1.4855999,-0.8501554,0.5805916,-0.8442487,-0.42143983,-0.81970036,-0.8191261,-1.0323985,0.37767282,0.08442815,0.034021523,1.2812049,-0.12493538,0.4173942,-0.836461,-1.4376721,-0.4796526,-0.87563473,-0.09359388,1.4096533,0.5520064,0.20517161,-0.36378628,0.7918609,0.70489544,-0.0037888733,0.17086756,1.2610204,1.6304895,1.2012641,-1.091475,-0.26545414,-0.663411,1.3433827,0.7319108,-0.43741888,-1.7017277,-1.1607594,-0.3192498,-0.24143001,-0.24321453,0.40077695,-0.22873306,-0.6623447,0.49625713,-0.054744445,-0.25456217,0.5691655,0.09244252,-0.5063925,1.1348772,-0.60335946,-0.1263985,0.3798611,0.442973,0.43395746,0.7052374,-0.61750764,0.96870357,0.4768643,-0.6399609,0.4819728,0.2906613,1.3342432,0.11494378,0.557943,0.1053815,-1.3676741,-0.018228883,-0.70134395,-1.0555687,0.21183473,1.3543748,-1.0752128,0.5952648,0.02509612,0.09336997,-0.2922784,0.13857332,-0.17571986,-0.39773247,0.110192455,-0.3979344,-0.20209947,0.53563774,0.26584166,0.6437263,-0.12728834,0.5470729,1.2481987,-0.9865617,-0.40751305,-0.8015939,0.2242287,-1.051837,1.6176561,-0.007411273,0.45126155,-0.12222501,0.28830793,-0.41759828,-0.92094076,-0.13792312,0.6520866,0.26529932,0.12082425,-0.023084546,-0.076735474,-0.015514708,-1.585529,-0.047676817,-0.6557572,-0.63259023,-0.109617926,0.21264103,-0.68220115,0.42958495,-0.66526616,0.6681712,-1.0170633,0.018069144,1.4806603,0.31493214,-0.3975908,0.7784407,-0.16262181,-0.4564752,-0.5129266,-0.5351152,0.34016153,0.18911013,-1.482518,-0.12261173,0.051645506,0.20588304,0.4838571,0.31448722,0.6283453,-0.8990895,-0.1386758,0.35449466,0.9211547,1.2981364,-0.862916,1.1237222,-1.088656,-0.42718205,-0.67401814,-0.40949872,-0.1683579
-1.7868017,-0.84688395,-0.09366954,0.37128288,0.9819844,1.0792458,0.6785587,0.42550766,0.37219465,-0.2666448,-1.0846044,-1.2461693,-0.53440094,-0.22892056,-0.045817554,0.4001318,0.41286147,0.4220784,-0.27757615,-0.49947602,-1.689741,-0.2876579,-1.1896675,-0.6478787,0.16907984,-0.2521882,-0.015225852,0.6587258,-0.4281899,0.9571445,0.317817,0.29135293,0.21946998,0.039528947,0.38914418,-0.3704497,-0.42255765,0.16613162,-0.57127535,-0.43243018,0.53028214,-0.13605508,0.76448387,0.2560394,0.15701115,0.9996407,0.11037533,-0.023596494,0.7148793,0.7199426,-0.2566825,-0.20990555,-0.3960554,0.9519725,0.28999862,0.0733773,-0.090545945,-0.3699961,-0.24831256,0.21752861,-1.1947612,0.12011942,0.40488234,0.837746,0.25972494,-0.5149702,-0.28066933,0.71768236,0.4557685,-0.8773048,1.3324383,-0.49799147,0.17981844,-0.9127731,-0.033431396,-1.1511856,-0.6852653,-0.3470765,0.46645108,-0.43692416,1.1440202,0.49432302,0.7873944,-0.8538979,-0.7236958,-0.1526665,0.7794067,0.65195966,0.44968683,0.027048294,-0.03193149,-0.585449,-0.31898487,-0.24955684,-1.0854686,-1.3184366,0.46652928,-0.25870472,-0.48224875,1.4850073,1.304529,-0.3051987,1.2542224,0.7462808,0.5860673,0.80048466,1.716943,0.371783,0.16186719,-0.08976643,-0.29858437,0.25146362,0.013240532,0.17525204,-0.28102085,-0.38064066,-0.09240961,-0.23722085,0.66019815,-0.5133844,-0.9693129,1.7607063,-0.600582,-0.047660813,-1.9638402,0.34926015,1.7092193,0.95259905,0.33625215,0.062513515,-0.2918448,-0.6053129,-0.279024,-1.2676852,-0.46453646,-0.11086549,-0.41543555,-0.10208067,-0.14659123,1.1435537,-0.69696647,0.7384112,0.20730299,0.3515024,0.0015303155,-0.5470841,-0.71571445,-1.5532207,-0.45260307,0.7176212,-0.19014001,-0.15506352,1.1948907,0.39527857,-1.406625,-0.26184067,-0.5586784,0.29872155,0.86689585,-0.34547314,-0.07010562,-0.24749106,-0.8404802,0.22108138,-0.03938851,-0.21465436,0.02999388,-0.16757272,-0.060776092,-0.09724313,1.1145939,-1.167097,0.1780693,-0.29071245,1.9984139,0.36800838,-0.76873714,0.101878285,-0.16481668,-0.9356622,-0.30152947,0.036462206,1.1964157,-1.2511518,-1.1478901,-0.7056152,-0.20364453,-0.36932445,-0.5587144,0.7259682,-0.76083934,0.03133116,0.2684293,0.4336324,-1.1609609,0.097487286,-0.54398805,-0.36093804,0.50160086,-0.6111536,0.30345833,-0.5783291,-0.86607105,0.11372041,-0.3830071,0.26885006,-0.22898608,-1.0254085,-0.13862325,-0.8271249,0.068385795,0.31047267,0.113676116,-0.5748706,0.3446299,0.80142146,0.10630235,0.78106225,-1.1913881,0.6304445,-0.08362126,-0.62511057,-1.0577217,0.40024123,-0.25728834,0.19775341,0.25603676,0.56631905,-0.306483,-0.27830678,-0.04188132,0.8328392,0.5905024,-0.02825448,0.7206341,0.09503599,0.84768206,1.5985477,-0.108536065,0.12323575,-1.4899769,0.014918351,-0.029364035,-0.88942134,0.32397145,0.81441385,-1.0413458,-0.40523964,-0.25655633,-1.011595,0.38033238,0.47138768,-0.8932675,-0.1040035,1.3676562,-0.0551215,0.5260893,-0.73459995,0.61538196,0.3174426
-1.1647785,-0.8208473,-0.61588484,-0.94871145,0.97297657,1.4416305,0.3832336,0.07051907,-0.69221383,-2.219761,-0.10425222,-0.34415698,-0.75742424,-0.5877699,-0.0033721302,-1.158198,-1.1614769,0.13252509,-0.06812681,0.6521669,-0.6497239,-0.11087441,-0.5140502,0.06507939,-1.0501114,-0.48408818,0.70730484,-0.07110106,0.2845747,0.5991585,-0.17877308,-0.4300059,-1.0232209,-0.14775154,-0.023968043,-1.4169021,-0.2519917,0.2664536,-0.4334015,0.37979183,0.4712814,-0.7901038,0.5697022,0.86996746,-0.5933389,0.86279577,1.3024106,-0.11976317,0.71375465,-0.34704193,-0.120120645,-1.0319117,-0.6308834,-0.30708873,-0.6971129,0.1362284,0.9896621,0.97335607,-0.27254835,0.2737545,-1.2623376,-1.2137563,-1.2318423,1.7313149,-1.1164016,0.87303895,0.07725794,0.72643477,0.27292085,0.12940152,0.9617756,-1.0260085,0.7023437,-1.6971943,-1.3775287,0.7345639,1.1303091,-0.38777384,-1.2819058,-0.20176396,-0.58458126,0.8170928,-0.14459588,0.20738457,-0.74785006,0.40464956,0.09628536,-0.5765466,-0.39704067,0.068423554,-0.13744186,0.41413304,0.81330246,1.4255376,-0.011222829,0.92016953,0.06673338,-0.45656937,-0.86256176,-0.18447967,-0.4269944,0.24142717,-0.25630176,-0.5584533,0.15287727,-0.27551147,0.3076873,-0.572372,-1.0261546,-0.018187433,-0.66192883,0.38273206,-0.19110864,-0.18568148,-0.8166879,-0.3395654,0.11943578,-0.5649257,-0.40611005,-0.13992433,-0.29937243,-1.1758754,-0.5753079,-0.39875555,-0.6047198,-0.1681121,-0.7595386,-0.22459236,-1.9411478,-0.368276,-0.516496,0.79660803,0.51469505,1.1701663,0.16062774,-0.39960456,-1.1842396,-0.057997677,-0.21037616,0.84697247,-0.28053507,-0.5003627,0.7005771,-0.14203712,0.2862514,0.625234,1.0291622,0.34118354,0.32183573,0.19483274,0.40441355,-0.9424617,0.56773454,0.7811329,0.57067657,1.5774192,-0.67085713,-0.7285309,-0.33383596,-0.54426515,0.13662054,-1.3069304,-0.8023409,-0.09879119,0.9456615,1.3077691,0.09648192,0.63427246,0.90878284,0.3355762,-0.035239857,1.101694,-1.0829057,-0.91349125,0.40260386,0.11564508,-1.2353194,0.2783455,-0.16326359,0.8198678,-0.23166935,-0.61507195,-0.2253782,-0.08493107,-0.9401294,0.028162599,1.0110259,0.80470645,0.7854817,0.32200944,0.116942,-0.10969158,-0.89349014,0.30927205,0.28972372,-0.6924143,0.24168177,-0.2558527,0.6389039,-0.78524536,-0.009178248,-1.0616177,-1.0583832,-0.46549362,-0.521695,0.016074466,-0.41195157,0.2435148,-0.4481921,-1.4982731,0.71980006,-0.4599901,1.2362434,0.35816288,-0.7478534,-0.41941077,-1.3144956,0.45925662,0.60332364,0.81158215,-0.3964728,0.12915444,-2.0608747,-0.9642843,0.825235,-0.029618323,0.16913487,-1.1907147,0.7112025,0.89569974,-0.64493483,-1.3857124,-0.53005046,0.7721296,-1.2271825,0.10767284,1.3011799,-0.867438,-0.6323667,-0.25491193,-1.4037204,-0.482913,0.8443933,0.35207507,-1.8732378,-0.8753138,0.08947894,-0.8264409,0.6428207,0.7803588,-0.23916757,-0.0663544,-0.10473666,-0.07715775,1.3660539,0.11176525,-0.28941783,-0.18812138,0.08334391,0.3025392
-0.47835085,-1.3643085,-0.60214037,-0.51300305,0.7526047,-0.120291784,0.8514066,0.3384207,0.010805295,0.12377939,-0.8820007,-1.9090124,-0.8898489,0.030847449,0.8066817,0.91302663,0.4773074,-0.8226583,-0.20195559,-0.3251923,-1.0910935,0.38283807,0.20256618,-0.33918133,-0.9775703,-0.38455746,-0.6336679,-0.21902435,-0.7872795,-0.10407922,0.5126921,-0.5348121,0.15451042,-0.43676192,0.17381482,-0.51796806,-0.39270335,0.7319815,-1.4391006,-0.47160614,1.5123771,1.0819157,0.32770202,0.2141275,-0.73562926,0.11462503,1.1464162,1.057361,0.3481091,0.07730409,0.858345,0.2237865,-0.29733914,0.59598684,0.15111266,1.0802028,-0.06793596,-0.21621667,0.5075795,-0.2809994,0.2598265,-0.34406084,2.063351,0.50258917,-0.6217664,0.23933241,0.5659572,1.2321408,0.28295046,-1.419077,-0.3048868,1.0572382,-0.56704444,-0.46897912,-1.1209381,0.058458105,0.72339606,-0.242751,0.03540365,-0.99611187,0.24741729,-0.42829046,0.30929995,0.8118589,0.37312573,-0.49779648,-1.1322674,0.10560441,0.32734552,0.7095205,0.44763738,0.7112384,0.21896857,1.7295129,0.41527048,1.7784983,0.770095,0.3789242,0.6880186,0.5494025,0.38179752,-0.8081991,-0.6886974,-0.9893117,-1.3664412,0.094046965,0.29141995,-0.931265,0.09348321,1.76865,0.31428263,0.79092497,0.030681187,0.63289934,1.1570727,1.8441983,-0.9935,0.52739984,0.18009797,-0.9486228,1.5184567,0.3683058,-0.25375775,-0.72651756,0.14782141,0.4119575,-0.06435598,0.045546066,-0.88827705,1.0295721,0.81729114,0.44332308,-0.5500359,-0.14204045,0.13670771,0.023657888,0.07017686,-0.5895685,0.096229024,-0.910288,0.659325,-0.37379092,0.7508214,0.3097213,0.8026404,-0.121541046,-0.19180141,-0.79126096,-0.7950653,0.52390164,0.7432536,-0.31595895,-0.4181171,1.3711922,-0.4573933,-0.046924137,-0.1914008,-0.40087768,0.073041745,0.3244614,1.0050007,-0.6928122,-0.59419096,-0.5809528,0.711682,-0.32872453,0.84673524,-0.832183,-0.7418067,-0.061315745,-0.6744948,-1.0601717,0.43383545,-0.736486,0.6249969,-0.86596525,-0.78793067,-0.4161038,-0.34631792,-0.17697328,0.59910303,1.6384491,0.05682192,-0.9852436,0.58234775,-0.18866211,0.020116387,0.25843674,0.27184507,1.0405577,0.33566225,0.90756625,-1.1825497,-0.08621889,0.38031468,-0.6493735,-0.029678438,-0.34664366,-1.7973992,-0.5986982,0.31161937,-0.16185904,0.680535,0.20792149,0.2229119,0.70928097,0.76410073,-1.1900786,-0.42396757,-0.39294785,-0.5884351,-0.7499773,-1.2823546,-0.4892491,0.7582536,0.17653272,1.1158565,-0.07662225,-0.56510055,-0.2185896,-0.6194166,0.4174956,-0.110050544,0.42445853,-0.04386408,-0.013304067,-0.62057,0.36039823,-0.38580498,1.365185,0.23496225,-0.18839063,1.9995714,-0.5256802,0.5701377,-0.8328454,2.1197839,-0.45771334,-0.9341603,-0.12476565,-0.16087598,0.038494647,0.39962828,-0.14366487,0.4694117,1.3211287,0.3234439,0.53623086,1.0051003,-0.7648797,0.29079163,0.8426838,-1.0411026,0.8884108,0.6655019,1.333215,0.0812137,0.100026645,0.36497784,0.09889671
-0.7922335,0.046638478,-0.8228472,-0.53307605,-0.23598456,0.31231162,0.609851,0.2468457,-0.086318724,-0.33490965,-0.7747435,1.1923269,-0.535536,0.1658598,-0.4234713,0.6573939,0.0715859,-0.3854733,0.17185056,-0.9477831,-0.53365165,-0.86368245,-0.82810104,0.20901276,0.027114598,0.17196347,-0.110875,0.27594465,-0.48301566,0.3860579,-0.04488267,-0.26170862,-0.21873042,-0.2961082,-0.32719174,0.51502806,-0.5400082,0.077085584,-1.4368789,-0.62433857,-0.71509624,-0.3041256,-0.87680745,-0.4266211,0.6500441,0.61424565,0.41954106,0.29480922,-0.91580963,-0.016149167,1.1554022,-0.55827624,0.32427296,0.27958637,0.28804904,0.7643399,-0.0003759628,0.9790794,1.1471996,-0.03488195,0.12200202,0.5524883,-0.3835966,0.18564679,0.099259265,1.2189934,-1.0373019,-0.09052877,0.30332172,-2.1162095,-0.13222168,0.26788786,1.261022,0.23636463,-1.2378242,-0.09932455,0.149301,-0.61903554,-0.254631,-0.59338623,-0.62249637,0.05030764,-0.2063819,0.18958504,-0.48673216,-0.8700228,-0.31910762,0.18070488,-0.6140208,0.7668553,0.18199867,-0.005009288,0.3546743,-0.060755868,-0.51264936,0.44152564,0.80126697,0.32597017,0.1883888,-0.7726239,0.9271757,1.7224482,0.9487529,-0.055737395,-0.7534004,-1.1779447,-0.77653366,0.5176188,-0.2451664,0.65816414,-1.084332,0.11517781,-0.31714883,-0.7111962,-0.52169704,-0.24737531,-0.34667453,-0.11910629,0.19613926,0.28718564,-0.2338922,1.2118438,0.30200735,1.0121753,0.20068261,-0.0028350274,0.6590135,-0.48859558,-0.7245136,-0.30702522,0.56560034,1.0722537,0.655416,0.5343199,0.22284733,-0.08835505,0.61589026,-0.0012306263,0.070047565,0.36148944,-1.1594462,-0.7410126,0.10127224,-1.4140555,-0.8275207,-1.4898797,-0.1612739,-1.3374115,-0.040220656,-0.860846,1.5881999,0.4748607,0.5818782,0.50141585,-0.93771905,-0.10786976,0.100278094,-0.8165382,-0.013859998,-0.385455,-1.2708884,0.22189754,1.2968911,0.05749092,-0.09061549,0.8725151,-0.076686576,0.7355935,-0.29986626,-0.22875734,-0.11919428,-1.152149,-0.367143,0.6861971,1.7149069,-0.4752928,0.4179316,0.909634,-0.47782055,0.3308127,-0.36911303,0.8033339,-0.04219543,0.72159064,1.6441973,0.9199482,0.014988426,-0.57155234,0.11371575,-0.11155039,-0.35688424,-0.14100248,-0.21684799,-1.0240912,-0.90565497,-0.5887121,0.5936413,0.19539233,-0.1766522,-0.47581664,0.1347637,-0.32976183,-0.12753466,0.3268506,0.39550203,-0.07727744,-0.02423062,0.8797249,0.4881286,0.47211078,0.28993022,-1.1593455,-0.4420533,-0.042409617,-0.10976496,-0.026221124,-0.4492241,0.4556807,0.06414498,-0.27189904,-0.223927,-0.55218816,-0.5169731,1.1658732,-0.75839883,0.006128261,-0.26727447,-0.08626434,-0.6818093,-1.3293262,0.5970683,0.6006588,-0.41407514,0.37278458,0.41285777,-0.022952711,-1.768317,0.067937426,-0.94839424,0.44826934,0.86641866,0.14818932,-1.4753509,-0.009379409,0.8556514,-0.99745435,-0.3869772,-0.94165975,0.40625036,-0.08898854,0.04805184,-0.5356042,-0.9510248,0.43737462,1.1276367,-1.360978,-0.0647888,-1.2213448,0.18553828,0.2992757
-0.61730075,-0.063501194,-0.19214177,0.43150994,0.0946702,-0.94303334,-0.13300362,0.055258512,0.45503968,-0.30116737,-0.61397475,-0.70668375,0.10158075,0.3722744,1.3361714,1.2414958,0.3458302,0.045006555,-0.9582722,-0.8887237,-0.37388554,-0.5450738,0.55050826,-0.030982988,0.8042375,-0.21905434,0.31780463,-0.15673475,-0.11280851,0.10719173,0.47976285,-0.5905015,0.42757434,-0.23320624,-0.9931609,-0.6067629,0.5945345,0.28719482,0.67575616,-0.3073631,-0.9880336,1.0269498,0.40883034,-0.26049608,-0.9847778,0.15679105,-0.7111357,0.485153,0.49085125,0.0983179,1.0291547,-0.5894772,-0.5433572,0.35890922,-0.5568615,2.2335837,0.10203227,0.68253326,0.026798248,0.5653797,-0.5983929,0.5269992,-0.70331174,-0.50442123,-0.66103625,1.3073038,-0.4850298,-0.857666,0.14156295,0.1240049,-0.6966599,-1.0839111,-0.08340699,1.0394018,-0.044317856,0.90888715,-0.073560126,-0.6066607,-0.1139916,-0.74104047,-0.24063589,0.089901045,-0.02056849,0.4131231,0.58080995,-0.09414699,0.27285248,0.15928498,-0.24874422,-0.510925,-0.5911854,-1.2760655,-0.85482675,0.4907105,-0.2981651,-0.41606966,0.18771935,1.3082083,-0.011551037,0.18806858,0.998899,0.16457021,-0.014302403,0.462225,0.3335411,0.4866419,0.07392865,-0.6597606,-0.17682025,0.87639827,-0.7502825,-0.4712052,0.013257144,-0.8039989,0.7484355,-0.82483876,0.32059577,0.35988694,-0.018761914,0.8937945,-1.0468739,-0.78894913,0.837009,-0.44821033,0.30302477,0.4481357,0.027266659,-0.9244482,-0.49166068,-1.4963093,-1.2389212,0.5229121,0.18030311,-1.0234076,0.25340733,-0.5655222,0.8558571,-0.11826099,-0.5021442,-0.50916237,0.004558334,-0.14116073,0.71842456,1.3230233,1.1690345,-0.1089738,-0.07475102,0.45294845,0.18868513,-0.84133446,-0.54482836,0.14780095,0.7384185,0.47183836,-0.095568866,0.59766454,-0.85111856,1.2681494,-0.3517057,-0.2866132,-0.04260835,0.63446975,0.22984143,-0.89835984,-1.1704767,0.06582148,0.55884665,-0.33110738,-0.041841842,0.11769384,0.9523805,0.35420403,-0.7206299,-0.37635645,-0.5784015,-0.50736505,-0.84382355,1.5167052,-0.22477794,-1.0747275,-0.157005,0.48531878,-0.33225548,-0.54961264,0.23388404,-1.2914814,-0.33130553,0.61795115,-0.11241534,1.2735409,0.24862814,-0.41874617,0.7548072,0.45755816,-0.07150733,-0.4228213,-0.09669581,-0.48482633,0.111426175,-0.25592434,-0.69475335,1.0525169,0.51375794,0.037362896,0.31621772,-0.72765505,0.00034880528,0.498991,-0.7321351,-0.9324901,0.4425381,0.27150753,0.5459486,-0.35177815,1.7867552,-0.9653188,1.1867954,0.6835097,-0.6838083,0.3361533,0.25137943,0.082013376,-0.3759079,-0.42530328,0.34113288,0.13939853,1.7245005,1.3446094,0.5736479,0.23825961,-0.36748016,-0.12586339,0.8654095,-0.633764,-0.49208203,0.10310256,0.7355584,0.18299074,0.7499735,-1.045946,0.2767141,0.33579344,0.07078066,-0.011172381,-0.012237286,-0.71756727,0.5947633,-0.7423758,0.2401006,-0.28267354,0.68539065,0.13851398,0.29884982,1.4348114,1.068753,-0.023457538,-0.99846613,-1.0810272,-0.48861784,0.10820788
-1.1451749,-0.16601156,-1.1189388,-0.014938833,-0.26608947,0.5761268,-0.724548,-0.76362485,-0.38085365,0.77640456,-0.18676509,-0.3577999,0.3977586,0.43151993,0.91229117,-0.30779827,0.4846216,-0.84764856,0.19191353,-0.40089092,0.15879984,-0.64564496,0.1528244,-0.08024812,0.7933627,-0.5075306,-0.29647368,-0.3421673,0.47969398,-0.7152701,-1.2561834,-0.2336245,0.49572527,-0.066232756,-1.0890943,0.037942495,-1.3803059,-0.30320704,0.22015962,0.41675276,0.41221705,-0.36184654,0.616382,0.16865289,0.32502297,0.65348375,-1.8224032,-0.031795762,2.451762,-0.051278636,0.43405437,0.02491517,-0.27023435,0.47214478,0.84250957,-0.2317308,-0.13689142,0.9804917,1.7378348,-0.30122176,0.15808551,0.22721857,1.4873793,1.1650333,-1.1258061,-1.6748635,-0.6707973,0.34188417,-0.25079107,-0.747164,1.1553758,0.7914043,-0.3543978,0.43389237,-1.2314199,-0.69501525,0.391647,0.061587363,-0.66057616,-1.093015,-0.010216816,-1.7441735,-0.4884804,-0.77229905,-0.021928739,-0.37395057,-0.58126134,-1.0623571,0.93689585,-0.07820038,0.511235,0.33107823,-0.9043988,0.836372,0.19996695,0.14192404,-0.6257601,1.5138875,0.6764389,0.33317214,-0.27081773,0.08455812,-1.441107,0.59013176,1.0614183,-0.19011207,-0.07423266,0.45706314,0.41897878,-0.70165396,-0.48449406,0.8811547,-0.32330856,0.25983068,-0.30621383,0.3898766,-0.27435577,0.21069923,-0.8826451,-0.34173116,0.24337944,1.4095672,0.34089023,0.027254399,-0.07619325,1.487008,-0.03284889,1.0972855,0.66611964,0.08210807,-0.05804657,0.0297157,-0.57670975,-0.045320917,0.0964075,1.5560999,-0.08833795,0.8344715,0.975096,0.48800936,0.34926465,-0.8460993,-0.1417286,1.6563826,0.76749766,-1.0085149,-0.7802086,-0.4706206,-0.28545952,-0.9779045,-0.59609014,-0.30637166,-0.048428833,0.0300237,0.12084773,-0.74160844,-0.041725025,-0.7215755,-0.2439433,0.9179315,0.4652637,0.70003873,0.8510949,-0.54426277,-0.3319267,0.39231268,-1.1618911,-0.75718874,-1.4033716,1.1499205,-0.21974501,0.121530965,-0.51229197,1.9548451,-0.8157627,0.42154217,1.5004773,1.167102,-0.34878144,0.41895404,0.56408715,0.67453384,-0.039115988,0.96182865,-0.49969032,0.31928122,-1.2597042,0.05085504,0.06715278,0.18667068,-0.45832628,-0.090963855,-0.73060524,-0.03935566,1.5610512,0.29420522,-0.0706597,0.0255977,0.8495658,0.19939297,0.95339864,0.59824145,-0.10394763,1.1018509,0.6186507,-0.23572129,-0.089199215,-0.5928116,-0.3787871,-0.08148347,0.836498,0.43767405,-0.5728549,-0.19140555,-1.677569,0.28937268,0.064047955,0.37246856,0.114990115,-0.7094048,-0.4478232,-1.8013126,1.1372509,0.047874313,0.52028567,0.19962302,0.34547836,0.45333543,-1.2376537,0.86601496,0.50323904,1.1536123,0.5857791,0.48211437,0.6140134,-0.35153508,-0.76376283,-0.09328959,-0.5800715,0.4422269,0.7975766,0.14550675,0.40098542,-1.1173328,0.7185887,1.936664,-0.6946181,-0.9864302,-0.14525914,1.0206406,-0.9048613,-0.7257845,-0.9693647,-1.1087508,0.45362663,-0.25935006,0.39592353,0.64149016,0.1340075,0.07895297
-0.73295707,-1.1167822,-1.1487526,-0.07766454,0.91824585,-0.21541986,0.6454997,0.6350621,-1.2588843,0.38080916,0.37667277,-0.040000454,0.17184313,-0.022479804,0.8330625,-0.11731536,-1.0551876,-0.07595122,-0.63101786,-0.6162149,-0.05715792,-1.1788476,-0.46827888,0.55996406,0.71308064,0.44284725,0.15999651,1.3584604,-1.5371052,0.0058155376,0.35574055,0.582662,0.8532931,0.71755785,-1.3237301,-1.0184237,0.13217738,0.33313593,0.6818372,-0.49188,-0.22534141,0.14919315,-0.7791248,0.3387934,0.683361,-0.5371951,-0.46887073,0.20046751,-0.70802516,-0.019170824,0.40104255,-0.6500182,0.21565771,-0.8631416,0.20885962,-0.13474399,0.83604574,0.9840364,0.47069466,-0.22197343,-1.1648934,-0.18075302,0.6935244,0.096540526,-0.78345615,0.0074672615,0.30569172,0.50449556,0.061992217,0.5165141,0.34300262,-0.10146684,0.31768087,0.5535331,-1.1167078,0.5807249,1.0508595,-0.5160114,-1.343086,0.71973455,0.93563026,-0.019435253,0.42997092,0.7743337,-0.9830279,0.031035352,-0.21326742,0.03017084,-0.078971356,-1.0324552,-1.1524094,-0.6925414,-0.6246692,-0.80191666,0.7524826,-0.027729463,0.22411476,-0.26426458,0.3307753,-0.78337866,0.0017665692,1.0213501,-0.2637847,-0.112140596,0.55732036,-0.09639301,-0.7479038,0.32167166,0.15191288,0.69110525,0.38853595,0.2459911,0.074075975,0.73438096,0.22957237,1.0426431,0.8696173,0.086661115,0.5706602,0.97345656,-1.1254469,0.5317592,0.9582235,-0.1448319,-0.80838907,-1.217917,0.33718866,0.351011,-0.15109575,-0.33455902,-0.04267404,0.5807739,-0.42662445,-0.07177428,-0.50046366,-1.6476618,-0.18882193,-0.32617033,-1.1369166,-0.23173463,-0.3712679,1.1725526,0.32564458,0.45343202,0.61578643,-1.5126148,0.7400193,-0.40536818,-1.3384129,0.15334317,-0.89823115,-0.1271321,0.70026267,0.24484159,0.61515,-0.3231192,-0.6019993,-0.09994647,-0.35906664,-0.07689648,0.09076808,-0.6100244,1.0800817,0.14023723,-0.5643077,-0.18657914,-0.5600587,-0.21959336,0.16581665,0.61259687,0.70388174,-0.4917517,-0.08440986,0.7550373,-0.86463094,0.19506985,-0.32346544,-0.2614463,-0.14423625,0.13556826,0.34638762,-0.5199481,-0.29023102,0.9388256,-0.19025007,-1.0348178,-0.25371316,-0.06543814,0.16043624,0.24091797,0.13542537,-0.5740446,-0.6394884,0.30504656,0.4722825,0.12491096,-0.079632096,1.0024385,-0.29100123,-0.11432166,-0.023089018,0.33773708,0.28679028,0.3312897,0.16660137,-0.25112417,0.44901514,-0.2939052,0.31424904,-0.48050675,-0.17316425,0.10360887,0.13296829,0.006279645,0.658208,0.670837,-0.028624982,0.14300844,0.5868397,-0.7466167,1.4369696,1.304139,0.23879151,-0.14395307,0.7609841,0.5415606,0.7123256,0.15930615,-0.48286155,0.059413347,0.89918363,-1.8475128,0.8134443,-0.81005836,0.05368879,0.5522293,0.39951813,0.40019295,0.30395418,-0.66518444,0.11349526,-0.97332275,-0.47078958,-1.5014827,0.065294415,-0.44456646,0.99724275,0.2503617,-0.33327124,-0.91268075,0.25326338,0.31389865,0.62749976,-0.0367774,-0.922832,-0.5518423,0.17503296,0.33366588,0.48815364,0.13560906
-0.6810188,-1.19154,-0.29717386,0.7631587,0.15284225,-0.6564367,0.09171116,0.1540036,-0.025585044,-0.09540046,-0.04798736,0.84354216,0.22654057,-0.42171186,-0.299768,-0.3381452,0.43800738,0.19239157,-0.0870704,-1.2756451,0.8197526,0.66209584,-0.34375176,0.49405327,0.474894,0.3962799,-1.349708,0.43175706,-0.31943208,-0.18578212,-0.67395765,0.8077529,0.6490309,1.4146149,-1.7373563,-1.0455087,1.915462,0.8949577,0.41125825,-0.42062566,0.47998697,0.19838485,1.7084934,-0.19477613,0.48540255,0.68252903,0.09961034,-0.4971987,0.20463526,-1.234347,0.83434397,0.3819772,-0.6672201,-0.29229125,-0.084106855,0.6511014,-0.52213436,1.092266,0.9210592,0.112030536,0.8556557,-0.04206103,0.543076,1.3614954,-0.21087617,-0.2005324,-0.4567268,-0.53613496,-1.0035393,-0.14994523,-0.11975825,-0.038813118,-0.18338943,0.90477514,0.46892598,0.17461096,0.10615624,0.35125604,-0.51209825,-0.24084723,-0.26956692,0.78605676,-0.22177388,0.10606789,-1.0360143,-0.6587774,-1.210365,-0.16359045,-0.6129452,-0.5258176,-0.43263495,-1.3502985,-0.39839423,0.56990963,-1.510343,-0.06509821,-0.7845351,-0.488705,0.42881003,-0.7607369,0.47672254,-1.7257566,-0.88527226,-0.055500805,-0.45881507,0.04350652,-0.6321849,0.86763054,0.4495052,0.66888434,-0.61478496,-0.09148398,0.021887764,-0.3630118,-0.17458984,0.11856633,-0.115300566,-0.12014834,1.4170308,-0.8870449,-1.4393111,-0.67221797,-0.3600101,-0.6939404,1.5241866,0.31126356,-2.0977945,-0.5035106,-0.6156712,-0.47688127,0.3668593,0.732792,1.7777582,0.27097207,0.3888739,-0.5819253,-0.6233363,-1.0884378,-0.6821913,0.46358743,-0.31768453,0.32133654,-0.10831572,0.57846075,1.6143949,-2.3422587,-1.1448367,-0.12319296,-0.8024749,-0.479548,-0.8330333,-0.37248275,0.4792992,0.55101573,-0.1440004,-0.28434217,-0.4983453,-0.4767126,-0.48604468,-1.3296012,-0.52299803,-0.6991755,-0.9576037,1.3378012,1.2060051,-0.40713012,-0.25375217,-0.71062076,-0.15535042,-0.32139847,0.3761883,-0.08992693,-0.35744086,-0.09174361,0.638473,-0.40260744,0.40101585,-0.7124975,-0.12769707,0.91797626,-0.65944743,1.760749,0.69663197,0.13869755,1.9718916,0.4947251,-1.4634608,0.41807723,-0.19183226,-0.6002423,-0.068943456,0.739159,1.3564566,0.37842003,0.7438987,-0.5456585,0.121349625,0.22567284,-0.46927246,0.69130385,-0.30090916,-0.27556646,-0.11957037,0.43814924,0.7828521,-1.5078853,0.6384567,0.0025212998,0.8632539,-0.63142705,0.07182538,-0.22849454,-0.9182421,0.013013173,0.6425889,-1.1013505,0.20567106,-0.07152153,-0.029402833,0.8289073,0.25238323,0.46584326,0.30882472,0.57344663,0.19889176,-0.65012234,0.3484533,0.32397988,0.23719485,0.41414732,-1.1673539,-0.40855274,-0.3724399,0.6682764,-0.672002,-0.16917577,-0.3947147,-1.0877695,0.5576709,-0.5286994,-1.4448161,0.49356064,-1.1166257,0.16291876,-0.5015367,-0.34829336,-0.53362215,-0.6718891,0.046293385,0.69726306,0.013093283,1.6670557,0.020668427,1.0129527,0.47241035,0.14193006,-0.35484356,0.30771264,-0.223238,-0.8859303
-0.16048554,-1.2160765,0.26898506,-0.39586195,0.06428827,-1.0418504,0.38860533,0.011764817,0.33919045,-0.33048147,-2.0097308,-1.1546851,-0.33151424,0.53233606,0.48405698,0.45007855,-0.49181145,0.0012839579,-1.9941022,0.0066939816,0.41549525,-1.6425151,0.32119557,-0.59541905,-0.2726609,-0.19914886,0.89915633,1.0092348,0.38053286,-0.535428,0.11374756,0.5942855,0.60517454,-0.08401722,-0.09053965,0.48599368,-0.8393348,-0.66845125,0.5325202,-0.19273227,1.0485018,0.4707172,-0.111244805,1.4657689,0.20442384,0.7129621,-0.01200835,0.0045494284,-0.35591975,-0.8193359,0.8338484,-0.6048934,0.7803426,-0.40822196,0.969857,-0.33317986,0.74123627,0.12935838,0.06464449,0.07070193,0.42476127,0.45970434,-0.08221073,-1.3578589,0.6447132,-0.90452933,-0.17764293,0.079840295,-0.55061364,-0.020138362,-0.49336436,0.7938932,0.013536618,-0.7899817,-1.1995748,-0.6600206,-0.7709512,0.6489587,-0.18103594,0.44073173,0.68354696,0.70428514,-0.5428048,0.56057465,0.8800896,0.037420027,-1.1979575,-0.26899755,0.3545136,0.030811395,-1.1475031,1.1096209,-0.16843075,-0.15149605,-1.0172749,-0.9513486,-0.48725465,1.0311639,-1.0760591,-1.122702,-0.83004713,-1.1537102,-0.762875,0.29265675,0.5532248,-0.101608,0.2628003,-0.06627452,-0.03142737,-0.5632662,0.2392083,-1.3511977,-1.4726759,-0.47588193,0.55642647,0.37543628,-0.40707827,0.14414202,-0.57348704,1.427988,-0.704724,-0.5505498,-0.40823656,-0.18742162,-1.2268242,-2.114433,-0.9533649,0.35201964,0.3157648,0.9907347,0.30547693,-1.4492266,0.71862394,0.5728179,-1.0317057,0.08689167,-0.58217216,-1.0460353,-0.38102826,-0.99041235,0.025625642,-0.26271224,-0.57272416,-0.86591035,0.57813543,0.24694343,-0.22166778,-0.73043984,-0.5103096,-0.55172646,-0.7426899,-0.77181506,0.08286768,-0.09583415,0.2269256,0.34172022,0.4485228,-0.7783097,0.7082627,-0.542508,-0.23717912,-0.29987344,0.016916312,-1.0519538,-1.1166373,0.34504458,0.06517587,-1.157756,-0.26313174,0.46224755,-0.3785359,0.40836868,-0.0088256765,-1.785907,0.3036947,-0.15383463,-0.21990061,-1.4770335,-2.0292246,-0.74555486,-1.4027876,-0.85137665,0.81989664,0.5169721,0.3324552,-0.35376182,-0.9564497,0.6802214,-0.6147323,-0.4903326,-0.26447883,2.151293,0.9136991,0.11373103,-0.9236115,-0.16578573,-0.18422039,1.3417053,-0.38254154,0.7747098,-0.46037418,0.35338673,0.20572147,-0.22662492,0.21672657,0.2237677,-0.67046946,-0.33830133,0.5528257,0.1359935,-0.16563447,-0.009096092,0.58928704,-0.030594451,0.61801124,0.17335202,-0.36593205,0.8621442,-0.5559903,-0.66872793,-0.0552549,-0.18278624,0.12290261,0.86335325,-1.0782772,-0.10834385,-0.27456155,-0.009566104,0.67739576,0.40185985,-0.7300139,0.023170339,-0.12668924,-0.41530424,0.6973673,-0.63767725,-0.15698682,-0.8568188,0.21921301,0.25615612,-0.6985648,-1.161536,0.34285372,0.44070253,-1.3366609,-0.19655842,0.41563505,-0.07184788,-0.572647,0.13201334,-0.3445537,-0.40169474,-0.447588,0.37767327,0.575605,-1.4039158,0.6172905,-0.008754398,0.3482617,-0.34784362
-0.6092959,-0.74943477,0.13213225,-0.78649276,0.10959178,-0.30372253,0.92268926,0.4029019,0.26447847,-0.4779228,-1.3869227,0.18300565,0.2058651,-0.5918726,1.2963136,0.9610708,-0.0094950255,0.41762757,0.27342296,0.71377915,-0.27209064,-0.92757154,-0.79194677,-0.40981278,0.0014868857,-0.2509055,-0.02230038,-0.5309964,0.025304899,0.6629066,-0.032585945,-0.37827894,0.7014265,1.1462383,0.648445,-0.20923992,2.186995,1.3966033,-1.0370483,-1.3838501,-0.05370322,0.23037033,-0.078154474,0.28801116,-0.6896242,-0.5219251,-0.3315804,-0.17822959,-0.23317374,0.0994609,0.030223515,0.34248802,0.5317483,-0.24394858,0.19203524,0.4635308,0.63205713,1.083423,-0.119416416,-0.4487148,-0.5418545,-0.42694598,-0.57136834,-1.1942763,0.34705248,-0.8077533,-0.98113614,-0.29614675,0.07522985,1.161831,0.34302622,-0.54007405,1.2202226,-0.7027735,0.41711366,0.92311054,-0.30718267,-0.45679143,-0.87433386,0.3933679,0.20137577,0.5451579,-0.039403267,-0.0060613835,-0.89520603,0.075860605,-0.28027403,-0.12690622,-0.0016398913,0.5183293,0.3050447,-0.6973652,-1.3125193,0.49390176,0.251193,-0.1097856,-0.064189635,0.52298254,-0.06359794,1.4219512,0.19665399,-0.4318413,-1.033223,0.19384168,-0.42337063,0.33165148,0.26183483,-0.062438138,-1.103621,-0.66264516,-0.79528016,-0.016446885,-0.20323275,0.36636204,-0.22921199,-0.1400292,0.25635213,0.33255273,0.8414923,-1.7985501,0.25861934,-0.40784213,1.0478495,0.24980634,0.06501482,-0.49452993,0.15399563,0.4770348,-0.5145958,0.6046427,-0.2821283,-0.20117868,-0.42742142,-0.4831809,0.030633647,-0.72667134,-0.9016539,-0.2026263,0.04093924,-0.26953095,-1.2916108,-1.4354663,-1.5952613,0.25616148,0.3970481,0.45067653,-0.023904502,-1.3429449,-1.8823172,-0.7592109,-0.6497811,-0.3010951,0.37490168,-0.55698377,1.1566652,-0.28329787,-0.28898016,-0.038374733,0.5641139,-1.5875958,-1.1723603,-0.39557853,-0.2941177,0.31697932,0.47473457,-0.35213432,-0.80578417,-1.0231482,-0.34820727,0.017864149,0.20450363,0.07061962,-0.42490783,1.7737453,0.49203533,-0.5962764,0.2739029,0.050648894,0.23957226,0.18954557,0.04279539,1.4184712,0.51331764,-0.41880172,0.4052294,-0.501771,-0.2620021,0.08274311,1.0916185,0.37474263,-0.58911175,1.4773619,0.6691226,0.41899452,0.1326851,0.8219572,-0.7253083,-0.46902314,0.8816782,0.4170643,-0.14416523,0.43305406,-0.6419311,-0.6010352,-0.09909577,0.3379867,1.5559765,1.2337325,-0.05520861,0.13809226,-0.7621494,-0.74313706,-0.05180596,-0.41339943,-0.35380137,0.024438944,-0.71671987,0.045562785,0.5771609,0.15413035,-0.3296198,0.16156033,-0.96989095,0.20480622,0.008122167,-0.12099244,0.6953556,-0.7780729,0.39224586,-0.11689807,0.1303861,-1.3655545,0.039135955,-0.97384095,0.20115,0.6188739,-0.09245298,0.48328477,0.22707473,0.6934652,0.17283344,0.36274093,0.46163014,-0.6674822,-0.4341041,0.2158749,0.21769586,1.3586609,-0.7904948,-0.83199894,0.07035207,-0.6782355,0.31202614,-1.3808408,-0.32901374,-0.30267838,-1.250137,0.6568509,0.68324715,1.5834131
-0.26842108,0.49331635,-0.513397,-0.71178,-0.29171216,-0.08859137,-1.168593,-1.283079,0.1077939,1.5171283,-0.37719816,-0.30786973,-0.45087534,0.46909642,0.57689464,0.6745012,-0.3509792,-0.5010933,-0.84456,-1.1435469,-0.6202096,-1.0413885,0.063453786,-0.8523791,0.2604836,-0.6516697,-0.38748166,0.62702334,-0.5740272,-0.9273787,1.4410167,-0.07049672,-1.0159849,0.997369,0.49004802,-0.15214299,1.8667201,0.28317618,-1.6549289,0.4184944,1.3367186,-0.9296349,-0.8309862,-0.29328045,-0.0015783826,-0.23750037,0.0346564,0.03842813,-0.05999582,-0.36599225,0.3528838,-0.5330901,0.15835476,-0.59578276,0.60252887,0.69126743,-0.07220032,-0.00161364,1.5246216,-1.2048209,-0.7357297,-0.30871022,0.10102559,0.13987884,0.2731652,0.6865913,0.3466,-0.10187146,-0.7100301,0.32737398,0.089481965,0.46252766,0.4903328,0.08453589,-0.11081002,-1.1032915,0.2530814,-0.9235124,-0.12045911,-0.60706174,-0.53648025,-0.88889194,-0.846726,0.033528667,-0.31281406,-0.560926,-0.120619655,0.3922568,0.5178317,-0.06408289,-0.17939813,0.32372394,-1.2393897,0.65463334,-1.1483475,0.17777972,0.7465001,0.3061071,-0.048264615,-0.45794895,-1.1462392,-0.2386058,-0.665722,-0.63183886,-0.19410063,-1.5995725,0.42775425,-0.0781893,-0.078293465,0.086827345,-0.3012506,0.81471634,0.7306487,-0.6132503,-0.17657465,0.3266308,0.17664191,-1.4779999,-1.3888091,-0.7906929,0.1791643,0.80435526,-0.8378772,0.61771625,0.22758015,-0.67808616,-0.61074394,-0.88790685,-1.3706925,1.134562,0.22168025,-0.7948131,0.95537204,0.30164364,-0.15994187,-0.028326293,0.033278417,0.3871915,0.027310932,0.28383633,0.4053239,-0.24497585,-1.1519891,1.0430944,1.4449867,-0.11586436,0.6188831,1.1733361,-0.096226536,-0.29524067,-1.6280936,-0.13565993,0.49114525,0.21272027,-0.08243541,-0.61992854,0.13641188,-0.027569266,0.57284755,0.1186397,0.119971715,-0.3196612,-0.35881105,-0.53108555,0.091984585,-0.7416283,-0.17503524,0.12119113,0.75903445,0.56123304,-0.07516721,-0.88493925,-0.62195027,-0.5053351,-0.37861705,-1.1234547,0.73752767,1.68621,0.8707923,-0.41054842,0.1968229,-1.796738,-0.751761,-1.3205901,-0.21131551,-1.1091307,-0.5751139,0.24374217,-1.0758824,0.65781695,0.03315326,-1.7185838,-0.537746,0.33859402,-0.08626086,-0.5316815,-0.678675,-0.35966706,0.406712,-0.8433958,0.04130874,0.22361183,0.5971689,0.23057643,0.10435871,-1.2516606,0.32893828,-0.0317264,-0.05266778,0.6556028,-0.5679653,0.37836355,0.6637503,0.18380949,0.08199062,-1.1392207,0.7344908,-0.27656728,0.33945662,0.2232409,-1.4902568,-0.40276116,1.5191221,0.47720826,-0.3621386,-1.0248841,0.12876444,-0.3797245,-0.6606965,-0.43127042,-0.58203465,-0.26293778,-0.23757005,-0.7634308,-1.0543746,0.19496422,-2.3684344,0.38338092,0.17555158,-0.50514925,-0.7466988,-0.45892486,0.9335308,-0.1872673,0.422693,-0.7929092,2.638489,0.05323494,0.79095054,-1.0468644,0.358027,0.33969626,0.27132642,-0.887158,1.4956386,-1.4783418,-0.026132233,0.583441,0.8805961,1.3697506
-0.05272136,-1.6486028,-0.8622014,-0.59945375,0.40332153,1.5218747,-0.55945575,0.4599981,0.99425757,-1.5137385,0.9473531,-0.81673884,0.30766696,0.4549873,0.49218243,1.5950694,-0.31178358,-0.2016283,-0.50325185,0.08112131,0.8172022,-1.0900654,-0.10001955,0.78486925,-1.1606275,0.18631284,-0.3399946,-0.11365788,0.41226298,-0.25041473,-0.35178283,-1.3337868,1.581928,0.24418911,-1.1363037,-0.030066915,0.34507975,1.5843801,-0.39069003,-0.20113122,0.052210867,-0.06051287,1.0590601,-0.0976371,-0.6812294,1.0565907,0.5796732,-0.6787355,-0.5624076,-0.677901,0.1717683,1.0687729,-0.73851967,-0.21469747,-0.31347245,0.963671,0.7830845,1.034437,1.0833338,-0.52090394,-0.43426833,-0.106023744,1.0932002,-0.7746373,0.17760472,-0.09107108,-0.33253393,0.6966152,0.07064974,0.66114265,-0.7598475,0.4746609,0.64728117,-0.9396326,0.9645876,0.06491253,-0.39625812,0.2904984,0.72837126,-0.27147925,0.15314727,-0.27576625,0.48757115,-0.3004574,0.27468255,0.6529743,0.14327994,1.3208002,-0.42856705,0.8000285,0.22762378,0.17416306,-2.118776,1.4903969,1.2180388,1.0023686,1.5672913,0.08779257,-0.91940325,0.07475093,-0.0416656,-0.06910502,-0.32785925,0.19482268,0.25188348,0.7517974,0.37290302,-1.1625829,0.22106978,0.7021052,0.040790346,0.008826247,-0.6462006,0.41524854,0.018088527,-0.3884811,1.0378051,-0.9573585,-1.4842358,-0.6812241,0.7600509,0.42486757,-1.0627636,-0.5123497,-0.61440164,0.37057614,1.6069978,0.73070776,-0.337651,0.9854764,0.9474097,0.06760918,-0.31725934,0.6203978,-0.34563544,0.30129635,0.023160169,-0.8662094,-0.2809693,0.055474374,0.7324618,0.29974383,0.34587684,-0.42194355,0.35114688,1.0575901,-0.50817263,-0.60141313,0.29313153,-0.17167184,1.1644628,-0.48309654,0.057779755,-0.35395095,0.31217337,-0.91227925,0.7089255,-0.29195988,0.58664525,0.09213383,-0.80083287,-0.020679127,0.40364814,-0.947336,0.17178747,-0.62490064,-0.65886396,0.26795286,0.629077,-0.45960075,1.2741439,-1.2445912,-0.36265564,0.42669985,-0.8015639,0.24376816,-0.6757636,-0.004228546,0.40014705,0.053120356,-0.36143896,0.57640934,0.23056881,-0.0030989079,0.06316959,-1.3402511,-0.10554668,-0.23463333,0.17577231,0.22038615,0.91638166,0.6370043,0.88204855,-1.0371745,1.2490209,-1.0131019,-0.054468196,-0.34715083,0.21039815,-0.0011563192,0.13543212,-0.15608366,0.7917044,0.021513358,-0.45048138,0.19730607,-0.24948223,0.39382347,-0.0056078713,-0.48057044,1.4693565,-0.16570523,-0.6165081,0.519011,0.67993975,0.73590225,-1.4680786,0.9474146,-1.0679139,-0.46679223,0.6986728,-0.7801452,-0.111719094,1.488609,-0.5304681,-0.33724192,0.35989523,1.496794,0.49431863,1.2432684,0.8420557,0.9715366,1.4910859,1.4864305,-0.0060482835,0.51298237,-0.8239945,0.024090204,-0.6977938,-0.74342483,0.038078364,0.51617765,-0.16857564,0.9896552,0.08768733,-0.82580364,0.052884776,0.18641488,-0.83346766,0.122258835,0.19643542,-0.5260332,0.11897897,-0.65938616,0.44747537,-0.36830533,1.2799469,0.28450578,0.06604318,-1.1194831
-0.27319777,-0.35759988,-0.9157059,-0.46967626,1.2711741,0.2323453,-0.09994991,1.3156897,-0.11742069,0.4574078,-1.4678489,-0.18816955,-0.17611042,-0.8783998,-0.17869815,-0.08897118,-0.13552226,0.53929985,-0.28593597,-0.17872216,0.49660972,0.39312282,0.28408033,1.1906554,1.2643282,1.5263989,0.03698219,-0.22821027,0.29231003,-0.44820654,0.71580535,-1.4309046,0.21130896,-0.9319834,-0.0020187935,1.1994796,0.53180903,0.5119231,0.027651606,-1.1491292,-0.14080937,0.3005913,0.57371616,0.8155989,-0.22952741,-0.7939654,0.059179027,-0.061389517,-0.08187972,-0.32487205,0.2637543,-0.6640553,-0.31717703,0.6118187,-0.04740833,-0.34004986,-0.73793775,1.4882853,0.38807136,-0.5952695,-0.5143224,-0.23500912,-0.41194177,-0.42164043,-0.867938,-0.48640445,0.6005141,-0.46130857,0.022483334,0.7620556,0.39837125,-0.8035033,0.7811294,0.46497577,0.76177394,0.16587001,-0.8780672,-1.0492154,0.4003061,0.43620184,-0.51880676,-0.07305936,-0.09712286,-0.15917905,-0.2923543,0.6285096,0.33779016,0.5397752,-0.40335664,0.7415252,0.62828887,-0.14130099,-0.44400772,-1.2465358,0.03185729,-0.50367844,-0.4728815,-0.46564397,-0.84276974,1.3792431,0.7026247,1.3518573,-0.6390328,0.35346255,1.054787,-0.91940904,-0.3734805,-0.4845994,0.8840717,-0.5900443,0.04298407,-0.36797485,-0.12219105,0.3029277,-0.2951426,-0.83310777,-0.069526665,-0.54427165,0.3735151,0.71297824,-0.6684184,-0.7494587,0.2101183,0.10110397,-0.40739036,0.22194196,-0.66901493,0.38811132,-0.5780005,-1.0010777,-0.39701587,-0.11122072,0.025698269,0.034158416,0.25588498,-1.0200179,0.9460978,-0.662598,-0.56367713,0.20440707,1.2842427,-0.37022758,-0.10799507,-0.81046325,-0.3914437,-0.41697368,0.41682762,-0.34353077,-0.68574214,0.14597785,-0.67294717,-0.0025556765,-0.21418503,-0.41739696,0.7506017,-0.7725955,0.45257983,-0.16458006,-0.43707633,1.10298,0.5358559,1.3055636,-0.16717039,0.37449268,-0.3586287,0.17984249,0.13638946,0.36988294,-0.11981546,0.3794088,-0.11275107,-0.06094254,0.46037766,0.43492588,-1.0156504,-0.080421895,-1.2835971,-0.862329,-0.51708,-0.63000387,1.4397233,1.523673,0.15015008,0.28408396,-0.40600476,-0.06214573,0.83729666,-0.24083117,-0.5152069,-0.47506973,0.46270308,-0.48815933,0.07642803,-1.562237,1.5180358,-0.8086865,-0.8199228,-0.26717573,-0.09011268,0.32397088,0.24483144,0.05594783,0.87154573,0.21146011,-0.75265855,-0.024803238,-0.51628083,0.17132662,-0.666515,-0.10394266,0.18158947,0.5055601,-0.8011099,-0.33740234,1.2577053,0.10431643,0.95684594,0.22141445,-0.3189293,0.2155555,0.88854456,-0.04282092,0.22743571,0.54797053,-0.47562695,-0.53672403,-0.16871952,-1.3793974,0.7310901,-0.04212366,-0.8602183,-1.850404,0.39620957,-0.16627173,-1.1099639,0.05819105,1.141303,0.25318676,0.002163062,0.45576495,0.34468165,-0.29581577,0.22152734,0.73278326,0.04124062,0.7608937,0.40116528,0.62941164,-0.32998303,-1.0171801,-1.0114989,-0.14773022,-0.34579772,0.00046226833,-0.49523693,0.13364604,-1.8826053,1.0799155,0.7016208,0.81158036
-0.37373447,-1.1275338,-1.3185346,-0.37033314,-0.966867,-0.7987835,-1.0549318,0.17129746,0.6856645,0.2755217,-0.28139284,0.62930816,0.19309047,-0.4076434,0.0903201,-0.48217183,-0.67461497,-0.009099807,0.31841385,-0.49896187,-0.53677356,-0.5572111,-1.179919,-0.14550175,0.12485039,-0.056452334,-0.4349913,-0.6225558,0.5419632,0.34547922,-0.5428567,-0.12146479,0.33298796,-0.22491546,0.1476174,1.3616849,-0.79085034,-0.62163115,-0.08179168,0.4533841,-0.8444552,0.19455911,-0.41010675,0.41172746,0.21759677,0.17684668,-0.01143181,-0.8696454,0.5607507,-0.331313,0.6032362,0.86934376,-1.2249873,0.13827585,-0.1721306,-0.7712417,-0.59244424,0.2752106,-0.19615692,0.23954691,-0.25653726,0.09652211,0.6605529,-0.3992449,0.8407745,-0.10434107,1.5812421,-0.6315886,0.29087242,-0.1909877,-0.6310412,1.570157,0.08276747,-0.3078535,-0.669865,0.18476684,-0.57194024,-0.52255446,-1.1896657,0.837286,-0.07759257,-0.6397823,0.16118726,-0.3881849,0.31447265,-1.023736,0.44596276,0.5113773,0.92131346,-0.08056221,-0.15307465,-1.2027969,-0.08835049,-0.001955219,-0.24051684,-0.26342222,0.70982015,-0.14650151,-0.0023499965,-0.9443388,0.809141,0.084998086,-0.16957736,0.4707541,-0.07520145,0.75894785,0.5566139,-0.19303408,-1.4092426,-1.2686743,-0.30704913,-0.34222394,0.031384237,-0.04547468,-0.40304723,0.2343129,0.13150063,-0.9891905,-1.0037812,0.37752822,0.857496,0.110229455,0.16074732,1.3724662,0.11907782,-0.33015406,-0.531731,0.74332255,0.9833217,0.78747636,-0.62784994,-0.28281128,-0.5170061,-0.024678791,-0.8249096,0.3032384,0.4694142,0.12945849,-0.006825178,0.007543202,-0.2956429,-0.9062815,-1.4183191,0.6193973,0.09312094,0.6790421,0.38916734,-0.61137325,-0.63569343,-0.9447526,-1.0256412,-0.019175628,-0.8843876,-0.13900541,-0.65131974,-0.18005587,-0.4792236,1.0297977,0.51193285,0.9967039,0.18292435,-0.14748463,0.18722247,0.5994656,0.5462807,-1.4112719,1.4384294,-0.049908902,0.17705537,0.99513906,-0.688033,-0.34954384,-0.68450755,-1.2997898,-0.03564283,-0.29162496,0.8543538,0.38386405,0.08288131,0.036459383,-0.13229983,-0.44890743,-0.79646176,-1.0492834,0.15557466,-0.7878974,-0.32224855,-0.23654307,0.30379006,-0.18530652,-0.23429336,0.50301856,-0.42399374,-0.5931119,-1.2363117,1.1587507,-0.066367954,0.15198569,0.016119761,-0.2847396,-0.65615535,-0.1268867,-1.2032516,0.040114854,-0.1771041,-0.65152776,-0.15657659,-0.50995046,-0.18917446,-0.11859873,-0.78752494,0.019505639,1.8632298,-0.45774317,-0.78628016,0.06847563,-0.45336688,-0.44903633,-0.78020865,-0.32573757,0.90420145,-0.5080598,0.23589474,-0.41202444,-0.7311051,0.48656037,0.22120094,1.174625,0.25563335,-0.5841095,0.4373887,-0.5912234,0.4660559,1.080368,-0.4681494,-1.2304115,-0.18957607,-0.564,-0.9597242,0.20601784,-0.06329186,-1.136427,-0.63447964,1.6332384,-1.1724384,0.010683906,-1.6536582,0.101114,0.234889,0.6172951,-0.29996583,1.0075527,-0.46403587,-0.42827109,-0.18481329,-0.8518109,-0.03530546,0.54341745,-0.6673707,0.90111566
-0.48925474,-0.9148185,-1.630904,-0.5617756,0.55380446,0.85697675,-0.058920898,1.6007521,1.923538,-0.14332396,0.102736525,-0.13379614,-0.5414701,-0.027533371,-0.38137606,-1.1843313,-1.9713278,-1.7284054,-0.101374336,-0.08681358,0.52310985,0.85839,-0.2645823,0.67065454,1.0160867,-1.1859064,0.687818,0.8910797,0.76781064,0.7351674,0.3787071,0.5957016,-0.34645507,0.40823832,-0.48465753,0.04241584,-0.65985596,-0.12106651,-0.49222544,0.03623794,-0.21137166,-0.85537237,0.18108253,0.796206,0.14833844,0.25480843,0.68875754,-0.12966691,-0.47174296,-0.5204356,1.1728415,-0.3817536,-0.7674236,-0.63110405,-0.38841859,0.2280882,-0.16263163,-0.65892303,1.3710183,0.11726462,0.059639413,-0.8251902,1.1167649,0.5865447,-0.43304375,0.48395315,0.8953818,-0.5005731,-0.27582264,0.1384762,0.37736234,0.14623326,-0.25774586,0.562827,-0.8789075,0.10875147,-0.30602986,-0.28674224,-0.24278261,0.35714522,-1.5945116,0.6293453,-1.2719102,-1.1822815,-0.45628354,-0.9075273,-0.26033926,-0.3841123,-0.041054223,-0.015867911,0.13990277,-0.8266364,0.7475634,1.0196612,0.38454884,-0.31271562,-0.31144133,0.74827975,-0.12628263,0.091207765,-0.5171147,-1.0214396,-1.3925604,0.087472804,1.8301935,-1.1954045,-0.6116076,-0.35031238,0.10979634,-0.44993272,0.22382249,0.025842525,0.27943665,0.9908597,0.5202769,0.37500805,-0.86584985,0.21670805,-0.22623783,1.1026942,-0.5380467,0.4557603,-0.21260865,-0.20447092,0.5437928,0.2932059,0.01988889,-0.6643388,-0.3278076,0.46728048,0.40137053,0.74230134,0.5215196,0.07525533,0.24372792,0.27233672,0.64601624,-0.68337226,-0.056032088,1.5485263,-0.2671209,1.3045802,0.97970265,1.775255,0.9660444,0.7610113,-0.29820427,-0.69799525,-0.5831885,0.30707234,1.8333008,-0.9846204,-1.1223075,-0.38620478,0.56199116,0.08259568,0.19310006,-0.087259635,0.078314185,-0.8468354,-1.2361594,-1.5609348,-0.7547476,-0.6574995,-1.3099387,0.86659503,0.8396244,-0.40621513,-0.20978814,1.296274,-0.23078726,0.9692469,-0.69441783,1.2167104,-0.47491595,0.14228266,0.104521684,0.8893357,-0.10770384,-0.6992066,0.15833408,0.46743253,-0.67611986,-0.5493417,1.1117821,-0.14693077,-1.8762465,-0.30956322,0.9637007,-0.4259761,-0.18594544,1.1232619,0.024120204,0.19049591,-0.23940249,1.1226499,0.5003915,0.21603015,-0.5448865,-1.1969306,-0.13604335,-0.82972336,0.07226374,0.17281738,0.27271977,1.1382815,0.111447975,0.9608402,0.8038602,-0.779072,-0.027798401,-0.37260956,0.24572125,-0.87155676,0.123495825,1.0150965,0.16906817,-0.113874346,-0.12021413,-0.5689974,-0.17416385,0.3887051,1.752793,0.32985747,-0.6663286,0.5158339,0.024478631,0.28354922,0.6811826,-0.82278985,-0.32588276,-0.275567,1.9503709,-1.0045034,-0.57284623,0.63180506,-0.33577117,-1.3719971,-0.39787072,0.01789173,0.6248563,-0.09266339,-0.09136913,-0.1068757,-0.50540626,-1.397939,-0.3070403,-0.031929355,-0.33772984,-0.29355446,0.100610085,-0.5004771,-0.56231314,1.6824952,1.0471761,-0.44409433,-0.96612734,0.5410837,0.6283917,-0.7393176
-0.6226341,0.070486,-1.0951452,-0.96218234,0.40773043,-0.93582153,-0.17688173,-0.92377526,-0.28776696,0.98008883,-1.3214118,-0.919139,0.07146818,0.52445453,0.14000185,0.4083053,0.1331762,-0.7156677,0.77000755,-0.26923212,-0.84470946,-0.5430811,-1.5958409,-1.0211726,-0.012875525,-0.15956834,1.1418601,-0.15337303,-0.20265824,-1.5796793,-0.4846747,0.4604887,-0.2241359,0.10687899,0.16650398,-1.0999181,-0.19074441,0.73423964,0.39779013,0.51731205,0.61745125,-0.23742318,0.0138431005,0.69082344,-0.9551467,-0.4815973,-0.77550817,-0.11647413,-0.7448125,0.773379,0.24291463,-0.11757411,0.11279399,1.2122332,0.7787864,1.4464036,1.0242689,0.007952077,0.16519958,-1.0703056,-0.5128765,-0.009543655,-0.23481487,-0.40700588,0.9915034,-0.15825623,0.0808352,-0.18268518,-0.16460468,0.15405245,-0.36600357,0.41406113,0.8433257,-1.2767278,-0.90941507,-0.13388951,-0.6607968,-1.0086461,-0.21775801,0.15003008,0.76915395,0.8217344,-0.06902584,0.3653836,1.4359106,-0.021998007,0.026081545,0.35984093,1.505002,1.6391475,-0.034390632,-0.3397554,-0.18400133,-0.7278331,-0.20557678,0.6810521,0.16960557,-0.25924924,-0.47210953,0.7109735,0.49030098,1.1583261,-0.4384011,0.23364307,-0.27265626,0.5593263,0.22011691,-1.3959849,-0.04617722,-0.2774977,-0.06384738,-0.1655999,-0.7188179,-0.2106125,0.21853782,-0.011892331,0.034371443,-0.044989947,0.5777309,0.66582465,0.0986739,-1.5046113,-0.12087937,0.8601952,0.75922644,-0.44269675,0.34754848,0.06638419,0.11323781,1.027212,1.0147898,-0.9764893,-0.47537053,0.7385715,0.49631512,0.31493616,1.1087714,0.3787723,1.4207205,-1.191494,0.38642448,0.021022936,-0.26278836,-0.53675747,0.6796195,-0.7867907,-0.83386505,0.21771933,0.2219006,-0.061618205,0.7782345,-0.8331573,0.5299346,-0.19059391,-0.44053677,-0.27927062,0.5739652,-0.22744201,0.22467716,0.568751,0.54607713,0.6180288,0.21810243,-0.9941612,0.21282022,-0.24354345,0.026213802,-0.6709845,0.15361938,-0.0016162272,-0.9853845,0.5378799,-0.64817065,0.30947483,-0.21177487,0.07047129,-0.012752544,-0.19440013,-0.89827263,-0.73801345,-0.13512191,-0.41145346,-1.6882023,0.3837156,-0.4505809,-0.4198342,0.2185728,-1.012028,-0.6473603,-0.21780801,-0.13429038,0.7612848,2.126787,0.71353036,-0.31807494,-0.31707558,0.9574543,0.0567658,-0.12561545,0.11755469,-0.41296655,0.6160269,-0.6854781,-0.06492541,0.6837068,0.11961804,1.0882145,-1.1529582,0.8481778,-0.1090219,0.4192892,-0.06535647,-1.4631636,-1.0703574,-0.2275046,0.4285059,-0.1633607,0.82750607,-0.41930622,0.27005175,0.7317053,0.19488965,-0.38668397,0.09006238,0.37902793,-0.552317,-0.21242447,0.7226654,0.6923172,-0.1446509,-0.63817227,0.07278778,-1.0195479,0.25652134,-0.30612192,0.53547215,0.35400563,-0.7091123,0.27803266,-0.248956,0.16345537,-0.09252543,0.07962904,1.3220781,-0.8241846,-0.48725832,0.2161753,-0.6718251,-0.6451752,0.012767001,0.09632538,1.4984592,-0.52068335,0.11904701,-0.044061664,-0.1612009,0.6052051,-0.13411546,-0.45053652,-0.027067589
-1.3413886,-0.9939815,-0.5531318,-0.17955878,0.65778947,0.25331855,1.1237727,0.7467416,0.25454035,-0.5041619,-0.5516164,-0.42505938,0.24881764,1.5219712,-0.29875022,0.45927155,-0.8715755,-0.6291326,-0.15170316,-0.045733366,-0.07320037,0.053754024,0.009835364,-0.76465154,0.73745126,-1.0962065,0.103389986,0.4385925,0.21448508,-0.01617957,0.81093043,0.44201034,0.4763456,0.60357684,-1.540471,0.21313684,-0.9675178,-0.011205119,-0.18768165,0.16448316,-0.50838464,0.13741831,-0.7789451,-0.431532,0.23803432,-1.2285614,-0.36309016,-0.4731436,-1.4695138,0.063039325,0.1371693,0.3215796,0.3912393,0.47347376,0.18835129,0.8127318,-0.08573329,0.5864154,0.096864864,-0.3078762,-0.571196,-0.09358787,0.41455376,1.1381519,-0.049666427,0.26259378,-0.7578612,-0.17086397,0.789799,-0.46581966,0.058836363,0.3428336,0.11189739,-0.3379089,-0.79661113,1.3040265,-0.29301044,-0.24151213,-0.73439306,0.016441131,-0.43499666,0.061426394,-0.3579576,-0.04850003,-1.0296345,-0.16805008,-0.49871105,-0.17239067,-0.43589672,-0.25054544,0.20685455,-0.34562367,0.3722418,-0.12708999,0.13999537,-0.3479897,-1.0059463,-1.2028539,-0.45892158,-0.15026535,0.69299996,0.13446446,1.2451788,0.08717369,-0.68922466,-0.44839987,0.025629597,-0.52464914,-0.9277592,0.8561219,0.1193329,-0.7043859,-0.07301956,0.25383973,-0.2171911,0.065498084,-0.80844665,-0.16918062,-1.2560638,-1.0807421,0.36654645,-0.44598234,0.1826954,0.6185295,0.20759286,-0.6456686,0.50182635,0.60711044,-0.89677227,-0.26258156,0.62953305,1.1210291,0.98323023,-0.35263875,0.8894163,-0.96657056,-0.7303004,0.2701875,-0.6334414,0.05647146,1.1604986,-0.032512918,-0.22560756,-0.006299952,0.654277,-0.64995676,0.30227274,-0.2641953,0.85814506,-0.07759423,0.6429319,-0.73281515,-0.17434672,-0.08097644,0.087102264,-0.13085811,-0.26740518,-0.22634561,1.3013097,0.018524997,0.40354866,0.8207276,-0.6074713,0.928884,-0.09766574,-0.09452208,-0.3322718,0.9186562,-0.020528536,0.63738734,-0.19586432,1.1044506,-0.4712622,-0.09893688,-0.06829241,-0.6475299,-0.9930319,-0.093851686,1.150761,-0.58752114,-0.88935137,0.6944792,0.39400542,0.23042725,-1.0307493,0.33195937,-0.17554864,-0.041690398,-0.8583629,0.8560959,0.7897118,0.8728369,1.2367871,-0.73704314,-0.7923944,0.1569944,-0.25776488,0.030829249,-0.77685076,-0.25653094,-0.13147978,0.9215375,1.2354397,-0.2212482,0.27900058,0.114378154,0.3739175,-0.16825554,0.21320522,-0.71402204,-0.48159343,-0.5230456,-0.8803027,1.0725535,0.31004962,0.5006899,-0.78716344,-1.2421799,-0.9358722,-0.18512556,-0.40066803,0.2875351,-0.034800973,0.20574775,-0.51987666,-0.80332345,-0.363561,0.96183294,0.2285152,0.26778623,0.49507746,-0.34818995,0.5968153,0.32379872,0.22416015,0.21613687,-0.46296725,1.0396208,0.33591342,-0.08593858,0.5710549,1.0941752,0.1851573,1.3577236,-0.28559846,-0.23001745,-0.5279112,1.2365371,-0.6665354,0.13199963,-0.2998165,-0.28174472,-0.4642156,-1.0364488,1.2121239,0.25789085,-0.937191,-1.1631787,-0.063055374,-0.23844938
-0.07408839,-0.16211662,0.28316408,0.91076267,0.07662264,-0.5093192,-0.49289617,-0.17177527,0.45361325,-0.51940435,-0.18857302,-0.30896905,-0.22744578,-1.1845977,0.61172557,0.30979484,-1.0307572,-0.9972371,0.110541195,-0.860886,-0.79398084,-1.3499361,-1.1310087,0.19446969,-0.10000031,0.052704226,0.5939077,-0.23900887,0.42602274,1.1275604,-0.2281888,-0.334545,0.91571033,1.4490116,0.821901,0.54742277,0.3010491,-0.20761383,0.5493856,0.059717853,-0.5525896,1.018059,-0.14965774,-0.37928095,-0.26492378,-0.13196254,-0.42079502,0.6855575,0.47058454,-0.6517893,0.31278962,-1.2190409,-0.10258951,0.028025258,0.7282314,0.22461171,-0.56444603,-0.0066005597,-0.33791682,0.2527396,-0.999196,0.49784258,-0.37145168,-0.0789126,0.019044675,-1.1169142,0.024595754,-0.46195605,0.22252084,0.0056388373,0.59010625,0.2430165,0.0064686267,-0.6458064,0.31190768,-0.3642666,-0.5765948,-0.023235155,0.015731206,-1.0602238,-0.3282381,-0.02378349,-0.76639676,0.51382375,0.65370697,-1.1214437,0.6973824,-0.40163383,0.20914406,1.1203154,-0.01069524,-0.46400747,0.110908195,0.700623,-0.6949765,-0.43706045,0.23675457,-0.556265,0.29561225,0.13529888,1.1171438,-0.45847404,0.049854703,-1.1039608,-0.61364394,-0.33224583,-0.26655108,0.115780905,-0.683018,0.40182194,1.568003,-0.11167691,-0.29292166,-1.219082,-0.24475107,-0.03291906,0.5868666,-1.5005643,-0.12570441,-0.53561026,-0.34552062,0.93400776,0.026602982,1.0072371,-0.23191686,0.72982347,-0.8118789,0.55714566,0.08617305,-0.42230478,-0.39277655,-0.68041295,-0.1205404,0.0016671341,0.30419746,-0.3101559,0.15156375,0.15523443,1.2831205,-0.12976755,1.3929716,-0.47174817,0.1115343,-0.15965167,0.38910216,0.05571441,0.24448979,-0.8683068,-1.2174884,0.7111238,0.49454677,-0.54863393,-0.30500644,0.14582561,0.56378114,-1.3345397,0.3983745,-0.037724137,-0.12413137,-0.08949834,0.05550643,0.8107887,-0.33331516,0.29146847,0.35409233,-0.74876845,-0.3314409,0.001127855,0.10087228,0.517615,-1.3165073,0.02227613,-0.63468796,1.8328575,-0.77368486,-0.27249324,0.051976863,-0.43771565,0.1278471,0.1844539,0.35782668,0.53480613,-0.17427617,0.8640899,-0.94480836,0.3449207,-0.770618,-0.14454277,-0.21669136,-0.033096038,-0.30006775,-1.4663466,-0.03889777,0.79382294,0.49645436,0.052835252,0.3986889,0.06747402,0.70135987,0.18016978,-0.65321606,0.2303173,0.27737606,0.849106,0.38087454,-0.37486959,0.23420432,-1.1106348,0.008769942,0.11905886,-0.54678106,-0.27999863,0.06960911,-0.14891496,0.26167625,-1.3888919,-0.1500477,0.073295005,-0.13107537,-0.19968502,-0.7465267,0.69112337,-0.4898199,0.50540966,0.108885795,0.072762266,-0.11071221,0.99043095,0.47774503,-0.10926681,0.17454179,-0.6915455,0.976987,0.5378185,0.9213872,-0.29352534,-0.89991313,-0.66944337,0.025982669,0.08267618,-1.0539076,0.79612064,-0.2894374,-0.38348997,-0.8889731,0.27644297,1.032614,0.5796104,0.07939047,0.43895772,1.1279831,1.0989865,-0.41664377,-0.71106803,0.34571406,-1.8700247,-0.5355432,0.1298383,-1.0745555,0.2728517
-1.0038532,-0.5730809,-0.5049494,0.8528658,-0.37361512,0.54047453,-0.3884911,0.32276195,-0.38857868,-1.3623261,-1.1683421,-1.6477807,-0.3804202,0.53858423,-0.7434264,0.1913806,0.004803762,0.092565015,-0.2901487,-0.526152,-1.053073,-0.6550971,-1.1433465,0.0804001,0.15670675,-0.5256488,-0.4994784,-0.67381847,0.8459914,0.33531204,-0.73264843,-0.34501466,1.0603049,0.48435166,0.06956205,0.042571582,0.7154075,2.1830146,0.10549054,0.5241472,0.78903496,-0.27524203,-0.5125284,-0.29589605,-0.79398566,0.64513254,-0.3698366,0.080212116,-0.9269919,-1.6068834,0.3551942,0.93363017,0.4615016,0.005428745,-0.51438236,-0.15902436,1.6161867,0.5757561,-0.32353926,-0.71262723,-0.043816227,0.13028646,0.0037966329,0.33222544,-1.0092347,0.14428006,1.4672836,-0.21257292,-0.20068027,-0.15958554,-0.08882816,0.32205793,-1.5502425,-0.26934114,-0.87433386,-0.8778469,0.8078038,0.5846287,0.17471378,1.0176876,0.3233421,-0.11035987,-0.0005988001,-0.18379685,0.5537294,-0.0649855,-0.7959078,0.51754117,0.20604838,-0.63998526,1.640692,-1.8341348,-0.91048557,-1.723174,0.8733786,0.73594475,-0.017619519,-0.39556244,-0.8798723,-0.29451275,-0.23933664,-1.0183916,-0.01729901,0.24268441,-0.34979612,1.2765542,-0.61758107,0.37549663,-0.29148456,1.0421491,-0.60598063,-1.0698255,-0.85109866,-1.0264058,-0.09694731,0.40250993,-1.3270013,-0.63281184,0.863962,0.6107987,-0.0846986,1.3716161,0.18803385,-0.45614794,-0.19255616,-1.178866,-0.16807011,0.13724871,0.16046637,-0.42373472,-1.1040063,-0.35415724,-1.3031248,0.6452626,-0.23185481,-1.1156015,-0.08097209,0.275185,-0.46688205,-0.07464771,0.9111787,0.38872594,0.38985467,-0.6451443,0.3535934,0.7051512,0.27051583,-1.0649245,-0.5112431,-0.4733625,-0.0544751,-0.56931674,0.440345,-0.37614703,1.0226586,-1.3606021,0.8374,-0.2399637,0.9651727,-0.9203739,-0.14401484,-1.2404091,-0.41789126,0.17837499,-0.8111824,-0.18816729,-0.11105933,-0.035422813,1.1997195,-0.7325447,-1.8433386,-1.7514694,-0.7105442,0.08112149,0.022466308,-0.058865733,0.3315563,-1.0306756,-0.3936924,0.73146826,-0.31379282,-2.0325577,-0.6453873,-0.6074905,-0.24115708,-1.2575126,-0.6672119,-0.97885484,-0.10926537,-0.4664371,0.75690407,-0.38610107,-1.8942957,-0.89839065,1.4304215,0.41327122,-1.1502186,-0.6573547,0.16054922,-1.320194,-0.9125097,-0.75481325,0.21423665,0.2119236,-0.050038237,0.24683669,-0.38063532,-0.9282854,0.31379163,-0.61192036,-0.7267064,0.8622295,-1.3255637,1.1087698,-0.07695685,0.32197326,-0.35288343,0.52977175,-0.6152753,-0.38849625,0.18532854,-1.1685671,0.86325616,-1.7771875,0.64246094,-1.0353159,-0.28255326,1.624817,-0.5367707,-0.8103008,-1.156346,-1.6423489,-0.883623,0.19575888,0.13534127,0.16196905,0.28004605,-0.079393625,-0.0244267,-0.5036391,-0.6243354,-0.32445118,0.680067,-0.48288313,0.82407355,0.8161457,-0.5948138,1.345275,-0.32454646,-1.3761973,0.17393602,0.37555042,-0.35910013,-0.7413332,-0.40969944,-0.66892856,0.3067267,-0.13332513,-0.78355247,-0.18771687
-0.297089,0.5991002,-0.06209415,-0.2684181,0.17843977,-0.05801724,0.40041792,0.013551933,-0.17353196,-0.14096943,-0.5085523,-0.5050924,-0.24319449,-0.6192719,0.2972086,0.74343234,0.03733456,-0.41866174,-0.7896429,-0.68108857,-0.55465,-1.133566,-0.37013093,0.20597924,0.64124495,0.48100042,-0.37306896,0.64625186,-0.9136573,-0.3540289,0.37619114,-0.7948079,0.3059812,0.14740075,0.8083825,0.4036685,-0.85932976,-0.009148898,0.30462715,-0.22661674,-1.1818365,0.12332828,-0.3700697,0.42197382,-1.3773209,0.5736379,-0.014624405,-0.16047178,0.326913,0.2798476,-0.86107624,0.55551314,-0.24841933,0.05129148,0.54660565,-0.40729082,0.1681065,-0.022945663,0.36188695,-0.8161623,-0.25018647,0.28097,0.5478783,0.34436038,0.85938495,-0.14156991,0.66088194,-1.0019029,-0.056231365,0.42509225,-0.07466646,-0.14548275,-0.2562361,-0.33035034,-1.637437,0.13205546,-0.34398076,-1.0052869,-0.27362153,-0.5275501,-0.49947488,-0.2971507,0.18265295,-0.13399275,-1.1464584,0.42386663,0.45118424,-0.53836894,-0.24541186,0.76769567,0.9532137,1.1151104,0.09867065,-0.69919205,-0.4866079,0.3721962,-1.2699666,-0.4238487,-0.23664542,0.33318907,-0.60092473,-0.3183239,0.50903285,-0.30817288,-0.4739987,-1.6277105,-1.2263341,-0.19235387,0.53829116,-0.17990689,0.38167906,0.1447411,1.2684386,0.62636817,0.25931782,-0.030814035,0.56617695,-0.7381673,-0.112845786,-1.0397285,-0.50043446,-0.08337598,1.0219022,0.36236027,-0.783457,0.30833688,0.7862868,0.9080387,-0.49607393,-0.29394475,0.5189445,-0.025422962,0.35430044,0.8149178,0.29925683,0.22801653,0.2388605,-0.6832818,-0.9886282,-0.6107425,-0.72369176,-0.10417895,-0.6389456,0.185052,0.26544234,-1.1599413,0.34120286,0.6718638,0.73687315,0.18540852,0.0924098,0.34466365,0.6570488,0.8310388,-0.35433426,-0.75016385,-0.18135832,-0.109780535,-0.16698891,-1.3091235,-0.60476786,1.3021362,0.46221524,-0.5703545,-0.07538845,-0.362065,0.411793,-0.08993502,0.9062451,0.058736037,0.2034863,-0.10904238,-0.38936186,0.41893697,-0.8021946,-0.6375568,-1.4593182,-0.7082102,0.34373012,0.32565862,0.781124,0.062240742,-0.603317,-0.7071358,0.44542405,-0.41406623,1.1951963,0.40986755,-0.028789496,0.27015388,0.043210987,0.6902186,1.1818237,1.1246903,1.0526415,-0.6819402,0.29203632,-0.1773501,-0.08052864,0.38424718,-0.6093238,-0.7787823,0.7904768,0.58863866,0.23584187,-0.43069616,0.60349256,-0.86676675,1.1755042,-0.50636154,-0.026317779,-0.31859276,0.6551371,-0.09619769,-0.9138528,-0.31146398,0.4134271,-0.14505224,0.36933196,-0.032844532,-0.41888326,0.1206349,0.3157086,1.0307097,0.21518523,-0.7511104,0.59545666,0.072525084,0.38143122,-0.25089255,-0.8641618,-1.4210407,0.34326383,0.6051229,0.54952973,0.45526817,-0.20026347,0.45189732,-0.5801171,0.29574507,-0.28565934,0.38320717,1.3438468,0.6107279,0.18613349,0.5574567,0.3285973,-1.0455527,0.45492342,-0.7955908,0.60133725,0.19583116,-0.44418335,0.8082896,0.13075247,-0.75758946,0.07426843,0.17841953,-0.104540795,-0.2160896
