-0.12559083,0.16776165,-0.88903546,0.23197146,-0.35613498,-0.3376367,-0.6972244,0.018276995,0.45644003,0.2326534,1.011293,-0.4163928,0.119377434,1.3902403,0.954001,-0.17064777,0.65822166,0.28648624,-0.32201996,0.023908125,-0.33476722,0.85177505,-0.6154999,0.7142763,-0.23342802,1.1787455,0.56326395,0.010959898,1.343233,0.52338135,0.6263908,0.8269308,-1.1493155,-1.5126196,1.5195807,-0.02910651,-0.24292396,0.37778693,0.98905295,-0.6472327,-1.3234882,0.40186346,0.22223106,0.91741246,0.28424183,1.0659894,-0.8846379,-0.68651164,0.17333028,0.29023302,-0.9291942,-0.03183154,-0.78946954,-1.2076483,0.34205788,0.095563434,-0.36659753,0.027079666,-1.1293541,-0.09827304,0.6698525,-0.13881746,0.58730024,0.71754724,-0.7173549,-0.723326,-0.017552182,0.55186695,-1.6492252,0.504382,0.27197674,0.7873595,0.34283128,0.6163391,1.5073906,-0.4484556,-1.133996,0.16878885,-0.08643156,-0.62429845,0.2527688,0.9104602,-0.52309114,-0.16901815,-0.4431588,0.12905344,-0.70225024,-0.14114754,-1.1979706,0.1256643,-0.7471389,0.29358536,-0.33228776,-0.44726837,-0.4966315,0.83891124,-0.118735135,-0.7034199,0.076392084,0.036433823,-0.54852813,-0.8899353,-0.082982674,0.36084276,0.053841133,-0.32051194,2.0330427,-0.37673172,-0.4004785,0.050940208,0.77632684,-0.20867671,0.6679602,-0.10572707,0.18684536,0.42984316,0.8825981,-0.30484664,-0.45553958,-1.1421804,-0.9118141,0.4962686,0.35606834,0.38562226,-1.2809235,0.28594136,0.6296199,-0.96413875,0.41367364,-0.28327903,-0.93031406,-0.59059155,0.4599294,-0.53899616,-0.24350178,1.0652182,-0.019676974,0.32596672,-0.13166447,0.49473295,-0.74869007,-0.34778723,0.54123914,-0.41135126,-0.14537351,0.36299193,1.2611688,-1.3255683,0.4275365,-0.6020699,-0.6785854,-0.92201114,-0.6583771,-0.43806213,-0.2178872,-0.3431105,-0.18580629,0.08508626,0.2882127,-0.7368885,-0.3292593,0.4364693,-0.48656425,-0.33858815,-0.27631956,-0.87808746,0.5784252,0.08055656,-0.10758529,0.77257025,0.53432846,-1.2768087,0.2823525,0.15924503,-0.6625474,-0.22767991,-0.7608963,-0.05277632,0.6411668,0.17191887,0.19308144,0.6423719,0.865583,0.21120618,-1.2746773,-0.3249491,-0.86213547,-0.6926581,0.7742506,0.39147022,0.2571064,-0.24411868,1.223328,0.108599775,0.40368223,0.7699589,0.47183117,0.8956095,-0.33802268,-0.5525778,-1.1607646,-0.18993203,-0.0035663496,-0.8256469,-0.8395111,-0.18841319,-0.3293999,0.26643115,0.18786962,0.4652917,-0.47904634,0.39466372,0.30134502,1.2717758,-0.4269345,1.1510463,0.4187027,0.32657787,0.98235947,0.044676576,0.60611886,-0.9540857,0.47312275,-0.88148844,-0.09429188,-0.35051325,-0.28053316,0.20315112,-0.50130415,0.2788687,0.43706945,-0.3275361,-0.7472041,-0.6387473,1.2264904,-0.07414754,-0.3721806,-0.6372065,-0.23427333,-0.4247071,0.6601892,1.7285092,-0.6904778,-1.1983235,-0.049002092,0.33130813,-0.30953196,0.73945767,-0.49413747,0.12845068,0.20832442,0.010640274,1.0131196,-0.038902037,0.37088528,0.31461376,0.9252034,0.74206465,-0.44042882,-0.04992886
0.3254765,0.93609643,0.026385695,0.8416541,-0.13233092,-0.45201895,-0.83063847,-0.79369885,-0.05356405,0.57149786,0.44697785,0.5257938,-0.32444766,0.76275086,-0.32493564,0.3125841,-1.1948872,-0.9910684,-0.1603313,0.09329908,0.06442993,1.5956192,-0.25035357,0.17556791,0.3016924,0.85205156,-0.4398043,0.1498482,0.113322005,-0.8990008,-0.46226344,-0.29101762,-0.39311284,-1.0417831,1.2697493,0.124461,-0.058057822,-0.14147799,0.07834548,0.5691933,-0.111002386,0.21854728,-1.2645409,-1.2202134,0.22656274,0.21569774,0.7480184,-0.14711411,-1.3514782,0.28103235,-0.16557808,-0.6325672,0.6069333,0.14030524,0.44173822,-1.382737,-0.10383123,-0.19718798,-0.52255833,-0.9052365,1.0436581,1.585864,-0.16737038,-0.73874366,-0.5173495,0.33813176,0.07374632,0.13402955,0.4867371,0.45058534,0.52198833,-0.3590191,-0.3697926,0.7161303,0.7973793,-1.0717589,-1.0256181,-0.25204363,0.5440172,-0.2798913,-0.57830936,0.067154996,0.17432669,-0.07763679,-0.42622516,-1.0801606,-0.47671252,-0.03350976,-0.3552177,-0.18137056,0.58174324,0.78623325,0.24583212,1.2282121,0.15365869,-0.46192902,-0.32507306,-0.6377792,0.7231438,-0.8453998,0.087244324,-1.3936306,-0.5849513,-0.19362366,-1.2183167,0.25966224,0.37987778,-0.00045796635,0.30033547,0.44148654,0.30151883,0.51798326,0.48891956,0.2640562,-0.68664646,1.0965226,0.07068899,0.67463416,0.2992498,0.70203215,-0.8671685,-0.6477454,-0.25874016,-0.21861443,0.39008462,0.6842787,0.9777845,-1.1273589,0.15730391,0.33785236,0.5456685,-0.8866341,0.25907785,0.38779435,1.0976611,0.13774027,-0.016901337,0.8586691,1.3855978,-0.64617974,-1.110874,-0.21883833,0.7368143,-0.05685962,-1.2800629,0.14596288,0.5468679,-0.62356323,-0.639356,-0.3764479,-0.10668835,-0.6571314,0.90046656,-0.4631569,-0.20508155,-0.17499708,-0.06832185,0.5276959,-0.77958184,-0.9050978,0.142545,0.07216256,1.3369964,-0.26684767,-0.5904952,-0.06313389,0.23782782,-0.17113115,-1.2372191,-1.5742307,-0.1263153,-0.7718476,0.76651686,1.082743,-1.4019098,-0.44392294,0.623913,0.1765685,1.4749268,0.3123195,-1.1513009,-0.253994,-0.1703428,1.827859,-0.24931145,-0.057844236,0.009612001,-0.31072238,-0.112013854,-0.16857298,0.48221004,-0.99870825,-0.9445649,0.7639173,-0.40348345,-0.24267864,0.075450875,0.07376306,1.1177205,0.16853747,-0.9638981,-0.67531097,0.52619725,-0.5500808,-0.44198787,-1.0073714,-0.48481628,0.701073,0.41845712,0.5964579,0.29101205,0.4633251,-0.5845951,-0.105340436,-0.30791584,-0.7401072,0.70846915,0.89394194,-0.5480344,0.8645126,0.30840155,-0.35036734,0.38387758,-0.33913139,0.0033377311,-0.009426056,0.07229154,0.39327312,0.2348091,-0.18379422,0.9134234,0.63246906,-0.7085459,0.39272004,-0.9583532,-0.6482033,-0.59061664,-0.10650628,-0.4989153,-0.78175044,-0.18368821,-0.57947266,0.80242336,-0.5976786,-0.91243106,0.28519982,0.646813,0.6746447,0.3659503,-1.5909966,-0.08115981,0.25812045,-0.23384054,-1.6358638,0.70198864,-1.2316619,1.5734992,0.042860344,0.46589205,0.16790286
0.11668327,0.9234343,0.5128066,1.6600738,-0.30334753,0.5566536,0.18347868,0.10731857,0.96599025,0.42575717,1.160116,0.099986866,-0.61354697,0.3513796,-1.2740066,0.06211515,0.08725653,-0.054901086,0.100108616,0.40202278,1.3375052,0.21276148,-0.6027256,0.45995122,0.10562078,-0.18655124,0.124285676,0.367219,-0.6398847,0.038930558,-0.8265467,-0.29509923,-1.5270612,-0.7352804,-0.19509289,0.6178139,0.008199954,0.41060314,0.009606855,0.31788,-0.3123972,0.17612332,0.52778715,0.76445204,0.7784143,-0.2122314,-0.55517,0.15606166,1.0286541,-0.06854623,-0.45095658,-0.27964154,-0.07914126,-0.33940485,-0.14400783,-1.2381015,0.04397257,0.28585756,-0.10860944,0.73228645,0.48519826,-1.1499054,0.07911443,0.39333102,-1.1333036,-1.0907371,0.07057398,-0.046422,-0.17207953,-0.23801619,0.49483058,0.3308458,0.5565801,-0.62673396,0.7209988,0.28451622,0.44324362,-1.3819512,-1.3716002,-0.602809,0.049723376,0.14143662,-0.7239354,0.9175858,-0.03418327,-0.64519894,-0.27264774,0.29169387,-1.0670106,-0.74448997,-0.2521335,0.0029217126,-0.5369935,-0.06568419,0.030304655,-0.6500582,-0.40335068,0.30133536,0.5570016,1.2721283,-0.7251801,-0.37393823,-1.8201951,-0.06598311,0.5005479,-0.039776593,0.66295975,0.32144418,0.38787624,0.2974995,0.3304069,0.18999106,0.5536308,-0.63736075,0.9444618,0.4911826,-0.2144682,0.13906862,-0.29585448,0.17144689,0.43106163,-0.9987432,0.34160328,0.435024,-0.93639684,-0.42074683,-0.5853713,0.9822552,1.0088545,0.04683659,-0.18259887,0.9155555,-1.0859729,-0.13093598,-0.5057842,0.07577544,-0.23253313,-0.79473233,-0.9331867,-0.31586012,-1.3751653,0.5690751,-0.6392197,0.6101857,-0.67132646,0.06052126,-0.5580272,-0.46593416,-1.4618057,-0.60862505,1.0023047,0.12097633,0.15500522,-0.4590609,-0.15400591,-0.2648176,0.21482518,0.16571392,-0.545189,-0.017573092,0.7592813,-0.26114923,-0.10221578,-0.06590436,0.69681776,-1.044419,-0.48259345,-1.1481775,0.6660915,1.1659185,-0.43138257,-0.7873391,-0.5519999,-0.018149681,-0.9589074,-0.29557902,-0.51796645,-0.9007449,-0.77327126,0.2957958,0.82945377,-0.14373189,0.13608514,0.8983279,-1.6870785,-0.7213972,-0.25811002,0.65734357,0.38161546,0.22057025,0.37778613,-0.85216004,0.65210104,-0.8922415,0.20282581,-0.053961914,-0.6807956,-0.11152536,0.31705645,0.73710215,0.82898253,-1.4113841,0.3616392,0.089962736,-1.8746299,0.75804794,-0.010514743,-0.4263205,0.06107684,-0.7107307,0.4119025,0.3050175,-0.6541153,0.11145791,-0.938231,-0.40992203,0.111931905,0.5548027,-0.28632015,-0.39964977,-0.46027258,-1.3155485,-0.031182982,0.2986312,0.2034546,0.00029791333,1.1312481,-0.31075144,-0.13148904,0.63745874,0.028769508,0.6084281,0.15058298,-0.29963738,0.23051612,-0.55380434,-0.23961197,-0.25880283,0.3334361,-1.5500265,-0.79159296,-0.6044702,-0.09386554,0.19542544,-0.19668014,0.7500183,-0.18305488,-0.09172258,0.12411869,-0.177146,0.26435024,-0.8302168,0.2833873,-1.1862361,-0.2040173,-0.55443376,0.8012129,1.0190301,-0.66926366,-1.0985557
-0.26213434,-0.41460997,-1.2779213,-1.6268318,-0.1274239,-0.74748045,0.080579765,0.097226545,-0.46385273,-0.07254002,0.6941415,0.31008947,0.31552288,-0.89430404,0.5375004,0.3902358,-0.5247786,0.43045393,0.37519658,0.5352371,-1.11466,1.0250036,0.27980044,-0.6729646,0.74043214,-0.30761155,0.15525466,-0.045700364,-0.17875104,0.42459112,-0.29922763,0.97566754,-1.3388377,-0.69140935,0.6742599,1.114712,-0.8497059,0.50262344,-0.35896027,1.1091036,-0.6048665,-0.4246091,-0.953065,0.05500549,-0.08950519,0.38756034,0.26417467,0.78374135,0.49042523,0.45553336,0.2281183,-0.17517248,0.21886858,-0.038943928,-0.39565223,-0.9214257,0.046577036,-0.83376896,0.27093312,-1.0575168,-0.075507715,-0.22704788,0.18292543,-0.23066956,1.0246956,1.0341583,-1.2893836,-0.008541993,0.86487025,-0.9649136,-0.16082044,-0.8138889,-0.0056784186,-0.6748317,0.2914377,0.85272765,1.5278416,-0.2087476,0.33749124,0.4996967,0.9654378,-0.81604004,-0.2574613,0.0133815305,0.44308838,-1.2696639,0.7308996,0.25928995,-0.018664476,0.36837196,0.4623522,-1.4920775,-0.27463967,-0.36900467,-0.038872194,-0.73523784,-0.4051504,-0.29548186,-1.0676057,-0.16241017,-0.9841707,-0.44902664,-0.46413845,0.28016242,-0.20167057,0.793295,0.4878963,-0.82433736,-1.3971715,0.27037546,-0.48453408,-0.3189997,0.10023785,-0.26214132,-0.40372306,0.45043546,-0.6489102,0.14993194,0.56801856,0.90329796,0.14619988,0.20538335,-0.5657943,-0.04378763,-0.32810596,-0.9597551,-0.26238912,-1.3292619,0.4189492,0.4074148,0.3475465,-0.11093504,1.2395349,0.82344544,-0.4028475,0.7642672,-0.27710825,-0.038001485,0.6286377,0.35676205,0.1664248,0.6648724,0.7433076,-0.6073756,0.12081553,-0.5261506,0.32321614,-0.25433317,0.042018697,0.82015115,0.111090854,-1.5123965,-0.7485171,0.10868723,-0.109740615,-1.0614172,-0.48570642,-1.4166213,-0.049779613,-0.905385,-0.81840086,1.0072093,-2.0828516,0.48134702,0.30095884,-0.3536655,-0.2978705,-0.7224413,-0.029543683,1.6867298,0.3528944,-1.4468573,-0.26226228,-0.34938937,0.6757422,-0.64146084,-0.5793378,0.3542256,0.049324296,0.41557047,0.30043185,0.7130783,0.5744243,0.40518808,0.12298809,-1.0194893,-0.7705635,-0.14422767,0.25179338,0.41650948,-0.09434749,-0.33784795,-0.007619304,0.9226427,-0.649457,-3.2862551,-0.1822742,-0.2533765,-0.61188954,-0.043858506,-0.216939,-0.46643957,-0.6082119,0.6320277,1.1462686,-0.67152035,-0.14384374,-0.38518393,-0.5582446,-0.78893846,0.20144267,0.8705267,-0.18599102,0.033723243,-0.91273063,-0.22544079,0.4461747,-0.87113595,-0.47734582,0.05880065,0.5107447,0.3718742,0.17563757,0.43265784,0.058405846,0.45275795,-0.57645273,0.25327244,-0.2726015,0.16941705,1.2098467,0.19328052,0.62032026,-1.7735616,1.0856162,-0.6905374,0.42526907,-0.35459572,-0.9710024,0.14716932,-0.008057124,1.893859,-0.666858,-1.1986055,1.4379244,0.20845261,0.20991297,-0.8967015,1.2921869,0.569388,0.91667324,0.3400539,0.113803685,-0.07261787,0.24797179,-0.54336447,-1.0346838,-0.55262524,-0.6628368,0.2887432
0.086426005,0.9929587,1.5048847,-0.12613969,-0.026138874,-0.8906191,-0.7608477,0.26464134,0.95941216,-1.4140477,-0.48918045,-0.3882351,0.49003592,1.8481873,0.04432266,-1.3366437,0.62362164,-0.35980913,-0.5208053,0.75227076,0.46996874,0.8968365,0.9022842,-0.11542786,-0.08267621,0.07444048,1.7747271,-0.13297477,0.32478017,0.7434344,-0.02970813,0.53954923,0.3071482,-0.9429591,1.250082,1.1078068,-0.7492931,-0.06733503,-0.03479379,0.7180345,0.5578257,-0.71444577,-0.77923876,-0.076350905,0.5827064,0.31415713,-0.39793262,0.92611307,0.72513056,0.8079152,0.3183223,1.5210352,0.9104667,0.19095847,0.19530985,-1.1153064,0.3051885,-0.35614717,-0.49514964,0.8180728,0.21325712,-0.29941842,-0.168271,-0.89364356,0.20238875,-0.09698306,0.19579902,0.19499584,-0.43956903,-0.8900994,-0.038482428,-0.40180576,0.082534365,1.0603999,-0.37323532,0.1396066,-0.30931452,-0.47153232,0.3323366,-0.6961081,-0.54915637,-0.41760597,-0.1202671,0.3630412,0.24392883,-0.5802471,-1.0676724,-0.0029388375,0.9653398,0.38990083,0.79123735,-0.5607828,-0.6921926,-0.105369404,-0.0038479457,-1.264988,-0.32989123,-0.0635063,1.1797217,-0.65443754,-1.0217658,1.188308,-0.8558433,-1.133223,-0.58966035,-0.25262013,-0.6095157,0.37907735,-0.16939172,1.1982216,-0.23468266,-0.69454443,0.8108889,0.5640839,-0.47909343,-1.1152343,0.23083031,0.8186198,-0.21513261,-0.95260006,0.45325723,-0.0729902,-1.3858147,1.1599777,-1.0806991,-0.6759211,-0.11603833,-1.254459,0.7813608,0.24309304,0.20108835,-0.027342802,0.24350566,0.6497635,-1.2676506,-0.30427182,-0.37720686,0.73439515,1.0729309,-0.6327194,-1.6640409,1.8962975,0.20550251,-0.24952218,-0.8212673,0.47283235,1.1064812,-0.5466258,0.8911514,-1.2498417,0.8968885,-0.5650171,-0.73755383,0.33071494,-0.8011648,0.122152336,0.37636724,-1.2073473,-0.4476645,0.34437594,-0.35509768,-0.74459493,0.003475385,-0.3173894,0.71044964,-0.6081659,0.99664587,0.4899198,0.35894674,0.46460518,1.3037517,-0.4283333,0.17568658,1.212456,-0.97055787,-0.84515613,0.5208039,-1.0029544,-1.4409122,0.23416129,-0.0066976445,-1.987124,0.7745985,-0.16835476,0.8035735,-0.9313072,-0.4420605,-0.94827414,0.49015963,-0.4464269,0.40328076,-0.22561556,0.8111895,-0.4026045,-0.97043985,-0.6288665,-0.3576445,-0.16661589,1.4839606,1.583492,0.07235537,0.4768869,0.5941024,-0.3814536,0.8492969,-0.4059905,0.38034564,0.00010659648,0.0070827394,-0.84009296,0.39943957,-0.088530965,0.9167971,-0.14029655,-0.3973262,-0.8135254,0.26096112,1.0166142,1.1578684,-0.4529994,-0.17432265,0.2988358,0.068152644,0.72541994,0.62896603,-0.7753497,1.2194954,-0.17538397,0.5613631,0.18455984,-0.2888182,-0.3553727,-1.3428278,-0.2803094,-1.08885,0.06875927,-0.18753973,-0.16667067,-1.2096702,-0.85745746,-0.24815047,1.2197065,0.5591728,-0.93192524,0.9357169,-1.0127114,-1.3395209,-0.58106595,-0.3811782,-0.8299281,1.2117702,-0.0898717,0.8156341,0.7841666,-0.11903296,1.8012344,0.57518035,0.54463434,0.495349,-1.2734256
0.6684662,1.449087,0.13430917,0.09643485,0.28626907,-0.46338454,-0.06445328,-0.47509053,0.40981334,0.046320815,0.6856916,1.1847109,-0.0996959,-0.19578765,-0.052787058,-0.9596368,0.33411708,0.2400192,0.23821387,-0.3096935,0.98679125,1.6936713,-1.4593334,0.51498175,0.065714546,0.08084102,-0.6432787,0.18568927,0.2942235,-0.7711349,-0.9612991,0.648437,-0.5858585,0.22958463,-0.61219424,0.09845024,0.10045452,-0.056981727,0.84429526,0.20418018,-0.57347435,-0.22646517,-0.53885937,-0.6602496,0.4460093,0.19691907,-0.21980874,1.1060022,-0.7596432,0.36244088,-0.5537076,1.3564447,0.28299427,0.7269079,0.5356585,-1.0774149,-0.87815845,-1.6110612,-0.69916785,0.37287676,0.04689225,0.43587047,0.42148888,0.2600032,1.0477725,1.4651159,-0.022408327,-0.34124693,0.47576672,1.5147856,0.30212793,-0.30903196,-0.3485844,0.3839856,-1.1514195,-0.24752715,0.13998222,-0.20651685,-0.4588505,1.3896477,0.9371823,0.068623215,0.22646217,0.1379175,-0.3478224,-0.20646414,-0.3255907,-0.7257754,-0.63263243,-0.5636239,-0.081599176,-0.12587446,0.46674144,-1.2579042,-0.90624803,0.004014193,-1.0412934,-0.11161046,-0.17932524,0.31842095,-0.112760186,1.7916297,0.93042785,-1.2594783,-0.8090974,-0.9115466,-1.2482591,0.09567392,0.6648596,0.23982136,-0.0038416306,-0.4692533,0.6085073,-0.9854451,-0.6410203,-0.10501934,-0.69603235,-0.50654525,-1.137269,-0.20045252,-1.1156985,1.1673762,0.7153407,0.16154122,-0.32115075,0.2560058,1.6920015,0.70168,1.0851392,-0.020261236,0.10596748,-0.09127558,-1.1516832,0.1411301,0.6164842,-0.37256145,0.14002529,-1.0043327,-1.034999,-0.6682781,-0.8435043,-1.2376692,-0.68616045,-0.9103031,-1.5028744,-0.7655775,-0.2042379,1.2342124,0.18003295,0.4314258,0.6127564,0.1424304,-0.49229863,0.39880767,0.067175396,-0.95019233,0.07116258,-0.38894525,-0.8375201,0.94841486,0.7258469,0.4876836,1.0259867,-0.39144954,-0.8903715,0.27560318,-0.4627983,-0.81618226,-0.12007048,0.1357502,0.27771723,-0.6011995,-1.8297908,-1.2363713,1.4402629,-1.011598,-0.45470005,0.43278328,1.4689204,0.26207668,0.5551933,-0.065878935,0.059620146,-0.23389374,-0.35955754,-0.1879131,-0.03644102,-0.5290289,-0.018619454,-0.10932373,-0.15284288,-1.9228684,0.37988803,-0.68784654,0.13687707,1.4696988,-0.43050838,0.1303335,-0.46492726,-0.98669535,-0.36738378,0.2676442,-0.93648225,0.08856993,0.3878776,0.600084,1.3042644,-0.14662501,-0.31982845,-0.07511358,0.3035505,-0.48455527,-1.0139139,0.032812875,0.60191286,-0.29623342,0.77037734,-0.15530579,0.2751411,0.42604464,-0.79203445,0.7978625,0.86817676,-0.17896774,-2.020936,1.0287148,0.25636208,-0.75166655,0.43157014,-0.49016216,0.04574612,-0.12858032,-0.85375816,-0.11190554,0.25295863,0.14218703,0.43599904,0.060839836,-0.3237057,-0.3363376,-0.31557468,1.53534,0.27281833,-0.5004478,-0.6497767,-1.2046854,1.0887454,2.0717473,-0.8714104,-0.05536577,-0.28128406,-0.23231746,0.36851415,-0.13575841,-0.75003797,0.16988839,-0.023665113,0.108350396,0.25240612,0.3390197
0.8032321,0.6968257,0.54754245,-1.0860656,-0.387949,0.086801566,-0.6957512,-0.98574835,-0.7087078,-0.37109357,1.382475,0.5980816,0.72495264,-1.2007523,-0.5349829,0.8026965,0.5946351,0.42566618,-0.34282058,0.4213705,0.6091351,0.7206129,-0.22709802,-0.658626,-0.7210065,-1.202851,0.112272546,0.6197703,0.3063874,0.3279935,-0.17816266,0.73157376,0.060545683,-0.37394717,0.78389496,0.04543289,-0.15063341,1.1364703,-1.044415,-0.6867708,-1.0717427,0.9804119,0.17667133,-0.18163697,0.11491411,0.6748895,-0.090701975,-1.2091463,-0.26292512,0.89776963,0.043883923,0.7154577,0.12289314,0.16960947,0.29618597,-0.3128952,-0.6149427,-0.84532404,-0.08523407,1.180567,0.017438726,-0.29073873,-0.2661621,-1.4836078,-0.18390456,0.20638362,0.3450994,0.7981923,0.10865576,1.0469416,-1.0310501,-0.69978654,-0.40884802,-0.063993044,0.30939704,1.2267044,-0.45277193,0.41056263,-0.24510124,0.64984584,0.18818761,-0.9427401,0.5612372,0.55572146,-0.9275896,-0.92694706,-0.058021776,-0.55221564,-0.2067,0.08957969,0.038980003,0.4867534,0.8848877,-0.26134288,0.8542346,0.14589365,0.051257305,-0.16960068,0.36966172,-0.015238919,0.99421567,-0.79311323,-0.73092693,-0.39346635,-0.20863394,0.29356968,-0.40220508,0.24860501,1.0232584,0.14942098,-0.2227709,0.85520834,0.56167054,-0.29117927,0.21121335,1.2194575,0.8990579,0.32481295,0.49315575,0.6130116,-0.58828515,0.3115437,0.735708,-0.23467755,0.589008,-1.5553547,-0.45894718,0.38769776,-0.18993396,0.21376865,1.1009271,0.6902876,1.4159733,-0.9475016,0.46321648,-0.44335663,0.10244073,0.53334826,-0.10357032,-0.9875282,-0.5956189,-1.0558575,0.19392005,1.3723397,0.99467266,-0.4203635,-0.7835432,-1.1262431,-0.24447894,-0.6264511,0.06144726,0.5246732,-0.26277164,-0.42429692,-0.24833687,0.18694061,0.04803484,-0.0017337907,-0.12441327,0.07965561,-0.48442635,0.17133914,-0.071284354,1.4726522,1.289882,-0.062544145,0.6306768,0.27744803,0.88991064,-1.1263319,-0.43762442,-0.63170016,0.45472425,0.81386197,-0.33475208,-0.10999964,0.5780625,0.7327713,0.87896997,0.013070314,0.9207903,-0.41643822,0.48441672,0.76290226,0.06394092,-0.5738295,0.18243477,-0.352732,0.3560952,0.307891,1.1602608,0.27266774,-0.34293985,0.7433106,-0.26451945,0.98120797,0.9215316,0.45001397,0.31078702,0.48692474,-0.21898687,1.1242578,0.59529376,0.28545994,0.3469619,0.11207798,-0.7838737,-1.0948739,-0.18930013,-0.42881233,-1.3214903,-0.410541,-1.3607674,0.73426074,-0.3496037,-0.44128883,-0.057544965,-0.8402942,0.80171394,0.42358404,0.2476166,0.4087425,-1.1420143,0.2730633,-0.97410345,0.67127365,-0.54898924,0.4576333,-0.3537086,-0.15417561,-0.07303499,1.6281054,-0.43566474,-0.18455437,-0.94222945,0.24778181,-1.479126,0.43167832,1.0220865,0.35067442,0.738484,0.11262227,-0.6711839,-0.19730088,2.5621667,-0.93921083,0.42090678,-0.62241834,-0.27842566,-0.7352588,0.6091338,-0.7273108,1.5790135,0.15601541,-1.0276238,0.14425036,0.056284133,-0.7982334,-0.33585516,0.48421705
-0.5385207,0.15184699,0.5338136,0.52678704,-0.6371825,-0.5041217,0.009225504,-0.8843535,-0.1294771,0.46219018,-1.2299014,-0.6532668,-0.10782846,1.4850413,-0.059075356,-0.3452318,-0.2178861,0.6733878,-1.2171315,-0.77471405,0.29216787,0.301384,1.0011386,-0.49642187,-0.45150083,-0.051280774,-0.09710646,0.2346394,-0.33499008,-0.3579218,0.86098534,0.2434353,-0.56535244,-0.6080406,0.35862607,-0.50404006,-0.015478912,0.6488119,0.9111308,-0.9381318,0.695923,-0.7243039,-0.71826357,0.5618736,-1.2180703,0.20783369,0.9132969,0.01067853,1.8123668,0.32410818,0.43195948,-1.479823,-0.45251808,0.2601007,-0.05176974,-1.0059565,0.90497684,-0.1443545,-0.34043851,1.0040423,0.44838408,-0.3914147,0.3086587,0.040911954,0.42107186,2.0570095,1.354194,0.8419916,0.5136985,-0.23855172,2.5597765,-1.2074021,0.48714793,-0.29501227,-0.26135847,0.29388657,0.615532,-0.77736837,-0.5997375,1.1238765,1.015577,0.54984146,-0.3974437,0.020433834,0.20536277,0.57001936,0.830559,0.23827589,0.30028772,0.120619774,-0.2363339,0.13257736,-0.47794518,0.47349566,-0.42180946,-1.1729757,-0.10647054,-1.6474358,-0.38317877,0.79726267,-0.0058309315,0.25913575,-0.3842819,-0.480839,0.06226915,-1.3918957,-0.40702674,0.13257113,-0.20175008,-1.116702,0.09390316,-0.31627008,-0.3747471,0.45141166,-1.0051903,-0.56768,-0.9854353,0.7510779,-0.69322944,-0.90458214,-0.2163008,0.90710795,0.37368628,0.24469413,-0.5531239,0.41919255,0.71338654,0.06886624,-0.73955953,-0.089392774,-0.35985258,-0.13637927,-0.23797455,0.16299133,-0.24164899,-0.09833537,-1.4248502,-0.8521102,-1.7800189,-0.39019048,0.110978656,0.4266759,2.071934,0.16498111,1.4237013,0.3064873,0.08507469,0.7928063,0.9615134,2.4857662,0.54984605,-0.6476131,1.075537,-0.29022518,-0.05932114,0.79362476,0.11394798,-0.49082655,-1.1105318,0.6066104,-0.28408164,-0.6622136,0.4477952,-0.6731095,1.0863979,0.21799411,-0.6324193,-1.2888374,-0.43960774,0.21617518,-0.69326776,-0.32590422,-0.76130223,0.19603944,0.94985026,-0.2448046,0.32542104,0.9695022,1.6770786,0.7493046,0.48547348,-0.7453204,0.14930211,-0.60808045,-0.72560763,0.113179944,0.3123577,0.52596164,-0.15463129,0.0025490131,0.28418484,-0.56547654,-0.7237993,-1.8620536,0.848848,-2.3343558,0.62774336,0.8026479,-1.4400394,-0.5809272,0.42537194,0.7071328,-0.49751246,-0.40344822,0.5983163,-0.13341355,0.25291887,-0.09218452,0.17161326,0.016131515,-0.64304316,-1.0496103,-0.3492696,0.3571317,0.6870027,0.3652355,-0.8698608,0.3232656,0.3964813,-0.5548624,0.3348426,0.48657078,0.5721614,0.87411964,-1.1764657,-1.5145904,0.34026384,-0.29983485,-0.16916493,-0.3125859,0.019242158,-1.1783785,-0.49336058,0.33553305,1.1732866,-0.21984027,-0.3668516,-0.18377736,0.032583565,-0.90685457,-0.084969565,1.8570371,-0.857615,0.27346966,0.8634533,-1.5092643,-0.3921106,1.4380753,-0.0023290638,0.97619516,0.45746687,0.32211667,1.2533493,0.92158514,-0.19808796,0.16499482,0.43333724,0.27292553,-0.16972248,0.85467917
0.8345072,0.7012253,-0.41773814,0.7660975,-1.6027703,-1.4606392,-0.9543659,-0.06733313,-0.23545186,-0.7863564,1.3079175,1.3846918,-0.14370361,-0.37741387,0.5915801,0.59242827,0.8416246,1.0215609,0.24791574,0.7543658,-0.9691995,0.9354696,-0.08199638,-0.2834342,-0.14818668,-0.23443618,0.6086379,0.27687034,0.48060936,-0.5395869,0.47886738,0.39049354,-0.19681467,-0.866816,-1.0920632,0.117594,0.050396387,-0.44531792,-0.20460257,-1.4369028,-0.8987273,0.10586508,0.6021254,0.6036531,0.19699845,0.10920979,-0.844522,0.8677534,0.33788893,0.50808847,0.91981125,0.9352842,0.25497875,-0.23002397,-0.018280882,0.1548558,-0.057604726,0.11721555,-0.3372235,0.6591922,-0.114061795,0.6285893,-1.5893793,-0.14558095,-0.038560323,0.67051405,1.1642019,0.12981275,-0.7096786,-0.19202025,0.2504313,-0.9381339,-0.64223903,0.8592789,0.86789834,0.5759625,1.3811179,1.0614336,1.2079116,-0.23814912,1.4765351,-0.023044093,0.9328552,0.33474636,-0.37258354,0.24028715,-0.675005,0.195586,-0.03975922,-0.58831275,0.32242998,0.5591991,0.3542623,0.4495322,0.5245376,-0.20671861,0.39432397,0.37678584,0.18499173,0.19962408,0.34137973,0.31824246,0.7022751,-0.43439105,-1.230801,0.096699044,-0.74116796,-0.2656129,-0.25659966,0.10972609,-0.34382275,0.24346428,-0.32044572,0.3938066,0.6072482,0.49408272,-1.1306572,0.058361225,-0.43917054,-0.40053445,-1.0955504,0.021525871,0.64805794,-0.51965106,0.44566724,-0.52174777,-0.3719844,-0.7511052,-1.4099928,0.0031178102,0.093669295,-0.45781043,-0.9883785,0.09216349,1.7620053,-0.17944227,-0.47600216,-0.83351207,-0.86660945,-0.32318145,0.7357156,0.43410447,-0.12802872,0.15216672,0.26705846,-0.33519718,0.1940101,0.27519292,0.4960626,0.15082714,0.12331922,0.3892966,0.406263,-1.3057327,-0.34818769,0.0053685526,1.2889043,0.3049369,0.5381013,-0.060021557,-1.0907525,0.75338787,-0.56452143,-0.050860606,0.77008075,0.73099506,0.40356883,-0.58608425,0.40923756,1.1566763,-0.65857875,-1.4111419,-0.21048428,0.54650205,-0.10388235,0.71748155,0.16390131,1.1270511,-0.20882708,0.8753788,-0.8283628,-0.6262656,0.066676356,-0.2516833,-0.12547167,0.19250359,0.48539633,-0.6154743,-0.16440842,-0.49164927,0.4539215,0.7287712,-0.95172566,0.8340803,-0.011391865,0.29839635,-0.096667916,-0.02577034,-1.3591472,-0.7687433,-0.002815821,-0.6163243,0.35095814,0.62738156,0.2540338,0.10874825,-0.41599524,-0.008421203,-0.4207973,-0.65293133,-0.20328602,0.4456476,0.44031304,-0.7501343,-0.09311381,-0.03690985,0.045134135,-0.056896117,0.65298903,0.058517125,-0.9467742,-0.17396799,-0.11207533,-0.10584482,-0.918161,-0.8678443,-0.5535918,1.2227831,0.11751857,-1.3189774,-0.42549714,-0.2226778,0.040259045,-0.71527845,0.24622516,-0.59139884,-0.053406402,0.74531525,-0.75753707,-0.022706695,0.6310026,-0.7674583,0.047991768,-0.23737244,-1.1921184,1.3224341,-0.48064706,0.19282663,0.52367693,-0.42372024,1.6159749,-0.206254,0.06271412,-0.1851978,1.9135772,-2.31101,0.30067635,-1.1497293,-0.49109674,0.25439587
-0.15625139,0.5053716,0.40134746,0.62832516,1.0557445,0.15196986,0.9191357,0.42081386,0.7252099,-0.3605372,-0.063835286,-0.51689297,-0.10538357,-0.20751978,0.2908357,-1.1554013,1.2289354,1.0446111,0.38161874,0.47736582,1.6707017,0.48575032,0.2762303,-0.18111885,-0.15044461,0.3270043,0.5961639,-0.25716484,-0.43783492,0.21382855,-0.7344689,-1.0137118,0.27270612,-0.17698541,-0.2844775,-0.33541977,0.45587274,2.1400206,0.08482122,0.4760721,-0.47711122,-0.67740387,0.00036066922,0.42202765,-0.3148989,-0.5772621,0.7757795,0.18772905,1.926347,-0.73320746,0.9436795,1.8422371,0.51150405,0.014495742,0.21900867,0.95289654,0.45065957,-2.0594249,-1.3883908,0.34216306,0.9986622,0.739914,-1.2217379,-1.3004252,-0.7407844,-0.06526687,-1.272769,0.10905095,-0.32893756,-0.3460551,-1.3493184,0.15198722,0.4522888,-0.814399,-0.71815634,-0.6704029,-0.20713079,0.5501151,-0.47349453,0.1897699,-0.059375532,0.7877961,0.6754976,0.3624513,-0.1801015,0.07948973,-0.50610113,-1.4289535,0.5851251,-0.019005412,0.49549252,0.23220064,0.574005,-0.1297223,-0.29889482,-0.7277583,0.7615501,-1.2144766,-0.44667596,0.42092228,-0.19488658,-0.65965134,-0.17985427,0.086832605,0.27223888,1.0406237,-0.19297108,-0.09463484,0.93496054,-0.59981483,0.0062903846,0.5864074,-0.4029958,0.10722515,-0.08720115,0.74031496,1.0716152,1.2466263,1.1699094,-1.0550599,0.80170864,1.7093785,-0.61878234,0.18299678,0.69420695,1.1773471,-0.7939634,-0.33921236,0.2172257,0.17518817,0.37674454,-0.1181093,-0.5658594,0.13874713,-0.14165857,0.32568786,-0.31053802,0.0077320836,0.61958796,1.5591108,0.0758827,0.13997371,-0.5546878,0.74817747,0.9764044,-0.68377894,-0.8405344,-0.6106281,0.19548035,0.6634084,0.9255998,1.2984291,-0.14228556,-0.32378188,0.9939579,1.1741189,0.4405125,-0.33045718,0.044433527,0.03255134,0.045149982,-0.9113935,0.9308215,-0.6348878,0.4114038,-0.059639633,-0.5139632,-0.6716591,0.5826097,-0.37430704,-0.49833757,-0.66191876,1.0185056,2.3963726,-0.9143718,-0.89586025,-0.36792213,0.2235086,0.66035926,-0.39704075,-0.5409805,0.5153463,2.7603765,0.42250133,1.322289,0.020781787,0.47958675,0.62120223,-0.13090178,0.46412322,0.5946073,-0.4695108,0.09133979,0.94388676,-0.23505944,0.08614868,1.0883818,-0.43154418,-0.9184466,0.5264646,-0.030302068,-0.4847839,-0.17086083,-0.33398843,-1.6778675,-0.222575,-0.43487617,-0.023271194,-0.20049001,-0.70644236,0.17471242,0.13790528,0.27853364,-0.6543346,-0.15776299,1.0060294,0.4724565,0.9590891,-0.51549643,-1.0265914,-0.5446664,0.789861,-0.64830357,-0.53589255,-0.18295334,0.30592844,0.23288952,0.3442819,1.0513444,0.18389909,0.49285412,-1.3362348,0.16287947,0.30088946,0.21290171,-0.6807537,0.023561211,-0.7385006,0.080489226,-0.19685198,-0.050576773,-0.9599918,0.982229,-2.277486,0.18857364,0.057217848,-0.96421313,0.35058945,0.34677163,0.9734204,0.09902951,0.3804869,-1.5870222,1.2232717,0.28573862,0.14313808,0.40263277,-0.36168334,0.045723774,-0.2066777
0.31103322,-0.10517276,1.5716724,-0.14952426,-0.41823915,0.41860974,-1.2794265,-0.17192596,0.9329907,0.8784456,-0.013905474,-1.0672203,0.09508648,0.8097245,-0.89856464,0.41356227,-0.5137937,-0.24970771,0.6793141,0.7148567,-0.560042,0.11569103,0.7988956,-0.07915177,0.56695,0.9043256,-0.15354693,0.0059507075,0.3870775,-0.018912084,-0.4704053,0.010659402,-0.106229514,-0.713748,2.6019,0.4837107,-1.0446557,-0.82536215,0.36905372,-0.7444056,-0.5059744,0.02261965,0.7546641,0.047597595,-0.25370827,0.93574595,0.50105023,0.20643988,1.2299957,0.46046945,-0.71337515,1.4807892,0.83654016,0.26994932,-0.3978883,0.6024618,-0.8252298,-0.6287713,-1.577419,0.21259885,1.0086983,-0.36834022,1.1512665,1.8454287,0.8485333,0.36644965,1.4836369,1.2328364,-0.06048967,-1.0145537,-0.46277514,1.1523099,0.57169485,-1.3180484,-0.36931312,0.10465036,-0.34113276,-1.1997415,-0.5295039,0.6365302,0.5388948,-0.8864293,1.1749623,0.13522463,-0.45175236,-1.0318364,-0.6250029,0.38911152,0.48638803,0.30116975,-0.6434811,-0.566207,0.22050962,0.24579564,-1.0764084,1.3458194,-0.2841053,-0.2081069,1.1519201,1.0142593,-0.49352595,0.45924369,-0.14759564,-0.5848149,-0.8213352,-0.7027265,0.8918213,0.8088456,0.93647486,0.1195929,1.0007366,-0.24704266,-0.000270912,0.28555757,0.19924228,0.8002365,0.020582616,-0.40836385,0.33926675,-0.12748149,0.56244755,1.1829653,0.8315271,0.8007101,-0.49990675,-1.1465985,-0.3873963,0.423487,-0.14799209,0.30052292,-0.45335576,-0.7827178,0.39759222,-0.9507964,-0.72459537,-0.18278684,-0.61277133,-0.13807416,0.28563133,-1.0966824,-0.7367488,0.17515104,1.5488633,0.90337336,0.6321545,-0.59462667,1.0902834,-1.1072613,0.4291963,0.5064861,-0.92742485,1.7081809,-1.2446651,0.46467507,1.3620576,0.34199935,0.3947023,0.47750145,-0.11929557,-0.8141648,-1.526585,0.3759331,0.36085206,-0.6447301,-0.32228023,0.23921594,0.13335371,1.3156106,0.37440386,0.34002185,0.46397942,-1.3857356,-0.15963541,-0.5874686,0.3259858,-1.34712,0.33932996,0.7409051,1.4209447,1.7972083,-0.26234764,-0.4918233,0.034291975,1.1161323,2.4363348,-1.5458347,-0.10970678,0.12514737,0.005148276,-0.5329693,-0.2781599,-1.5324472,1.2947717,-0.23944059,1.2145069,0.8956125,-0.3706194,-0.14631668,0.47946078,0.3237744,-0.23330945,-0.07631518,0.20965062,-0.41205192,-0.5652726,-0.20588042,0.6526278,-0.44706216,0.16830848,0.18745705,1.0563459,0.37214768,1.0179707,-0.025418902,1.3436583,-0.4221226,1.0179001,-0.21492016,-0.23065911,-0.33821982,0.98216146,0.15809043,-0.80214375,0.037033714,0.019857815,-0.79929,0.36209878,-0.9729169,-0.82856023,-0.64320403,-0.9013555,0.6751577,-1.3852118,-1.2263595,-0.50312054,0.8750175,0.43281373,-0.90162677,0.09931721,0.18838961,0.41803625,0.33715335,0.23867334,-0.72831595,-0.43609563,-0.72239304,0.83094597,-2.4524457,0.075891174,0.4979813,0.011037649,0.3891205,-1.469241,-0.7739736,0.9894731,-0.5989828,0.24774176,-0.75018775,-0.049808428,-0.13860308
-0.07322961,0.58826166,0.42286408,-0.38127828,-0.2675015,0.53987205,0.38554442,0.24241893,0.2592276,-0.06208772,0.5891814,-0.40584671,-0.1718884,-0.4140513,0.45562357,-0.24398777,-0.6612077,0.08907557,-0.07817371,-0.2147579,0.73374397,0.5832601,0.3445412,0.76900584,-0.06950155,-0.24220264,0.72685385,-0.525711,-0.1628838,-0.053690966,-1.1881438,1.4634688,-0.6723957,-0.09515078,0.41093853,-1.0104955,0.056843437,-0.41065156,-0.25190997,0.17662989,0.28974718,-1.232585,-0.2786811,0.4803653,-0.82673967,0.13308461,-0.64627916,0.25942028,-0.22768229,0.10705114,-0.7441554,0.1375119,-1.7550707,-0.18288302,0.3189832,0.6177764,0.5121529,0.0228259,-0.11052591,-0.12721458,0.23633233,-0.77055705,0.63186854,-0.08117377,0.45410687,-0.015413997,0.11985233,-0.5088301,-0.3160593,0.4743607,0.24197668,0.16265918,-0.4453906,-0.029705087,-0.21947762,0.0815365,0.30105662,-0.091290124,0.93290067,0.6271231,0.2989633,0.29496136,0.5042705,0.1237061,0.5241486,0.15215182,-0.48921302,0.46692365,-0.34875286,0.20926332,1.2880017,-0.14630175,-0.6960999,0.28970498,-0.09760747,-0.3235954,-0.76824117,0.22170761,-0.54775196,0.00724778,0.26073363,-0.41256806,0.23859201,0.28887725,-0.3332896,-1.9052064,-1.0355899,0.8262673,0.5518919,0.7219483,-0.5565604,-0.24152783,-0.13798802,-0.11695414,-0.032387752,0.11164779,-1.0492187,0.49876955,-0.8941559,0.2187235,-1.4848381,0.81144506,-0.08243705,-0.30207366,0.5450556,0.055664003,-0.078137144,0.84985405,-0.1706644,-0.044477012,-0.5972553,0.40560937,1.871792,-0.52317685,1.0348378,-0.49244905,0.051918626,-0.0026261497,-0.31777775,0.012692329,-0.7697018,-0.23038214,0.31171247,-0.51998943,-0.016663045,-1.4883888,-1.0681546,0.090665504,0.18584116,0.059545618,0.017697204,-0.21527527,-0.23326948,-0.34216583,-0.56932545,0.40305102,0.10135029,-0.06539724,-0.34406388,0.08559414,-0.39350328,0.03508808,0.9106374,0.5791405,1.0852352,-0.029252268,0.46709982,-0.4389437,-0.6962072,0.027253821,0.003970454,0.19924004,0.5514696,0.5064017,-0.5911385,-1.2171603,-1.1500558,0.03422866,0.91949034,-0.81240654,-1.8324766,-0.15293142,0.5996281,0.5632792,0.6759767,0.058308482,0.4616389,0.4833265,-0.17990057,-0.892188,-0.08500794,0.4254605,1.1164658,0.67446405,-1.6434699,1.9175907,-0.16067255,0.2760452,0.16882193,-0.23217341,0.34920412,0.30755097,-0.32795918,0.7121708,0.26882207,1.025505,-0.4390868,-1.1617639,0.0132635385,0.054090627,-0.04021799,-1.1119727,-1.0133522,-1.1682276,0.6065454,0.8391386,0.32309288,0.49737057,-0.50662124,-0.42586124,0.8808231,0.002211086,-1.0210764,1.0751657,-0.8369196,-0.59108406,0.76549125,1.0023167,1.0854392,0.35225713,0.5537534,0.20168267,0.4697799,0.42218527,-0.8069384,-0.28430992,0.3979303,-0.20291208,0.14039521,-0.16847867,0.47892198,1.5307316,0.25329003,-0.031684928,0.13049707,1.0883209,-0.202343,0.71256316,-0.23155826,0.49076164,-1.0349641,0.25113985,0.32826585,0.24511161,-0.18552512,-0.50945127,-0.4653075,-0.8954292,-0.049280193,-1.0053375
1.5765306,1.5721403,1.0371586,0.1363402,0.17725185,-0.42245737,-1.3791107,0.029042425,-0.5541924,0.4931736,1.0144278,0.3582333,-0.777824,-0.4830235,-0.30488074,0.2733166,-0.34563366,-0.02228157,0.38180667,-0.27917436,-1.6969723,-0.0045725787,-0.11851848,-0.053642448,1.094928,0.24453367,0.57304645,-0.2805704,-0.778983,0.14862336,-0.22029993,-0.16747114,-0.2927169,0.94361156,1.1042545,0.23257694,-0.45970586,0.35272777,0.78925097,-0.22117542,0.08048506,-0.30155495,0.31099457,0.26663426,0.19007362,0.6046284,-1.1585855,-0.13303348,1.9046701,-0.9394257,0.8686704,-0.5134035,0.69954115,-0.016094351,-0.51270723,0.6468357,0.7714317,-0.36243638,-0.9660571,-0.60661304,-0.53077203,0.9318314,0.8904557,-0.5334967,0.008769912,0.50104904,-0.54741645,0.5208765,-0.20994034,-0.076651886,-0.32759014,-0.28501484,-0.12092452,0.22666152,-0.39768654,-0.31601256,0.7215648,0.820587,0.9619446,-0.14887838,0.70747274,0.8094399,-0.040535633,0.10810892,-0.21928085,-0.75480056,-0.3136767,0.06624203,-0.1551325,-0.85720396,0.9498611,0.13088118,-0.19332072,-1.5229511,-0.89350516,0.53807575,0.2632289,-0.5763789,-1.534874,0.5038644,-0.39686683,-0.5184595,0.47387764,0.41333595,-0.024362667,0.08462546,0.34770054,-0.04834513,-0.2656358,0.27715394,-0.38040683,0.013220622,-1.2716634,0.45253325,0.40733045,-0.5336024,-0.11113236,0.43430424,0.33520442,0.16784476,-0.2070911,-0.45286337,-0.09818516,-0.2600516,-0.016657047,0.5855715,1.6389508,0.65485096,0.82018685,1.3806823,-0.22829062,0.54620796,-0.3684184,0.14990444,0.41850907,0.73292845,-0.03155246,-0.9290053,-0.23654689,-0.6264795,-0.9445177,0.7987108,1.026183,-0.23420805,-0.5621135,-0.1350414,0.44482645,1.0611886,0.22549447,0.26977593,-1.3605237,-0.61975443,0.046222717,-0.6907546,0.9716393,-0.46544656,-0.2057968,-0.012050311,-0.23597793,0.68683356,0.1403848,-0.99170136,-0.7071781,-0.32183707,-0.13454051,-0.36974627,0.20237295,-0.03634587,0.3877658,-0.88082576,0.23097831,1.031035,-0.22669762,0.21534172,0.45311314,0.641916,-0.45826453,1.0091566,0.40391684,-0.23466358,0.9840684,-0.22961003,-0.9124947,-0.061617155,-0.64606076,-1.3479936,0.13567592,-0.052477583,0.8370708,-0.34715125,0.7226297,-1.5132487,-0.010204774,-0.23426704,0.8427968,-1.3239359,-0.5723744,0.13280664,0.48565868,-0.031283796,1.0305151,0.13796806,-0.4926756,0.912869,0.5130778,0.84192616,0.37085125,1.2467219,-0.66134006,-0.7928964,-0.47365236,-0.16470684,-0.13520178,0.11414583,1.2362052,-0.5137607,0.70083207,-2.0637608,0.37910333,0.9750961,0.82422745,-1.2545466,0.5027623,0.10399432,-0.04595501,0.034699235,0.3378537,-0.7584653,-0.5950995,-0.0015868915,-1.2926382,-1.2538503,0.5327357,-0.41877335,-0.3858958,-0.3266297,-0.19876398,0.9160918,0.478298,-0.08469242,-0.521624,0.14977078,0.10468101,0.72636735,0.12096203,-0.71840435,-2.172693,1.7378469,-1.0497849,-0.10804077,0.17624739,-1.2082319,0.05303591,-0.30633995,-0.13296671,-0.37044168,0.9465016,0.2805587,0.20932151,-0.610885
0.41930023,-0.8566185,-0.39754763,0.93559265,1.0246447,0.44015545,-0.58638793,0.60286915,0.056062326,-0.38934624,0.6343187,-0.15553385,-1.0405596,-0.96932256,0.66201496,-0.17210934,0.326901,0.39059314,0.8192313,0.5708468,0.54634124,-0.23605202,-0.6319192,0.8299158,0.6961454,0.4494252,-0.50152475,0.6103909,0.5976841,-0.569801,-0.78623605,-1.6302402,0.3150135,2.093694,-0.3249319,-0.16557714,0.34516695,1.3277924,0.8488618,0.7208297,-0.12343156,-0.949332,-0.6510199,-1.2768338,0.9005994,1.683902,1.2778963,-0.733387,0.48412952,-0.39521077,-0.6570785,-0.097,-0.02319691,0.044135865,-0.16787651,0.77984196,-1.1182642,1.1316597,0.6602511,-1.0552528,-0.5610643,-0.39756003,-0.34429255,-0.29842505,-0.32633933,0.5533651,-0.20073622,1.2675825,-0.34910488,-0.108187765,-0.69989336,0.62659526,-0.27164295,-0.76227045,-0.26452073,-0.24969637,0.7064256,0.02106741,-0.102420814,1.4476001,0.11020283,-0.5683761,0.8300698,-0.52537495,-1.64425,-0.46606728,1.3620672,-0.36929673,-0.11018654,0.24011283,-0.1830926,-0.77549595,-0.22109278,-0.22487175,-1.3116374,-0.029511642,-0.22824168,0.95013005,0.42228034,0.15701607,-0.2422186,-1.418425,-0.16069216,0.7628359,-0.74557704,-0.91658837,0.040618487,-0.5845781,-1.501644,0.2584833,-0.0010594695,-0.8422967,0.393189,-0.87471896,0.5733672,-0.7672411,-0.18594457,0.37540495,-0.14973734,-0.22502999,0.09169216,1.6819137,-0.63155955,1.500445,0.104469016,-1.0253247,-0.91636217,0.11387522,-0.7845025,-0.12082524,0.69526505,0.06226263,0.07966888,-0.20571344,0.66527575,0.29894158,-0.22921346,0.6816085,0.21024755,-0.25159362,0.3542205,0.76604754,-0.16525955,1.1036265,0.23830426,-0.75497633,-0.6107048,0.6366455,-1.3412949,0.114215896,1.1685563,-0.3002761,0.62154883,-0.37650388,1.010886,-0.62988627,0.19347963,0.11844317,-0.16104345,0.07854346,-0.31838292,-0.18947007,-0.19104016,0.20855415,0.74364144,-0.24190904,-0.355197,-0.5687824,-0.3369424,1.0395199,-0.099657744,0.03358597,0.682631,-0.99174833,-0.40110067,-0.78413117,0.7553971,0.2958431,0.15768726,-0.62446684,-0.2762375,-0.57449013,-1.4568517,-0.07837385,-1.7466934,-1.2959335,-0.07995856,0.058899976,0.17372835,0.15159109,0.17502718,-0.8179286,0.60401255,-0.67366195,-0.3890933,-0.6501988,0.8406593,-0.04508614,0.7620449,1.1244001,-0.30310974,1.030009,0.768773,1.1293982,-0.8576481,1.0937718,-0.7978444,0.010309741,-0.84817487,-0.14976923,1.3954753,-0.073627084,0.06475437,0.26837218,-0.1033925,0.28677908,-0.41394556,0.71693844,0.63271946,1.1852542,0.79422367,-0.9987075,-0.41998464,0.7322161,-0.46278444,1.0488846,-0.5908028,0.29324067,0.78305125,0.05377602,0.7490834,0.13738458,-0.27802476,0.9632969,-0.0021611347,-0.09967162,0.35202527,-0.10586415,0.069335625,0.1966667,-0.41158566,0.45832264,-1.0472345,0.41384947,0.2988732,-0.031312466,0.14407809,0.6471087,0.017939774,-0.8689403,0.7617729,-1.971868,0.4761548,-0.2801291,0.28321853,-0.20305087,0.6210107,-0.4628409,-0.3908827,0.69670916
0.7154889,0.68120855,-0.14821264,0.30479681,0.20009412,0.13798527,-0.017187854,-0.57230175,-0.3559363,0.17833413,0.49336672,0.7609682,-0.5697336,0.9531874,-0.064860694,-0.3084798,-1.2650142,0.91006994,1.1445934,0.34365612,0.9361349,-0.08552691,0.2988165,0.7513861,0.15135805,-0.23167242,-1.0990657,0.8633715,-0.32687205,0.28880143,0.21804881,0.14536212,0.54735,-0.027540104,-0.87489,-0.46741107,1.1962342,0.9487648,0.45990905,-0.45187145,-0.1994868,0.26891986,-0.55538523,0.18501931,0.06982032,-0.9046114,0.8559323,-0.08479292,-0.7146109,0.11332618,0.09156578,-0.90982556,1.5173098,0.7530983,0.7063189,0.2809793,-0.5850268,-0.47549444,0.5213254,0.3811454,-0.32157648,1.1176698,0.19901614,-0.7796142,-0.08142525,-0.44859487,1.0052351,-0.2004888,-0.26825032,-0.4494334,0.7099122,0.03344854,0.62006116,0.9194546,0.29646838,0.94328123,1.1138176,0.2617501,0.37105525,1.6802064,0.31634435,0.4553287,0.633939,0.6805879,-0.5766184,0.5585031,-0.9345783,-0.22183608,-0.24371631,0.5128877,-0.4550041,-0.49951327,-1.5133927,-0.12672867,-1.1197957,-0.5854744,-0.4987795,0.22353691,-1.4139864,-0.7555341,-1.2621313,0.3429397,-0.5658881,-1.3347034,-1.2163618,0.48105106,0.7588809,0.8710013,-0.21642247,1.2006766,-0.15958194,0.27108213,0.57003987,1.2119286,0.77374303,-1.195509,0.5584954,-0.21289606,-0.081776164,-0.3309017,0.06581863,-0.14730868,-0.4445991,-0.27205956,-0.23177814,-0.06918363,0.3017374,0.7469595,1.5194184,-0.29169115,-0.039700124,-0.15309727,0.9050717,-0.4321065,-0.73646796,0.5187192,1.0625738,-0.03913657,0.108615056,0.055052035,-0.920829,-0.5766028,0.12912923,-0.26905134,-0.24905676,-0.19792752,1.4317609,-1.0903288,0.21408996,-0.7123355,-0.4906214,0.8875065,0.9633599,-0.087544836,-0.8506606,1.0244479,0.70124394,1.0255257,0.4469784,0.46249583,-0.22968613,0.42818326,-1.7624229,0.5869303,-0.03138306,0.30933878,0.31138796,-0.3069614,-0.09260798,0.09327732,0.40481073,0.37672764,0.31617662,1.1972388,1.5785742,0.18183914,0.28022248,-1.1745517,-1.0612173,-0.8253942,-0.209004,-1.3131564,-0.94000906,-1.4404855,0.15300037,-0.45765984,0.7539479,-0.020173693,0.10932121,0.8027749,-0.35401124,0.1629714,0.240266,-0.06771118,0.71569866,0.19388914,-0.98493665,0.4490866,0.5535725,-0.54591787,-0.28935668,-0.2371503,0.11275248,0.15695578,-0.90491796,0.78510815,0.04212716,-0.59725535,1.830558,0.34778222,0.4108919,0.834712,-0.62578857,1.0998244,1.1308064,0.26608613,-0.058415677,-0.41333595,0.54412514,0.48200464,0.21477878,0.94144773,0.2898487,0.022251088,0.14507523,-0.7664452,0.12823725,-0.58623606,0.9635316,0.5556244,0.7290378,-0.9696943,0.7564669,-0.24917038,-1.1284225,-0.12644304,-0.5190529,-0.04293343,-0.3918776,0.6095433,-0.0039600255,-0.06373402,-0.075642355,0.289837,-0.49040326,-0.37912142,-0.7323599,0.59540033,-0.05120136,-1.1780633,-0.11807718,0.13542436,-0.2536636,-0.5550006,-1.8036339,0.37096792,0.6297017,-0.5296158,-0.03817377,-0.41818133
0.5414936,0.20892943,1.4886537,0.99110377,-0.19730452,0.27396056,0.14436306,-0.9799188,0.62551314,0.045103505,0.14332251,-0.8686693,0.117058225,-0.7471599,-1.1151484,1.0214196,0.7803451,0.80621934,-0.6788811,0.18267073,0.5478475,0.18274266,-0.8260213,-0.058948733,-0.7795304,-0.086447164,0.7623071,-0.32647488,-0.80594265,-0.17589194,-0.11225207,-0.12775004,0.41163853,0.8324137,-0.1627722,1.3376396,-0.17271753,-0.23044878,-0.71255636,-0.6705201,-0.7357816,0.87796134,0.07455199,0.27257887,0.035784654,0.27842194,-0.31030256,0.98292524,-1.5736372,-1.9886831,-0.124576546,-1.2220403,-0.40355292,-0.71585864,1.0614271,1.0398852,-0.33518127,-0.41384217,-0.8952758,-1.6714476,-0.055907473,0.078269154,-1.7601341,0.46506637,-0.4820877,-1.0919335,-1.8909712,0.72785217,-0.009405568,-0.2867907,0.33397457,0.83085597,0.36636525,0.72481966,0.719178,-0.38421604,-0.23300783,0.29013833,-0.0595405,0.028268453,-0.9122182,-1.3480622,0.5799454,-0.0887705,-0.0012246984,-0.6274603,-0.09385146,-0.16998975,-0.11950386,-0.77576363,-0.42172536,0.5181795,-0.21530317,0.7732595,-0.8547834,0.2307674,-0.87997156,0.24185096,0.7254402,-0.015974304,0.16010195,-0.7027257,-0.84603333,0.08471973,0.5410632,-0.8414481,1.1526192,1.1269945,-0.28760034,0.63445777,0.58996904,0.2696882,-0.9826001,0.16495934,0.5210134,0.07587692,0.1847549,0.44420606,0.56810236,0.13444197,-0.74421984,-0.47419444,0.06425615,-0.23887269,-0.5135384,-0.19976938,-1.0695207,-1.3379592,1.0284219,-1.6368182,0.1663218,-0.19470103,-0.154874,0.3599325,-0.13116528,0.77470684,0.2741146,-1.1514187,0.0027101657,1.6904371,-0.034287132,0.306159,0.16523924,0.3901026,0.37891793,0.72106755,0.3448728,-0.60011494,-0.9088934,-0.30005115,0.013453808,0.16801982,-0.0070079397,0.11156886,0.7848198,-0.24408981,-0.42706266,-1.5249815,-0.22954983,-0.9002577,-0.59658897,-0.2012263,-1.5547241,1.4591078,0.9699106,-1.2583704,0.32263035,-1.4093904,-0.78678685,-0.01229273,-0.2728623,0.57640415,0.8574201,-0.036834057,-0.02349152,-0.31884882,0.1586418,0.057531323,-0.4853948,0.26617277,-0.22139986,-0.5190191,0.89718413,-0.8244143,0.49929053,-0.01186957,-0.5220963,0.56398135,-1.1125274,0.21436568,1.0808635,1.2180262,0.79953074,-0.5643318,0.10754535,0.23913656,-0.03225564,-1.7061747,-0.32166478,0.78408223,-0.55574214,-0.12840532,-1.4461983,-0.23832467,-0.6650705,0.52667123,-0.058730867,0.12836063,-1.0183537,1.1907083,-0.14188959,0.351873,0.0402573,-0.2491088,0.022518916,-0.8904144,-0.70267636,-0.08216537,0.25708494,0.8851214,0.9197289,-0.4835302,-0.09338934,0.48925737,1.2313709,-0.37962234,0.1588603,-0.5423621,-0.56349725,-0.0817159,1.0033647,0.47972783,0.92439973,-0.21860576,0.4199673,-0.33220673,0.34897718,-0.47084677,-0.74798,-1.1237518,1.0081415,-0.9384448,0.18492773,0.18957038,-0.6914417,-0.14435439,0.90233946,-0.04112491,0.84007,0.6079775,-0.9891759,-0.14217715,-1.2514415,0.03683207,-1.9474697,-1.1118871,0.6041322,-0.5651358,-0.15348212,-0.6735289
-0.08596946,0.10412439,-0.34492886,-0.48794702,0.009947152,0.43945605,-0.18897651,0.46153948,0.3516224,0.25341594,1.1896365,-0.0515808,-0.43979585,0.56456476,0.36339483,0.17840634,0.8571558,0.07574073,-0.34258837,-0.5655414,-1.1503956,-0.19987985,-0.07360836,0.1015087,-0.94831115,0.25590196,0.072062306,0.49847224,0.65673906,0.305988,0.4507761,0.5059168,0.14213777,0.7902217,-0.37505358,-0.4034907,0.29425377,-0.995161,-0.018657453,-0.3411466,0.35437378,-0.02793762,0.4041981,-0.26315337,0.1262726,0.82845706,-0.27880436,-0.82780045,-0.1316088,-0.042800706,-0.18011731,0.39788234,-0.111213356,-0.31620783,1.039923,0.10811331,-0.23157981,0.6225759,0.967104,-0.07932257,0.058782846,-0.43916717,0.86723626,0.35508397,-0.3373439,0.37016386,0.4976336,0.44082725,0.51370114,0.42764613,0.6974341,0.32296777,-0.31965902,-0.2738104,-0.08449434,0.27463943,-0.06264819,-0.38826352,-0.5549444,-1.0674053,0.811275,-0.38580835,-1.228958,-0.9072623,0.5924709,-0.12532704,-0.26616257,-0.5614151,1.6853306,0.35170224,0.05788531,0.45198494,-1.1413971,-0.22438662,-0.18134537,0.37192205,-0.2553773,-0.2947148,0.59313005,0.7387779,0.24772413,-0.84091544,-1.4398118,0.2685752,-0.10174961,0.067752704,-0.6673207,-0.22166198,-0.21779801,1.0078477,0.467692,-0.1790825,0.017282473,0.033068154,0.17508657,0.5204908,0.20369814,-0.47156632,-0.13601816,-0.24548453,0.27073625,-0.8793072,-1.9096879,-1.5948235,0.81712323,0.26750353,-0.73538244,-1.6758926,0.3699564,-0.03248371,-0.19897978,1.5835559,-0.2190161,1.695301,0.14645596,-0.14552897,0.77721304,0.48073804,1.659115,-0.6080619,-1.3194762,-0.35036826,-0.76821053,0.97632205,1.5356021,-0.5093103,-0.10443594,0.7046592,-0.30626604,-0.18703403,-1.0799111,0.24091214,0.7404332,0.018277528,-0.19964726,1.3137748,-0.12242488,0.44665247,0.12401291,-0.464625,-0.2988065,-0.63954884,-0.51442903,0.4209685,0.6037153,0.45409217,1.1159031,-0.08870985,0.22590528,-0.28912878,0.59041107,0.08348142,0.4194213,1.6102079,-0.27031177,0.6911698,-0.58335,0.32823676,0.037017792,0.10663969,-0.9507645,0.41008744,1.3571638,-0.17459382,-0.11990723,-1.0110009,-1.0306082,-0.44643623,-0.12546888,-0.096474566,-0.088777885,-0.68524325,-1.5945679,0.94559133,0.16297412,0.67726743,-0.34053814,0.32238448,0.40488377,0.87131155,0.6669207,-0.07405422,-0.7899041,-0.015024036,0.59922504,0.3322981,-0.7163759,0.068393424,1.1180011,1.035339,-0.79738337,0.10607873,1.3275639,0.07790644,0.94586,-0.109613866,-0.12153853,-0.5708707,-0.729667,0.5441867,0.6224278,-0.05168054,-0.12695862,-0.15578118,-0.1567434,0.026611617,0.46602246,-1.5989269,0.21440321,-0.038806,-0.8343488,0.30938977,0.13733612,-0.1652972,0.13998996,-0.73999125,-0.27608478,-0.079456404,-0.32556537,0.7059708,-0.19371778,1.168502,-0.10437921,1.1434698,0.044110987,-0.49324355,0.35426793,-0.38149714,0.06535321,0.75191694,-0.9204875,-1.2027614,0.1291294,0.06783741,-0.54036117,0.2904224,-1.1065809,0.40335813,0.00712383,0.117696315
-0.07151743,1.4408218,1.3104506,1.1474918,-0.31656268,-0.5048697,-0.7507234,0.052694198,-0.7207747,-0.47100294,-0.485097,-0.014970561,0.2237383,0.6152662,-0.70791143,-0.64627594,0.0649179,0.047489945,-0.35255715,0.31686318,0.7718312,-1.0912201,0.5319104,-0.7965507,0.5533502,0.059312634,0.26982757,-0.07644455,-0.06931797,-0.048260633,0.5590985,0.04948368,-0.9162076,0.41019922,0.06519369,0.20725493,-0.18840913,2.845176,-0.47817075,1.251415,0.02062333,0.5771216,1.1679512,-0.76106906,-1.3628175,-0.17646761,-1.0847887,-0.4354651,-0.20502365,0.020300314,0.6763112,-0.67632157,-0.33913592,-0.4926188,0.33555916,0.7157997,0.11879769,-0.13289455,-0.80969113,-0.29703557,-0.22505924,0.3641606,0.4555767,-0.3968857,0.7375136,-0.19717258,-0.7400784,1.165111,0.5373334,0.78615254,0.18820907,0.8242923,0.2926551,-0.571667,0.53601617,-0.6357553,0.26049995,-0.069671355,-0.27367246,-0.5385858,-0.17833115,0.35877448,-0.09724787,-0.5741235,0.29435402,-0.85869473,-0.0716924,-0.082140386,-0.13432784,0.37699446,0.10893946,-0.33060065,-1.0583478,0.07997856,0.18013543,0.38193327,-0.011723088,-1.5914193,-0.7141511,-0.40437418,0.21714501,-0.5250119,-0.03591389,0.7620902,1.4339881,1.2082989,0.89009446,-0.17622313,-0.35613486,0.2627874,0.1060423,-0.71955776,0.13774362,-0.24108943,0.47812366,-0.8605153,0.49844962,0.7948838,1.562241,-0.64091194,-0.007479716,-0.6349412,0.24181749,0.18432273,-0.7231176,-1.5688257,-0.5783486,-0.13651751,-0.7431737,0.98570234,0.38559845,0.4688594,0.37151223,1.2422812,-0.17910424,0.5041935,0.20265134,-0.36205068,0.028383477,-0.0061592776,-0.101967804,-0.2584886,-0.7349021,-0.0016567569,0.75158846,0.20425129,0.7994623,-0.85137886,0.5929209,-0.87593925,-0.08684984,0.0985019,0.5097537,0.82816803,-1.0140307,0.90457386,0.010654088,-1.1321533,-0.9195965,-0.055986173,-0.75626284,0.083338514,1.0093048,-0.06399322,-1.6597192,0.88329804,0.32644802,-0.909781,-0.6256697,-0.18382552,-0.46723136,-0.2113283,-0.18345702,-0.22163095,2.090874,-0.84929425,-0.09386726,0.05985703,0.27611947,0.12632269,-0.6635407,0.7138098,-0.23571396,-1.309642,0.70800483,-0.85115165,-0.8001532,0.47758752,-0.36085784,0.40933517,0.54151636,0.26620367,-0.4524949,-1.2103431,-0.08102263,-0.15495704,-0.49551278,-0.08382842,0.09523877,-0.24838975,-0.15316139,0.15198506,-0.35359767,-0.33230826,0.50112236,0.1399593,-0.3076211,-0.90182817,0.037584703,0.2707552,-0.5255862,-0.226647,0.28487158,0.5459287,-1.6110204,-0.27887753,-0.7977194,-0.41845867,-0.5932344,-0.27064312,-0.394762,-0.5285464,0.85598475,-0.20176189,0.5615382,-0.49895227,-2.0148797,-0.89881796,0.33393615,0.1532764,0.6451728,-0.3887106,0.70833737,0.84185696,-0.9088038,0.033632297,-0.07002721,-0.2887592,0.8225671,0.01569053,0.6250008,0.9054144,0.053495407,0.415465,-1.3098379,-0.6960627,0.3434984,0.32143313,-1.0113717,0.90111876,-1.2305762,-0.63608825,-1.6108772,0.98633945,0.17033938,-0.11171728,-0.90780616,-0.6742711,0.499124,-0.98572063
0.3208714,0.47470725,0.005530221,0.31405756,0.3256397,-0.18899566,0.23096205,-1.1545821,0.66069746,-0.3838682,0.29721066,0.43262976,0.03416673,0.38883018,0.10912045,0.875294,0.62555957,-0.37844083,0.8278313,-0.54241073,0.51464033,-0.15728016,0.62629586,-0.14624584,-0.34859803,0.04716877,-0.08793111,-0.102133304,0.5465327,0.1549093,-1.0087843,-0.60813254,-0.4511111,-1.2460134,-0.58214885,-1.1212255,-0.6663248,-0.14319593,-0.66287196,-0.039012328,0.041858885,1.0592972,0.5808766,-0.09380495,-1.4344157,-0.27351707,0.9171241,0.065180555,-0.8059406,0.54910547,0.62628585,0.38096416,0.95033205,0.22374776,-0.5401624,-0.9021741,-0.65501374,-1.1710871,-0.52355534,-1.200578,-0.11587219,1.3022066,1.7651663,-0.5852946,-0.40548143,0.10014937,0.73419154,-0.58631784,0.2921386,-0.22642511,0.4014863,0.69982475,0.15499286,-0.37970436,0.47801363,0.5851486,-0.5545664,0.5315788,-0.21857668,1.0604377,-0.17170651,0.19558477,0.8403917,-0.5890305,-0.31016716,0.23396926,0.2787274,-0.37939358,0.082659595,-0.48959166,0.21365942,-0.09578755,0.26265022,0.19060542,0.19313493,-0.398177,-0.8247745,0.8950689,-0.297295,-0.13678333,-0.65365607,-0.19609503,0.20308015,0.3869963,0.006491498,0.2126661,-0.09295201,0.35530302,-0.6864065,-0.59142226,-0.05666866,-0.29081035,-0.8566419,-1.0444204,-0.010550934,0.12214457,-0.37601665,-0.088271745,-0.46112505,-0.8138931,1.0408201,-0.34975722,0.047510386,-0.17228556,0.2672647,0.42359635,-0.57758695,-0.26995304,-0.66361135,0.00939915,-0.37382647,-0.7683915,-1.5310744,-0.8876445,0.16896527,-0.13919061,-0.8898132,-1.9874614,0.23916708,0.39984363,-0.09731152,0.018609788,-0.3334991,-1.5784427,-0.1804096,0.7819367,1.2976094,0.010527702,1.2594669,0.28292328,0.32255515,0.46586764,0.59043854,0.8944247,-1.701291,0.07018033,0.5124519,-0.40855002,0.23587379,0.41323438,1.0826905,-1.0630823,0.11789014,0.6554567,0.5157606,0.14051062,-0.14529574,0.1889541,0.62634814,-0.009509611,-0.84186894,-1.4250277,1.3817483,0.682237,0.24364579,-0.13975069,0.58377504,-0.5030934,-0.8219425,-0.84142315,1.509334,-1.1130745,-0.6521528,0.65835637,-0.13695824,-1.2437584,0.9855296,0.60934186,0.3981749,0.70125186,0.7590602,1.5222248,-0.87093055,-0.047422353,0.4225169,0.6084028,-0.1555752,-0.60289294,-0.9756243,-0.16411228,0.71281874,0.6477814,0.4676156,-1.0598763,-1.7543118,-0.8301254,-0.13695866,-1.3268638,0.20485167,-0.6248315,1.345032,0.86296797,0.38447127,-0.69277734,-0.28108692,0.023543747,0.14544311,-0.6908544,0.052175056,0.08838351,1.1546043,-0.75728476,-0.81375146,0.4539198,-0.2439896,0.07194767,-0.11168465,0.22798134,-0.12909032,0.08083149,1.2502707,1.3803109,-0.37235606,1.1547393,-0.86938214,0.21158302,0.56190723,0.21154615,-0.2567334,0.6869835,-0.40222973,-1.005572,0.6218249,-1.1083635,0.25955653,1.9801852,0.09948338,-1.2549419,0.7604505,-0.5164923,0.14966258,-1.1527632,0.9025928,0.6310862,-0.5346595,-0.89809704,0.3367731,-0.29792485,-0.9382695,-1.1349365
0.20528966,0.99788064,0.023138827,0.1691115,-0.41133735,-0.45671546,-0.6230141,0.13564657,-0.07362864,-0.43286994,0.2808677,0.5222586,0.8719067,-0.7044998,-0.013029847,-0.60428804,0.40618455,-0.5332988,1.0131398,0.19927244,0.7073677,-0.31766266,0.056273054,-0.06310322,-0.63575125,-0.89389104,1.2128499,0.43251342,-0.19534497,-0.5825255,-0.33976826,-0.14788151,0.12648971,-1.7119733,0.9582778,2.0131667,0.11013937,-0.7289119,-0.051975045,1.1199989,-0.31719154,0.33366296,0.00044083194,-0.7781427,0.7528959,-0.3315192,-0.5727546,-0.25798622,-0.84798336,0.35726765,-0.20863694,0.1874509,-0.48517647,-0.21958387,-0.6282298,0.17131452,0.044932928,0.6645858,1.0240296,-0.4611154,0.2018421,-0.06915984,1.5187266,1.3630978,0.20950738,-1.5098414,0.44221345,-0.11222678,-0.3867994,0.8122865,-0.41582805,-0.4514419,-0.2465975,-0.24532813,-1.1704367,-0.6821772,-0.27913478,-0.6595369,-0.6361458,0.3466603,-0.19244768,0.227243,0.6078631,-1.1489879,-0.5387926,-0.39319423,-0.23247838,-0.034034055,1.1049939,-0.6782832,0.109864,-0.10652117,-0.42016715,-0.78157794,0.13972424,-1.2612126,0.73257995,0.3086864,-0.17298841,0.107792996,-0.5213807,-0.49881145,-0.49396944,0.69366646,0.1862736,0.041297454,0.36349812,-0.778469,-1.2712902,-0.4710752,-0.89504695,-0.5211132,0.24065326,-0.5016728,-0.40376237,-0.7240974,-1.0036885,-0.0633845,-0.20832023,-0.011440554,-1.3247772,-1.0049878,-1.61884,-0.7532464,-0.14536914,-0.9033806,-0.88567185,0.31183547,-0.123797044,-0.40964124,-0.34904125,-0.118477,0.43934155,0.37579107,0.22282958,-0.116742946,-0.31692424,-0.65431595,-0.98445994,-0.8747702,-0.078334406,-0.9405089,0.33172372,-0.37739193,-0.4012665,0.21693425,1.1401358,-1.343198,-0.68339205,-2.054506,-0.15898405,0.32334378,-0.67980987,-0.4246021,0.45599008,0.297248,0.1453114,-1.0517157,-0.04391883,-1.095592,-0.18043147,-0.2279328,-0.039840743,0.6231525,-0.18385722,-0.27439433,1.4357896,-0.028399702,0.6967895,0.05627436,-0.6719302,-1.6845281,0.040086884,-0.9694813,-0.083317176,-0.54332465,-0.30145365,-0.98204553,-0.5618596,0.16656098,-1.0038275,-1.0551311,0.8482623,-0.5689764,-1.2109125,0.50849843,-0.23258114,1.5713515,-0.2286455,0.62334144,-0.20551634,-1.9369875,2.8287413,-1.2467196,-0.7562748,0.23600785,0.32038185,0.022079615,-1.17276,-0.58659077,-0.3987064,-0.12546273,0.73171866,0.4636574,-0.5109601,0.052827127,-0.41404533,0.79052746,-0.79803634,-0.51620406,-1.3979409,-0.41516384,0.43669474,0.17495458,0.5848315,-0.9163907,1.2881774,0.3474803,0.2440629,0.6096885,-0.8263764,0.5783536,-0.45023507,-0.6127202,-0.8032152,-0.7763219,-1.5589119,0.5636195,0.26142538,-1.3049232,-1.1994876,1.4461416,-0.09831868,-0.9595425,-0.15405081,0.0796169,0.39957118,-1.4143919,-0.46360806,2.233582,0.849255,0.08594131,-1.0453235,-0.33362898,0.4569004,0.6306814,0.5106998,0.19131237,-0.15114081,0.07788261,-0.25652692,0.22782962,0.8018614,1.002495,-0.5909891,0.5127506,-1.1229966,-0.4561512,1.6375176,0.22955526
0.76985383,0.9609438,-0.12378996,0.029210404,-0.45581105,0.8859623,-0.69083923,-0.5477219,-0.07960286,0.11702408,-0.95543295,-0.9603092,0.094627395,0.079892084,-0.22081241,-0.45482627,-0.37492427,-0.4847235,-0.3411319,0.3864575,0.40741825,0.1095059,0.12904091,-0.48442242,-0.33950856,-0.294114,0.21217455,-0.29269758,0.46824262,-0.30934227,-0.58428514,0.3587739,0.60692567,0.024140263,1.0274153,0.75572765,0.38780957,0.6239094,-0.035846222,-0.22678497,0.08871355,0.87677634,0.2888084,0.35282892,-0.23971263,0.29848853,0.12580203,0.2211032,-0.18572219,-0.34149668,0.109285645,-0.33456787,0.8656493,0.62542367,0.20060766,0.42209855,-0.2242647,-1.3019344,-0.82109773,-0.43995473,0.42958626,-0.8398143,0.75863755,0.6766222,0.6361646,-0.061987612,0.4076323,-1.5362442,-0.5990497,-0.48055848,1.3215688,0.46285018,-0.12329836,-0.39265168,-0.050233822,-0.8835615,-0.008442876,-0.1389207,-0.7596547,0.20462596,-0.15482081,-0.619665,0.19135971,-0.70193356,-0.23250376,0.24279939,-0.35990518,-1.1525161,-0.29289037,0.95962787,-1.749548,0.13333845,0.12287666,0.3909427,0.8249438,1.1019218,0.016367195,-0.4553626,-0.49728277,-0.017541675,0.9877985,-1.467675,-1.0751045,0.00937154,-0.8657976,0.5027588,-1.2209785,0.46885782,0.13327293,0.61779845,0.52601093,0.24836807,-0.20839293,-0.093493335,-1.1688809,1.5654783,-0.5661615,0.63836163,0.5671194,-0.44906077,-0.6830409,-1.7437164,0.033356644,-1.0828567,0.36057428,-0.2052258,0.96949106,-0.8974815,-0.17350563,0.269679,-0.07753292,0.46177578,-0.68682283,0.41852045,-1.1351069,-1.0744278,-0.73494124,-0.874582,1.0444891,-0.5646069,-1.1000861,0.17313296,0.36042494,-0.41307613,-1.1007255,1.0778553,0.3599251,-0.4345752,0.5928677,0.028654775,-0.20371033,0.20524411,1.4902008,0.10177964,0.5105747,-0.85142183,-1.153995,-0.11907102,0.0066377586,0.05034889,-1.4823177,-0.63857675,1.9802345,-0.6812635,-0.92919195,-0.6863295,0.9784956,-0.90504736,0.77183217,-0.3629586,0.4654664,-2.1014853,0.06250374,0.35748294,0.4732083,0.45512062,0.12566707,0.70951605,1.081372,0.22540878,0.14904915,-0.10572334,0.73085195,0.9835394,-0.40422213,-0.47787035,-0.43968216,-0.50746083,-0.51443034,-0.08983473,-0.609682,-0.42587736,0.2934571,0.64421517,-1.0107902,0.2884775,-0.34951505,0.104988836,0.35173485,0.24340762,0.3397823,-0.7896282,-0.015619174,0.635143,-0.2526756,-0.56000566,-0.22775665,-0.50086516,-0.7375744,0.016523333,-1.0735625,0.06371534,0.26522136,0.099637456,-0.7103083,-0.23612686,-0.74076706,0.10371783,-0.15728892,-1.3886619,0.12976404,-0.13244747,0.08380194,-0.4124642,0.3818643,0.7694719,1.6500795,-1.2094611,0.57590145,0.028377019,0.53626835,-0.61867934,-1.0915523,0.8554384,-0.20482242,0.50516725,-0.2732724,-0.9795217,-0.5855534,1.1018287,-0.30913177,-0.54557806,0.3301355,-0.6322452,0.24334462,0.70517206,-1.8444831,-1.0238307,0.67135006,0.12113567,0.31085372,-0.50454605,-0.6362324,-1.5320264,1.526672,0.8844824,0.3570917,-0.22903839,0.9114945,-0.25597364
0.68707746,-0.123642124,0.35397235,0.90191257,0.22734061,0.6668867,-0.29085526,-0.70001197,0.2802583,0.0025775116,-0.74745744,0.3838415,0.45945442,-0.4751056,-0.26128617,0.014451609,0.44097146,0.099481076,0.09596078,-0.07270283,1.3642192,-0.054511324,-0.60886467,1.4100482,0.17491724,0.43816948,0.7904753,-0.5751048,-0.03028029,0.09164876,-0.58331174,-0.79230267,1.0044665,0.5314582,-0.36601275,-0.6845823,0.27941087,0.11330732,-0.011752961,0.29544875,0.1569049,-0.06347788,0.89895797,-0.8835272,-0.866239,-0.6017908,0.6013287,0.6339164,-0.45833245,-0.22523056,0.5190151,1.4755352,0.8578513,-0.39172843,1.3442882,0.43046215,-0.4718161,-0.9581719,-0.4157034,0.050202616,-0.7213581,-1.2418879,-1.1708562,0.15806614,0.2874795,-0.05965866,-0.6786069,-0.14161682,0.010444469,0.46197376,-0.9657364,0.43304414,0.51283306,0.55983454,0.23125967,-0.120295726,0.23254119,-0.2835391,0.0020657168,0.96922433,1.0706713,-1.1192671,0.64009935,0.48997122,0.26405078,-0.63400817,-0.30859634,-0.8171586,0.14361857,0.02033333,-1.1226554,-0.17792076,-0.2921028,-0.40814036,0.77753985,-0.2075375,-1.8640422,-1.2309936,-0.118093476,-1.2993494,-1.2413248,-0.57030874,1.0570529,-0.98275137,0.78675723,-0.58170515,0.5479816,0.5919788,1.085287,-0.2540556,1.1337267,-0.40541616,0.304161,-0.5731551,0.20821932,0.5059463,0.29909107,-0.85724676,0.17334534,0.117366485,-0.6678662,1.2109066,0.22871353,0.709099,0.19644381,0.009330658,0.6957394,0.58286375,-0.8138667,0.07056968,0.3888486,-0.2210529,0.22596824,0.5197466,0.17414671,-1.3292485,-0.39554074,-1.0016023,-0.25714606,0.47329357,0.41056347,0.1478514,-0.72859734,0.06709937,0.23631841,-1.096391,-0.03191197,0.9515972,1.3424308,0.46895272,0.10135779,0.049371444,-0.09337565,-0.6176665,-0.24811484,0.43574923,-0.7288906,-1.3111539,-0.5499314,-0.8755716,-0.80936867,-0.18142602,0.69620734,-0.8935844,0.49381262,-0.23433271,0.4506792,0.2774784,0.42586285,-0.5515366,-0.58398205,-0.18037368,-0.160152,-0.9311876,-0.62682223,-1.452008,-1.694843,0.2845489,1.4513907,-0.28702688,-0.080914564,0.4333428,-0.9289604,0.6841344,-0.012574443,-0.55442655,0.57238597,0.34139696,-0.15472193,0.18547386,-0.07857614,-0.87125087,-1.0207868,-0.5366448,0.4758638,-0.75151277,-0.059168097,0.6514572,-0.36370274,-1.4743353,0.38363886,0.26781577,-0.26575416,0.31180733,-0.34357864,-0.84207594,-0.9698855,-1.1081756,0.04034943,1.0407618,-0.2193263,-0.34149182,-0.73695904,-0.31610006,0.9484091,-0.24616274,1.0791817,-0.054032754,0.8958215,-0.19767413,-0.25393933,1.002823,0.098115094,0.14040463,0.109139875,-0.4743695,0.7764851,-0.54213154,0.6315685,-0.061342005,0.56772757,-0.15195842,-0.05196379,-0.13897194,-0.19092631,0.75092065,-1.0604968,-0.5722813,-1.0544338,0.017411865,0.57410944,-0.5949667,0.32955775,-0.09628007,-0.6789986,0.02196083,1.0646814,-1.722063,-0.80397284,0.50924265,0.12405758,0.6963979,0.16422114,0.5774736,0.6609612,0.055361442,-0.3294957,0.6601117,-0.47402474,-0.86567533
-0.25869456,0.39585358,0.046577796,0.7481916,0.57928634,-0.41664693,-1.046385,-0.18511103,-0.9438136,-0.31987306,0.85112375,-0.4209792,0.6401774,0.7212463,-1.1707537,-0.23913187,-0.113755204,0.22652502,-0.77405506,0.50059044,0.5690504,-0.965772,-0.5640619,-0.05401435,-0.18955372,-0.1900423,0.4339995,0.19433694,0.6928712,0.1862077,0.0008682536,-0.28730905,0.49272716,-0.3914809,0.65260404,-0.8353683,-1.0467607,-1.1402735,0.38575774,0.35088137,0.63936806,0.043024763,0.37730858,0.80565006,-0.47422308,0.07928955,-0.8868249,0.009187011,-0.035250995,0.15326169,-0.14532971,1.4143701,-0.21007286,0.3069455,0.544529,-0.23536275,0.4316466,0.54471165,0.1330591,-0.6370214,0.22148399,-0.098854974,1.1787672,0.32884994,0.04514199,0.25484607,-0.36404118,0.8731758,-0.19481853,0.4465513,-0.503982,-1.8854165,0.56400687,-0.09385712,-0.057423174,-0.86915684,-1.053845,-0.6931446,-0.0030095119,-0.8616205,-0.32160008,0.14776503,-0.2974616,-0.7912196,-0.7767947,-0.6965691,-0.5728661,-0.47462988,-1.6955651,-1.0526668,-0.18003394,0.42045727,1.0763398,0.28571352,1.6600329,-0.8930252,-0.40069634,-0.19290805,-0.78007346,-0.410603,-1.5413506,-0.27554375,0.2161462,0.17937522,-0.8535469,-0.37366855,-0.47386628,-0.13161999,-0.37446266,0.15703683,-0.7283512,-0.22850685,-0.12297362,-0.10320552,-0.5062519,0.20536663,0.20059684,-0.21259338,0.5810621,-0.48350316,-0.26616177,0.4950951,-0.40663895,-0.58600307,-0.03562618,0.16760157,-0.31988254,-0.21472852,-1.9519216,-0.33967736,0.009268742,-0.14791764,0.06162722,-0.7718583,0.30030882,-1.105761,0.5182155,0.090807304,-0.7321707,-0.45794377,-1.4667898,-0.43038929,-0.8796896,0.023902912,-0.76098806,0.050280135,0.30762458,-0.6227526,-0.59688354,0.8202657,0.1575213,0.86507255,0.23274854,0.40917763,-0.8942417,0.20929456,-0.8352448,-0.0006121619,-0.17578202,-0.9107282,0.11396645,-1.1943525,-0.601619,-0.5737112,0.12587957,0.32160464,0.2218783,-0.030497352,-0.7073748,-0.5252305,-0.94881445,0.7629766,-1.1423908,1.0172352,-2.0069437,0.5080899,-0.013390803,0.9746063,-0.22900465,-1.8300647,-0.51341116,0.8696665,1.767151,0.17808247,-0.48676392,0.56587434,-0.16309512,0.40193036,-0.34620652,0.35781267,-0.4991854,-0.014478471,-0.62109387,-0.012910126,-0.13573092,1.0476012,0.5429548,0.442734,-1.9887155,-0.50144106,0.049392357,0.25111073,-0.85633737,0.23280737,-0.36502463,-0.8992409,-0.5931111,-1.383511,-0.01553925,-0.56438917,0.35804203,-0.40499872,-1.001265,0.383402,-0.3596057,-0.8890262,-0.65055394,-0.8445097,-0.5434453,0.6035312,0.035386935,-0.8481173,1.50168,0.52405584,0.34883893,-0.17554817,0.082871296,1.5765882,-0.28321195,-0.1725141,-0.6172146,-0.017530289,0.9649816,-0.8765855,-0.96375936,0.79529893,-0.9569544,0.3597878,0.7756739,-0.2789339,0.18210073,1.4681885,0.21337412,-0.29024196,-0.6658406,-0.05439694,-0.45473343,-0.34245557,-0.43938237,0.7544606,0.7028409,-0.462561,-0.13756166,1.2048628,0.009824516,-0.34538245,0.6024782,0.13641398,0.4567936,-0.083389044
0.6509438,0.21948494,0.40905693,-0.023312261,-0.13928567,-0.67439485,-0.17917727,0.12009802,0.17960267,-0.27805424,0.53429276,0.340084,-0.9489265,0.7246542,0.19601752,-0.26757944,0.15488856,0.28771347,0.23599884,0.94998866,-0.19320963,0.48688242,0.21829748,0.80468214,0.224644,0.20310366,0.16078596,-0.0021806739,-0.5768609,1.0832254,-0.2351131,-0.14063238,0.1889314,-0.20154303,-0.18064249,0.7287705,-0.46519002,-0.15745573,-1.0998026,-0.0063751643,-0.3393014,-0.65642554,-0.37612903,0.12799773,-0.09228945,-0.8031316,-0.40220883,-0.92789155,-0.46978942,0.10173235,-0.48476887,-0.6911325,-0.26390544,-0.5579521,-0.5419787,-1.114492,0.47053364,0.56660193,-0.4903936,0.36349553,0.40675643,1.1458088,1.055109,0.688464,0.94200855,1.201325,0.69000053,0.1939507,-1.5512221,0.45096636,-0.13893801,-0.48697665,0.22166976,0.068973266,0.10849952,-1.4212792,-0.2613208,-0.41589418,0.27409366,0.110359915,0.7611323,-0.13604724,0.24705687,-0.16398714,-0.83068717,-0.25349846,0.9886827,0.7565773,-0.39766845,0.03461771,0.32182226,0.49482974,-0.12428872,-0.26944515,0.8109204,-0.31849205,0.9720028,-0.4721803,-0.32230347,-1.2389284,-0.5242315,0.38650882,0.014537974,-0.38067865,-0.3043783,-0.42136484,0.11725849,-1.3916042,-0.3839936,0.39989975,0.25479233,-0.07905342,-0.19756731,-0.3437337,-0.6553361,0.22926427,0.005119613,0.22560565,0.029581977,-0.3643767,0.09061776,-0.046932094,0.21122785,-0.113743596,-0.71236485,0.79142493,0.24862503,1.3808597,0.08064289,1.0270599,-0.6851557,-0.14766578,-0.0024454992,0.17248274,-0.254828,0.29250118,0.16837804,0.9295537,-0.03896559,0.55429614,-0.2983401,-0.87106407,-1.7340939,-0.387743,-0.46413842,0.043304145,-0.2869643,0.5683258,0.6248415,-0.6884339,-0.687437,0.31435513,0.5511294,-0.69802225,-0.38120732,0.28794718,-0.80777204,0.21649738,-0.30577368,1.8928549,0.9650288,0.6329272,-0.006283922,-1.027556,0.07070422,0.101376176,-0.05085925,-0.2334346,-0.53165585,-0.57402337,0.08381549,0.22920614,0.61586785,0.6991865,-0.058072556,0.53290176,-0.13989154,-0.6887279,-0.34362736,-0.5438762,-0.59319395,0.20000653,1.550478,0.2512498,-0.47985166,-0.7006128,0.28109896,0.057267588,-0.80440277,0.2090561,0.29907632,0.08120159,-0.46519038,-0.6125097,0.6284037,1.0171347,-0.35795695,-0.1514699,0.5183902,-0.08565567,0.010064637,0.27157426,-0.27962032,-0.6679685,-0.1521367,0.29242417,-0.17486392,-0.2908925,-0.28864905,0.111064754,0.19519375,-0.37012696,0.25805575,0.51263016,-0.5013224,0.6240534,-0.1490817,0.01610138,1.3137577,0.2660481,0.27147543,-0.7814466,1.0550811,-0.55646986,-0.051109195,0.6193953,0.27180046,1.6061344,-0.7290378,0.8864451,-0.78818834,-0.3813089,0.41917902,-0.77665657,-0.28632987,-0.19674852,0.4721612,-0.59925675,-0.1829569,0.57279956,-1.2044868,-1.1982636,-0.73015684,0.026356747,-0.1771609,1.2926211,0.6071978,0.12410598,-1.21622,-0.44414094,-0.29200003,-1.437535,-0.3963254,0.26127884,-0.34590572,0.33982965,0.83631897,-0.122924976,-0.13229181,-1.2390243
0.128354,-0.06402083,0.22138152,-0.110524535,0.104493394,-0.21745418,-0.91045994,0.034901742,-0.3823199,-0.14003253,0.49711892,1.4842368,-0.7913043,-0.54567075,-0.12576981,0.045758706,0.14138566,-0.027974108,0.019495219,0.21940173,-0.70602983,-0.7440966,0.78816545,-0.19043088,-1.5485603,-0.42333588,-0.067210615,0.24133934,-0.29571328,0.52070266,0.3226348,0.71300066,-0.80682427,-0.03245275,0.43185315,-0.22355519,-0.34456542,-0.42648757,0.9254226,0.3808166,-0.1194571,1.5283182,-0.61402243,1.0530183,-0.40808427,0.96995115,0.3907149,-0.38557673,-0.4248602,-1.8088323,0.5107483,0.010766259,-0.550389,0.28956938,-0.64969873,2.1062348,0.58346736,0.3740467,0.06846881,1.1709671,-0.30131254,0.13331033,0.06031095,0.0030532575,0.19792685,-1.2245362,0.3858376,0.7799925,-0.35550734,0.8395138,-0.22788212,0.6239621,-0.7642428,0.07530185,-1.0194254,-0.3273663,-0.3109216,-0.42310753,-0.12133614,-0.3617627,-0.4513741,-0.55646,-0.7415958,0.015624176,-0.79265606,-0.8369875,-0.11041699,-0.4874858,0.68570477,-0.052501254,0.26813886,0.037614506,-0.75596756,0.19927648,-0.29107323,-0.5421068,-1.0423437,-0.119363554,-1.371298,1.5662403,1.2144988,-0.63821095,1.0721117,0.034173794,-0.32757866,-1.0883563,0.2848024,0.47750685,-0.86366224,-0.4186853,0.23734961,-0.3614455,0.38241416,-0.14890821,0.003553114,-0.764838,0.23083013,0.48741606,-0.013929861,0.73182994,-0.4792498,-0.022045944,-0.15837178,0.20523566,0.75076056,-0.2038882,-0.051352147,-0.5442579,0.38221213,-0.19031385,0.25849494,-0.059985254,0.39609477,1.0064657,0.9165427,0.9027123,-0.4074724,1.1689987,-0.2821685,-0.37553722,-0.7908183,0.73205113,-0.21668328,-0.005294957,0.95924234,-0.13707593,0.8289097,0.756111,0.6368349,-0.3213083,0.67023253,-0.9941623,-0.15414885,-0.98632276,0.004024243,0.31289884,0.12823838,-0.7507684,-0.14134258,0.97998935,0.69933283,0.4837926,0.23022035,0.57760936,0.13037407,-0.2316831,-0.10743972,-0.9609641,-1.397681,-0.28501397,0.035735857,0.0028717313,-0.18857655,-0.1568413,1.3995893,-0.07258477,0.1120596,1.3237311,1.1690916,0.25224715,-0.7158421,0.47270265,1.7031196,1.144721,-0.51677215,-1.3203795,-0.50203073,0.5864916,0.008396426,-0.588332,0.6422122,-0.8112398,1.1983002,0.37813136,-0.30352554,0.37539697,0.8619826,-0.88344467,0.8034446,-0.35408843,0.39394608,-0.20191826,-0.73516196,0.97665554,0.38022232,0.247315,-0.7858377,0.9389393,-1.0825576,-0.45481986,-0.5039243,0.82614696,0.0060378043,0.16924077,0.47579533,-0.14558254,0.54434925,-0.935155,0.5737269,-0.10346254,0.43166846,-0.25779247,-0.5816497,0.029147964,0.31662008,0.84700906,-0.18166193,-0.4624566,0.19675575,0.020292133,1.077294,-0.22607885,-0.6292736,0.34644908,0.26543784,-0.9718286,0.66338277,-0.28825888,0.045007568,0.32486048,0.026889473,0.5852609,0.9770574,0.22641458,1.0108539,1.9199722,-0.7025884,-0.82118523,1.2117903,0.21203731,-0.54402065,-0.5835466,-0.999852,-0.024293402,0.32684845,0.2106222,-0.20986827,-1.04868,-0.46185252,-0.2970807
-0.46861857,-0.090912476,1.0390271,1.1034306,-0.42735922,-0.91877306,-0.5611715,-0.23587246,1.0084966,0.0040747235,-0.3909889,-0.6093726,-0.70242494,0.08261707,-0.14564615,-0.21787205,-0.07383045,1.5266534,1.1764013,0.5364393,-0.24566066,1.9403442,0.4925198,0.22595659,0.6297864,0.24135117,0.065230995,0.10639102,-0.12538134,1.0021489,-0.10465467,0.07729394,-0.5173936,-0.7477493,0.23177823,0.002100686,-0.9520043,-0.4350719,-0.36445305,0.050584354,0.12209722,-0.27116016,0.75416595,0.63728833,1.1248639,0.9637962,0.46019283,0.13075817,0.80255866,-0.6153223,1.3943328,0.78475046,0.96113443,-0.9243741,0.40485543,-0.76207626,-0.7580376,0.49675414,-0.35374457,-0.16650425,0.3247487,1.8005263,-0.3819049,0.37480652,0.73535556,-0.2575114,-0.051107384,0.12496954,0.16291486,-0.34087944,0.42138234,-0.5768592,-0.42270154,1.4841318,1.505994,-0.3173623,-0.5544924,0.5570507,-1.0192394,0.1740549,0.44813433,-0.1845278,-0.28816816,-0.61355686,-0.050439224,-0.18861689,-1.381608,-0.38961193,-0.41518453,-0.5090855,0.49278513,0.6017172,0.20325635,2.4329755,0.66221434,-0.8545039,-0.6956566,-0.8067801,-0.38989642,-0.7663089,-0.7182261,0.6341646,1.1403747,1.6680605,0.7618631,0.4187678,-0.30282173,0.49680611,-0.008532369,-1.2951453,0.7522032,-0.15999801,-0.33607388,0.15526538,-1.0820901,-0.49482542,-0.8250473,-1.183607,-1.0010678,-0.24762112,1.5240295,0.0100016035,-0.32510066,-2.0986955,0.47164893,-0.09605162,0.091424376,0.572681,0.7641479,-0.6080348,-1.3119226,0.5235592,-0.307417,-0.42495662,-0.91268295,-0.017626446,-0.2427494,-0.04131108,-0.84853464,0.20519593,0.82200825,-0.06131165,0.07460901,-0.708839,0.124771126,0.72074854,-0.57432175,-0.33831275,-0.35915685,0.19220568,0.85207987,-0.7230186,0.42628822,0.30180526,-0.14177436,0.22346741,-0.42479792,0.07090409,-0.38381836,-0.55195755,-1.6117032,-0.7063998,0.11820894,0.4671532,1.160791,-0.29367542,0.9553822,1.0001411,0.42971072,-0.3373911,-0.7275155,-2.5866525,0.8803107,-2.0421712,-0.3501714,-0.67581064,0.09868363,0.63846546,1.1569381,0.14729916,0.00371575,-2.1092951,-0.08315595,0.3202416,-0.31535387,0.5950757,0.1188735,0.4467362,0.7880817,-0.45381486,-0.010376851,0.3048545,1.4233414,0.21407433,-1.3617892,0.7227947,0.60656875,-0.7423361,-1.3472056,-1.1172884,-0.9224548,0.12389363,-0.7168982,-0.94363695,-0.56282866,0.1666204,0.41354147,0.44739345,-0.47896847,-0.8122412,0.548409,0.70618063,-0.035733208,-0.25856435,0.46779004,1.0006164,-0.6746586,-0.87720394,0.8303109,-0.1420936,-0.1383584,-0.2663989,-0.950942,-0.6380279,-0.34018618,-0.20784691,-0.49705082,-1.2578927,0.03163931,0.61529064,-0.3875071,-0.11759483,-1.070677,-0.30099353,-0.27967483,0.34144783,0.9720661,0.025689673,0.8082772,-0.712329,-0.9815302,-0.8477933,-1.2537631,-1.1141906,2.8241813,-0.26959598,1.3852295,-0.51522774,-0.61983335,0.107839055,-0.43019265,-0.2298739,0.81635946,0.011590815,0.44318917,-0.3890491,0.6054082,0.46928567,-0.4038131,1.2876047
0.4885021,-0.08951195,0.7537262,0.43685794,0.9184826,0.6154112,-0.24989751,-0.5660775,0.7137984,1.4845295,0.41180864,0.9716956,0.53209794,0.3142153,0.03468477,1.0932807,2.076386,1.1619381,-0.75906897,-0.19146022,0.09605022,0.33988425,-0.41022715,0.27233094,-0.67997724,-0.9288911,0.16880442,-0.20439932,-0.7669903,-0.7276883,-0.15901068,1.2975571,-0.37786397,-1.5449893,2.0800462,-0.42667925,-0.14734536,-0.83643985,0.45689747,0.6384245,0.26100254,-1.0751349,0.56556755,1.3598152,-0.31975737,0.9052884,0.09625304,1.2619871,0.47307146,-0.18340631,0.10988635,1.2485068,-0.13121223,-1.2663438,-0.29040098,-0.75747883,-0.90796024,0.6065701,0.42817125,0.32938614,0.082692616,0.41304675,-0.3146743,0.99863625,-0.5136884,0.8046245,-0.15335326,0.0008001523,-1.3095413,1.0595628,-0.6238448,-0.957129,-0.7130388,1.2998973,0.36624554,1.4172921,0.5760287,-0.3957524,-0.34766906,0.29197642,0.9289821,-1.0780231,0.38690573,1.8737184,0.34011313,-0.34262577,-1.1470557,0.32182497,0.6985518,0.47728387,0.061226897,-0.80622363,-0.33481735,0.24735954,-0.41138497,-0.20398284,0.6792417,0.042442016,1.1921649,-1.5351899,-1.1535896,-0.43767715,-0.55700177,-0.1432167,-0.40172365,-0.77929527,0.8255689,0.111811556,-0.53696895,-0.5410899,-0.1488293,-1.7017964,-0.07274719,-0.5619142,-0.37966788,0.042929526,-0.87272906,0.22605848,0.6351496,0.15945506,0.24743657,0.88025516,0.072873466,-1.3262572,-0.3405697,-0.37600678,-0.27494648,0.09279737,0.18267687,-0.13724454,0.07833795,0.9233915,-0.37008595,-0.91853625,-0.8378018,-0.20298386,-0.86034435,-1.091156,-0.38994285,1.6366001,-0.14803277,2.3340247,1.0050908,-1.2192111,0.2689546,-1.1446623,-0.9854188,-0.06076616,-0.38305807,0.5772105,1.0077794,-0.60683995,1.0190346,-0.32875833,-0.35818312,0.30809057,0.5514587,-0.21886261,-0.43453878,-0.87204045,-1.0890627,0.3058792,-1.2627732,0.5469756,-0.45792344,0.5998826,0.30982888,-0.6939755,-0.39571288,-0.3658788,-0.25817624,0.26449472,-0.63948786,0.6611015,-1.1714603,-0.40983668,0.32906273,1.9201255,0.78696704,-0.025117012,-0.4190618,-0.5117402,-0.7898229,-0.30868527,1.2526525,-1.3345349,0.22531267,0.07780982,-0.21498461,0.18158625,-0.73978364,1.3248675,-0.27117953,-1.8299934,-0.20779312,0.91140693,0.16179626,0.22199646,-0.61279976,-1.4561305,-0.77750474,0.03475264,0.2272174,-1.3398371,0.26190194,-0.74883246,-0.2724077,-0.21540539,0.52765924,-1.0987831,0.09324614,-0.39428616,0.10873579,1.0953513,-0.054939937,-0.33767006,0.2567543,-0.22828762,0.051316287,0.4998664,0.061576374,-0.51635647,-0.9286903,-0.4951711,0.17431916,-1.1018056,0.82985103,0.6235332,-0.32227394,1.1904378,-0.10866413,-1.0398228,0.44607574,-1.2277954,-0.33958936,-0.27265388,-0.002124719,-0.82878536,0.3925733,0.0057959957,0.76770604,0.30597413,-0.29797015,-1.4775088,1.237674,0.34259325,0.29499206,-1.0821512,0.072434984,0.12210066,1.0284399,-0.6726109,0.5865681,-0.4317218,-1.2904977,-0.6041559,0.27699694,0.0024756012,-0.4772261,0.83925235
1.6121509,-0.026964424,0.4152783,0.27768734,-0.68440264,-0.21924278,-0.079583816,-0.52725405,0.19788998,1.7795345,-0.33929434,1.5830421,-0.11384303,0.5883826,-0.3814382,-0.24251202,0.91571736,0.81753594,-0.29711312,0.82440466,0.44085535,1.400796,1.0527772,-0.4843706,-0.029446764,0.6539609,-1.4955761,0.23025836,-0.21709874,-0.3713854,-0.013387702,-0.6598699,-0.15474632,0.9188904,-0.18385027,1.1455098,-0.016396722,-0.47407857,-0.17645621,0.20241497,0.2579956,0.674184,-0.89425945,-0.9946338,-0.35771677,1.0548518,-0.45467514,0.47864634,0.66404974,1.0371052,-0.754018,0.9391111,-0.45935526,-0.107217774,-0.60697925,-0.50046843,0.08389746,0.3815373,-0.6564919,1.8163474,-0.4463325,0.31692737,-0.042454183,-0.11943969,0.16337578,1.491553,0.31126145,-0.26534316,1.095194,0.3068224,0.21617691,-0.2790504,-0.60078967,0.9270252,0.45951807,0.7124989,0.42178977,0.033001423,0.14392355,0.51401865,0.090748474,-0.8594568,0.8143643,1.2592804,-0.5724208,0.050189313,-0.19071637,-0.4160996,0.23460887,-0.11924614,-0.05191457,-0.11225401,-0.5787627,-0.49768385,0.8289169,-0.6005263,-1.5557646,0.29356155,-0.95463276,-1.3409204,-0.19948778,-0.35034448,-0.815328,-0.3715642,-0.67254984,1.4751737,-0.2550978,0.6394916,-0.98250395,0.14549719,-0.32208383,0.5308792,-0.17132741,1.8414469,0.48908427,-0.77969015,-0.0067939544,0.35108835,-0.8610094,-0.9054836,-0.45743668,-0.571535,0.21907729,0.0060039824,-0.6814048,0.89714324,0.4549559,-1.3178536,0.17643027,-0.30819622,0.9816943,0.6743628,-0.27458927,-0.1394616,0.060298573,-0.84206146,1.2665287,0.28134623,0.7881344,-0.9698824,-0.12437983,-0.67840344,1.8232888,0.14507973,0.6269018,0.957255,0.75306374,0.90241003,1.1013036,0.9988655,1.5319246,0.4718181,0.7851477,1.3153422,-0.70058566,-0.5196459,-0.104266666,-0.81036395,0.21127337,-0.33703396,0.971979,0.91912323,0.2003343,1.109228,1.557861,-0.48969314,-0.5029554,0.42631972,0.4787951,0.22631276,-0.26692694,0.5214047,0.08737797,0.80204797,-2.4877353,1.0201119,0.4275924,-0.6957324,-0.21710856,0.5462684,-0.2993612,0.3157747,1.0605682,0.76945555,0.27178612,-0.045040414,-0.33367133,0.8640634,0.7986429,-0.42721358,1.3561139,-0.7012529,0.023170285,-1.5255101,0.30423722,0.5203158,-0.8599649,0.39851663,-0.16353744,1.2106105,0.08315835,-0.09969142,-0.17827448,0.30483696,0.081819475,0.05002713,0.7246272,-0.4454892,-0.64868927,0.2560957,-0.42752793,0.81366956,-0.945126,-0.04398698,0.58630013,-0.7349267,0.21586236,-0.910072,-0.1101366,-0.31508777,0.81303763,-0.38673815,-0.046359427,-0.5808306,-1.2331787,0.853077,0.5254093,-0.43672842,-0.91691273,0.4131429,1.1568285,-0.68411875,0.6533142,0.03900441,-0.17542142,-0.14740092,-0.6276682,0.08302196,0.7316819,-0.15187608,1.2647561,0.91650176,0.2560645,-0.18368295,-0.33696935,-1.7863839,-1.2257857,1.1066744,-1.122338,-0.0831848,-0.029298842,-1.1176311,-1.013349,0.013996444,0.5279505,-0.06634855,0.3493912,-1.0045459,0.32354513,-0.31317014
-0.38411853,-0.081687085,0.9619346,1.0794183,-0.020623717,-1.0384479,-0.06037738,-1.2835699,0.87578434,0.31029436,0.814771,0.8700653,-1.4464557,-0.23220894,1.363155,-0.8347961,0.22411782,-1.6759161,-1.4836631,0.750466,0.48584393,1.1225998,-1.254759,1.0522242,-0.61578774,0.48165885,1.2809715,-0.18592605,0.57985234,-0.03714299,-0.23588996,-0.6478713,-1.4579852,-0.3890265,0.37059772,-0.07818932,1.182088,0.71097374,-0.5865741,-0.01170401,0.045766544,0.56600785,0.073618,0.28157508,0.17901713,0.21771592,0.29772678,0.22478132,0.18579842,-0.19730413,-0.5949371,-1.0064268,0.52693415,0.72582895,0.70834786,-1.3492646,-0.73916864,-0.47111362,1.4183046,0.3163411,1.0513345,0.058035504,0.31137544,0.9738496,-0.5876708,-0.44450673,-0.3440426,1.0822265,-0.5658476,1.2900659,-1.0483952,-0.81878847,-0.9714513,0.16539086,0.28774008,-0.95928985,-0.887063,0.92293847,-0.2070922,0.4187293,0.7381468,-1.4839422,0.51612353,0.39586323,0.267897,-0.15897332,0.19086166,-0.4555105,0.31177068,0.46151406,1.1163273,-0.320444,-0.56004924,-0.9149647,-0.02679238,-0.9592392,-1.0072538,-0.67451787,-1.1458936,-0.2948067,-0.6034691,0.5546365,-0.9933467,0.3697379,-0.14514698,-0.9661379,0.284191,0.71245307,0.13389502,-0.9160305,-0.94370836,-0.26071337,-0.17953889,0.69104576,1.0960624,0.18034942,-0.8479607,-0.6472767,0.43048564,0.20377846,-0.07834512,0.5208425,0.3848908,0.46613914,-0.019741494,0.11376182,1.0424129,0.016355306,-0.3502528,-1.0523316,0.35986423,-1.072403,0.79361534,0.7984289,1.1007885,-0.93915766,-0.67778087,-0.5314114,-0.9048515,0.75151026,-0.22934403,-0.20944265,0.81598794,-0.13189054,-0.08189975,-0.981928,0.017071271,0.17935482,-0.36553067,0.37486893,0.860159,-0.66310096,0.90773094,-0.1541918,-0.3973404,-0.07585658,-1.2185953,-0.3438801,-0.3466442,0.29959074,1.1687723,0.73776805,-0.20137854,-0.62965983,0.58795613,-0.49370083,-1.2755784,0.7002829,-0.67980796,1.1234821,0.0036241685,-0.5040946,0.13336669,0.38000518,-2.2575424,-0.51465356,0.10272774,1.0536716,0.041893784,-2.1044014,0.2379911,1.5208633,0.498372,0.5782767,-0.5352003,0.45611227,-0.47181466,0.21460731,0.35750777,-0.079183765,-0.48521534,-0.8431593,0.62177896,0.051629744,-0.25118542,0.36807206,-0.25258505,-0.34197384,0.207477,-0.16890171,-0.1554949,-0.8491107,0.7953325,-0.77613115,-1.1716195,0.739928,-1.4752415,0.96672153,0.35669014,0.8520094,-0.27341908,-0.32975453,-0.49513227,-0.8091409,0.5042066,-0.1525107,-0.6092863,0.02739578,0.17824088,-1.5094434,-1.7167422,-0.12321821,-0.25333503,0.2758971,0.4258206,0.049418215,-0.3292436,-0.121512525,0.4423438,-1.1294467,0.78641665,-1.1044754,-0.038110014,-0.97557366,-0.43254912,-0.64420575,-2.152746,-0.46943727,0.21282224,0.7948058,0.45254356,0.7853717,-1.4772037,-0.73805565,-1.0038098,-2.5256042,-0.40419224,-0.7584897,0.17577893,0.40847802,-0.30123982,-0.8776134,-0.0034310226,-0.84828687,-0.74449766,0.8417866,-0.6317731,-0.51164025,-0.104152635,-0.3177108
0.47180167,-0.102693364,0.6404063,0.5162639,-1.4477841,-0.73197937,0.21127181,-0.97160506,0.19582617,0.26755267,-0.60277855,-0.26382557,1.3457656,0.21691857,1.2187937,-0.6379793,0.48198205,0.16873395,0.20681126,0.11131754,0.699622,-0.5106318,0.48763838,-0.52866125,1.7084154,-0.74367267,0.8938705,-0.5267418,0.36321786,-0.6666829,-0.08007222,0.9067075,-1.7139386,-1.0093817,1.883853,0.13180389,-1.2961618,-0.24863152,0.5909604,0.1796593,-0.49545917,0.5141153,-0.12104809,1.2398542,1.1065646,-0.17459483,0.5787651,0.18034935,0.06268703,0.66915995,-0.4730283,0.7291171,0.5528939,0.33714718,-0.2488608,-0.34730926,-0.44091126,-1.1424743,-0.7473278,0.61072934,0.530893,0.6185401,-0.53039,0.19737935,0.29796883,0.09897161,-0.39353114,-0.94672084,0.54055387,-0.16129425,-0.19530272,0.4262926,-0.76508635,-1.3680867,-0.55124754,-0.38922125,-0.6603238,-0.18227018,-0.029874582,-0.49063653,-0.14147328,0.3309115,-0.34415904,-0.9627132,-0.011982709,0.8822511,-0.51272553,0.24142356,0.35369992,0.7291559,0.26971114,0.48727447,0.63183504,-0.46367723,-1.3764317,-0.80594146,-0.48002082,-0.65616924,-1.3649608,-0.00093935337,0.3395539,-0.6864483,0.088890165,0.09468225,-0.24315014,-0.23121588,0.12396284,0.35663015,0.67031705,0.3433336,-0.49819443,0.025949227,0.53418523,0.012831397,-0.033434685,0.48542485,0.63848186,-0.23126437,0.7538098,0.49994624,-0.48777425,0.52306277,0.23332521,-0.5230345,0.060123917,0.96550107,0.48568162,-0.48180494,0.00782171,-0.8033523,-1.4959024,0.36723444,-0.45325604,-0.3685325,0.5534114,-0.3771132,0.4099891,-1.0906044,-0.49361572,0.48546,1.6819504,0.7443508,0.32378462,-0.29358003,-0.584074,-0.27674782,-0.5748455,0.080739826,0.4674044,1.200433,-0.56197566,-0.5614303,-0.30670246,-1.2163316,-1.7533416,0.3648284,-0.14064895,-0.7492073,0.54477286,-0.6323278,-0.13161692,-0.15143676,0.14433318,-1.1170344,1.249366,0.90808624,0.13772796,0.23903732,0.9777535,0.3068221,0.55652255,0.13443583,-0.7968997,-0.16856602,-0.18472539,0.23128994,-0.21928617,0.49579006,-0.5906678,0.24497242,0.5097294,0.18422559,-0.9908984,-1.1774843,1.122503,0.92564344,-1.1296426,0.6220232,-0.36836866,-0.019362532,0.3322934,1.0710101,0.23657161,-2.0257618,-0.11844338,1.798115,-0.43948567,0.29114768,-0.92994845,-0.10800242,-0.05505062,-0.6838494,2.0207882,0.11353407,0.6781857,0.11817831,0.9985243,-0.5445008,-0.19289799,0.457805,0.55368173,-0.8779747,-1.008498,1.0308293,0.6935762,0.05665123,-0.8063418,1.1508774,0.30799064,0.48387218,0.027357014,0.23028353,-0.54846686,-1.2106146,0.2048925,-0.81137604,1.0696049,0.61666507,0.30795786,0.12071741,0.8895857,0.5863249,-0.9074671,-0.13666798,0.47250977,1.0198486,0.3116762,-1.0657861,-0.4791608,-0.18108499,-0.09528466,0.05231472,0.72337306,1.2410439,2.338593,-0.8280055,1.0019562,0.49350137,1.3582947,-0.61185485,-0.30134043,0.53725505,-0.54657996,0.6258894,-0.42127016,-1.7500643,0.2083737,-0.20092107,0.3646968,-0.92077816
0.95356387,-0.03231025,1.6985552,0.6308503,-0.7741222,-0.18647213,-0.11092826,-0.083523236,0.86664706,-0.38497388,-1.7787056,-1.792523,0.110677816,-0.34591872,-0.26844355,0.13409868,1.0146697,1.1810997,0.11885428,0.051061846,0.73691213,1.163755,-0.17425652,0.84346145,-1.4540398,0.81201285,-0.21575283,0.5937549,-0.75052166,1.1991928,0.40979844,-1.0520004,0.36886024,0.92905563,0.4732606,-0.86677694,-0.005056298,-0.15791315,0.16450278,0.6985125,-0.095414475,0.1437637,-0.18560088,-0.6136379,-0.18701541,-0.37414244,-0.6430328,0.16853106,-0.06775297,0.5286506,0.03443904,0.1899898,-0.7132221,0.43656963,-0.46789393,0.44910085,1.3688828,-0.26682007,-0.6975978,0.57820547,0.89333946,-0.037198417,0.48208743,0.78281033,-1.3104893,-0.79946274,0.9777859,0.8603316,0.70803106,1.227761,0.5355982,1.1893054,0.17030044,-0.68869066,-0.35043576,-1.3454825,0.7665634,0.11595936,-0.5415906,0.090198375,0.06396959,-0.23944053,-1.1852983,0.4209977,-0.39901066,0.0990281,-0.38482296,0.18669523,-1.1631374,0.29573286,-0.73189723,-0.7986714,-0.17017627,-0.3830514,-0.2103318,-0.39420775,0.24531597,-1.3548439,-0.57962286,0.50699484,0.95716816,0.6121982,-0.6354653,-0.57778543,-0.81513494,-2.0713906,-1.3892272,-0.5319451,-0.9695095,0.16412516,-0.79356444,0.21121778,-0.4176511,-0.184048,-0.7298015,-0.29981175,-1.2623559,-1.1285894,-0.9041489,-0.21038175,-0.52453846,-0.35698467,-0.85605127,1.1260478,-0.16398777,-1.4157885,-0.18817109,1.0844586,0.6000978,-0.5197701,-0.6041627,-1.0714641,-0.25407803,-0.1354544,0.8795401,-0.43666884,-0.8596685,0.22815259,0.11316599,0.27409402,-0.32982755,0.18415922,0.4187347,-1.1228473,-0.18553649,0.65167797,1.3227717,0.06938077,1.0537583,-0.6171122,0.4515209,-0.15784082,0.12116109,0.8896853,0.048784055,0.04282716,-0.06432255,-0.8470961,-0.42695197,-1.0056088,0.21575467,0.19959259,1.1873499,-0.7196563,-1.289782,-0.47247392,-0.39625844,0.51258296,-0.40783608,-0.09825278,-0.36414722,1.3643321,-0.38805944,1.0081105,-0.30431786,-0.70030814,-0.9361898,-0.30753985,0.06711423,1.3472562,1.1167725,-0.8354877,-0.89956,-0.5782487,-0.44721547,-0.72680694,1.1123494,-0.8204863,0.3374765,0.28984946,-0.40678632,1.2660936,0.37725648,0.68672836,-0.47289217,-0.44073418,-0.040841557,0.95721936,0.807989,0.15471584,0.5845274,-0.20790492,-0.021361245,-0.010796455,-0.35516623,-0.14311616,-0.6270631,-0.32243332,0.34873185,-0.68913615,-0.45094782,-0.031162776,-0.51842636,-1.7764916,-0.4023465,-0.18606551,0.2636175,0.6780134,-1.0302266,-0.4342259,-0.08973277,0.54008317,-0.271836,-0.0074156914,-0.18871413,-0.6650595,0.5803444,0.6673725,0.5053599,0.1838371,0.29126117,-2.0903647,1.4706645,0.8551103,-0.3305859,1.3299799,-0.30755758,0.761002,0.40590784,0.083968595,0.043943517,-0.09397022,0.5467311,1.1075364,-0.10807565,-0.6190375,-0.02770833,0.3848342,0.08435467,-1.0783899,0.2512216,0.7576291,-0.75750333,-0.33915952,-0.07359994,-0.02365416,0.38740727,-0.7207684,0.6587549,0.22886054
0.531752,0.74722946,-0.1929566,-0.16191179,-1.141744,0.08539156,-0.3252346,-0.34840292,0.4123409,0.80378383,-0.41004613,0.9106106,-0.07664649,-0.80306184,0.06359412,-0.145233,0.6205534,0.61643046,0.34623438,-0.17453387,-0.8013701,0.30619293,-0.85810655,-0.03531365,-0.17293362,1.0407788,-0.02553398,-0.32050055,0.42518273,0.1657207,0.31994042,-0.22756046,-0.028220976,-1.3596349,0.79698527,-0.015707068,0.53456986,0.09131206,-0.6789528,-1.2628851,0.42591077,-0.645407,0.21492083,0.8371322,1.0404091,-1.2385648,-0.09971045,0.28759834,-0.7486705,0.59187526,-0.0879852,-0.12729733,-0.5305487,1.1146193,-0.7249395,0.30000117,-1.7654196,-0.27201962,-0.64969337,-0.017715715,-0.048562244,0.98825884,-1.0568287,-0.018284041,-0.80668616,-0.5672334,-1.2754183,-0.08469871,-0.2872241,-0.8763625,-0.48280728,0.35597497,-1.8400979,0.8567519,0.3926957,-0.736997,-0.77999705,-0.29898763,-0.23451664,0.8279719,-0.1638281,-0.6347969,0.14341362,-1.0673158,0.093628556,0.89588904,0.12650575,0.47704917,-0.7912341,-0.25655538,-0.87796766,-0.27042207,-0.5162047,-0.6627846,-0.17171961,-1.5496018,0.45032203,-0.66679645,-0.46339205,-1.4109437,-0.62850493,-1.5419283,-0.3896858,-0.6992446,0.057965886,-1.0883205,-0.5161342,-0.19464447,-0.2585137,-0.4792233,0.45903283,-0.793166,-0.47406882,-0.32421008,-0.4092068,-0.7418263,-0.49495137,0.36918652,-0.32092616,-0.072605774,0.27206928,-0.45199907,0.13025162,0.383595,-0.17454164,0.03567661,-0.18638964,0.15593174,0.95027405,1.1011853,0.2701137,0.050230872,-0.36725095,-0.43594941,-0.1301602,0.7177527,-1.2074134,-0.50545037,0.10384441,-1.5851579,-1.6710941,0.57519823,-1.1646625,0.20118004,0.67729706,-1.5628018,0.072379015,1.0210037,1.5644344,0.44576505,-0.293258,-0.23478124,0.44811854,0.5273174,-0.06959045,-0.66646624,0.1844331,0.7104753,0.560185,0.09791576,-0.37462375,-0.45819175,0.3176467,-0.0954807,0.20195788,-0.6564745,-0.14841534,-0.67864704,0.31303313,-0.9335647,-0.60105735,-0.82847506,-0.44123197,1.4067203,1.1857545,-0.8789564,-0.03137463,-0.72324413,0.23978174,-0.17031378,-0.48421097,-0.8658019,0.702497,-1.303498,-0.15806057,-0.5102091,-0.19380651,0.58470416,0.0026047956,-0.82271355,0.4827757,-0.13813318,-0.72296876,0.59566647,-0.99196124,-0.24223453,-0.043089833,-0.15102676,2.0946064,0.82855177,-0.37254435,0.20716508,-0.4466071,0.25197324,0.12627219,0.5914623,1.0375521,0.49434897,-0.123552725,0.33725023,-0.52391016,0.0054572253,-0.22236656,-0.18254738,-0.22923951,-0.42363125,0.15145834,-0.42650732,-0.19765036,-0.3554241,-0.5068084,-0.24291004,-0.56904453,0.11761254,0.1050407,-0.16454303,0.3873395,0.75601363,-0.28365794,-0.64709306,-0.63182676,0.20877086,-0.3616122,-0.75266075,0.13568248,-0.39703372,0.06146286,0.2854064,0.66842747,-0.62845725,0.18301137,1.7746392,0.2577005,0.60215783,-0.8994586,-0.46506494,0.85309726,0.85333097,-0.31539518,0.08205573,-0.54741675,-1.209015,0.84549356,0.14202636,-0.8470801,0.65603364,1.0582199,-0.021308696,0.52496743,0.12757131
0.76738805,0.4964961,0.15129514,0.29991302,-1.4460834,-0.7894626,-0.6330149,-1.7123885,0.6219392,0.9020897,-0.0150707085,1.6104811,0.53218186,-0.78632784,-0.6583063,0.17401877,-0.49704987,0.07103262,-0.82946366,1.2222503,-0.67120963,0.71670324,0.033784796,0.9994545,-0.6200947,1.0379348,0.88474125,0.2737364,-0.32365543,-0.71747446,-0.4278638,-0.2275778,0.4951222,-0.73537445,0.9296383,1.1424322,-0.9201016,0.80962706,-0.4673119,0.118807234,-0.30123365,0.15108718,0.95127416,0.8132142,-0.8065728,0.043017242,-0.481365,0.7936976,-0.12438111,0.3458188,0.33358046,0.42854068,0.37963277,-0.58723414,0.6152545,-0.8018182,1.1610806,-0.48244646,-0.28708038,-0.18224892,-0.20209506,0.4278791,-0.8378324,-0.2978981,0.4556365,-0.257339,0.9626858,-0.49424326,0.51566875,-2.7813413,0.13694471,-0.25723067,0.7888491,1.4122423,-0.5152381,0.016887495,-0.045223884,-0.024110593,-0.69491863,-0.023562819,-0.38905457,0.28402433,0.29774997,0.5644568,0.33728585,-0.16709358,0.18250847,0.66859674,-0.20358258,0.4045605,0.055185243,-1.0584213,-0.25576532,-0.4298388,-1.0060002,0.74816847,1.1350925,-0.6954841,0.59420884,-1.0019072,1.2435284,-1.4315789,0.039232757,-0.18210915,-1.33936,-1.6075904,-1.3053991,-0.15129216,-0.04171675,0.13168623,0.16483818,-0.070700005,0.26285994,-0.44089252,0.27920157,0.00021792829,-1.5410575,0.058987882,0.10483229,-1.1438774,0.25524285,-0.1355686,1.5162766,1.1187519,-0.63420194,-0.57049984,-1.3915837,-0.7281247,-0.3178715,-0.628214,-0.90146875,1.0057696,0.48502067,-0.5387016,0.11586358,0.74261165,0.20502464,0.34070763,1.45358,-0.6374312,-2.147653,0.035196353,0.29270062,0.48970795,-0.29503956,0.20321362,-0.26296413,0.5564541,-0.23939629,0.09685125,0.2838109,0.45271617,0.06390179,0.042077187,0.8730592,0.6712607,-0.40070385,0.37194663,1.1884328,-0.63452804,-0.8593259,-1.830618,-1.1568214,0.5310908,1.9420806,0.7068895,0.0556201,0.029069057,-0.03223902,-0.2491819,-0.29070297,-0.3615554,0.59153193,-0.80240566,0.50544053,-1.0176746,-0.41313863,-1.1757782,-1.442744,0.8067225,-0.49391934,-0.7125915,-1.3396589,0.16446143,-0.67664206,0.2743475,-0.09489414,-0.5618365,-0.06758594,-0.36654335,-1.0369714,-0.24476007,0.6458795,0.046768185,-0.2832331,-1.0035431,-0.36401424,0.67763174,-0.34771737,-0.2449851,1.0947251,-0.4984452,0.35626602,0.28250396,0.9798336,-1.7774082,0.8373752,-0.035602756,-0.30000675,0.33895403,-0.6163083,0.61716664,-0.76750135,0.3432773,-0.27143133,-0.85080177,0.075579114,0.2397645,-0.4203246,-0.36088815,0.37036347,0.3070146,-0.06835479,-0.78733504,-0.91889536,-0.21809073,1.2684675,0.0016306046,0.3141108,-0.24283503,0.5580186,1.9861495,-0.03815656,1.9685268,-0.62476003,0.6310956,-0.28565538,0.4276698,0.11304892,0.10895774,0.71827865,-1.6966767,1.4499077,0.6014033,-0.12786643,0.53305376,0.0034993184,0.01402993,-0.09253563,0.24445017,0.11928726,-0.026290718,-0.6083186,0.49960184,-0.11835329,0.01937792,0.069344826,0.3992066,-0.23292209,0.13014635
-0.15238506,0.08575313,0.45943233,-0.17443405,0.51351404,-0.2533173,-0.020274853,0.49024263,-1.4349836,-0.6218427,0.7493415,1.3038052,-0.58954144,-0.33285704,0.97336876,0.08504837,0.10049471,-0.46760103,-0.29670534,-1.0804943,-0.651709,0.24084681,0.3868751,0.2435981,0.36355066,0.8061289,0.22244142,0.0762597,-0.88458115,-0.38372245,0.03613253,0.47776902,0.4319558,-0.51859385,-0.47451186,0.0533807,0.89040613,-0.30307978,-1.0418314,-0.32832834,0.31526333,0.49493563,0.7000359,0.44703954,0.012902943,-0.047680225,0.031178918,-0.88476783,0.97730786,0.5698903,-0.8672326,-0.41263136,-0.36967513,1.0918145,0.20945722,-0.14519802,-1.4632179,1.0767902,-0.0015133786,0.5016598,-0.07260826,0.64304453,0.8017134,-0.066639066,-0.74564236,0.007072729,-1.793728,-0.45660096,0.2334352,0.090200245,0.82370424,0.98195165,0.28846353,1.105196,0.04106607,-0.26464352,-0.31407064,-0.056612663,-0.4114916,0.44337606,-0.36292517,-0.48488688,-0.012376424,0.030886313,-1.2936995,0.7603495,0.55690515,-0.057591382,0.8261274,-0.7745165,0.116666004,-0.9772057,-0.49600393,-0.5230666,0.11616478,-0.35739085,-1.0665073,-0.2937593,-0.18658835,-0.3412999,-0.16583522,-0.47365117,-1.6355568,0.9690618,0.2171546,0.6081483,0.79509294,-0.7530471,-2.2560422,-0.0076118726,0.3409383,-1.2837608,-0.16499579,0.06866687,-0.25107154,0.11530254,-0.4018707,-0.027086018,-0.48197836,-0.0748026,0.5564427,1.2606833,0.56275606,-0.6840762,1.7400717,-0.24110612,0.14933111,1.1165191,-0.62709904,0.42745972,0.7241453,0.079721205,0.5601339,0.052936275,0.85694635,-1.6743046,0.58678013,-0.44361418,-1.0720451,0.001971731,-0.7801711,-1.3970462,-0.8393385,0.28494364,0.043388125,-0.46911964,0.2965376,0.6184063,1.1739669,-0.18295088,0.57970166,-0.76063204,-0.36592424,0.16111556,-0.8913495,-0.225217,-0.023755351,-1.0171095,-0.14019907,0.5005131,0.94517416,-0.41016203,-0.15248063,0.49214193,0.27519903,0.9085052,0.9346156,0.2923379,0.32795557,-1.2361791,-0.050788242,0.6777624,0.502103,0.029835086,0.63260424,0.4302198,-0.107950926,0.04500925,0.26419088,-0.15662232,-0.631983,0.20812993,1.4152565,-0.7784884,-0.07708871,-0.15484408,0.5323188,-0.67835057,-0.13009703,-0.18676546,-0.09178034,0.38582605,0.57255524,-0.0064536496,-0.012312911,-0.89183396,0.61014825,-1.3290321,0.33436498,0.7080475,0.6453714,-0.020496428,0.54533863,-0.04454752,-0.9942566,-0.0071743676,0.49730766,0.69413334,0.5292308,1.515927,0.79767686,-0.19544409,0.04253864,0.57076544,0.8821441,-1.6317114,0.09160143,0.37048355,0.78873956,-0.34507853,-0.06706536,-0.5453856,0.59282565,-0.37855908,-0.608732,0.53342247,0.97870165,-0.4974339,0.73094815,0.40303236,1.4593828,0.83093876,-0.35830206,1.1574668,0.3225331,-1.1231968,-1.5592906,-0.034780208,1.348213,-0.0383631,0.9944524,0.37574324,0.9035226,0.7348096,0.55678904,-0.86201704,-0.2954903,-0.66872436,-0.4542569,-0.74586076,0.774634,1.2411419,-0.077422455,0.15740345,0.20681837,-0.65075725,-0.1796821,0.35204363,-0.95926416,0.6025527
2.093571,0.03028164,-0.26977637,1.0193648,-1.0850867,-0.48530158,-0.2041404,0.4450343,-0.21236373,0.32375425,-0.091050014,1.2958492,0.05325208,0.83410126,-1.0249419,-0.07393615,-0.074461184,0.30053538,-0.033282906,1.5387342,-0.1953195,0.058037262,-0.33325478,0.5421841,-0.14070398,0.15961038,-0.591385,-0.17648663,0.26185954,0.4678321,-0.40854374,-0.2890383,-0.15733865,0.5530822,-1.1115834,0.29009306,-0.5608587,0.122627474,-0.26761645,-0.30100536,0.73725045,-0.1529109,-0.0717417,-0.8513929,0.023106424,-0.10217458,-1.292171,0.2793477,0.25909832,1.1449039,-1.4243648,0.2713265,-0.09078921,0.5248342,-1.5204512,0.7863685,0.5145797,0.42471987,0.26824072,-0.24792479,-1.2742435,1.4698591,-0.80824137,-0.8533224,-0.7263107,-1.125122,-1.412071,0.42134255,0.7810354,-0.67097974,-0.43951067,0.20413308,-0.28569394,1.9737518,1.2417538,-0.17537951,-0.6589849,0.3362787,0.3064466,0.6881363,0.17811963,0.052231275,0.22322775,0.63294494,1.0042434,-0.065688126,0.5262426,0.6522105,-0.28365934,-0.3073267,0.9027754,0.989856,0.45344263,-0.90593994,0.37381947,-0.34693846,-1.2274605,-0.31812125,-1.1853822,-0.5553299,-0.15717764,-0.15268862,-0.9231499,-0.40786657,-0.5476635,-0.76725715,0.44726512,0.020534497,-1.0991306,-0.33240992,0.049359977,-0.42792007,-0.066645265,0.22394913,-0.25737563,0.5642778,-0.3165024,-0.33734533,-0.30747184,-0.08864556,-0.025005348,-1.5076864,-0.39767012,0.77025104,0.98023784,0.022656199,-0.47508743,-0.4949523,-0.48119408,-1.1846789,1.0374271,0.2786539,-0.06914981,0.087293625,-0.25423178,0.48328078,0.18359374,0.6724313,1.0066903,0.5316652,-0.59349954,-0.30202886,-1.2211585,-0.0052943574,0.33214492,0.7732157,0.20251676,0.47643843,0.56819785,-0.15491854,0.5983534,-1.0807935,-0.21006878,1.1925004,-0.21594946,0.74696434,-0.39809233,1.1998514,-0.60932106,-0.9168508,0.34855098,-0.4642772,-0.23871171,0.28937545,0.32884476,-1.3082411,-0.25105745,0.17886628,-1.0213002,0.45169908,1.3713115,-0.7163479,-0.40326753,0.27086788,1.7057314,0.7360212,0.33530495,-0.48140994,-0.53597444,-0.5371633,0.53139216,-0.25692156,0.4484961,0.38063136,-0.29650944,-0.25098482,-0.18441465,0.2920604,-0.43177256,-1.2566592,0.4894588,1.1687089,0.36568508,0.032837346,-0.5902925,0.54238987,-0.706153,-0.10757813,0.5415607,0.0060612303,0.109297015,-0.6421899,-0.7326307,0.5628894,-0.5642571,0.48818058,0.50527406,0.31545874,-0.070300065,-1.4455953,-1.4755884,0.34517342,0.32019216,-0.14150855,0.95540375,0.028040795,-0.58382124,-1.5904279,-0.06901753,0.61990434,-0.458595,1.1152173,-0.7579746,0.5643512,-0.24903387,-0.9097464,-0.061501432,-0.1482116,1.5205476,-1.1684628,0.4945551,0.15765034,1.0481589,-0.7685558,-0.5464833,0.7514782,-0.32542548,-1.1606027,0.0029984082,-0.2545487,-0.16113627,-2.1862555,0.65754896,-0.51902544,-0.34331438,1.3751496,0.08175786,-0.41654986,-0.544468,0.24941078,-0.2886385,-0.5031164,-1.2569736,-0.6851657,-0.33990186,0.0558622,-0.24741158,-0.60304254,0.33542165,0.38369617
0.46784833,0.5331574,0.48979282,1.5387809,-1.3352627,-1.1039355,0.8601519,0.09259274,-0.13791521,-0.36908427,-0.91286933,-0.6837531,-0.4032544,-0.37481418,0.5897859,-0.3730684,-0.40958142,1.1036108,0.5941312,0.60291916,1.4338163,-0.046495643,0.3453355,0.8136662,0.44841525,-0.15180075,0.7417049,1.5186243,0.02953926,0.25265056,0.21711119,-0.14423588,-0.7205121,-1.3879492,-0.90877223,1.7668604,0.004973327,-0.47352722,1.2423687,-0.29984587,0.57356036,-1.1044438,1.0461713,-0.025143886,1.1151011,0.2123296,0.77687943,-0.60494196,-0.96663475,-0.12664342,0.927801,-0.24781816,0.1582631,-1.1582329,-0.36698806,1.0640919,-1.7493023,0.9171012,-0.54389274,0.7907809,0.1721185,-0.5761779,0.014885663,0.51745576,0.37109244,1.0184473,-0.13546118,-0.026737995,0.28028327,-2.4094474,0.384148,-0.78620344,-0.8746244,-1.4566355,0.08002684,-0.5187393,0.9814167,1.0462481,-0.20600383,-0.9802644,0.20613857,0.076489784,0.47518906,1.1882663,-0.027127037,1.7845718,1.3994771,-0.12855288,0.70595795,0.39627108,-0.49736133,-0.88578117,0.2214342,-0.24583189,0.55173534,-0.8442052,-1.4021866,0.3107142,0.73687685,1.2309977,0.1348459,0.6919877,0.7734566,0.22846684,-0.4264158,-0.24171127,-0.13882816,-0.62141085,-0.694168,0.23272334,0.76856726,-0.08826907,0.5629455,-0.21729712,0.15825434,-0.3761249,1.1663775,-0.7992937,-0.56754047,0.9941372,0.20619467,-0.12269322,-0.84751827,0.8598027,-0.44742832,0.42376187,-0.5281115,-0.35916606,1.6031665,0.1733747,-0.113200486,-0.32720283,-0.5344769,-0.040632565,1.0408124,-0.7393594,0.39903146,-1.5274919,0.31020445,0.78256094,-0.111604646,-0.4501379,-0.17585014,-0.05571725,-1.4535322,1.1088163,-0.038206287,0.8880502,1.4329944,0.2989525,-0.45227155,0.28129798,0.98251384,-0.111483015,-0.17227262,1.075257,-0.061667975,0.7512467,0.32280132,-0.47267035,0.57385117,1.4159076,0.2812619,-0.3072254,-0.19294944,-0.52662176,0.10122225,0.051977176,0.011143985,0.18954633,0.82786137,0.097987175,-0.89285254,-1.216799,-0.14881364,-0.10647891,0.7999778,1.2426906,0.9620607,-0.8343308,0.6434675,0.09072663,0.4725205,0.4302672,0.34682122,-0.3345012,0.6025626,-1.4343433,0.31163388,-0.98047817,0.67659295,-0.4302215,0.24783728,1.3993043,0.3992895,0.8459671,-0.42476764,0.11850172,0.7845594,-0.16887553,-0.22955374,1.458577,0.5705995,-0.2761213,-0.7063583,0.0992348,-0.51224405,0.16071896,0.018529365,-1.2899507,0.7716603,0.35340917,1.1370516,0.30071518,-1.2800055,-0.2646029,-0.9038991,0.15865758,0.11779398,-0.27822247,0.23735435,0.3601327,-0.42944297,-0.24548003,0.38565415,-0.008345564,0.17702737,-1.093079,0.017271124,0.61945254,0.7956231,-0.7790288,-1.3516554,0.64522624,-0.4085645,-1.0146055,1.4816586,0.69739103,-1.8831885,0.4950344,0.66776264,-0.82703596,0.28416595,0.8586472,-0.2137649,-0.25932726,-1.4585282,1.1886709,0.44161296,-0.6344947,-0.6218589,-0.042051032,-0.33047977,0.050817985,0.5457278,-0.44844994,-1.4341899,0.10323375,0.36803535,0.55972123
0.34428045,-0.21587147,-0.40714854,0.58026344,-0.69511104,-0.039216843,-0.09557724,-0.8689097,-0.36855438,-0.3937865,-1.0008553,0.63693243,-0.02371709,0.7402732,0.16278447,-0.1756408,-0.23253973,1.0375382,0.28636882,0.08671274,-0.3913271,0.8104731,0.4170162,0.08038157,-0.1001245,-0.16127543,1.051164,-1.0553834,0.2653925,-0.5738491,0.5796652,0.041983385,0.25415623,0.4701315,0.8906581,0.36135525,0.37351444,-0.21975398,0.032322552,-0.4112026,-0.5953016,0.66429496,-0.091542095,-0.7400216,-0.4992263,0.70793676,0.25240698,-1.0859315,0.6804096,-0.19909255,1.6772149,0.50448436,0.92221785,0.25049645,-0.83077,-1.4065719,-1.0854964,0.10051208,0.05048945,0.961461,0.589862,0.34583253,0.08278352,1.2922695,-1.9369428,-0.52337503,-0.3574582,0.32615882,-0.6709078,-0.4670857,1.4126569,-0.9610649,-0.07338186,0.06743166,-0.39776105,0.4057194,0.9211045,-2.2185755,-0.38167596,0.30894223,0.34521958,-0.07459697,-0.01834155,0.9095449,0.33120185,0.11601578,-0.4448706,0.11965306,-0.25237963,1.0663311,0.54000574,0.51437604,-0.69029605,1.4664419,-0.35414958,-0.7782129,0.8969884,-0.6450006,-0.816046,0.034384213,0.60595053,-0.27670312,-0.30122566,0.22279686,0.07382546,-0.040230244,-0.46110845,-0.46734583,-0.41806087,0.30286068,0.38543555,0.17095025,-1.0898851,-0.31377268,-0.13766375,-0.3604227,0.013343225,1.651647,0.27084252,-0.4854514,0.46246362,-0.19056138,-1.080396,-0.404913,-0.8146087,0.65213615,-0.18463807,0.15073916,0.11984143,-0.4232742,-0.8629789,0.15378502,-0.27535284,-0.1383834,-0.3296707,-0.3169324,-1.094293,-0.27375507,-1.2381638,1.1609809,-0.25701013,-0.7049582,0.23963748,1.0836631,-0.5528562,-0.5713023,-0.44676033,0.19374868,1.2461625,-0.068868704,0.99614847,0.28291908,-0.0035050884,-0.17995167,-0.55887824,-0.48202252,1.1234686,0.29178113,-0.19266991,-1.1284734,-0.8084207,0.12233219,-0.026720703,0.28049994,-1.2002116,0.060983445,-0.8294479,0.39017445,-0.17676271,-0.072549865,0.061439656,-0.33072096,-1.1334367,-0.37547323,0.21941406,1.1350857,2.0183125,-0.39756396,1.271001,0.56833124,-0.5992426,-0.18960112,-0.28179765,-0.5592244,-0.12796935,0.17862776,-0.34162843,-0.3929121,0.110830285,-0.4684861,-0.49164143,-0.46532202,0.7529876,0.5369832,-0.06760366,-0.46153966,-0.20210017,0.16047487,0.4521459,0.21548958,0.03069084,0.35103434,1.1697919,-0.28575072,0.24088475,0.9788196,-0.0056924457,0.70946467,-0.19461176,0.044870526,0.95016795,1.1328944,-0.28876987,-0.55083185,0.48506725,0.37957743,0.7075166,0.24096225,0.10093369,-1.1220304,0.15761009,0.26223987,0.04877242,0.9273138,-0.18533505,0.13039201,0.7393777,0.059318226,-0.011291301,-1.5973107,-1.178064,0.075006776,0.085121155,-0.5470483,0.023385258,-0.22630064,-0.36111137,0.5816873,0.5344813,0.24370115,-0.47345093,-0.9448095,-0.07052334,-0.82252514,-0.27594677,-0.4798681,-1.4606591,-0.43433172,0.07350454,-0.3970312,-0.67152256,-0.5164145,0.17846067,0.69273293,0.8918642,0.013295359,-0.22861628,-0.5114526,-0.11962223,0.49964464
-1.1166726,-0.15899855,-1.0796316,-0.34015292,-0.60857487,0.5635468,0.1423157,0.9039786,-0.74668646,-0.18418305,1.2891928,0.73079133,-0.14231163,-0.55874115,0.50082624,0.12372173,-1.2849234,-0.31596068,-0.4370751,-0.56806755,0.1973163,-0.7056263,-0.454731,-0.28419805,0.4582444,1.5373118,0.5451606,-0.020432673,0.3643597,0.22090162,1.2388891,-0.91082484,-1.6287335,-0.07092262,-1.0148636,0.35394627,0.9952254,0.5609289,1.3213643,0.6282434,0.33114952,0.97314644,-0.9293985,-1.3592356,-1.2632033,-0.090949036,0.5616041,0.1848909,0.10511517,0.5237068,-0.63904,0.20614067,0.2516317,-0.05191555,0.74780935,-0.16056013,-0.41684172,0.83511215,0.8235646,0.408136,-0.11846349,-2.0144901,2.0180025,-1.0101328,-0.19326441,-0.5169989,-0.78489065,-0.6974526,1.6610693,-0.6822954,-0.43636525,1.2618923,-0.15581974,0.7595636,-0.9269091,0.06862982,-1.1389465,-0.5789157,-0.43538675,-0.10482512,0.043605693,0.35477293,0.29315203,0.25344172,-0.39953962,-0.36533087,0.46148095,-0.3871722,-0.4328262,0.9967513,-0.53504246,-0.76986927,0.14104298,-0.7019205,-0.6673189,-0.9885795,-1.0851666,-0.37581065,-0.1761231,0.013376289,-1.2405472,-1.0703957,-0.75600445,0.892195,0.25460106,-0.2158645,0.027819224,0.35113972,-0.3748636,-0.15570745,-0.37615037,-0.13920526,0.6219057,0.5951846,0.5732222,0.8442241,0.22790626,1.2706794,0.57568157,-0.44140953,0.67982,0.899793,1.5614052,0.3158956,-0.053063553,0.11799163,-0.13012621,0.42331064,0.16758761,-0.6807466,0.30186117,1.1704856,0.27722663,0.29632854,0.07405859,0.2861034,1.2766714,0.008689262,1.779294,0.48116916,-0.2519216,0.010615206,0.009927217,-0.6993252,-1.7930819,-0.36349744,0.9973221,0.47671372,-0.89481676,0.5976562,0.5720722,0.096990325,-0.22762793,-0.94345486,0.1906493,-1.0874867,-0.3764815,-0.3705229,-1.1068987,-0.54206973,0.2125473,-1.2743651,1.2056656,0.59526247,0.068680465,1.0992869,-1.0246081,-1.040667,0.4212039,-0.5863836,-0.57574093,0.6224034,0.12892719,0.659413,0.6119961,-0.35270134,-0.45994553,0.6313463,0.73069793,0.067454875,-1.7961934,-1.0356606,-0.48876154,0.2740453,-0.7610336,-0.96838725,-0.5921269,0.38990018,-0.68508106,0.37592524,0.5951137,0.9639882,0.78829974,-0.298472,-1.0434449,0.4642824,-0.041167907,0.14045916,0.8409367,1.0248686,1.0452844,-0.7849286,-1.4409748,1.0269368,-0.51920307,0.049604632,-0.5485538,-0.66714853,0.38727674,-1.095629,-0.29890195,0.20949335,-1.2686287,0.35223287,-0.07810485,-0.57793957,-0.42452037,0.27636835,-0.91708744,-0.0047714817,0.30345207,1.1695071,-1.2026016,0.39491096,-1.1211073,-1.1823691,0.3853747,-0.27345937,-0.7363178,-0.34037393,-0.045508903,-0.815747,1.7556884,0.31614706,0.5834695,0.90787697,0.3495569,0.44157252,-0.53732616,0.8809531,-0.91442657,0.4679902,-0.09727578,1.1024005,0.6504644,-0.2835936,0.240273,-0.6224592,-0.44669572,-0.17007917,0.48443544,-0.23319077,-0.88813764,-0.55451244,0.3878308,0.6735718,0.75037795,0.2452875,-0.11588105,-0.22980487
0.23091437,0.31337705,1.3446131,1.1792583,0.5600474,-0.39091617,-0.657666,-0.43587345,-0.25310537,-0.058246255,0.65413076,1.4426547,0.62138164,-0.057748675,0.03866524,-0.78500485,0.44898328,0.05324912,1.0993952,-0.13297482,1.0138077,0.4480374,-0.00021172198,-0.39235765,-0.25300294,0.13572666,0.35390794,-0.7918696,0.14680612,-0.7599599,0.2448398,0.37594184,-0.016607001,-0.5526659,0.4613774,1.0267684,0.0105977915,-1.7580512,0.8530068,0.2727788,0.3664572,-0.26675692,-0.72624075,0.34729657,-0.01166544,-0.77730453,0.2565533,-0.8517958,-1.0645758,0.02471574,-0.52755344,2.0358195,1.5111153,-0.5685904,0.35425147,2.1049297,-0.68562734,0.34599933,-0.9751659,1.5881615,-0.52861154,0.95956135,-0.17427051,0.5744693,-1.20967,-0.30372012,-0.2428897,0.053431436,-0.2682206,0.37947732,0.840072,-1.2253507,-0.8566274,-0.41472462,1.2212542,-0.7709896,0.218701,-0.12219178,-0.034612283,0.4680842,0.004981379,-0.19316183,-0.30435392,1.5011927,0.15975319,0.0046433248,-0.34486416,-0.49122322,0.0989481,-0.0656061,0.57358575,-0.27102157,-0.41599074,-0.90813476,-2.0647452,-0.08953045,0.09123605,-0.5865388,-0.003507224,-0.5169351,-0.5458598,-1.0974104,-0.96317965,0.8165811,0.35789323,-1.3236852,-2.0054514,0.121315226,-0.7215261,0.33784953,0.0232138,0.29379863,-0.41790846,-0.7501427,-0.18935627,0.9068509,-0.37201968,1.4061127,2.5303495,-0.055049848,-0.3501356,-0.2033958,0.558829,0.43819088,-0.90073186,1.054787,-0.4506703,-0.07292226,1.1324055,-0.10451611,-0.118847586,0.48481548,-0.44095364,0.6632543,0.5132688,-0.94191957,-0.4055301,-1.5247625,-0.10654273,0.5581383,0.19389361,-0.056679714,1.2665864,0.5858109,0.49729905,-0.22895157,0.77974075,0.7327107,-0.24543881,0.5311829,-0.6144545,1.3847616,0.7972557,-0.0313599,0.81741494,-0.8223395,-0.4270768,-0.09425841,0.2618779,0.51110935,0.8862214,0.15737809,0.7154602,-0.122122206,-0.17534879,-1.4246638,0.2369005,-0.6849835,0.20878872,-0.6639492,0.045453265,0.57115215,-0.25353038,0.44739303,-0.66907513,0.11930896,0.74283606,-0.93843263,-0.6522316,-0.8998537,-1.0035858,-0.20988287,-0.7086584,-1.0756435,0.18738396,-0.9786596,-0.00492269,-0.6933343,-0.22137395,0.5310394,-0.41128764,0.2794089,0.15877816,0.56987256,2.0302258,0.4528223,0.4408514,-0.120227456,-0.3261904,1.4728634,0.11878342,0.29096535,-0.23288466,-0.3471748,0.1606568,-0.47043028,0.39355928,0.13437958,-0.21615171,0.020255651,0.09704802,-0.8829759,-0.24493393,-1.2291853,-1.0303549,-0.24598631,-1.1727377,0.12384716,-0.37731454,-0.09288293,0.68106806,0.0553185,-1.5885454,0.085814156,-0.116687834,0.0788581,0.79455453,0.12561406,-1.2375896,-0.0037051756,-0.043049578,1.3414867,-0.7165395,0.020486442,0.0070609883,-0.8580924,-0.08242969,0.28190923,1.7556146,0.26494628,-0.4661882,-1.2759836,0.65544385,-0.19633417,0.31159288,1.137961,-0.5306414,-0.759076,0.45373434,-0.628137,-0.6047348,-0.26744956,1.1781073,-0.37524724,-0.63541776,-0.42519522,0.113410205,-0.1401755,1.377731,-0.42667252
1.4069934,0.72979313,0.118223675,0.5245802,-0.69120485,-0.66528434,0.21890697,-1.0012962,-0.67905754,1.3122315,-0.04612062,0.72602457,1.667242,0.7801871,-0.50513196,0.47047237,1.0664374,0.8973022,-0.4107809,0.11236482,0.98935395,0.709674,-0.24600455,-0.05388054,1.6054958,0.723745,-0.024281653,-0.36951086,1.459815,0.050446097,0.14945826,-0.073811546,-0.7437343,0.15821782,-0.52741206,0.4337218,0.27969345,0.555677,0.078330964,-0.6268583,-0.46583992,-0.2147199,-1.1083962,0.31888965,1.4808569,0.23366195,-0.5372258,-1.1252617,0.0820198,-1.3466104,0.20604084,0.73025256,0.13214037,0.4850736,0.017152546,-0.29350176,0.7266667,0.12531444,-0.5654966,-0.4557803,-0.56410587,1.3418953,0.769128,-0.8563303,0.26065955,-0.49551284,-0.36408392,-0.7679966,0.042415597,-0.5490199,0.96458304,-0.00053327833,0.7475854,0.371042,-0.71504486,0.30097738,1.1992024,-0.9458718,-1.1616292,0.49631178,-0.29858717,0.59428805,-0.5666118,-0.043123405,0.04158603,-1.0236522,-1.4128913,0.38759807,-0.05981906,-0.3483889,0.037101325,0.55925345,1.0230871,0.3454203,1.3873341,0.23438564,0.097345814,-0.40608767,0.82635593,0.6247789,0.9158171,0.35547966,-0.55394816,-1.1356523,0.40524924,0.26791817,-0.26572403,-1.0545453,-1.885781,-0.40369132,0.14213501,-0.2624629,0.4237987,0.35465539,2.2675488,-0.078102,-0.55532986,-1.6694098,0.52896655,1.4414681,0.17849874,1.0023715,-0.20439273,-0.41606295,-0.67156726,0.75667113,0.9368981,0.76667714,0.2498324,0.7027868,-0.23196474,-0.59438497,0.54898906,-0.10791119,-0.634913,0.025814798,-0.6710534,1.3362762,0.3090163,-0.11577978,0.6886612,0.7820548,-0.6570825,1.1262302,-0.85512555,0.637089,-0.23754606,-0.32892063,0.7161195,0.26578137,-0.18360686,-0.12510863,0.022913,-0.75423574,0.09234368,0.43014073,0.24438742,0.5544843,0.40765825,0.40585288,0.5931287,0.573031,0.19963497,-0.6886046,-0.45670635,-0.41674814,0.86181325,-0.26986846,-0.24616769,-0.45501918,-0.27234548,-0.15572177,0.27089858,0.20600893,0.70937747,0.34387925,1.1430297,1.8042488,1.4360638,0.8791094,0.05788464,-0.66675836,0.05038829,0.77662045,-0.63451594,0.13253435,-0.7122447,0.06477436,-0.7196929,0.4744149,0.117685415,-0.9346623,-0.8087188,0.20962809,-0.38813406,-0.10478425,-0.47451034,-0.6283261,-0.43323606,-0.92644924,0.52264255,-0.8589671,-0.59110355,-0.005487483,-0.4459521,-1.323153,-0.21681729,0.4226534,-0.19732238,-1.182891,-0.017966723,-0.17065896,1.4627469,0.054453038,0.3579935,0.71244156,-1.4489846,0.13315532,-0.42591467,0.124202706,-1.4852498,0.58422446,0.19009194,1.6608117,0.20565386,1.2137426,-0.7451088,-0.47243324,1.5772159,-0.36532378,-0.27475727,0.62069577,0.119622,1.1080215,0.6017408,0.6837359,-0.41540438,0.8555439,-0.23672354,0.39315915,1.0028396,-0.013462641,0.41247573,1.4295541,1.7005124,-0.06550834,0.35031423,0.13589177,-0.5908896,0.92865753,-0.91692287,-0.1323866,-1.4320096,-0.21563274,0.19843656,-0.5926717,-0.65173167,0.21683487,-0.3186071,-0.21163216
0.00872998,-0.1282037,0.020781592,-0.059704248,-0.42697203,-0.50123084,-0.118181944,-0.026017025,0.6006812,-1.1331764,0.510473,1.1139275,0.13738686,0.22532202,-0.54398406,-0.82903767,0.12623297,-0.8634287,-1.1526179,0.99556607,-0.22484288,1.283615,0.6402605,-0.38798496,-0.34040546,-0.27327186,0.13633065,-0.2450044,-0.52017444,-1.3655185,-0.1811954,0.64168,-0.024501918,-1.2237523,-0.57641083,0.5450125,0.0958822,-0.13921817,0.52622515,-0.38495755,0.83125424,-0.08281686,-0.5346187,0.22068223,-0.7100682,-0.21859245,0.7606584,0.54919785,0.10749582,0.68169695,-0.618508,-0.4576269,1.836049,-0.7099144,0.5665458,0.2988023,0.71423143,0.07490686,-0.1713816,-0.5401383,0.052977294,-1.0605714,1.0244824,0.43446547,-0.21651545,-0.009250666,-0.07725874,-0.1252509,-0.43593872,-0.08128987,0.24879226,-0.86629295,-0.1352464,0.03869011,0.57574755,0.34923106,-0.6861124,-0.37778747,-0.23805384,-0.43595582,-1.3645575,0.49044302,0.25588244,-0.3951358,0.91698897,0.47865105,-1.2610586,-0.7355379,0.89274395,-0.7185017,-0.11993677,-0.29797813,0.062194675,0.29457578,-1.3164586,0.19931822,0.4982097,-1.0895064,-0.71509117,0.7712502,-0.11632964,-0.51388127,-0.2841617,-0.39163408,0.4335596,-0.46422732,-0.8018635,-0.5941626,-0.14197867,0.76929116,-0.014809266,-1.1902131,-0.35302925,-0.51042974,-0.53737015,-0.23341836,-0.5028357,1.0577332,0.10935141,0.48865435,0.94560677,-0.5614396,-0.9519198,-0.10634796,-0.536079,0.5638607,0.2985464,0.024983617,1.2853304,1.3890433,0.84067196,-0.9057065,0.22436967,-0.7830048,0.40298828,-0.3105419,0.18983194,0.8218304,-0.8205117,-0.42904305,-1.1449566,-0.1026866,0.9015669,-0.71053946,0.9676872,-0.08697149,-0.47209847,0.91083074,-0.8031742,-0.82180005,-1.7339345,-0.13422137,-0.16985683,-0.2542138,0.7721369,0.16633931,0.34403,-0.88749915,-0.24415912,-0.1272944,-1.263351,-0.22647981,0.09499212,-0.07649003,-0.26807874,-0.93546706,0.24437262,0.392243,0.8556696,-0.8378277,0.047456704,0.41773236,-0.6292073,0.79419845,0.47225088,-0.6449944,0.1224639,1.6557244,1.8770739,1.2172759,0.5411246,-0.573293,-0.4059846,-0.7907919,0.50466025,0.39138046,-0.5156865,-0.19807196,0.11522147,0.20455405,0.17832947,0.6086955,-0.77001375,1.1927844,0.4554339,0.689648,0.3039952,-0.12266519,0.75126433,0.9233789,0.1341312,-0.24603523,0.7074238,-0.31836122,1.214517,-0.7198897,0.21461974,-1.1692871,-0.71038777,0.70911103,0.3818023,-0.33230367,-1.0949377,0.31892765,0.06839539,1.9997118,0.34940946,-0.9121695,1.1925359,-0.63535136,0.46302742,-0.5069387,0.21158212,-0.97533375,-0.2682446,0.6824859,-0.52250296,0.3442086,0.09767744,0.3531527,0.6521884,-0.70529777,-0.32373998,0.4318112,-1.2499977,-0.87938166,0.84225386,0.67811096,-1.0018442,-0.6362194,1.1816612,-0.5058798,-0.77306145,-1.3598671,-0.20518808,0.23110814,-0.11343043,0.26019573,-0.25921646,-1.3224992,0.012883972,0.1310019,0.45695212,-1.1249655,0.034475785,0.16958278,0.27854565,-0.48474243,0.5328265,-0.58760506
0.36778247,0.88459706,1.6711833,0.66969883,1.0696801,-0.14869887,0.39367747,0.48348165,-1.2634268,0.05279631,-0.1827209,0.13967954,-0.2953031,-0.5006682,0.02818068,-0.51999885,-0.16461346,0.13980225,0.18697011,-0.11384114,-0.63224775,0.17586674,-0.096444935,0.044484824,-0.35506448,0.17434442,-0.0686788,0.5282984,0.591619,1.5081687,-0.3508521,-0.005398207,0.879827,-0.005763886,-0.17096832,0.06696313,-1.0601175,-0.77139294,0.13104531,-0.18837175,0.9144196,-0.9822757,-1.2557641,-0.9129061,0.7733484,-0.123915985,-0.7943238,0.148298,-1.3657992,-0.078950234,-0.081681706,-0.17985058,0.51539534,-0.79693466,1.1039116,-0.23095782,0.012999157,-0.47041214,-1.296363,0.5289698,0.82181287,-0.023744084,0.43084645,0.6133133,0.18697399,-0.54292333,0.012772761,0.35662857,0.39534497,0.85927606,-0.37476048,-0.07835645,0.020041725,-0.73946893,-0.37391102,0.7100904,-0.5970383,-0.34151766,-0.13277891,0.5089338,0.30998775,-0.5431385,-0.51393706,0.09278149,0.4405004,-1.725614,-0.9975655,0.27350813,1.2157704,0.36689314,-1.1905098,0.11167637,-1.1688493,0.101127304,-0.9433117,-0.23763156,0.38378936,0.34193882,0.26210782,0.1810872,0.6769117,-1.6501685,-0.963157,-0.361735,0.38439995,-1.1055311,-0.9487824,0.3060478,0.3523975,0.8338177,0.20377046,-0.26315358,0.4040237,-0.792675,0.14117058,0.28828576,-0.9991345,0.097381495,0.91583,1.4980563,0.58406925,1.3272997,0.06581379,0.34881672,-0.41360626,-0.544257,-0.3511122,1.0402749,1.0155085,0.7169431,0.21466833,-0.5961228,0.576607,0.0269018,-0.743466,-0.43981236,-0.53396434,-0.2671643,-0.65582234,-0.9775569,-0.39387894,-0.09569423,0.22573364,-0.23551483,-2.153438,1.1043265,-0.076679654,-1.2211629,0.24434488,-1.1223726,-0.76120734,-0.12787971,-0.68032765,-0.41717905,-0.08391694,-0.70587236,-0.33538625,1.8520018,0.30065823,-0.4572723,-0.04453599,-0.30228525,-1.3393649,-0.22510326,0.58838123,-0.05167627,-0.45092526,-0.64059365,-0.67298484,1.571918,-0.42947513,0.10687269,0.5708658,0.32966992,0.4058296,-1.3137405,-0.56954926,1.0341444,0.5035628,1.2468463,-0.8344556,-0.84616524,-0.62539715,-0.29328427,0.46088716,-0.80116886,-0.8857481,0.2530471,-0.09828528,0.06973612,-0.030285057,0.29936704,-0.9256998,0.66532344,-0.35298207,-0.14128458,0.3212017,1.0342543,-0.4236244,-1.6219232,0.25344387,0.40748134,-1.1263725,0.4025323,0.7514339,-0.61041164,-0.28894335,0.46319228,-0.015018268,0.8793904,-0.9814094,0.15730184,0.55463976,0.40112403,0.8018566,-0.5704357,0.23741351,2.1261692,-0.053652976,-1.0533072,0.45657992,-0.7813593,1.287298,-0.7334686,0.029144654,0.9316495,0.22197136,0.008463727,0.57915044,0.090892375,0.08089889,1.2318265,0.40818805,0.84109896,-0.35445642,0.4352903,1.2527399,-0.03347446,-0.021303324,0.18241933,0.13578612,0.3812897,0.41875336,-1.7327466,1.9788991,1.7434194,0.77415127,-1.3390055,0.9503485,-0.01185207,0.09564385,-0.3602109,-0.65885967,0.0052457135,0.4428093,-0.83209336,-0.35977682,-0.8107653,-0.70829886,0.676653
1.1304538,1.0833783,0.2666823,-0.06652729,0.2763219,-0.44459248,-0.7258725,-1.0018995,-0.04054954,-0.43759373,1.0334249,0.37493005,-0.06456018,-0.92221856,-0.84216,-1.1870517,1.1545215,0.29222372,1.408413,0.6317706,0.6140192,-0.2749137,0.6327913,-0.5946897,0.5360535,-0.51922137,0.69443476,-0.31369692,0.0984665,0.729515,-0.16471408,0.31627414,-1.8225825,-1.5158372,0.44166365,0.39469826,0.95379096,0.25915927,0.34421265,0.25954702,0.40261605,-1.1448423,-0.08854756,-0.011952002,0.27968174,0.029236708,-0.606921,0.16956565,0.9444215,0.15003547,-0.6825359,-1.1363513,0.7842293,0.3254446,-0.7950153,0.6498026,-1.1841503,0.44085416,0.8219138,-0.0936081,0.90742946,1.3152989,0.9733817,0.03813564,0.12080739,-0.91915333,-1.7970955,0.3462961,-0.31933084,-0.2424729,0.32228196,0.7641013,-0.27935815,0.06175863,0.5164641,0.010145532,-1.434225,-0.74612474,0.79230285,-0.09963347,0.68573046,-0.76495695,0.65905887,-0.3729949,-0.40792933,0.42622167,-0.6865208,0.12838136,0.3464029,-0.64308035,0.06066661,0.42035857,1.0908291,-0.34186172,-0.81206346,0.46977037,0.27954814,-0.41912863,-0.16082741,1.3527977,1.1605302,-0.0530151,1.3178666,-0.3486715,-1.7623253,-1.3578316,0.16655235,-0.0314051,-0.29233232,-0.6263553,0.20365506,-1.5617492,0.4604645,-0.5086793,-0.58846813,0.037012726,-0.66745365,0.09602316,0.4866885,-1.5914099,-2.027743,0.06678557,-1.0535667,-0.17066558,0.23800269,-1.0761776,-0.46193823,0.5725926,-0.5570318,0.2812022,-0.32118148,1.0017948,0.14290729,0.8011848,-0.28076944,-0.6023277,1.4798146,0.8386156,1.5502113,-1.4365696,-1.5693085,-0.80823135,0.5946107,-0.19812164,-0.04522669,0.17578499,-0.8141295,-0.115025625,0.62818325,0.21083878,0.8924498,0.5535429,-0.36196157,-1.0738657,-0.6055363,0.6926149,0.004830697,0.47154695,-0.8400987,-0.7755862,-0.98851246,-1.3900956,-0.31395915,1.2654303,-0.32586175,0.7256,-1.3159163,-1.156486,0.16774522,0.8141325,1.2648892,-1.1831465,0.642587,-0.32569388,0.8182573,0.20111986,0.3753612,1.154679,-0.9488714,1.8539666,0.69446975,-0.3375802,0.36911428,0.7172382,0.6766961,0.13456118,-0.72621495,-0.42598662,-0.28004834,-1.404884,0.10314676,-0.7390627,1.269473,-0.47063616,0.06400009,0.16476198,-0.92450845,-0.16093771,-0.27056754,-0.23623186,-0.9500046,-0.6979014,0.17464936,0.6345126,0.40263188,0.8751964,-0.53894186,0.81935,-0.48519197,-0.19084765,-0.2783979,-1.023243,0.024973065,0.90311545,-0.28747544,-0.7590842,0.5427892,-1.053966,0.09419696,-0.87218106,-0.60886604,1.724571,0.3354835,-0.86854684,-0.7091167,-0.5155231,0.1727539,1.0016333,0.8996849,0.20140353,0.19018443,0.13180888,1.1464608,1.2332917,-0.8083881,1.6345966,0.4698404,-0.0964516,0.27832016,-0.33055428,-0.07598424,0.77027136,-0.106573164,-0.44851923,-0.7265185,0.9506447,0.018278077,-1.0669976,0.8733732,-0.750888,-0.3890874,-0.41784975,0.40063953,0.45307505,-1.2565262,-0.2839855,0.37147197,1.2049823,-0.8757276,0.5552127
-0.09665268,0.8750624,0.19276442,1.5953318,-0.63805676,-0.19070673,-0.02752924,-0.21102133,-0.12047632,0.39294663,-0.036713995,0.15219037,0.15244208,-0.21350291,0.5746295,-0.63088775,-0.06767902,-0.84271306,-0.0705352,0.46068597,-0.14934322,0.56835806,-0.09653366,0.11457299,-0.8499812,-0.49022087,0.22552298,0.032282446,0.8048174,-0.5204531,-0.01342883,1.2264699,0.05766796,-0.39645126,-0.1504232,-0.32534355,-1.0817307,0.44517806,0.1619374,-1.425161,0.4807137,0.3790513,-0.82255256,-0.14226633,0.6913846,-0.7412151,0.67111737,0.40578657,-0.7335643,0.8232538,-0.650881,0.54132885,0.25217545,0.02792738,0.19578625,-0.49017572,-0.5634296,-0.28047696,-0.16024496,0.45096815,-0.43765917,-0.007003159,-0.66839933,0.6766814,0.30491778,1.2244388,0.7368718,-0.38143852,0.24612518,-0.046786778,0.2084963,0.82805926,0.31465492,-1.9334882,-0.7846232,-1.0748019,0.22048128,-0.48555285,-1.0883677,0.6492573,-0.11344473,-0.8218946,-0.50565547,-0.08803665,-0.5259382,-0.316539,-1.2898272,0.12297323,-0.3995722,-0.61265326,-0.18416551,-0.23775338,-1.2331173,-0.16649209,-1.2692068,0.22505355,-0.28555334,-0.6798933,-1.2410219,-0.004200498,0.22753885,-0.3035114,0.55941844,0.6361198,-0.56698966,-1.039761,-1.3148274,1.3999019,0.7357764,0.28113988,0.15986633,1.2237322,0.18964182,-0.14991726,0.27937123,-0.41620204,0.05776136,-0.18061508,0.46682733,-0.019063272,1.228024,1.1200435,-0.66274256,-1.2052162,-0.06317258,0.124642976,1.1803404,1.4463681,0.2131169,1.2773473,0.30431315,-0.3612783,-0.88502675,-0.08863557,-0.6062146,-0.40143406,-0.572632,-1.3129183,-1.6163026,-0.40800774,-0.007031357,-0.92093015,1.1814731,0.5586859,0.03581411,0.12214369,0.7734796,-0.4654766,-0.100103855,0.91160613,0.06281382,-0.626818,-0.66927934,0.18886629,0.07664283,-0.7477823,0.6618806,0.3027792,-0.17018549,-1.1768707,-0.4625793,0.6932342,-0.13215874,-1.7282544,-0.51018715,0.17917645,-0.072655335,0.46990955,1.0070812,0.4873474,-0.021810884,-1.9334539,0.046634775,-0.8998142,-0.38733783,-0.7351943,-0.000693002,0.40736178,0.1456451,0.007361434,0.9405513,-0.1884504,-0.46234152,0.10980851,1.0896997,0.3444287,-0.24944653,0.29396707,0.42220733,0.25891674,-0.28411704,0.14609985,-0.0868331,0.9439743,0.4042783,-0.52332896,0.2942054,-0.017267924,-0.9233062,-0.9184848,-0.764945,-0.34899864,0.10105408,-0.724532,-0.32855815,-0.34029388,0.20441924,0.22482339,-1.1479695,-0.8387478,0.020726057,-0.13502742,-1.032774,0.3186336,-0.24259609,0.1182479,0.15063779,-0.07447519,-0.5311794,0.9436297,0.77554834,1.2879623,0.19865607,1.2005315,-0.39295787,0.6100363,-0.005015617,0.9828165,-0.526876,-0.8450608,-1.1201028,0.5935858,0.8831217,-0.9187374,-0.15779601,0.09762184,-0.7502751,-1.3215363,-0.033188097,0.95872,-0.5087472,-0.21164003,-0.07495685,-0.34889507,0.5382793,0.92903,-1.7785379,0.47403035,1.0489798,1.0383062,-0.49631435,-0.23608385,-0.414418,0.8174943,0.52975374,0.16572705,0.3964632,-0.49223182,-0.51640147,0.30436432
0.64395344,0.7914762,0.09293767,1.2041721,0.15074569,-1.2314373,-0.05273666,0.026380057,-1.266842,-0.65910053,-0.025674984,1.9282286,0.23735675,-0.106709026,-1.0885949,-0.8974235,0.027627643,1.3483443,0.54620534,-0.5451935,0.048567355,-0.2735326,-1.1738784,0.8804894,-0.03567884,0.67450494,-0.4711949,0.06587285,0.0961271,0.58828425,0.5697832,-0.11128733,-2.14579,-0.19153546,-1.051012,1.163099,0.95529324,0.5517368,1.02667,-0.30064154,0.3135314,-0.7145712,0.008198259,-0.08421612,-0.29479033,0.56024116,0.22819252,0.4976898,-1.0779831,0.84161663,0.5382516,-0.3586974,0.9804737,0.300964,-0.17713395,0.38755718,-1.2379528,-1.4230034,-0.92066437,1.1082646,-0.4668067,0.82137156,-0.7667615,-1.292091,-0.038200274,-0.11722408,0.10476085,0.2055342,0.5371906,-0.26720664,0.31586155,-0.6305796,0.315481,0.6656498,1.6376159,0.20954384,0.389689,0.7107059,0.21257329,0.4660127,0.0950195,0.34616542,0.21726179,-0.004704313,0.0548378,0.6975882,0.44460168,0.01562829,0.74615014,0.4126529,-0.8682574,-0.033321634,0.5768231,-0.71296155,-1.5303028,-0.82552993,-0.94201225,0.25701925,-0.1877853,-0.24612938,-0.45407417,-1.2635243,-0.8416247,0.40378818,0.86804223,0.23632337,0.65872294,0.79016155,-0.4340303,-0.9219284,-1.0659333,1.0251173,0.6715075,0.7729891,1.1546229,1.2359462,-0.031270135,1.5973741,0.8380408,0.77015346,-0.84870636,1.1531972,1.0327076,1.2214537,-1.264353,-0.18267341,1.1498854,0.22054589,-0.38097647,0.02010925,0.2235444,-0.88990796,-0.9605697,0.17704482,-0.86644095,0.22287427,0.42777872,-0.37663847,-0.4138255,0.8279101,-2.1618652,-0.6774991,-0.54345125,-0.614415,-1.5337542,1.1617737,-0.16459961,0.50204706,-0.24834657,-0.61225355,0.13405254,-0.67095256,0.11702239,-0.34894228,-0.6248878,0.22159742,-0.08424511,-1.5813043,-0.6346292,0.6732265,-0.3348721,-1.0991888,0.27711004,0.59681547,-0.61718124,-0.36288506,0.027942022,-0.78604305,-0.2422514,0.44376886,0.8291841,0.78727055,1.0819709,-0.8259134,0.4116893,-0.7994106,0.4436124,0.8340315,0.41400337,-1.251669,0.07802315,0.3472186,-0.09493987,1.4235611,1.4686972,-0.50603855,0.5507558,-0.75933367,0.23328486,0.6806415,0.52319837,-0.29198995,0.5658717,-0.32453373,-0.007306653,0.9690772,0.20397225,0.04936939,-0.27919894,-0.8476168,0.62145776,0.7939831,0.575534,-0.03932132,-1.7659012,-0.3726914,-1.2428689,-0.9962642,0.904996,0.6312279,0.27087855,1.1294951,0.3732267,-0.3605552,-0.42640606,0.13537322,-1.0564126,-0.43804133,0.36499,-0.88931805,-1.171959,0.7122441,0.16385232,-0.39821392,0.7756577,1.3038392,0.20907779,-0.49557507,0.3847414,-0.25926778,-0.26073173,-0.5033244,-0.99196523,0.10837719,-0.06647206,-0.69513774,0.12110152,0.5701673,-0.21025081,-0.12686622,0.7227275,0.86228204,-0.119643815,0.3108867,-1.2134157,0.16353963,0.28291795,1.5221039,-0.66644776,0.4951444,-0.24641702,0.12818313,-1.1380236,0.6585042,-1.6891541,-0.6631941,0.81496716,0.45182097,0.31828487,0.52938884
0.6318994,-0.4381508,0.2117071,0.5995311,0.11370793,0.94249475,-0.09588484,-0.3107828,-0.6586373,-0.6074739,0.17558235,-0.7697175,0.3446334,-0.47118056,-0.002477958,0.38506922,-1.0791156,0.6465696,0.1281706,0.58181894,0.37976503,0.8939453,0.0066121765,0.67924696,0.5133923,-0.341762,0.5666014,-0.27028656,-0.84820133,-0.37139922,-1.1723397,-0.17744692,-0.3285159,-0.40045443,1.0187792,-0.92912954,0.03141942,0.66130674,-0.8757856,0.39965823,0.4440004,-0.48217297,0.26306567,0.39162457,-0.73709345,0.22318128,0.16950266,-0.554295,0.30015975,0.13796178,-0.27870095,0.98634684,-0.5903766,0.08240631,0.9063241,-0.84755343,-1.4984146,-0.62105316,-0.65428925,-0.56375057,-0.43593708,2.023564,0.2059317,0.5896892,-0.46018186,0.36429554,-0.33859372,0.55309415,0.26947707,0.44838902,-0.43686122,-1.1151855,-0.94417065,0.2806717,-0.87518615,-0.246652,-0.31723228,-0.106359795,0.2547201,0.4742927,0.816188,-0.25829518,-0.47307274,0.34266612,-0.55987895,-0.693241,-0.29349548,-0.85156834,-0.64124894,-0.8417491,0.08643751,-1.3153937,0.37608504,0.20417948,-0.70759743,-0.9430923,-1.0760523,-0.6515342,-0.644309,0.08626725,-0.81880534,0.102062486,-0.5346079,1.0159642,1.2107328,-0.7138763,0.6278302,-0.046915893,0.8595923,-0.06511679,0.25357458,-0.01592016,-0.12436955,-0.48813313,0.91537774,0.21014109,-0.827803,-0.13449502,0.038835555,-0.054488216,0.6130634,-0.5481091,-0.6854998,-1.5843947,-0.21927744,0.0760242,0.1560923,-0.24505948,0.34780774,-0.07367174,0.70760053,-0.17356735,0.750339,-0.41280442,0.30081323,-0.40083048,-1.4979253,-1.8091326,-0.57162607,0.38355812,0.35748193,0.74856174,-0.6035855,-0.67088526,-0.21162342,-0.48331165,1.4077265,-0.06016755,0.027976906,0.362492,-0.35473073,-0.071075626,-0.3888324,-1.1848496,0.09212988,0.6399245,-0.68036264,-0.05401053,0.06904077,-0.17708091,-0.84950674,0.3854675,-0.73288554,0.043115634,0.49113566,0.6816284,0.75928867,0.015216231,0.44650733,-0.4956239,-0.8587475,-0.10799991,0.3714777,-0.83058226,-0.9455066,-0.7534825,-0.9603044,-0.70078665,-0.29787135,0.5454679,-2.0252614,-1.7689816,-0.23874328,0.57724226,0.05925564,-0.19187002,-0.81748897,0.26427132,-0.54439557,0.4764839,0.44734123,-1.1353331,-0.21841493,-0.44672847,-0.8464779,-0.3423296,-0.09761391,0.124613255,-0.90235037,-0.5655058,-0.03976822,-0.5416242,-0.2707859,0.3827285,0.08068889,0.25434884,0.08217177,0.01517391,-0.44058004,-0.70670885,-1.1541561,-0.2884239,-1.0451943,0.22809109,0.7436173,1.0305305,0.41172764,1.0442004,0.55864906,0.265145,0.19416282,-0.27936998,0.26898256,-0.43149534,-0.13498786,-0.4234758,-0.122782186,-0.057768688,0.49139816,0.38808206,0.022298316,-0.08471794,-0.81348085,-1.046744,0.48405087,0.9447728,0.52285045,-0.12648387,0.34656236,-0.90284616,-0.011891433,-0.28464812,-0.46519095,-0.45559657,0.773064,-0.896223,0.83522063,0.1325652,0.13547388,-0.85526645,0.49053943,0.84609437,-0.7439669,-1.1900796,-0.17158006,0.33110029,0.8268346,0.22449815,-0.25387883,-0.7574184
0.03149906,0.16689649,-0.18771571,0.6081248,-0.041225147,0.3823584,-0.062208377,-0.7201416,-0.0633028,0.11566023,-0.3640763,-0.69026166,-0.08701366,-0.31927013,-1.288461,-0.056091473,0.11033458,1.1133034,0.9350046,0.74945223,-0.63596386,0.78444856,-0.4812239,-0.47642028,0.32068327,-0.4844556,0.13147154,0.17255981,1.0485542,0.2752378,-0.051391285,0.14171338,-0.446275,0.4090545,-0.07998715,-0.38912302,0.4461044,-0.24061401,1.0355084,-0.87458074,0.03822431,0.0525832,-0.5645048,-0.25825772,-0.4349576,0.9832022,-0.37748578,-0.41422528,-0.580605,-0.9104598,0.55679405,1.9094636,0.28877747,-0.54812133,0.21680501,-0.48033625,-0.6671413,-0.4481234,-0.7213822,0.1109377,-0.4113109,-0.4176816,0.652759,0.7215097,-0.46168298,1.4609755,0.40493277,0.632746,-0.35780948,0.74275565,0.3419641,-0.119350195,0.45725065,-0.8779639,-0.8511038,-1.4755677,-0.8589901,0.88482916,1.3673983,0.16473559,-1.5321726,1.1389225,-0.16968735,-0.14923361,0.5611563,0.20361488,0.0021011895,0.7136128,1.6957959,-0.1679516,-0.21961772,0.2020665,-0.3159763,0.022422124,0.081492044,0.18022673,0.17297514,0.6318917,0.98899084,-0.73201627,-0.2906748,-0.704492,-0.0934754,-0.8743088,-1.0582929,-1.2502294,-0.2522987,0.8796458,-1.0535753,0.06300969,-0.31692076,-0.5147003,-0.017348412,-0.17321935,0.036394477,0.107746,0.24837561,0.22379254,1.7643331,0.6045384,-0.96365213,-0.024826989,-1.0236444,-1.3216617,0.16841695,0.33899876,0.6236691,0.4772639,0.16563523,-0.099025674,-0.12678704,0.7970497,0.67027897,-0.46571812,-1.0430182,0.153263,-0.42847928,0.6469202,0.07737448,0.544772,0.22897562,0.79548997,-0.19160286,0.50355977,0.90081716,-0.26266795,0.7021235,-0.47146022,-0.43596902,0.76728296,1.3098466,0.31936148,0.05744638,-1.0309043,0.79567367,0.119555734,0.8589235,-1.0659862,0.18402542,-0.70394355,-1.3482903,-1.129878,0.5501346,-0.3784622,-0.025338165,-0.41203624,0.2122841,-0.4748195,1.0326343,0.26141846,1.0102425,-0.03103863,-0.57607466,-0.9094746,-0.4856482,-0.7096007,-0.06962799,1.5577005,0.10447095,-0.44011116,0.6102291,0.73454255,0.81103796,-0.103067234,0.22379929,-1.2637819,-0.35108334,0.4674253,0.832654,-0.10595996,0.5678359,-0.84727025,0.048576944,1.1913872,0.47020558,-0.6683355,-0.1574547,0.51646626,-0.31351185,0.95972145,0.26867342,-0.09956641,-0.14476438,1.3438845,0.34669915,0.23562886,-0.0123496475,-0.1968123,1.2985055,0.997002,-0.034128483,0.9736702,-0.81782436,-1.0523674,0.70528036,-0.7458623,0.45292264,-0.69526166,-1.2126638,0.5502161,1.1047944,-0.52962774,0.6221118,-0.7520889,0.21011814,-0.487936,-0.056077622,0.56734455,-0.00427156,-1.7226164,0.223186,0.40551156,-1.6153556,2.5969157,-0.7214586,-0.67470074,1.4722947,-0.34995726,0.38674632,1.0825188,0.24386866,-0.6948732,-1.0894201,-0.3425257,1.6607561,1.9130114,0.64225817,-0.7395604,1.0249989,-0.600981,0.23602289,0.97466356,-0.7798705,1.8680363,1.0731424,0.6945387,-0.45003667,0.89510703,-0.4791713,-1.1482453
0.9150555,0.41673023,0.7674303,1.8254132,-0.9200658,-0.44098353,-0.07058516,-1.0052103,-0.029713912,0.6978183,0.4803562,-0.8950525,-0.6950591,0.61568296,-0.84263045,-0.40966645,-1.434601,0.18387718,1.0202944,-0.061824523,0.96879095,0.1320921,-1.4509792,0.5061246,-0.68873066,-0.29285914,-0.5503892,0.5205559,0.34846127,-0.12583718,0.49473107,-0.40122285,-0.375225,2.0131528,0.9654341,0.88209283,-1.4651304,0.16970754,-0.8298139,-0.06911978,0.058315683,0.2246293,0.55310524,0.03163478,-0.013504682,0.18023178,0.15945001,0.39581415,-0.99763197,-0.47585422,0.4939056,-0.53792554,0.21502109,0.17054392,-0.2867722,-1.3921758,-1.158454,-0.66366196,-0.66050607,0.026858144,0.9806181,-0.31781033,0.74142915,0.59698963,-1.5361948,0.2018453,0.58102137,-0.14028642,-0.105089135,-1.0224359,-0.41509914,-0.20934978,-0.4803368,-0.9299014,0.26068395,-0.53044873,0.32764006,0.23630603,-0.97621745,-0.4854758,0.54708076,-0.29309255,-0.58454925,-0.863712,0.6479545,0.7773055,0.123883866,-0.23146568,-0.21844979,-0.4170226,1.0372013,0.4864864,-0.6210859,-0.04541011,-0.3591242,0.7875962,0.49656138,0.71292394,-1.216174,-0.8704116,0.047031812,0.07648624,-0.85020083,-0.85292274,1.0668404,0.0879902,0.2823901,0.271336,0.08391731,0.48529628,-0.2726903,-0.45357084,0.1519817,-0.033005,-0.96233773,-0.9614787,3.6200923e-05,-1.094711,-1.7697253,-0.92171043,1.070082,2.1615105,0.56124,1.672927,-1.6738477,-0.27736568,-0.14371973,-0.48462462,0.026414044,0.21596408,-0.053187944,-0.4467296,1.428436,-0.55246454,0.27807477,0.0712047,0.106043994,0.488642,-0.09262607,-0.6372114,0.31526658,-0.99541724,1.0528198,0.8121879,-1.497251,-0.4145236,0.14586273,-0.13267426,1.0490743,1.0994166,0.75226337,0.46260977,-0.29581288,0.051007092,-0.18500555,-0.53913945,0.59739417,-0.24431008,0.0319913,0.920697,0.18485124,0.54176563,1.0273257,-1.2152891,0.6733428,0.2084528,0.87611496,0.20489012,-0.6776792,0.54258823,-0.7553335,1.4817288,0.003969057,-0.23770012,1.9823468,-0.50317,-0.72292143,1.2081171,0.42579684,-0.5794141,-1.291694,-0.9716104,-0.020799255,-1.0001712,-0.039640892,-0.45413575,-0.21185513,0.83501405,-0.4477743,0.9535354,0.8851309,-1.3445742,1.384564,-0.5029399,0.25082514,0.061255418,-0.4248077,-0.017894907,0.69883585,-0.123461194,-0.23123372,0.41382396,-0.2609873,0.49522477,0.18284504,0.21074693,0.35023427,-0.6718821,0.55078435,0.42560664,-0.5619005,0.69880563,-0.2963038,0.86309695,0.0057045976,-0.9932431,0.27951953,-0.48615456,0.7614256,-0.2833481,0.4577174,1.0484351,-1.2143295,0.5759071,-0.40738028,-0.03842953,0.25996447,0.22022055,0.5195511,0.49462542,-0.35404685,-0.62365454,-0.9858441,-0.6879726,-0.5187252,-0.5342436,-0.5462418,1.3420396,-1.3884138,0.4593278,-0.617091,-1.5307435,1.0900613,-1.2903142,0.49804467,-0.3473273,-0.6276874,0.490233,-0.038312837,-1.4562314,0.619776,1.0561441,-0.5854728,-1.8747717,1.1537467,-1.6895982,1.1756963,-1.0860083,-0.25855094,-0.27963722
0.12659393,0.550233,1.6259768,0.34694782,-1.1288539,-0.78509134,0.5834249,-0.56939006,-0.38330644,-0.44907793,-1.6271975,0.5414635,-0.13821745,0.29477063,0.10752355,-0.010155422,-0.1622643,0.32996705,-0.44433358,-0.020103866,-0.68946946,-0.3930454,0.86038345,-0.8943226,-0.37439328,0.29168218,0.037681676,0.36438575,1.6435915,0.7961779,-0.630018,-0.49955127,-0.4369738,-1.2727767,0.53036517,-0.027289517,1.2382134,0.6017152,-0.06895308,-0.12493156,0.3875493,1.0117687,0.42429242,-0.6476484,0.23310499,-0.90436965,-0.7564496,0.19834745,0.7626069,-1.0206652,0.8029648,0.5404378,1.0203011,-0.3349073,-0.2810932,-0.599868,0.73980075,0.25638893,-1.7960232,-0.054740448,0.5298187,0.82244045,-1.2680564,-0.4484805,0.10158429,-1.1544344,0.69372904,-0.9288534,-1.2485745,-0.16046673,-0.41171438,-0.040956046,0.42732954,0.69872296,-0.0560443,-0.8778178,0.19490077,0.58544326,0.58177316,-1.4417154,0.22578236,0.43498608,0.04064638,-0.2510479,0.8913985,-0.0733566,-1.1495266,-0.78127855,-1.6304446,-0.8841532,0.89468986,-0.6315982,-0.10955032,-0.6549946,-0.82886803,-1.7586466,0.65515167,0.27475837,0.1644307,0.062805705,-0.1677036,-0.43903035,0.13098344,0.6258495,-0.3921455,0.9531676,1.3500543,0.69497675,-0.02231502,-0.77776945,0.030425413,0.6516487,-0.09728938,0.77947956,0.016014956,0.6954589,0.080853686,-0.035452098,0.9363665,0.64548135,0.55975187,-0.123028524,0.48927763,-0.64390624,-0.709986,-0.10067614,-0.469896,1.0387686,1.0625402,-0.2682292,0.35753018,0.5913649,-1.321996,0.27075106,-0.6504221,0.037884653,0.47184888,0.13152261,0.103347935,-1.0033907,-0.86738306,0.04707618,-0.6191557,-0.03118119,-0.1999082,-0.4165365,1.1275324,-0.4312891,1.1571413,-0.23231372,-0.64395803,-0.649885,0.05920799,0.4076739,0.6201204,-1.0383283,-0.025630312,-0.18748708,0.44175655,0.124472074,-0.16024946,-1.230395,0.07947004,-0.14383394,0.30688602,0.72133356,-0.19567376,0.19989169,-1.068262,1.5212717,2.1928089,-0.6630412,-0.92034835,-0.727389,-0.6096293,-1.0125933,-1.4284574,-0.55372286,1.842962,0.12500718,-0.30765226,-0.6133097,-0.40730697,-0.46046886,-0.42056337,-1.7649031,-1.1049013,1.622057,-0.07691936,-0.3033504,-0.5900488,0.7103796,0.062188987,0.46081895,-0.72719306,0.5582119,0.6142845,-1.0377543,-0.4251391,-0.32945895,-0.23864493,0.78170514,-1.4011364,0.058551732,-0.6028243,0.10729751,1.2152984,-0.8689199,0.845706,0.21096736,0.43345553,-0.5486064,-0.7684538,-1.5111642,-0.2116245,-0.7121991,-0.5168376,-0.02793312,-1.3543525,-0.25850263,-0.54447746,-1.0629991,0.082045965,-1.1082255,0.30581087,-0.87181026,0.5145938,0.056303605,-0.6529854,-0.40225986,0.6080778,-0.75094175,-0.3713215,-0.17123683,-0.046132006,1.1863767,0.09905478,0.08694202,0.190947,-0.18125594,-0.21113375,0.16633065,-0.22217688,-1.0888207,-0.49039504,0.453953,1.1083353,-0.18949108,0.541417,0.5925643,0.36753953,-0.22177035,-0.030906195,0.06477577,-0.6936939,-0.26044,0.4169433,1.0166492,-0.73982847,0.2496813
0.5451637,0.44470352,-0.7989864,0.8916427,-0.038259562,0.5563203,0.48075086,0.6880613,-0.53997695,-0.23505554,1.2029935,1.9080045,-0.19029143,0.32369742,-0.106785625,-0.6728117,-0.36895517,-0.5207849,-0.06637016,0.4187607,0.5006429,-1.5142996,0.18111289,0.54402936,-0.21233799,0.81708026,-0.7484948,-0.19539557,-0.2917634,-0.65972596,0.024745889,0.9607963,-0.9305105,-0.4873422,1.0561981,0.631398,-0.33492786,0.4115492,-0.36788172,-0.6987163,0.3185292,-0.8599384,0.2155994,-0.45046288,-0.11940671,0.7358553,0.74220914,-0.47539768,-0.082436,0.26053235,0.3835281,0.15428309,-0.7318711,-0.97202766,0.48221675,0.99555147,1.319279,0.6399573,0.59802634,-0.91361624,-0.23174079,0.09252736,1.3520566,0.2589295,-0.4212576,-0.40099788,-1.0553324,-0.43279308,1.500845,-0.07324161,-0.024073737,0.71625435,0.28124917,0.68516946,-0.08148151,-0.1962449,0.05076014,-0.40845054,-0.8164101,0.114764206,0.18256435,0.53872454,0.67802906,-0.16029172,0.07147276,-0.5847313,0.5272867,-1.0384207,0.6539163,-0.58627033,-0.23784895,-0.5634933,-0.72113466,0.2628501,0.5730734,-0.7205642,-0.16067618,-0.69263077,0.10820976,0.21892506,0.5945058,0.3757295,-0.7334681,0.46215874,-1.4315406,0.4667587,-0.41186765,-0.29785118,-0.0044018915,0.01324142,-1.1437043,-0.5849961,-0.35871777,-0.0281955,-0.3374381,0.7747428,0.47830683,-0.14669834,-0.04417653,0.72538364,-1.414883,-0.23326418,-0.75635105,-0.05656747,-0.3046498,-0.2634505,-0.36908072,-0.57772267,0.47951028,-0.37841985,-0.2297155,-0.40354323,0.95479757,1.4594666,1.1109784,0.08590268,-0.025561191,-1.2807491,-1.4826214,0.7918808,0.21454902,0.9676318,0.95577335,-0.4649665,0.8163348,-0.52505654,-1.2082946,-0.08696085,1.094588,-0.6047005,0.2186156,0.34404698,0.015992196,-0.060009103,-0.10902344,-0.17618361,0.117016375,-0.086021245,1.1986471,-0.9331767,0.10797561,-0.21490532,1.5226732,-1.3556148,0.2963623,-0.81747216,-0.7024265,0.33525237,0.017110405,-0.28121963,0.22401007,-0.11304513,-0.090949014,0.55622005,1.2102563,-0.49020705,-0.97464526,1.0518607,-0.4272937,-0.064190894,1.2632046,0.74275726,1.0168182,0.4398119,-0.61234844,0.25623253,0.48542798,-0.5027396,0.58234745,-0.17631087,0.37467834,0.38012442,-0.9762389,0.22557001,-0.8120228,0.19111195,0.037259478,-0.058154795,-1.055306,0.7190196,1.0383157,-0.39394945,-1.2792517,0.0524726,-0.5947849,0.3486877,0.33869267,0.92250466,-0.68179625,-0.30983093,-0.6576812,-0.864367,0.091070905,1.46339,-0.7770698,0.6015935,0.3995307,-0.12531431,-0.12209042,-0.20448999,0.036379386,-0.13437615,-0.029007787,0.58814824,-0.55452746,-0.40060565,1.3895586,0.26001972,0.09966271,-1.0773201,0.29623985,-1.7118045,1.0949864,-0.009941066,0.52172244,-1.0522218,0.90150523,0.85620254,0.4103844,0.358329,-0.21984181,-1.4809135,0.43926686,-0.46265832,0.47989324,0.51603407,1.6533855,-1.6020598,0.8281046,-0.7027309,-0.039060295,-0.055969324,-0.3338783,-0.99179846,-0.3068525,0.62671036,0.75590914,0.21244839,-0.15252347,0.08018256
0.35598588,-0.9643055,-0.54204184,-0.96188956,-0.26791528,0.19929488,-1.0114206,0.01928288,-0.87679356,-0.62601215,-0.121684685,0.05404717,0.11828264,-0.8821318,0.74372506,-0.14564283,-0.10598795,0.4070457,1.2403988,0.1466338,0.8586187,-0.7166584,-0.48889786,-1.2205265,-1.3662755,0.85357827,1.3491716,1.1155182,0.46943378,0.2474952,-0.9130664,0.79959744,-0.5143963,-0.7840658,-0.91404563,-0.79525286,1.4247717,1.1540557,0.8814944,1.3069055,1.41232,0.017509459,-0.8689468,-0.72812897,-1.7585326,-0.11340352,0.60689694,-1.0276552,-0.52367055,0.5659379,0.36326155,0.38357347,0.15543422,0.35527918,1.2745014,0.8734558,0.44638067,0.37401456,0.5651746,-0.01121201,-0.01536949,0.5854765,-0.52251375,0.29391426,-0.22200567,-0.2051341,0.5190123,-0.41916612,-0.15426752,0.9173358,0.088249914,0.13220531,0.5461696,-0.639611,-0.119530894,1.0015664,0.12239023,0.23185854,0.65084666,-0.25312227,1.392537,-0.07308986,-0.0007030757,0.49643928,1.0536469,-0.35545173,-0.19876374,-0.19123296,0.10997829,-0.13028805,1.2905478,-0.45128,-1.7640902,0.17186187,-1.5778875,0.23807319,0.05667032,-0.59353274,-0.5493029,-0.4366588,-1.0671426,1.1624168,1.2680143,-0.2768099,-0.8703453,-1.584631,1.0008174,0.3683801,0.48727003,0.9148893,0.19537231,0.09622488,-0.44327638,-0.0063282317,0.64883465,-0.07993214,-0.7115921,-0.5986025,-0.5582974,-0.22672433,0.951241,0.45924968,0.07754146,0.9513368,-1.6976554,0.15912056,-0.42859182,-1.4531876,0.2458852,0.6889374,-0.06589516,0.1713833,-0.4908487,-0.8858084,-0.60170287,-1.7469968,-0.75702345,-0.25586694,0.8275586,0.665687,0.12356712,-0.23374471,0.3527166,-0.9495042,-0.14646375,0.2144292,-0.35179484,-0.36207828,-0.5893075,-0.68049616,-0.99423134,-0.7247526,-0.3861052,-0.99861145,-0.21823105,-0.61666805,-0.12011714,1.2556403,-0.4340453,0.07979071,0.3273986,0.746941,-0.4432663,0.8158718,0.7073423,0.38079944,-1.3681234,-0.39771977,1.2572672,-0.5820393,1.4725207,0.19837129,1.1927418,0.8462935,0.18901514,1.043754,0.33677724,1.2525471,0.7897694,1.0244188,0.70994496,-0.5514069,0.21816112,-0.4219177,-0.6885767,-1.0261164,-1.4586208,0.12548208,-0.94060266,0.13649969,0.40498763,0.19707783,-1.3921158,-1.741206,0.39420503,-0.7915102,-0.9456228,0.5113248,-0.14945363,-0.97773427,-0.79815096,0.17946082,0.37508672,-0.066126436,-0.33867577,0.3412228,-0.37709132,-0.1441747,-0.85646945,0.1375716,-0.5165791,0.529022,0.5437401,0.4215246,-0.4495012,0.24243058,-0.3323848,-0.45368987,-0.0060063377,0.5519791,0.64206076,-0.89361733,0.08054764,-0.0039736764,0.55157846,-0.5467089,0.35452333,0.14511031,1.047038,0.0513508,-1.4983964,-0.19536668,-0.55035645,-0.26707223,-0.091387205,-0.8974698,-0.21831714,-0.49243936,-1.6012677,-0.4862524,-0.63073105,-0.89600414,-1.1208891,-0.112726204,-0.44322443,0.36305013,0.108636886,0.87735444,-0.23742954,0.9764523,-0.0887706,-0.6726343,-0.20438585,0.5980672,0.18751605,0.12748791,-0.42251632,-0.051507436,0.12544814,-0.2797723
-0.32124394,0.52808213,0.029401058,-0.42978704,-0.03647805,0.32341722,1.0267636,0.16915578,-0.6105024,0.7090341,-1.223713,-0.18940789,-0.81663513,1.1875455,-0.390457,0.11935299,1.8255434,0.3550323,-0.25891075,-0.46619385,0.13360961,-0.14884607,0.01387933,-1.2056099,-0.87620246,-0.059875075,0.051392753,1.7396919,0.32832938,-0.019632887,-0.0119254785,-0.96340126,0.010804923,-0.00012701949,-0.33844084,0.72334427,0.65906966,0.61603135,0.3014957,1.533464,-0.518343,-0.64270294,0.42299378,0.23717614,-0.632166,-0.32800692,-0.5750957,0.571715,-0.17641746,-0.79088944,-0.2801325,-0.15653588,1.2836245,-0.72480214,-0.5227421,0.08830793,-0.05194488,-0.11663948,0.06493043,-0.13481934,-0.0014520837,0.21796514,1.2197591,0.399728,0.25651163,-0.36894247,-0.35402995,0.8239609,-0.1563358,-0.73798895,-0.8287806,-0.071101636,-0.28604275,0.22818035,0.11620005,0.26593697,-0.87966144,-0.23443228,-0.6527871,-0.99701333,-0.8231946,0.36144605,-0.81470215,-0.2561046,-0.929004,1.3253368,0.7461244,-0.75052816,-0.26398802,-0.018901562,-0.49834394,-0.81296426,-1.5432479,-1.501522,-1.2180681,-0.40168244,-0.3340985,-0.22319333,-0.94554317,-0.0570396,-0.85509205,0.65197253,0.8552855,0.20539838,-0.13297182,-0.58103806,-0.40073618,0.645543,0.114845514,-0.1751316,-0.15413903,-0.59191906,0.19100942,-0.6886155,-0.34739336,0.29844278,-0.02056445,-0.27324617,-1.0690126,0.8706223,0.20311145,0.3371267,-0.48720402,0.04319402,-1.5443048,-0.59013885,1.0109774,1.1984655,1.0354451,0.18284318,-1.6723907,0.3197765,0.082752705,-0.08177082,-0.7046723,1.3529122,0.8139023,-0.63240033,-0.5479465,0.049627192,0.30458465,-0.41927275,-0.5063534,0.051417716,-0.16951557,0.54406554,-0.5987067,1.0316619,0.9071868,-0.45956025,-0.9625942,0.64092404,-0.527385,-0.18997262,-0.8044632,0.2589346,-1.7085577,-0.6315688,0.5549249,0.70098895,-1.2088587,0.7654523,0.40233612,-0.45923135,-0.3501509,0.34209207,-0.23129618,-0.06685395,-0.023980934,0.31659395,0.49272457,0.8840765,-0.28012586,0.951068,-0.12470333,-0.06100739,0.54747665,1.2261633,0.46705535,-0.6018058,0.06113987,0.14121549,0.105067745,-0.15261012,-0.35327035,-0.6414196,0.13736205,0.14707012,-1.3529668,-0.16566238,-0.33715636,0.008598337,-1.2054988,-0.06329196,0.5965511,0.16868071,0.6440862,0.60319036,0.30747482,-0.0503629,0.59641665,-1.1902734,0.059611414,0.9533316,1.1103525,0.26053232,0.13567775,0.22340134,1.0173765,1.0354652,0.8134645,-1.1899817,1.2294745,0.8073523,0.9948964,0.43470863,0.4668874,-0.64341474,-0.39470938,-0.3536649,0.7790778,-0.15302883,0.060066998,0.753454,0.55122375,-0.1489714,0.03851673,0.39563426,-0.48608404,0.4015118,-0.30534756,-1.1194729,-0.15750994,1.1297982,-0.0773944,-0.090535395,-0.01055373,0.489368,-0.10582852,0.17240547,-0.2989934,0.16761547,0.5421366,0.41398084,-0.6140786,0.6982324,0.016698545,-0.7342456,-0.2874419,0.233246,-0.17473443,0.1376493,-0.2749388,-0.1409957,0.29255497,0.8445347,-0.16237877,-0.42175215,-0.7678872,0.5101545
0.71538734,0.2844631,0.8158344,0.36181036,0.4235463,-0.21348387,-0.0786548,-0.0829815,-0.5748777,-0.06089151,-1.317578,0.29809463,-0.17344323,1.3774736,0.5039975,-0.1407546,0.2197402,-0.4605976,-0.14496323,-0.35403398,0.8598396,0.051622957,-0.060291063,-1.4122497,-0.4625674,-0.98321396,-0.17993739,0.45439678,-0.39434838,-0.065237164,0.5326526,-0.33388093,-0.10508815,0.33993462,0.33309603,0.14520499,-1.7020726,0.6145497,-0.052574266,0.34860867,0.7047588,-0.7033487,-0.952237,0.38432515,-0.58951676,0.08443714,-0.9357248,-0.66399664,1.2375929,-0.52961993,-0.199402,0.14277178,0.30317098,-0.87102383,-0.06794413,1.2059714,-0.43368426,0.017541455,0.42350185,-0.50262344,-0.1431683,-0.28453645,0.6758258,0.20084397,-0.47951785,-0.5993602,-0.09049554,-0.25747707,-0.4118996,-1.8055257,-0.40319115,0.51052624,-0.41043136,-1.2735847,-0.89106673,-0.14888793,-1.8341311,-0.22799668,0.5500387,-0.8733204,0.15173513,-0.20977919,0.6342113,1.0099446,-0.7704268,-1.612414,0.10873033,0.14242956,0.2044471,0.20606183,0.17353539,-1.0215781,-0.042593412,-0.6326966,-0.5231502,0.19747353,-0.6881905,-1.1188415,-0.82176226,-0.9926526,-0.77528054,-0.3027073,-0.44992277,0.061811887,-0.83251774,-0.5540212,-0.08125615,-0.0035875947,0.06444025,-0.07383975,0.37930083,-0.40730438,-0.062111553,-0.37991393,-0.43708265,0.97747266,0.6704539,0.79514164,1.1836462,0.42595953,-0.30611473,-0.91375434,1.5060707,0.21343608,-1.8856425,0.10687793,-1.2242185,0.15038295,1.503707,0.53198373,1.0371745,0.14257376,-0.22816843,-0.100491785,0.9830374,1.0004319,2.494606,1.6711105,0.71434647,-0.69734555,-0.6026902,0.97191936,-0.37976462,0.016182778,0.52015543,-1.108773,0.26167545,-0.048658486,-0.2562385,-1.1587746,-0.56772953,-0.945697,-0.69804806,-0.043078776,-0.44606268,-0.49849942,0.0079145795,-0.19085485,-0.7560947,0.56424385,0.71078527,0.6086478,-0.86894935,0.90880066,1.7796155,0.49780995,0.060329564,-0.2284789,1.2107108,0.08126013,0.4408713,-1.6007807,-0.295911,0.53820956,0.842802,0.103702016,0.6341794,0.78744125,2.5221977,0.22271308,0.25767797,0.41112885,-0.56170017,-0.020836527,0.17143908,0.054562494,0.64721054,0.0650506,0.25581187,-0.16109073,-0.5825366,-0.21328937,-0.025756527,-0.031421002,0.67964566,0.4028983,-0.061239548,0.23441666,0.4321457,-0.030471908,0.19561963,-0.11994991,0.40490013,0.054732475,-0.5675411,-1.3303702,1.3793232,-0.34265468,0.010527362,0.3386021,0.37690073,0.29378894,-0.79891914,0.26522398,-0.055393193,0.094466686,0.43174514,0.1776227,-0.966503,-0.5979829,-0.5898916,-0.2130253,-0.2851426,-1.137679,-0.5814759,0.17309006,-0.74050885,0.47876135,0.51072824,-0.10023593,0.7003675,-1.0839592,-0.46381074,0.8749247,0.06149619,0.80342895,-0.4213505,-0.08397352,0.6085815,-0.088214286,-0.066515945,-0.11438208,-1.0159723,1.9053162,-0.94134945,-1.0634558,1.4460653,-0.107122734,-0.4009074,0.20217115,-0.21523799,0.034050815,1.1965514,0.21292429,-1.747655,-0.19841482,-0.21289778,0.36330408,-1.0302461,0.25467888
0.1957154,0.19098057,0.09114616,1.7809489,0.23280406,-0.100317314,-0.37213287,-0.4190705,-0.03724059,0.69111043,0.5900993,0.9231412,-0.81598395,0.52503246,-0.49657923,0.99477077,0.10228879,0.92964053,-0.29583097,-0.0433307,0.03322878,0.15508682,-0.26517472,0.36566484,-0.75558823,0.39789402,0.13454401,-1.8669251,0.7362041,0.24050122,-0.90252936,1.0065384,-0.13001415,-0.4395885,0.05934037,-0.58493143,0.65534055,-1.5179772,0.8446227,-0.04682195,0.13881668,-0.46670952,0.3403636,-0.686696,0.21850955,0.35220456,0.72631776,0.73610634,0.15245196,1.2460592,1.5286082,-0.32326135,0.13044912,0.44230336,0.4700486,0.38713294,-0.8819743,-1.3103667,-1.1722692,0.48466864,0.36089003,-1.2916958,0.87449914,0.10311948,-2.1897862,0.3518392,-1.3664185,0.3990969,0.33406588,1.5177938,0.26821494,-0.25594506,0.51578826,0.16660681,-0.17653117,-0.7084227,-0.68287104,0.5701906,-0.097075865,-0.38194016,0.38808712,-0.085788384,0.1614879,0.1797951,0.35205114,-1.3389063,-0.7932649,0.31815308,1.3234252,1.4906168,-0.69555575,0.8414702,-0.5260231,0.0053223846,-0.20910612,0.19412701,-0.31052166,-0.45978615,-1.4314011,-0.5028003,1.1874741,0.45331776,0.27745134,0.34122688,-1.3944138,1.2275299,-1.0070997,0.023848142,-0.5731908,-0.17878602,-0.7361058,-0.18771459,0.42998925,0.20154075,-1.2028537,0.020600952,-1.9251387,-0.5141586,-0.77335364,1.2648796,0.23601073,-0.3864954,0.2009183,-0.028160615,0.87651014,-0.7572596,-0.2732341,-0.9462843,0.79218525,-0.41770807,0.32924905,1.0225576,-0.39261118,-0.21273758,0.051534336,0.26388735,-0.61456513,-0.5705337,-0.7734379,-0.09502445,-0.1482342,0.20971845,-0.79376715,0.07144621,1.1027033,-1.0076443,0.23931533,0.8993413,0.73997927,0.4805817,-0.2787173,0.38737947,-0.22225296,0.42618284,0.18977228,0.059199926,-0.06053931,0.6341804,-0.41944608,0.03310236,-0.695542,0.44213653,0.39103726,0.25904995,-1.0369025,-1.2249416,-0.32062647,0.34233072,0.7329019,0.36859092,0.81078416,-0.10754747,-0.68471897,0.2786715,-1.0284977,-0.42963386,-0.28402254,1.0454746,0.87437385,0.1911321,0.38325375,1.1769614,-0.6423059,0.6112853,1.2240679,0.0010159469,-0.6253872,0.27262112,-0.017862795,-0.7206123,0.043076955,0.22710037,1.8229036,-0.51440996,-0.03253109,-0.46259877,0.1941504,1.4937031,-0.38864046,-1.2595186,-0.20173629,-0.39063886,-0.5268433,0.06526901,-0.10247451,-0.39963987,1.4447595,0.1997284,0.25524786,-0.30960402,-0.5597297,0.26478645,-0.33133322,0.004920471,0.59361815,-0.36501667,0.17185208,-0.542196,-0.55133206,-0.19384474,0.8689945,0.70016783,-0.08341993,-0.9836235,0.30035973,0.51201046,-1.8317361,-0.2169553,0.063956335,0.23114435,0.5187457,0.4443307,-0.2641041,-0.51968277,-0.20945232,-1.1808065,1.4592237,-0.91517043,0.30330667,-0.32485732,-0.56170255,-0.6449122,2.0939667,-0.99517465,0.8729017,1.022938,0.86743563,-1.4295046,-0.20990294,0.29153565,-0.18846896,-0.14215502,-0.44517747,-0.52529097,0.37390152,0.023515932,0.5715875,0.15210201,0.46500582,-0.41788667
1.4874002,0.45278355,0.7490076,0.5624887,-0.72950053,-0.83585876,0.04684972,0.06358683,0.7716714,-0.79478955,3.1707184,0.96834534,0.89598066,0.42722866,-0.79268116,0.5603703,-0.13320926,-0.3372266,1.1181841,-0.04435348,-0.6377053,-0.32286027,1.0511559,-1.0906245,-0.043660615,0.7135016,-0.22082257,-1.2190522,0.3420219,1.746022,-1.4219986,-0.5768345,-0.101665065,-0.7386205,-0.07510285,0.0074525224,0.20060287,-0.94276327,-0.16754188,-0.46706843,-0.20273875,0.73130995,-0.3824481,0.8423767,-0.26471224,0.94499266,-0.60864335,-1.0053449,0.6789692,0.18673454,0.134785,1.5234423,1.9260302,-0.06258043,-0.80928916,-0.36515695,-1.7455171,-1.0125031,-0.9724685,0.77600396,0.66667795,1.3468086,0.39613342,-0.019843018,0.63273823,-0.87273294,1.2711252,0.18518953,-2.176582,1.51237,0.14461064,-0.049589,-0.028096974,-0.6511015,0.21506931,-0.30991998,-0.7255329,0.5139701,-0.6474368,-0.48168012,1.6820465,-0.8710424,-0.05091356,0.07516661,-0.4728723,-0.9134182,-0.14994438,-1.057674,0.4935541,0.812981,-0.69477516,-0.42573312,0.042249717,-1.1122035,-0.35515407,0.39463213,0.0102000525,-0.9783817,-0.33162037,0.60356385,-0.26040074,0.7276079,-0.1161501,-0.5394901,0.70274794,0.7428813,-1.3763008,0.88710195,-0.6967441,-0.88323283,-0.38150063,1.3828989,2.0828977,-0.5221888,0.17893003,-0.767026,-0.7027987,1.3833264,0.36983567,0.98896873,0.8551133,0.7158428,0.81826746,1.1167212,-0.45280915,0.10562797,0.88308096,1.0244313,1.0379448,-0.7156788,0.5639659,-0.04346355,-0.29772276,-0.42830247,-0.6421123,0.8554473,-0.05900356,-0.7039587,-0.79276896,0.089194514,0.71016634,0.35103574,-0.63871455,1.1585355,-0.25636193,0.98650867,0.029477617,-1.3771902,0.85922265,1.2149724,0.9062134,-0.66303796,-0.21451047,-0.3037332,-0.39869288,0.63920915,0.24647509,-0.5387369,0.8589991,1.0677541,0.025640605,-0.8429956,1.1765683,-0.6016892,-0.41757768,-0.95648295,1.3659531,0.50098276,-0.29544625,0.16088219,-0.2796447,-0.60965425,-1.2504375,-0.015534973,1.0608164,0.2596402,1.3382666,0.9784236,0.72289145,-0.97855157,-1.5259138,1.1356367,0.913564,2.322942,1.0179923,-1.404021,0.034870945,-1.448435,0.21928288,1.4534644,-0.50323987,0.050189532,2.022145,-0.79435426,1.1129625,0.43339676,-0.22328244,-0.57816684,0.33781523,-0.11058065,-0.57038325,0.17222717,0.15598206,-1.2509692,0.43660173,-0.40324706,-0.8935334,0.5191081,0.060464624,-0.20636569,-0.12885861,-1.2057546,0.45780212,-0.8800799,0.44950977,0.22051261,-0.7107917,0.24560252,0.082223825,0.59896654,-0.09415936,-1.1058232,-0.24033384,0.25590014,0.41274434,-0.28350255,-0.03105598,0.0145534305,-1.1934971,-0.06110288,-0.31281167,2.4805067,-0.47648695,0.11993492,1.454446,1.211824,1.5842384,0.13544199,0.6566273,0.9033941,-0.80870855,1.693136,-0.5428134,0.96228486,1.2345055,1.0321295,2.0057216,0.00912489,-0.64271873,-0.18009704,-1.28796,-0.17766738,1.0271851,0.6652107,0.4632673,1.6361784,-0.19945563,1.6782291,0.3165708,0.039624333
0.62251383,-0.31704265,1.7847898,0.15772845,0.29366812,0.46900362,-0.8293181,-1.2143747,0.0027325326,0.44529387,0.47527197,0.036044408,-1.0543143,1.4541527,-0.1304199,-1.2795535,1.2941134,0.705597,0.77726877,-0.3144133,0.6115126,0.2727366,0.53855664,-0.020197826,0.33106956,0.047087446,-0.49802506,-0.23368388,-0.64123315,-0.16195467,-0.20067476,-0.91052663,-0.9801351,-0.031025011,-0.43653747,1.2380722,0.42010906,0.36178577,0.38774145,-0.40208286,0.36984855,-0.1604908,-0.023158578,-0.92377055,-0.953531,-0.2956661,-0.47214457,0.3535711,1.1918167,-0.28362462,-0.5070349,1.1116872,0.6793896,0.8027177,-0.35196313,0.5123908,0.64976,-1.056595,-0.6103291,0.9196594,0.09798386,0.9718758,-0.33091372,0.85624385,-0.061263565,0.09120968,0.005028482,-0.16517869,0.6124522,-0.41233242,0.11000419,0.5515579,0.024259262,1.1128889,-0.29407704,-0.70091575,-0.12669243,1.0992545,0.20588434,-0.062454723,-0.15583041,-0.4137732,-0.01241897,-0.55658,0.002101147,0.91433805,0.08355207,0.67028177,-0.14164509,-0.17323868,0.07331466,0.06849036,-0.80689204,0.062438294,0.01625374,0.39668244,-0.79302955,1.0846751,-0.27286112,-0.68925524,-0.21309792,-0.92642164,1.5089965,-0.40908024,0.23441608,0.83288306,1.0295424,1.3760244,0.9564442,-0.6646891,-0.19067709,-0.8373703,-0.4001993,-0.115072325,-1.0546603,-0.6263888,-0.20997465,0.7148955,0.5332433,0.11965517,-0.6433961,0.049940296,1.1505777,-0.4073782,-0.6159645,1.2985183,-0.45436236,-0.006792264,1.0776734,-0.60419387,0.036463708,0.6581315,0.16726051,0.04831223,0.74990344,-0.63015866,-0.34418076,-0.649281,0.68401575,0.38159522,0.40704438,1.4981897,1.1616472,-0.1473362,-0.53358465,-0.35462695,-0.06593084,-0.20041437,-0.9235555,0.842851,1.5572913,-0.7542736,-0.638764,0.4147078,0.09714948,0.43501008,0.30413252,-0.12986232,-0.31381968,-1.3528029,0.8545782,0.57156163,1.1397507,-0.37389055,0.60301834,0.31661326,0.9616284,-0.4674802,0.041096695,-0.58472043,0.5069725,-1.1905996,-0.28767705,0.6006195,-0.35218626,0.08330613,0.5002605,0.58950436,0.31214884,-0.37725097,-0.042955976,0.9063535,0.4765269,0.43377632,-0.36364222,-0.6345245,-0.52855444,-0.885737,0.7322363,-0.39353737,0.28219596,-1.26894,0.6390491,-0.22431873,-0.27611563,1.0593898,-0.36513197,0.2142338,-0.045186188,-0.16270083,0.8640961,-0.24032342,0.7604893,0.030741189,-0.04684584,-0.31488922,-1.3036013,-0.4326623,-0.48038793,0.18301655,-0.9469109,-0.60016865,-0.2110884,0.17310287,0.36191308,0.6525112,-0.5775227,-1.0304263,-1.0036733,0.011207142,-0.12728886,0.6612156,-0.56105644,-0.4251182,-0.51229393,-1.0196915,0.30678567,-0.34830588,-0.56046426,0.10402819,-0.1314632,-1.2643782,-0.5780283,0.3628821,1.1208147,0.35451972,0.03101771,0.5386018,-0.8173675,-0.46578336,0.5500659,-0.011093829,-0.9177725,0.26641968,-0.017630098,-0.53909546,-1.4876904,0.763672,-0.59137595,-0.098365456,-0.8179023,0.09749016,-1.02919,0.061724618,0.016536778,0.6969338,0.45510355,0.7937678,-0.0038805036,-0.6008512
1.2271205,0.29756552,0.8192348,0.7991162,-0.6425686,-0.19282436,0.21693812,-0.40357336,-0.72803897,0.43887463,-0.3816388,0.23431335,-0.76546025,0.8476123,-0.12349391,-0.44076744,1.0357527,-0.9010066,0.023228943,0.34941176,-0.24504744,0.69032943,-0.4219151,0.248763,-0.05052277,0.5427273,0.54427046,-0.5986728,0.13676247,-0.5651529,-1.3044734,0.56325173,-0.44720998,-0.0017802322,0.28096327,1.0275787,-1.589304,0.16960047,-0.5382323,1.0347052,1.4527566,-0.6242494,-0.5923775,-0.06911442,-0.25521132,-0.3896597,0.19313163,-1.4936157,-0.38867742,0.06649037,0.15636171,1.2472241,0.44588125,-1.2559885,0.26465932,0.8616393,-0.19146226,-0.7040993,-1.0311178,0.1494903,-0.2305571,-0.011553078,0.082468204,0.4677871,3.1041958,0.055314485,0.79331905,0.60593003,0.28081036,0.28388524,0.25011578,0.64164615,-0.30862555,0.23326086,0.4748162,-1.0200099,-0.9565068,-0.07998482,-0.36635354,0.47978902,1.1439493,-0.8117852,-0.18989532,-0.56465423,-0.44089606,-0.35534033,-0.0021203689,-0.7843788,-0.7731472,0.15980637,0.7163345,1.3452998,0.0891899,-0.23470642,0.6860247,0.12200255,-0.4143413,-0.7303344,0.44561532,0.19323416,-0.84788835,-0.49871933,-0.3208371,-1.0666502,-1.2381105,-0.099472456,0.15160844,-0.42260668,-0.5330674,-0.86653167,-0.9255997,0.5543844,-0.23110072,-0.77702296,-0.20652528,1.2014444,0.72517174,0.6261523,-0.25832486,-0.48601112,-0.07429188,-0.33836856,1.8556671,-0.052274417,-0.09150836,-1.31593,-0.12859733,-0.8944167,-0.8734806,-0.42220843,1.1619638,0.6475799,0.45509744,-1.0828049,-1.1372318,0.609047,-0.29711273,-0.5446986,-1.3868477,0.20409766,0.28685853,0.8100476,-0.28236613,-0.3656775,-1.2469344,-1.2506372,0.04370642,0.9681184,0.72049063,0.14495891,-0.5152517,-0.6611229,1.5867201,-0.11248737,-0.6008057,0.32606676,0.20575443,-0.14050747,0.04397946,0.09167565,-0.106757395,-0.2601545,0.6059797,1.539307,0.469435,0.0015445068,-0.3697769,0.05625441,0.9021839,0.41812122,0.32928434,0.20841171,-0.26050425,-0.66915965,-0.9897526,-0.24512583,0.5608843,-0.77494913,-1.0880253,0.17604718,-0.23232429,1.0915877,0.30153072,0.8280523,-0.44902083,-1.2314776,0.9321606,-0.15715276,0.6291082,0.39121994,0.14766598,0.097905695,-1.0515745,-0.20620134,0.33624622,0.74438536,0.16892944,-0.44490948,-0.16186193,0.26274845,-0.11951687,-0.22095543,-0.59021413,0.47857997,1.2058315,0.29013246,0.3649413,-0.22524376,0.411151,0.0614002,-0.3854199,-0.712116,-0.5156303,-0.1373708,0.960085,-0.8142592,-0.03953746,1.0996977,-0.64321,-0.80071515,0.027680794,0.7021819,-0.9384887,-0.62609434,-1.5552962,0.66303825,0.07468544,-0.28317726,-0.3674514,-0.42650542,1.0868338,2.046473,0.9702041,0.035839647,1.0719453,-0.2318707,0.99249685,0.23874438,-0.6062611,1.1989503,0.07109652,-0.93185484,1.0572206,-0.21451347,1.8222176,0.28908002,-0.25527933,0.3554376,-0.3841674,-1.4068519,-0.068505496,0.6403344,-0.7754508,-0.73765033,1.0453186,0.10266252,1.0998443,-0.50276333,-0.06916964,-0.5946388
0.82301486,0.6735344,0.07039095,0.13783804,-0.46964076,0.2832533,-0.24650915,-0.0032950446,-0.5871499,-0.25936937,0.034188394,-0.08428696,0.5254891,-0.60691935,0.1245111,-0.18764535,0.21252918,0.09568498,0.9560127,1.2264224,-0.11688985,0.24094667,0.41373587,0.53048384,0.5876516,-0.03860511,0.7030312,-0.45325145,0.6806146,0.08217219,0.34053537,-0.5283326,0.14935677,0.7956202,-0.47673213,0.7207968,-1.9652125,-0.14124088,1.0920208,-0.13519812,1.0971495,-0.26541394,-0.769785,-0.006146632,0.019833678,0.32716265,0.43783402,0.07623642,-0.95554245,0.069117606,0.741436,-0.19415033,1.1068809,0.13806657,0.70797557,-1.5227199,0.5523851,-2.0352962,-1.0932983,0.9032739,0.09404233,0.23418273,0.9375018,0.8713811,-0.41600448,1.0450735,-0.33756137,-0.37009984,0.02308069,-0.519582,0.48328924,0.7981933,0.00015999176,0.7044676,0.18167894,0.31408447,0.7162791,0.6740318,-0.43615672,-0.9303517,-0.032538675,0.06326883,1.3978322,-0.9074799,-0.69310725,-1.1353084,-0.00033718266,-0.20703508,0.7819225,-0.17486492,-0.9371191,0.13724068,0.47586113,-0.5299528,0.21215245,-0.7972333,0.27742952,0.69107854,1.1741847,-1.2071811,-0.3049425,0.28483307,-1.0492747,-0.5123664,-0.9954508,-0.35345381,-0.4914012,-0.09620069,0.33058828,-0.08755895,0.052350707,1.2147365,-0.8124626,0.19696696,0.74761677,1.2701615,-0.75893766,0.07644804,0.28557998,-1.352914,1.3969858,-0.022189269,0.0701406,1.2633904,-0.5676821,-0.2148939,0.42597598,-0.11382202,1.0028532,-0.27208877,-0.7365566,1.0870136,0.20339508,-0.03267396,-0.32075617,-0.06008191,0.16460975,-0.7482144,0.018903166,-0.2552546,-0.04106144,-0.18591681,-0.69528735,0.66828316,0.5052792,-0.49503636,-0.845418,-0.10520979,0.0986969,-1.054327,-0.14303431,0.1863354,0.7361795,-0.017449886,-0.7199551,-0.25604898,-0.27269405,-0.5010891,-0.100990176,0.17127235,-0.5901746,-0.47056037,-0.2314454,0.8098431,0.88305885,0.16805363,1.3395982,-0.34501523,0.4846024,-0.6485617,-0.16539943,-0.46309277,-0.1757487,-0.65480334,-0.19550401,0.27762467,1.1560551,0.7300767,1.0691061,-0.5549442,-1.5985279,-0.864853,0.07376192,-1.0622137,0.4908456,-0.27960578,-0.3564832,0.16463195,0.45145822,0.07625399,-0.03629733,-1.2446909,-0.096345805,-1.4686018,0.109326504,-0.41542265,-0.5779381,0.26420736,-1.0117714,0.57461,1.2844949,-1.0812887,-0.306341,0.6739525,0.18957654,-0.7399156,0.55205685,-0.9858075,-0.63951004,-0.49169,0.014665143,1.2036803,0.4439308,-0.13614126,0.030881787,-0.3615857,-1.0973008,-0.16116764,1.5798478,0.1588126,-0.99242574,-0.7092965,-0.67130244,0.16167775,1.065526,0.024928018,0.5984778,-0.44806486,-0.009454704,-0.5424479,-0.39729667,0.944717,-0.028094048,-0.3440669,1.0476378,1.7134081,-1.3304974,-0.57367426,0.24130759,-0.33739504,0.6941008,-0.06017363,1.2998447,0.32831976,0.9732747,-0.12774763,0.54179627,-0.6490999,-1.0898896,0.80309105,0.25242132,-0.6766787,-0.7749033,-0.6760593,-0.32138667,0.53442,-0.21545069,-0.7021686,0.6750644,0.44776428
1.1059184,-0.2815512,1.3551053,0.058165673,-0.6959406,-0.032308087,-1.9171242,-0.0082789995,0.066223636,-1.2295164,1.6012797,-0.2148632,-0.43597695,0.866875,-0.0010504024,0.28607458,-0.5868641,0.045267846,-0.5722698,-1.1623669,1.2844218,-0.45792055,-0.5085413,0.06766025,-0.46784738,-0.32408038,1.511158,-0.8157852,0.8097107,-1.4363961,0.40635234,-0.5233223,-1.0965296,-0.14364664,-0.74976265,0.9468483,1.3073124,0.04444366,-0.46296218,-0.7021511,-0.13715816,0.525379,0.11853477,-1.6399472,0.7473522,0.45499167,1.1813943,-0.7574814,-0.08140272,0.20334893,-0.37325543,0.46259493,0.47017238,-0.13657054,-0.3087504,0.015217163,0.34539828,-0.22901092,-0.8698384,0.7218676,-0.42510915,0.9599715,-0.65856594,-0.09314376,0.23453236,-0.5326046,-0.057764105,-0.4824061,0.2505504,-0.7887784,0.6222139,-0.10508701,0.40476716,1.4680967,-0.093335204,0.11127153,-0.6374795,0.9994602,1.195463,0.21630515,0.032880656,-1.9622332,-0.24166837,0.62166226,0.6225078,-0.46505225,0.56382596,-0.054130293,-0.29178384,-0.62594235,0.020526929,-0.7693213,-0.69631904,0.057516415,0.2853433,-0.6727621,-0.0743461,-0.50648135,-1.0773768,-0.17496589,-1.4447485,-0.6395261,-0.957604,-0.21290204,-0.36361557,0.22051652,0.41541162,0.94525856,-0.4889641,-0.92971617,0.9595637,0.14652917,-1.7740388,0.46417448,-0.71845394,-0.4832965,0.13073313,-0.32702622,-0.57055014,0.44003013,-0.29192683,0.17038465,-0.98713964,0.56934834,0.4934964,-1.217591,-0.15918513,0.99206537,1.3783996,0.00034196663,-0.96688384,0.091183394,-0.13693376,-0.21891248,0.56700563,-0.6319086,-0.32147855,0.2709003,0.6382205,1.2697594,0.6324628,-0.050766256,0.12042314,-0.5161934,0.6726207,0.13551675,-0.015626399,0.13778308,0.35941076,0.28902957,-0.7259592,-0.27069494,-0.21893708,0.9190856,0.561256,0.09233343,-0.012578473,0.60018075,0.8693776,0.8090612,1.1107134,0.27360907,0.34778854,0.4010975,-0.3240813,0.93291295,-0.49378464,0.3341997,0.61381537,-1.3113573,-0.41231978,0.94874066,-1.0691319,-1.3300648,0.56452507,-0.5175393,-0.16209418,-0.09466448,0.8203009,0.8664616,-0.110808566,0.91641027,-0.118884586,-0.30250803,-0.34978592,-0.42173254,-0.24662049,-0.51866263,0.5060398,0.3893934,-0.9057072,-0.6286322,-0.40303087,1.1386379,0.26624468,-0.11874661,0.70752114,0.057961352,-0.39276308,-0.06144844,-1.4083589,-0.6935384,0.14107388,-0.13568033,-0.7736825,0.19733897,0.95614785,-0.37332052,-0.43123716,0.5211411,0.5060083,-0.93918145,-0.56852263,0.4993824,-0.13179171,-0.4467201,0.14631695,-0.24995062,-0.42370722,0.80207473,0.4262457,-1.026447,-1.1973612,1.5339282,-0.42201766,0.24104124,-0.25509793,-1.0743481,1.0791075,0.036554456,0.60592985,-1.1985182,0.75289744,-0.16333167,0.7421591,0.7398876,-0.4856312,-0.75736815,-1.0983002,-0.99495035,0.7134506,1.3849862,0.5431874,-0.31269687,0.44391745,-1.1027343,-0.96484184,-1.2543103,-0.15174338,0.7138815,-0.2831539,-1.0467968,-0.2771745,0.24172091,-0.860199,-0.6682152,0.4816287,-1.6807156,-1.3452281,0.5432906
-0.2781413,0.22693247,1.3021039,-0.074396655,-0.09733991,0.006280064,-0.24480617,0.6133206,0.46663857,1.2070838,-0.17815545,0.14670993,-1.5153302,-0.022360565,1.3211304,0.03662731,-0.3022904,-0.34060732,-0.1643194,-1.4631406,0.47712183,0.58101475,0.5826534,0.17987272,-0.25228354,0.92560846,-1.5745432,-0.59633267,-0.9921157,-1.7679534,0.84848875,-0.2963128,-0.5372217,0.025818523,0.37208834,-1.3716167,-0.72370017,0.36887023,-1.3398838,-0.5584948,-0.05936382,-0.6303102,0.07523861,1.1044974,1.5778762,0.5321675,-0.35821486,0.04694541,-0.76935214,-0.29883292,0.41328242,-0.025613416,1.8785492,1.6254337,-0.6618041,-0.26213467,-1.3997637,-1.3272697,0.061852608,0.014808906,0.8543894,0.23005602,0.24558379,-0.028576337,-1.4283464,0.03382719,-0.2753364,0.5758633,0.38283062,-0.26385882,0.07520502,0.62543696,1.1401806,0.61911505,-0.17085488,0.64139426,0.11694986,0.013734374,-0.60471106,0.2420309,0.46022758,1.054026,0.36585745,0.3711842,0.05453397,-0.6675467,-1.0044149,0.3014643,-0.3214141,0.34991366,-0.15547007,0.6035315,-0.43221462,-0.42412883,-1.3187567,-0.69384164,-1.4123378,-0.9368578,0.9608353,-0.04326687,-0.06840904,-0.7558645,-1.0623066,-0.19251743,-0.5628162,1.0310285,0.91354907,-0.22674267,-1.9261562,0.02933963,0.2621663,0.05306532,-0.29464608,-1.3337836,-0.87597686,-0.32789737,0.18519643,0.34410277,-0.02048581,-0.017294189,-1.0337054,-0.30415213,0.32553816,-0.4501667,-0.00848075,0.95313907,0.13096154,-1.2969948,-0.30909064,0.25851277,0.38234824,-0.6204278,-0.43905804,0.1997844,0.8534973,-0.5648453,0.43503177,-1.3752464,-0.74464244,0.6980179,-0.4719313,1.2629932,0.7281318,-0.31744686,0.36629534,-0.847244,-1.3697293,0.874984,1.2439045,-0.08811932,-1.3445725,-0.13317917,-1.0743989,-0.39742672,0.456107,-0.17631058,0.11737795,0.40650955,-0.03964165,-0.8672717,0.10610473,-0.31828943,-0.92582136,-1.0730469,-0.3082822,0.24401315,0.2735792,-0.41324258,0.023639759,0.53234714,-0.61064816,0.800437,-0.89959687,-0.47474313,0.77136743,-0.24491806,-1.5597293,-0.15352127,-0.35761756,-0.3254109,-1.0211279,-0.52556735,-0.92752934,-0.74166095,-0.39989007,-0.1537419,-0.46132857,0.7562611,0.18914117,-0.16864239,-0.89794934,0.046923935,0.5883844,-1.5486981,-0.8127785,-0.105757765,-0.33813643,-0.39996386,1.048826,-0.057216704,-0.43340957,-0.19664453,-1.6406076,-0.41960567,-0.8627546,-0.029845554,-0.5353604,-0.46640757,-0.29325572,0.37090224,-0.8382398,-1.1788039,-0.051075555,0.07758666,-0.112086415,0.8810904,0.03581001,0.08599479,-0.93451434,0.34202793,-0.5461456,-0.36632785,0.5609783,0.28893757,0.25896505,-0.32899708,-0.034818295,-0.66332287,0.8826839,-0.3270328,0.9964202,0.21051252,0.83981115,0.34970498,0.21904415,-1.65765,-0.1423579,-0.44942605,-0.21480991,-0.31780183,-0.3990732,-0.021728998,1.724362,1.2366259,-0.33215478,-0.8109553,0.12097286,0.25662932,-0.9706945,-0.29956254,0.27955595,1.376021,-0.74962366,-0.16502607,-0.34688044,0.7246878,0.38332957,-0.16778475,0.6170524,-1.1742401
0.2700655,-0.1105848,1.1023357,0.2774395,-1.2308073,-0.14591235,-0.16267039,-1.5261397,1.2893944,-1.4040161,-0.9800014,-0.11142842,-0.53786224,0.81617385,0.8792701,0.21600994,-0.3779347,-1.1517024,-1.1194645,0.09179344,1.0247942,-0.7483395,0.3395908,1.056815,0.10395044,-0.5825738,0.27563065,0.9805875,0.41565034,-0.24322274,0.26605213,0.6720321,-0.195968,-0.49904042,0.61745685,0.596401,-0.23221603,1.0455331,0.41373113,0.765365,-0.7595713,-0.028363483,0.32287872,-0.34850803,-0.62774616,0.24667543,0.6442004,0.06172321,-1.093992,-0.6124273,0.35054445,-0.042973824,-0.529269,-0.8171897,-0.0017266035,0.55691665,1.1830969,-0.70760244,0.5625576,-0.28152576,-0.2925577,-0.8827344,-0.87720925,-0.16810912,0.8803394,-1.1132246,-1.7874523,-0.15373242,-0.83865744,0.6397935,0.8246439,-0.3034164,-0.40002942,0.75474954,0.8064792,-0.11145992,0.06469887,0.61017096,-0.7388189,0.29443473,-0.6751609,0.33836946,-1.2458261,0.43213978,-0.3465143,0.48031723,0.04396351,-0.35261887,-0.05956079,0.24197188,-0.31905675,0.46136728,-0.6800735,-1.0484033,-0.79846233,-0.19457029,-0.14626199,-0.4781508,-0.32623228,-0.60099745,0.9271528,0.9971751,0.7008293,-0.067194514,-0.46203387,-0.35906723,0.81065214,-0.28027874,-0.36238056,-0.103772774,-0.5752049,-1.3595247,-1.1490759,0.79724866,-0.6828911,-0.093875036,-1.4008074,-0.28652787,0.93964976,1.1437589,0.5879706,-0.4673158,-0.74117947,0.1506037,-1.4940895,-0.05854236,1.5039146,-0.25695622,1.0159,0.1583031,0.14352253,-0.6309374,0.4670012,0.22947048,0.9119275,0.023935553,0.118066415,0.1086008,0.24562468,0.034566123,0.027336374,-0.07240844,0.16518791,1.4066598,0.9652823,-1.1655596,-0.033383988,-0.48117825,-0.16588049,0.32068,-0.12597376,0.94274676,0.97742647,-0.51489234,1.4639508,0.0729897,0.14324208,0.5760495,0.5742661,-0.9091841,0.935821,-1.2690932,0.1238933,-1.0789785,0.9856941,0.5078792,-1.050747,-0.18398325,0.9225519,-0.9275999,1.2626613,0.06513121,-2.011375,-1.0733063,0.7411793,0.5244331,-0.58654344,-0.33220994,0.722494,0.2434927,0.64496285,-0.37011617,0.9647818,-0.63812214,-0.8518911,0.038602136,-0.73966295,-0.7861054,-0.2859424,-0.4027911,-0.65328217,0.44809803,-0.20880185,-0.7326997,0.31411022,0.4297309,-0.4193259,-0.9982315,-0.7420878,-1.6636038,-0.3801034,0.3631877,0.73353195,0.873183,-2.0265203,-0.20879568,-0.7534626,-1.0810207,-0.42451882,-0.9490282,-0.6974112,-0.18027917,-1.1193075,-0.014247108,0.8422887,0.8606552,0.8969585,-1.08543,0.78580505,0.8008853,-0.41062388,0.7530072,1.4673344,1.3205639,-0.18098724,0.16988929,0.906802,0.07383382,-0.3709567,-0.34619683,0.10273536,0.36560407,0.20999287,0.3477501,0.30306333,0.23164682,-0.5741187,-0.33412954,-1.5994227,-0.6861572,-0.45606038,1.3292849,-0.13003218,0.14330496,0.29363644,-0.8392565,-0.9288245,-0.86195105,-2.1482506,-2.2396498,0.20777681,-0.13717505,0.48111686,-0.14937225,-0.5810986,-0.8914884,0.37575752,1.0109276,0.62415946,-0.3535288
1.0386733,1.1578858,0.25014073,0.79857486,-0.46589825,2.021261,0.367829,1.0900567,-0.67332345,-0.71583056,0.28873274,0.63335836,-0.17772487,-0.2524749,-0.95076007,0.029754717,-0.23596299,-0.0022217305,1.1869736,-0.6297945,-0.13930799,0.59857327,-0.22459711,0.19309504,-0.7171001,-0.35973886,1.1847908,0.8394968,-0.5030939,0.27085137,0.83711207,-0.6255363,-0.84767383,-1.2623374,-0.112724535,0.54208684,-0.92673,-0.4673429,-0.6618703,-0.077645,-0.091180764,-0.2439025,0.48985162,-0.90239847,-0.34885138,-0.09429722,0.04941197,0.88550717,-1.1428721,-0.0386733,-0.397786,-0.4111162,-0.040782657,0.21736197,-0.80843645,0.77225196,0.08017447,-0.30608967,-1.1864166,-0.18812765,0.18185279,-1.0986238,0.11667353,-0.8592212,-1.0293958,2.1210272,-0.7967451,0.45011947,0.640264,-0.037315518,-0.088856004,-0.31941918,-0.07723564,0.9910746,0.75216925,0.46208516,1.3382282,0.26745227,0.8853294,0.33280164,0.5596819,0.18082163,1.088005,-0.20262748,0.6760062,-0.6488524,0.99396914,-0.41762364,0.6914185,-0.4953229,-0.5837111,-0.35829255,-0.0540237,-0.018657222,-1.1275008,0.52515906,1.4776808,0.6012561,0.33271864,0.32778168,-0.9644263,-0.9151399,0.49621618,-0.33855247,-0.22400492,0.7188042,1.4092673,-0.06382098,-0.5930755,-0.5637022,-0.80394113,-0.04927914,-0.44608057,0.3693724,-0.69828814,-0.85984975,-0.64723897,-1.1941398,-0.18896756,0.30231324,0.6004977,-0.5597599,1.7442212,-0.38625103,-0.80664396,0.36813456,-0.5427425,0.4717524,0.948215,0.50442356,-1.3653989,0.9194711,0.43538478,-0.8923747,-0.17272864,0.11902666,-0.9644369,-0.014903304,-0.82952654,0.21240096,-0.7635088,0.32741448,-0.019641448,-0.38118887,-1.5544508,-0.17492428,-0.28166544,1.1267394,-0.7723408,0.33660108,-0.69638836,0.9685991,0.8412522,-0.11028935,-0.36016664,0.20102122,0.11363472,0.30001274,0.21287295,-1.5017492,-2.0664709,0.15991051,0.026464192,1.1927742,0.3506942,-1.4019556,-0.28031814,0.15179965,-0.17147219,-0.5509028,0.14611001,-0.44273704,0.36604056,0.7134429,0.14145768,-0.5961203,0.37376493,0.63503253,-1.4644834,-0.22280842,-0.21029487,-0.56734854,0.19157144,1.5016758,0.5079644,-1.0675328,-0.7418167,-0.25517553,-1.1573287,0.23390125,0.20754802,0.7128724,-0.7281447,0.46406126,-0.06759482,-0.21511532,0.14631853,0.032584216,-0.093771115,0.69526076,0.2057007,0.42072368,-0.60823685,0.11288278,0.31220478,-0.4273757,-0.82040995,0.7115557,0.33241713,-0.54361135,0.4698527,0.53725153,0.14042564,0.83297527,-0.2787005,0.86807543,0.47224176,0.8058699,-0.0015493932,0.64598554,0.4946706,-1.1296386,1.0300026,0.43721318,1.2884018,0.5626148,-1.0673597,0.07829076,-0.41528144,-0.62093025,0.35779205,1.4485451,0.4348797,0.7737871,1.4398897,-0.3802773,0.7791325,-0.49531233,-1.7552723,-0.2876592,-0.45793444,-0.49490896,0.6555662,0.70011574,1.1842493,0.7105968,0.51945543,-0.21325155,0.47385752,0.07675722,-0.056569003,0.7271267,1.707919,0.17975703,-0.34233937,-0.15684354,1.3667227,-0.13570279,-0.5641081,0.3309873
0.98257345,0.3299419,0.28955066,0.534512,0.98495144,0.9641956,-0.83368486,-0.85883474,1.3386894,-0.03650578,0.5913059,-0.1223282,0.3307336,-0.3105031,-0.3399023,-0.68935096,-0.7803531,-0.38075894,0.6413103,0.08875564,0.032562207,-0.12975614,-0.26897404,-0.94262743,-0.46658772,-0.1983418,-0.10101544,0.52224237,0.365644,-0.9654338,1.0924994,-0.24716827,-0.06347182,1.2550876,0.026801493,-0.13806728,-0.12093543,-0.78537005,1.0149416,-0.17343485,-0.65122265,0.46332318,-1.0389831,-0.38904265,-0.13538675,0.18319531,-1.0356477,-0.13986105,0.64691025,-0.99105215,0.11593878,0.32469857,0.1779894,-0.12222535,0.13774835,0.05140106,0.021912327,0.40450144,0.15244885,0.86180943,-0.026146544,0.8098724,-0.07803556,0.046935048,0.2129091,1.0588919,-2.1447978,-0.45513543,-0.17581896,-0.050466076,-1.0250272,-0.2585761,0.6925183,-0.19166112,-1.4315156,0.66242766,-0.8268707,-1.3210691,-0.68699497,-0.16707456,0.7811598,0.31871223,0.2657545,-1.48541,-0.24829432,-0.31024495,0.34749985,-0.887894,0.43705666,0.51808906,-0.5500884,-0.65367407,-0.2506761,-0.5185905,-0.11701025,-0.20883605,0.545507,-0.75780207,0.53784376,-0.4987238,-0.5700152,-0.65955406,-1.2026556,-0.26519376,-0.37134787,0.13129552,1.0142919,-0.18453962,-1.0488951,-0.2777162,-0.08990116,-0.52187586,-1.0168242,-0.13733223,-0.42287105,-0.6109647,0.0109759355,0.12321126,-1.1309594,-0.24718781,0.30873576,-0.7665046,-1.2703209,-0.30340517,0.30524662,0.22971684,-1.1423038,-0.2779216,-0.8926293,0.27437216,-0.46188807,-0.5495405,-0.20250754,0.38183594,-0.08395576,-0.07940095,-0.45965353,1.0687833,0.08395661,-0.37923446,0.416125,-0.90454656,0.6089845,-0.23887298,0.31675786,0.24642003,-0.4188324,-0.25840345,0.96471995,-0.41787305,1.4237945,-0.13976505,0.18483305,0.19305652,-0.092689954,0.33092892,0.5944839,0.26768228,-0.29557338,1.0637032,0.1086031,-0.30738452,-0.48586443,-0.1921641,1.053595,-0.07624453,-0.15141618,-1.7440099,0.12087059,-0.090674736,0.48597944,0.3418589,-0.095237926,0.5653785,0.7954486,0.12258041,1.0087532,-0.53021455,-0.39457545,0.6426736,0.5598438,0.042580407,0.23791835,-1.4970946,-0.26940167,-0.15819195,0.51333934,-0.28746733,-0.31288487,-0.21380818,-0.6119565,-0.020057216,0.40086272,-0.268669,0.36118364,-0.09604159,0.88242,-0.22820942,-0.5083992,0.42849293,0.15571293,0.12419557,-0.88333046,-0.3106112,0.6958325,-0.99505186,-0.4868399,0.63454986,-0.014778014,0.5895409,-0.28548852,0.45364723,-0.69667804,-0.20502263,0.19821969,-0.4489579,-1.2733837,0.5101888,0.58542407,0.7535384,-0.021223884,-0.5126913,0.72789115,-0.78069615,-0.7505709,0.42698634,-0.0050867316,-0.26594427,0.9196386,-0.5875435,-0.2364654,0.9818471,-0.85689,-0.059807252,0.5153428,-0.5765542,-1.2018384,0.95057166,-0.078444384,-0.8321274,-2.0970786,1.995047,0.53107625,-0.89247745,0.17720893,-0.5109578,-0.069481224,0.2586765,-0.92171943,0.21140116,0.16942684,-0.27483734,-0.26838955,0.15434444,-0.437705,-0.20188376,1.8622156,-0.558937,-0.67070717,0.7139774
0.9867041,0.36028898,-0.31159294,-0.46007037,0.03319638,-0.6892389,-0.31713524,0.75907224,-0.6390724,-1.5793228,-0.08803127,0.46016636,0.5434843,0.70779395,0.14421813,-0.029981785,0.24604361,-0.8965077,0.12405998,-0.6085031,-0.56337225,-0.23077801,0.6678696,-0.7580233,-0.6351331,0.049932614,-0.20354795,-0.3903804,0.27054635,0.23452374,-0.38085026,0.6270013,-0.08785005,-0.02601117,-0.48534176,-0.75463504,-1.2559912,0.1101087,1.1479719,-0.73679364,0.7791387,-0.26909533,0.20578669,1.1219355,-1.2312388,-0.6484627,0.19325973,-1.4583373,-0.045440555,-1.0259938,0.49301416,-0.5268001,-1.0318235,-0.30800936,-0.30298796,-0.21395722,0.5798167,-0.32078937,-1.0136468,0.6846523,-0.2656842,-0.16292395,-0.15149823,-0.8570102,-0.09995997,-0.7830173,-0.42875472,0.9410405,-0.21501803,-0.31263414,-0.27684367,-1.0712941,-0.9857565,0.42923614,1.5110824,0.5323944,0.09073639,0.6393932,-0.18154986,0.55205005,-0.8162907,0.558803,-0.1630984,-0.54149747,1.2240618,-0.24387169,0.5044422,0.05459561,-0.2749254,0.43779936,0.007600527,-1.3194106,0.502684,-0.12467498,1.3073109,-0.5143068,0.051925823,0.21165122,-0.26131597,-0.068615876,-0.7277021,1.1242582,0.73108965,-0.6779616,-1.234738,0.6527443,0.3352283,0.57202196,0.29405084,0.6461691,-0.0697607,-0.8099968,-0.90111506,-0.73689395,0.21085273,0.0658128,0.21595223,-2.1719718,-1.2692244,0.8532599,0.2514296,-1.4723216,-0.18801534,0.58414865,-0.6602095,0.6260618,0.4109467,0.16653925,0.00644875,-0.5672522,-0.4031199,-0.37756938,-1.3024081,1.3865688,0.46446437,-1.1124398,0.0073002065,0.09319416,-0.18789552,0.7875678,-0.56815654,1.7992128,1.2237308,0.9984085,0.14205201,0.0958944,0.89833426,0.23026589,0.91761345,-0.3536784,0.79765385,0.56644136,0.5266441,-0.12078815,0.041941557,1.3730978,-0.5449344,0.0040947627,-0.360402,0.23401234,-0.9935048,0.5126012,-0.110325284,0.5744562,0.33453283,-2.0883303,-1.1958622,-0.3347158,-0.07827811,-0.2182383,-0.43715823,-0.6236193,-0.30838537,0.5716453,0.7896038,-0.037544373,-0.12959933,1.0224882,0.9972934,-0.6543578,0.18756624,-0.37211558,-0.67534584,0.86021477,-0.7094245,-0.28805736,-0.23093905,-0.2688112,0.27880323,-0.28119504,1.6643577,-0.78730446,-1.194479,-0.8181705,0.64939296,-0.55552405,1.4458996,0.6332075,-0.420566,-0.18521836,-1.0652654,0.0968323,0.00663301,-0.041316625,-0.45320112,-0.23043534,0.2592174,0.39507732,0.76427656,0.0001802076,-0.21892473,0.22762722,-0.2895147,-0.28047886,0.53665924,0.916855,-0.206463,-0.8250402,-0.11177228,0.7762277,-0.115878664,-0.47119677,-0.23265122,0.24335723,-0.50109446,0.002775702,-0.14062461,-0.2415122,0.4996859,0.4353022,-0.41327477,-0.7035532,1.4117266,-0.025782038,0.34728134,0.4423826,0.29786956,-0.09215866,-0.12231198,-0.3738987,0.33562753,1.3286043,-1.5396388,0.19106023,-0.6464241,-0.60535586,0.13595693,-0.2383612,-0.8934321,0.6518225,-0.35410503,-0.042185593,0.47516954,0.9736557,0.4832876,0.30253795,0.10137443,0.25380304,1.3530345,0.74631125
0.364655,0.002055571,0.10874296,-1.2790797,-0.2416627,-0.94801134,0.12772018,-1.1372417,-0.1489103,-0.84362125,-0.30299103,0.0030217771,0.10220457,-0.23032555,0.5275738,-0.25226206,-0.48184803,0.2924224,-0.49032095,0.17819582,0.45888928,-0.2400892,-0.66300553,0.90936893,-0.13619246,0.5313628,0.1951131,1.3427298,0.6634497,-0.47656706,0.32206208,-0.08970569,-0.47705817,-0.5210535,0.36505634,-0.940198,-1.3657548,-1.3826795,0.6658582,-0.20415184,0.118426844,0.59634334,-0.50345916,0.44633162,0.043791074,-0.25996637,0.026270011,-1.6866815,1.1923721,-1.4519618,-0.22596428,-0.27640188,0.13574536,0.38334614,-0.15311952,-0.5393855,-1.1673424,-0.92861855,-0.09425654,0.7097284,0.36149177,0.34212822,-0.3060336,0.20709239,0.56118524,-0.80025923,0.3626821,0.09835756,0.25089198,0.18306488,1.005628,-0.08725989,0.015921902,-0.15588386,0.10089421,-0.7237647,-0.5140377,0.037847303,0.6820529,0.026878461,-0.9977492,0.18470703,0.92244697,-0.4743703,-0.7676581,0.33521375,0.6461398,-0.16381063,-1.23757,-0.46011153,-0.11367452,0.19570762,0.03607931,0.1680509,0.07889931,0.08647796,0.650679,0.011830132,-0.43137565,-0.3935066,-0.7312999,-0.0418714,-1.0515696,-0.54635787,0.8107934,-0.8080614,0.06641797,0.2627895,0.6711506,0.30273107,-0.5038428,-0.42766622,0.58295333,-0.33840507,-0.4459128,0.07784054,1.1139839,-0.01729657,-0.9507662,0.051178485,-0.011231753,-0.51841515,-0.5057581,-0.1268305,0.7526806,-0.6978014,-1.2634861,-1.5067868,-0.44129387,0.5288749,-0.7238581,-0.21351174,0.22042023,0.23848742,0.013176749,0.37073606,0.75164115,-0.76195335,-0.2714487,-0.08031809,-0.6505629,1.1853262,0.46305916,0.8108898,0.83829975,-0.7694217,-0.87602943,0.33175912,0.26897913,0.688606,1.0209095,0.48601002,0.62017405,-0.2718324,-1.7286079,0.31038225,0.8511413,-0.5161584,-0.8986599,-0.9664134,-0.14452681,-0.6402019,-0.36638945,0.42624483,0.64861244,-0.13913868,-0.016477525,-0.6403191,0.16801096,-0.024429316,-0.7161585,0.76028997,0.6708685,1.4670309,0.5844252,0.18532698,0.43082714,0.0071047074,-0.22602268,0.65062046,-0.5402489,0.94739425,1.4089395,0.28545642,0.20481715,-0.48072797,-1.1042095,-1.709922,-0.23753363,0.15910988,-1.3596647,0.7656316,0.7221529,-1.1354867,-0.64678437,0.91580373,0.23849657,0.34048504,0.57857686,-0.10326803,-0.14243901,0.013103494,-0.103421636,-0.49016598,0.024804465,-0.42190748,-0.18197456,-0.8039026,-0.14114271,-1.0531257,0.2667045,0.52601993,0.939972,-0.42672148,-0.5413267,-0.26224095,-0.9116736,1.1278783,-0.3014817,-0.4681566,-0.37788045,0.4542034,-0.9089411,0.51205915,0.044141337,1.0996889,-0.45977798,0.681345,-0.46110556,0.284488,-0.10864197,-0.518977,0.27968714,0.332651,-0.26709682,-0.10875621,0.29299703,0.36432374,0.027417287,1.0862329,0.27488306,1.2213593,-0.25595358,0.5731884,-0.722602,-1.5463784,1.5318642,-0.42890504,-0.11125171,0.36794803,-0.3441302,0.75906855,0.9661513,0.41040337,0.96028847,-0.72822756,0.35153368,1.0065434,-0.055307344,0.53730214
0.49590316,0.6349163,0.8903622,-0.123949885,0.73131084,-1.4040807,-0.652028,-0.29134107,-0.40311638,2.1633346,0.10467469,2.5011227,-0.024917163,0.14818601,-0.23657455,-1.3746053,0.6797877,-0.50549763,1.0911998,1.1566817,-0.3445545,0.1732688,0.20759654,1.8618187,0.3859011,-0.27500516,0.72319084,-0.17068371,-1.730624,-0.51544803,0.73351365,-0.20848072,-1.724316,-0.35707685,-0.6975562,0.4778761,0.5880466,0.11387727,-0.8777278,0.37988478,0.013930558,-0.37991688,-0.89486897,0.41205934,0.9054421,-0.47069877,0.18894327,0.2017246,0.52247876,-0.2633317,0.45005503,-0.994413,0.52545136,-1.6517552,0.746928,-0.27040157,0.94690263,-0.6138698,-0.91786104,0.6594675,0.75270766,1.0469939,0.19929743,-0.4023475,0.20493098,0.4235283,0.9064777,0.005872152,-0.120235175,0.8798894,-0.6086572,0.7244998,0.643381,-1.7335967,-0.84711254,-0.9118279,-1.0034614,0.7100407,-0.4777124,0.32348847,0.39982596,0.7923818,-0.7653253,0.46025097,0.3330415,-1.0170926,-0.7690461,0.21337485,-0.7332027,1.1048667,-0.03781951,-0.5042571,0.14578074,-1.1097083,0.5206832,0.5528474,-0.18676703,-0.49919719,-0.66349703,0.6613386,-1.5094224,0.8978875,0.07001385,0.7367453,-0.22319008,-1.3818083,0.2623245,-0.8249725,0.9740373,0.88768405,1.2099088,0.17291632,-1.0749362,0.15100615,0.3459573,0.20804459,-1.0797654,0.30794328,-0.38323525,0.045665834,1.0759366,2.5921776,0.42121357,0.3858706,0.28772548,-0.113725364,0.46457252,0.44680965,1.5629643,0.79444385,0.038899843,-0.32997113,0.23540722,0.20965132,0.8618109,-1.1321104,0.46654984,-0.80181074,-1.1233661,1.0526122,-0.117290765,-0.08067375,0.075560965,0.37032652,1.2566321,-1.0017956,0.06415771,0.17563419,1.0883325,1.0636516,-0.06328313,0.90212727,0.47737658,1.1793162,0.34617695,0.89814794,0.15758808,-1.4126997,-0.37940532,-0.5688079,-0.10123649,0.3407637,1.6646757,-0.04153067,1.0458585,2.1663437,-0.9033197,-0.13355651,0.13606368,-0.16731124,0.59909934,0.5249167,-0.29815698,1.1058098,0.06474345,-0.06490337,-1.9711975,1.1178321,1.0381324,0.51640546,-0.71772516,1.1890781,-0.022828046,0.39032564,0.08481892,-1.4749775,-0.23045313,0.21883208,0.28754014,0.29440638,0.2394439,-0.9677876,0.5482763,-0.54086846,0.26244038,-0.04510771,0.018331723,0.8750956,0.2209493,-0.2367167,0.9799757,0.8365781,0.3604521,1.1775916,0.5964389,-0.041351676,0.94724643,0.10878741,0.5688229,-0.26615763,-0.7475256,1.0277518,0.39971864,-0.7024318,0.24657507,0.23142153,0.2964157,-1.3190472,1.5525869,-0.44606805,-0.53349197,-0.008294691,-0.9165393,0.8219089,0.17222863,-0.5141312,-1.7048517,0.54166275,-0.5044047,0.2786605,0.25636303,-0.055541117,-0.5879778,0.042612888,0.3038142,-0.41442454,0.5201768,1.2454739,-0.2808078,-0.7813453,0.14774436,-0.21654862,0.50982726,0.46348938,-0.55068904,1.2162737,0.9003521,0.08801815,-0.20218697,-0.45530578,0.62613696,0.005605826,0.029122293,-0.7949204,-0.3519883,0.8834888,-0.67153394,-0.16608702,0.46841934,-1.4592673
-0.7884534,-0.09720371,-0.28991783,-0.38678244,-0.9232715,-0.060303394,-0.96774,-0.29467624,-1.0582379,0.012331071,0.022164904,1.2956148,-0.3068647,0.35494912,0.51181257,-0.23292892,0.7855081,-0.37063798,0.4554607,0.95771813,0.7618339,-1.0648708,0.8665867,-0.6200869,-0.29163116,1.4100657,0.33165058,-0.37531787,0.3224349,-0.5392919,0.2591974,-0.5872102,-0.17840925,0.091837004,-0.21376045,0.21077995,0.3430369,1.0761698,-0.7300011,-1.5237697,-1.489495,0.45168695,0.36813575,0.02286064,0.16343558,-0.20848921,0.71707016,0.47780758,-0.046740264,1.0834681,1.0440608,0.7350912,-0.3573272,-0.79971933,-0.013694373,-0.17266469,0.08179116,0.008420859,-1.1164578,-0.061789658,-0.74490654,-0.17477576,-0.4438627,1.336661,1.2409008,1.4164544,-0.57581383,0.113718234,-0.5078892,-0.80917627,-0.7206131,-0.5491786,0.27559066,0.33533314,-0.22861168,-0.66282344,-1.0138505,-1.0327854,0.65687436,1.4747624,-0.07324781,-0.43435904,1.0575395,0.6778676,-0.3285327,-0.26282883,-0.15455176,0.12080448,-0.7276682,0.45172626,-0.43326414,1.1036477,1.2894759,0.5414459,-0.11448629,-0.83928484,0.25070742,-0.49020308,-1.3362372,-1.1824931,0.92447567,-0.5599515,0.086919166,0.092595965,0.92419976,-1.0893235,1.291091,-0.085053176,-0.78829086,-0.10259538,0.27337527,-0.92561644,0.30957037,-1.3337159,0.6675019,-0.87340796,-0.71466625,-1.2980676,-0.5408779,-0.008407308,-0.5222712,-0.3861734,-0.41954857,0.15298498,0.3572667,0.49175376,0.38591114,0.4572587,1.6778625,-0.55628526,0.5661561,-0.64894193,-0.41948524,-0.25367713,0.24115857,-0.15614529,0.16115181,0.40628418,-0.7874998,0.6420569,-0.21413437,-0.081795774,0.89123887,0.8804338,-0.8524249,-0.22681373,-0.0015730003,-0.52615213,0.6085822,-0.6951553,-0.6843044,0.111904256,-0.6327917,0.17286658,1.3941734,-0.16541567,-0.86359394,0.8810845,0.055376336,-0.03643416,-0.66279596,0.27335617,0.4528322,0.028379956,-0.21479386,-0.059818655,-1.0199443,1.5129952,1.1129698,0.09822263,1.6147659,1.3588989,-0.583711,1.0179338,-0.19467205,-0.13474822,0.36573917,0.6872622,1.2347302,0.42848876,-1.102991,1.2336218,-0.0053419075,-1.3320249,1.280289,-1.3946925,-0.6262341,-0.6894353,0.7098861,0.17775172,0.9052026,1.1557839,-0.7366032,-0.80341744,0.23435979,0.73588747,0.70635813,-0.3407989,0.3655764,0.5858242,0.37073147,-0.092814,0.75320524,-1.7478902,-0.06509877,0.67855793,-0.007836483,-0.4090472,-1.3287433,0.959807,0.5292861,0.29399142,0.008736487,-0.15323448,0.40784737,0.100731,-0.11647657,0.014111299,-0.18213415,0.8195817,-0.7812284,-0.11883225,0.31515607,0.8156183,-0.14535016,-0.45676526,0.4162063,-0.5278852,-0.33402273,1.5635694,-0.868562,1.0508825,-1.1442602,0.3532327,-0.28134283,0.122389175,-1.212104,0.41815925,-0.23018274,-1.045653,0.25247023,-0.034899957,-0.60124594,0.22874601,-0.019660998,-1.053831,0.7062143,1.3418345,0.7133372,-0.13334501,-0.6467261,0.34116298,0.5540202,1.2640318,1.4794086,-0.038965974,-0.33332428,1.072716,-0.873731,0.51878893
0.7697179,0.33925352,0.29753762,0.56162745,-1.0406941,-1.6519027,0.0022674743,-1.2083979,0.58072996,0.5091744,-0.8573953,-0.5941334,-0.2671519,0.8682499,0.11229412,0.13719806,1.2708449,-0.31765604,0.27042252,0.5894339,0.84694004,0.59945786,-0.7297016,-0.26835895,-0.26250595,-0.19396013,0.07694699,0.15583383,0.15046953,-0.09610973,0.06374344,0.04761255,0.71234274,-0.5222886,0.15804575,-0.15568678,-0.33533353,-0.2527941,-0.34428808,-0.6194211,-0.3682286,0.08125888,0.5014549,-0.98761684,-0.50666815,-0.8902145,-0.18933049,0.941003,-0.13639706,0.4479631,0.20911887,1.4958812,0.79217243,-0.37936988,0.03514708,0.28668192,1.2233622,-0.16604061,0.55156255,-0.9768158,0.7859314,-0.7185114,0.32542026,0.15652102,-1.8553329,-0.2973053,-0.48377895,0.28257188,-0.62334675,0.23518863,-0.052473508,-0.13695094,0.26004645,-0.34420997,-0.17140044,0.10142835,-0.5587868,0.26561892,0.59824044,-0.53972495,-0.81843144,1.3002764,0.15483513,-0.22641672,0.12722003,0.17706291,-0.45684114,-0.52114356,0.19587252,0.11647051,0.67175037,0.16450387,-0.11166825,0.3146253,0.24488994,-0.16790026,0.38747662,0.6153564,-0.7374668,0.3482285,-0.38616085,0.47550946,0.36874485,-0.4417758,0.25523317,-0.9311758,0.49928334,0.34103426,-0.17627564,0.28613698,1.1441385,0.2101724,0.6930111,0.14213894,0.2397243,1.795397,2.440961,-0.94104475,-0.07526671,-0.0019399527,0.43658948,0.023604538,-0.011515823,-0.81867605,-1.2494901,-0.50839543,-0.19004354,1.1854297,-0.32211185,1.0676897,0.4970824,1.082831,0.64594305,0.21761648,-0.9582621,0.20938689,-0.05819044,-0.27938744,0.29038092,0.5155766,-0.21873306,0.106728934,-1.390103,0.0066177556,0.6637998,0.697767,0.73004234,-0.02944924,-0.9412884,0.3967659,-0.49832392,0.33563215,0.5532242,0.36635837,0.29521006,0.26871613,-0.78596866,0.20713164,-0.5341227,-1.2684646,-1.0270591,-0.08412936,-0.8411514,0.09363748,-0.3577117,0.14359127,-0.16088134,1.0185883,-0.048268855,-1.5363508,-0.554304,0.7768172,0.5100361,0.26851287,-0.65608245,-0.7264643,-0.21522056,-0.7932931,-0.3838226,0.27538264,-1.0497781,0.22543824,0.31799898,-0.9248191,-0.28524432,0.4235112,-0.102034636,0.19550534,-0.29802042,-0.25717244,0.6668716,-1.1096654,0.095549576,0.18909344,-0.90622044,-0.30136013,-0.29957584,0.39286417,-0.14508203,0.31747985,0.34114042,0.06555295,0.40924007,0.4039483,0.09033083,-0.56444603,-0.42430258,-0.43032122,-0.598025,-0.6516982,1.0717543,-0.60734797,0.41520825,-0.023996515,0.8431685,0.050189074,-0.4193236,-0.48456523,0.14609115,-0.6212075,0.61627764,-0.97766316,0.22900252,-0.3206529,0.64640397,0.60286736,-0.66814,0.71933514,0.061442018,-1.1309144,0.26210544,-0.9954352,1.1984583,-0.7002312,0.34692565,-0.18835226,0.90844935,-0.2212028,-1.5244185,-0.7346988,-0.05217578,-0.4944632,0.09730793,0.6421142,0.32918435,-0.524455,0.0598023,-1.0103925,-1.2660912,-0.77874523,-0.7539347,0.79853487,-0.45122322,-0.81200594,1.5690217,0.557628,-0.62990165,-0.26709226,0.3712279,-0.016976627
0.6191486,0.31731617,0.8807361,0.7412133,-1.1617688,0.3788915,0.28866264,0.21105991,0.43147683,-1.0055143,-0.64462835,-0.4732483,-0.43228212,0.651485,-0.5926953,-0.17883103,-0.04605157,-0.18018366,-0.7986417,1.7204399,-0.48000804,1.3437485,0.12550893,0.097658366,-0.022792479,-0.4567356,0.03911343,-0.73338664,0.20030624,0.76757485,1.0495654,0.28609595,-0.625151,-0.76497805,1.0122575,-0.053794716,0.3540313,0.5360176,-0.5305472,-0.038745295,0.5720983,-0.6958938,0.5132714,1.0129642,0.30380487,0.30865142,0.07259758,-0.67986333,0.45459566,-1.3143886,0.32358423,1.0951961,0.47368973,0.2962101,-0.06360319,-0.44486997,1.1966646,-0.12995589,-0.8617484,0.44483942,-0.2752131,0.77172214,0.03194858,-0.696749,0.8740117,1.5017694,1.362299,-0.41331515,-0.26559955,1.6593797,0.25003076,-0.70221025,-0.8489976,0.34599802,0.14391081,-0.30520293,-0.09248484,0.25240743,0.341296,0.010261306,0.5206727,-0.47969112,-0.9641642,0.6242033,0.68159354,0.19939864,-1.05559,0.67199534,-0.1033987,0.41582334,0.12356743,0.08507947,0.13405418,0.027270673,-0.7290825,-0.6480764,-0.0036957145,-0.941797,-0.91667813,-0.54285383,-0.23074774,-0.3505253,0.05470309,0.8427769,1.7475529,-1.4515551,0.1448638,0.5583936,-0.5130429,0.8465393,0.5148685,-0.48517603,0.040369682,0.11747809,-0.3475968,0.47702363,-0.7233683,0.043553602,1.1117584,-0.6696085,-0.58182734,0.26719552,0.57922536,0.10717241,0.2642122,1.1436532,1.0761442,-0.33088058,1.0889903,0.030503305,1.3041024,-0.25222027,0.95773697,0.0048907497,-0.09237153,1.3065952,0.8438242,0.37172633,-1.2416735,-0.28686854,0.77322274,1.4708626,0.06276965,-0.746163,-0.7298257,-1.4579527,-1.8548582,0.74218816,-0.95239043,1.1433234,0.18570372,-0.21163093,-0.93203485,0.90945125,-0.57572633,-0.8365443,-0.41832617,1.1216027,-1.3748305,0.37237877,-0.52414036,-0.5743506,0.26584822,0.4799602,0.20183614,0.87864816,1.0310915,-0.33171552,1.3751385,0.3784701,0.418359,1.0248581,0.42841876,-0.6485393,-0.8995101,-0.0020606492,-0.8745914,1.4131323,1.3811086,-1.1256651,-0.24616715,0.25260225,1.8620995,0.81896544,1.5975723,-1.5903457,-1.0817738,0.9695542,0.9572843,-0.44202062,1.756409,-0.11458665,0.2602976,-1.6505864,-0.28476977,0.36228827,-1.8700382,0.60299844,0.38309044,-1.3256147,0.15555184,-0.06350784,0.11198742,-0.26173714,-0.1632813,-0.13469407,0.36730355,-0.21119313,0.28197676,-1.0399023,-0.3546959,-0.45122153,0.60415983,-0.115428045,0.5495937,1.1241543,-0.5786102,-0.1621566,0.71990854,-0.12766802,0.42951602,0.9057057,-0.15903215,0.37104234,0.1758475,0.7545435,-0.2932558,-0.42597795,0.059406757,-0.81616366,-0.9100286,0.44126418,1.3748847,0.046918005,0.7897895,1.0711247,0.24206783,-0.073804766,0.05288144,0.99462575,0.34939647,-0.3966265,0.18411218,0.121319346,-0.33834124,1.116556,-0.038219705,0.24918017,0.73004895,-0.9182513,-0.1875734,-0.21491255,-0.27815968,-0.5557716,0.67457384,-0.022253152,0.56643987,-0.11016723,-0.496441,-0.18902332
-0.6919527,0.6751722,1.3303535,0.14998472,0.07877594,-0.18709747,0.09076022,0.5883642,1.4423127,-0.121385366,0.6022049,0.7338373,-0.058007102,-0.40596431,0.15034159,0.3796849,-0.514401,0.45917636,0.6686689,-0.049668714,0.59874576,0.5030809,-0.23942026,-0.21302304,0.17969896,0.2717934,0.66057557,0.294845,-0.15081345,-0.4496382,-0.52793014,0.5100444,0.5893942,0.45543823,1.7744478,0.5667353,0.41482672,0.0075200107,0.89673966,-0.45375815,-1.1344323,0.77140766,0.050082166,-1.6329366,0.39389637,-0.70349896,-0.6852936,-0.35964784,-0.7651171,0.49157938,0.29763073,0.39066294,1.1694713,0.11829319,-1.0522834,-0.80126745,-0.8219965,0.63883126,0.4181073,0.2037683,0.68830484,-1.3943489,0.68784285,0.19965746,-0.43640298,0.74765086,0.9245838,0.26455605,0.009965972,-0.19394067,-0.46205053,0.36770865,1.2970446,0.25933328,0.06387175,-0.067511395,0.060820296,0.13786699,0.29696098,0.6336051,0.03634817,0.058225393,-0.67423636,-0.7822789,-0.0623022,-0.50494444,-0.40508255,-0.2515367,0.36107355,0.13940668,0.43537593,0.2768906,0.13995607,-0.086292684,0.95810366,0.98101926,0.6568238,-0.2906121,-0.5380085,-0.21599835,0.9245847,-1.2723786,-0.6842415,0.28068572,0.27807015,0.13854194,0.43115044,0.050445907,0.2085675,0.47769246,-0.082720585,-0.30970263,-0.30428353,-0.16233,0.03384565,-0.13924587,-0.25233328,0.07232268,-0.12255111,0.72867733,1.1235833,0.14670683,-0.7463585,-0.41852745,-0.7665444,0.6050689,-0.44242924,0.6426851,-0.5997315,-0.7284822,-0.09205586,-1.1682618,-0.9506341,0.22304334,0.21914029,-0.48526764,1.037809,0.63008577,0.79841036,-0.4332704,-1.8206118,-0.42657614,0.33437452,-0.12756146,-1.3466944,0.21573105,0.5893649,0.7708049,1.2880223,-0.73854774,0.99465686,0.5645966,0.74389416,-0.81822485,-0.07866367,-0.27650762,0.6858159,-1.3565934,0.09660131,0.79869944,-0.72400415,-0.6275708,0.56422186,0.24590029,0.73030186,-0.19666342,0.5024417,-0.10582432,0.47234485,0.41184092,0.052249514,-1.3857859,-0.40458912,2.1801724,-0.04884223,0.48534504,-1.526076,-1.3564963,-0.7845124,0.99740446,0.114673354,1.0119252,-0.22521009,-0.3800321,-0.4183458,1.9674567,0.67500436,0.13981785,-0.478752,-0.223199,-2.481605,-1.0517607,1.3802364,0.7501593,-0.42398617,0.4137221,-1.2556143,0.47669813,-0.59332514,-1.891491,-1.8219781,0.28139615,0.40907156,0.1915946,0.60755175,0.29408848,0.47634438,0.3613868,0.3372286,2.0144722,-0.21652043,-0.9995466,-0.19198997,-1.4228907,0.45237103,0.6610616,0.36345878,-0.88354367,0.6683764,-0.10322325,0.5455047,-0.633629,-0.12105821,0.51235163,-1.1823169,0.6784839,-0.417447,-1.4104171,-0.076415844,1.0250208,-0.043895833,-0.4156552,0.6215394,-0.32574314,0.48329955,-0.045708947,0.5012833,-0.39471427,-1.9237081,-0.52037704,-0.040729392,-0.21183677,1.279206,-0.20052387,-1.3502504,-0.101033784,1.745235,0.83234155,0.35185814,-0.010968996,-0.7931215,-0.5046753,0.68842816,2.2153807,-1.8414924,-0.5348284,-1.1951137,0.3735867,0.2961855,-0.20461138
0.48568594,0.5426315,0.05219111,0.5868203,0.21838869,-1.1811155,-0.30091307,-0.013818333,-0.55810636,-0.9219039,0.024884908,0.6987489,-0.6746066,-0.14142163,-0.0251304,-1.157785,0.5593016,0.042183794,-0.38194373,0.7090483,1.6455604,0.11126814,-0.052570608,-0.14079826,-0.14267954,-0.103020765,0.11843759,-0.23483336,-0.31331012,-0.53862476,1.3768276,0.68031096,0.7083863,-0.43591532,0.48110884,-0.3017888,0.2622127,-0.56150126,0.40497753,0.15253733,-0.30682737,-0.53844976,-0.3360338,-0.11651116,-0.32002914,-0.20014545,-1.0224205,0.561582,0.79911405,0.43651822,-0.014371296,1.0621415,-0.44439498,0.23903053,-0.17495434,-0.45573962,0.55990714,-0.6817799,-1.0938648,0.35424748,0.015226634,-0.664824,0.32721406,0.32634813,0.2368721,-0.47583935,-0.42696595,-0.073603906,0.077428564,-0.13536221,-0.8311188,-0.04065324,-1.7322763,-1.4628624,0.8573012,-1.0532914,0.27176017,1.3363407,-0.26729882,-0.6188256,-0.93962777,0.8615385,0.35096943,0.52767247,0.762859,0.28468606,-0.06571575,-0.26004875,0.086981624,1.3492914,-0.7260335,-0.50832003,0.39213103,1.0179,0.08214699,-0.5785454,-1.2251722,-0.8825547,-0.62464947,-0.5020577,0.30272594,1.3477112,-1.1458185,-0.38264263,0.86438954,-0.09215031,-0.14973593,-0.12716,1.3356985,0.22669616,-0.2543887,0.33215946,-1.049399,-0.037164282,-0.989835,1.0634246,0.63868445,-0.46496958,0.6965664,0.7214124,0.29675424,-1.231001,1.6073903,0.9047919,0.78210634,1.2046883,-1.8166866,0.47908923,1.0370762,0.086558774,-0.39443657,-0.35825613,-0.68647265,-0.022645542,-0.07870094,-0.47118548,0.58146167,0.06394703,-0.25954443,-0.17854506,0.62634194,0.0026286787,0.68648064,0.7551049,-0.4861485,0.50321305,0.835997,0.29773533,-0.3397042,-1.4117123,-1.5109231,0.508828,-1.1342354,0.24501753,-0.5128378,-0.3989779,-0.6328187,-0.4353271,-0.7289013,0.82336134,1.2501279,0.8856999,1.6296303,0.71804875,1.3742541,0.016232586,-0.076161206,0.73713464,-0.6661526,0.08556195,0.20266528,-0.13543095,0.73203975,-0.2997591,0.20241228,-0.7310281,-1.0972449,1.3906726,1.5907974,0.37719128,-0.90739906,0.6065309,-1.6844754,-0.5938387,1.0100311,-0.8469075,-0.4148921,-0.1533847,1.0493459,-0.28449735,-0.18690014,0.07388762,-0.74515605,-0.36137632,0.496875,-0.15111648,-0.6221323,-0.9772882,-0.45060217,1.5263466,1.4814663,0.096622236,0.43517375,0.4052258,0.7487313,0.30708295,-0.43678272,-0.7559524,-0.8456858,-0.11558883,0.32630908,0.3661984,0.17504543,0.22013785,0.30552644,1.0756989,-0.6526825,1.4243845,-1.0354093,0.23421355,-0.916181,-0.29057923,0.9936601,-1.5842642,0.83384997,-0.40711293,-0.93182474,-0.7269126,7.2526476e-05,1.8540016,-0.18489568,0.8080652,-0.8533221,0.7579403,-0.2852626,-0.18090008,-0.7372598,0.12162683,0.118133925,0.14654876,-0.68446535,1.3979479,-0.502519,-0.7333438,0.035566617,-0.84225404,0.9375567,-0.92678064,0.0524517,-0.37241438,0.43618795,-0.30479753,0.5255258,1.1910774,0.72703475,0.6190961,-0.26096934,0.68068403,-0.74237496,0.0019240553
0.26419058,0.24686033,1.0633439,0.40066475,0.5396396,-0.3038243,-0.27025867,0.101026125,-0.070932195,0.7118218,1.4442444,0.7167519,-0.56526345,0.13588919,-1.0307965,-0.2832219,1.0831031,1.411589,0.25837296,-0.0909789,1.1179937,0.4262404,0.003216906,-0.36752683,1.0473568,-0.34123036,-0.57251805,0.4612565,-0.14720236,-0.35572368,-0.14061815,-0.09719474,-1.5426278,-1.5100472,-0.05113772,0.29028338,-0.27484575,-0.7043226,0.41236952,-1.2987938,-0.52987057,-0.7129823,0.7038713,1.3710761,0.7593521,0.07407183,1.5233965,-0.42320865,-2.0437548,-1.4104562,0.49191543,0.97287303,0.97009075,-0.027289884,-0.43743342,-0.78908175,0.07830341,-0.58977544,-0.5642206,-0.29825765,0.06584064,-1.0360044,-0.45921773,0.61013556,-0.4002598,-0.21804805,-1.1287527,-0.93655556,-1.6041614,0.4063417,-0.05876976,-0.04700134,0.7722734,1.0061111,0.20216641,-0.23572613,-1.7885894,-1.3381569,-1.6877177,0.36531413,0.7360965,0.3383875,0.04807187,-1.155086,-0.76698184,0.395371,-0.35669476,-1.0278565,0.22145538,-0.5951744,-0.4133785,-0.5115579,-0.045564294,-0.971637,0.12927918,0.98422563,0.17938656,-1.5673592,0.8696075,-1.3339525,-1.3604501,-1.1449218,-1.2457489,-0.84649175,-0.34664536,-0.5994398,-0.58367974,-0.48787794,-0.8290921,0.5062277,-0.19830413,-1.236842,-0.8360061,-0.9873872,-1.0357755,0.36586642,-0.49099532,-0.5577274,0.5577908,-0.74092126,0.28383356,-0.43882194,0.5567982,-0.47361425,0.86930877,-0.87524474,-0.52829695,-1.0835198,0.0039901007,0.05489384,-1.0943958,-0.4233511,0.68434614,0.1311662,0.9697603,-0.25930965,0.42470607,0.514599,0.78217167,0.4933156,-0.37577465,0.060514253,1.8446062,-0.324865,-0.15760633,-0.52032924,0.03900538,0.58578396,1.209767,-0.7551605,-0.11381548,-0.04121378,-0.26651442,0.1687619,-0.22067179,0.45079026,0.3764778,0.61237043,0.1804335,0.8669375,-0.14533849,0.35918233,-0.037649952,1.3749233,0.085714,-0.7294058,-0.08674819,0.16475813,0.7642951,1.3842796,0.05392861,-0.6526757,-0.09627766,0.79396415,0.3180539,-0.10234644,-1.4041126,0.37382436,-0.047860537,0.96448183,-1.3071308,0.43522355,0.1812133,-0.073638625,-0.92658556,0.30242655,0.31329495,-0.2065524,0.08984945,-0.42631388,-0.24882042,-1.0336168,-0.12686037,-0.36987904,0.44505918,-0.9734584,0.33205342,-0.29473233,-1.156136,0.52670044,0.0047471826,0.44508603,-1.1832091,0.05404447,-0.15831447,-0.48139665,1.2814798,-0.6783354,0.029567376,0.30270728,-0.36418164,-0.14727484,0.025509939,-0.17663676,0.21558394,0.13138485,0.6490111,-0.3639952,-0.6687478,-0.13967997,-0.32148212,0.6358118,-0.9244118,-0.4259174,0.6544652,0.52121073,-0.69942635,-0.23481758,1.1662679,-0.89626867,0.24272498,-0.09652392,0.28123257,0.32576844,0.6760754,-0.5631426,-1.366209,-0.62236875,0.46939063,0.2162562,0.4876957,1.0381445,-0.64064175,0.8305337,-1.8124977,-0.74591357,0.68235296,2.3350384,-1.2162231,-0.59726167,0.35282317,0.13013557,-0.8369089,-0.94130015,0.6323328,-1.2920834,-0.38258424,0.6392998,-0.1972711,0.49431872
0.14679457,1.0879363,0.2162517,0.42176396,-0.07519843,-1.2159381,-0.72877175,0.7947421,-0.5390309,0.6170555,0.517008,0.72224754,-0.74502957,-0.05506651,-0.93829936,0.60792005,2.4887433,1.5382432,1.0098345,0.82344925,0.38743216,0.30415657,-0.526681,0.34868544,0.44439712,-0.68137693,1.0997378,0.9248715,-0.12827589,-0.6263865,-0.5557429,-0.42195803,-0.54896635,-0.9480677,0.87899506,1.4162041,-1.5184788,0.68269104,0.81409794,0.22931074,-0.24750595,0.4405008,-0.32569867,-0.40811655,0.36852765,-0.5325086,0.14412576,-0.4941093,1.2714309,0.48731014,-0.12642239,0.7119922,-0.28310117,0.27511278,0.11429744,-0.22816499,0.20143098,0.34701514,-0.73806626,0.92817783,-0.16678818,-0.24508807,0.039979335,-0.4216752,-0.049885646,-0.48749417,-0.11595959,0.030865354,0.66508126,-1.9517205,-0.26388198,0.22724889,-1.5719749,0.7492089,1.3015332,0.82427406,-0.5473652,0.6993152,0.5541723,-0.51200885,-0.21506286,-0.4094873,-0.27566305,1.2395669,0.59190696,-0.70177406,-0.7565013,-0.7509985,0.4163167,0.372447,0.5319882,-0.39418614,-0.6272401,-0.64667284,-0.1449931,-1.0766753,0.12702185,0.7069018,-0.97738326,0.2854902,-0.18492757,1.3516902,0.88990694,-0.34008816,1.1662815,-0.29134676,0.49959087,0.6584759,0.48075166,0.7904958,0.3857868,0.53577673,0.10168193,0.033465333,-0.7492219,-0.49632746,-1.3174745,-0.40080997,-0.94661057,1.3452536,-0.18422396,-0.23067443,-0.5230634,-0.48207286,0.24544257,-1.3405571,-0.68976057,0.6157821,-0.084515564,0.21647348,-0.04972139,0.3601555,0.06294105,-1.3276592,-2.0577328,0.57518655,0.3293482,0.34356785,-1.6002511,1.3353782,2.237834,1.394548,1.4326856,-0.17747888,-0.15612298,0.24681035,0.16305295,0.7301606,1.3686167,1.0994527,0.19975543,0.82675284,0.7480856,-0.12406161,0.0761046,-0.66603535,-1.0962574,0.022224495,-0.008565169,-1.3457339,0.31906164,0.2783028,1.237772,-0.5325122,1.4780214,0.40399417,-0.19772726,-1.1484447,0.34474316,0.49765563,0.4094497,-1.2493635,-1.3707876,0.4680373,-0.25099602,-0.23848712,0.30293205,1.652306,1.0137085,0.68837315,-0.44193757,-0.4943392,-0.6943002,-0.13431779,0.3478379,-0.5615584,-0.494462,-0.15508111,-0.24389881,-0.0021044256,0.3200698,-0.58022135,-0.33652717,1.3103082,-0.17322628,0.21401575,0.06881688,0.23251833,0.052207895,-0.18693498,1.328897,-0.3751147,0.29770213,-0.43314242,-0.19988587,-0.7161669,-0.044903588,-0.5337305,1.1690334,0.30184639,-0.69689006,-0.01634624,0.7802329,-0.39079222,0.37894034,0.10678979,-0.56010157,-1.346247,1.0842414,0.2700416,0.81525046,0.46434164,-0.21308427,1.1246235,0.6254597,-0.4113591,-0.85100913,-0.51370645,-0.39361304,0.18403655,0.6705455,0.24965285,-0.86160135,2.295841,-0.00034133377,-0.41402176,-0.60799414,0.32579026,0.43275148,0.38006297,-0.17752525,-0.70165783,1.0740033,2.9387646,-0.8097084,-0.71695995,1.191548,0.3326318,-0.6710652,-0.13147,-0.60755324,0.8116784,-1.4570957,-0.71126866,1.4217461,-0.07382194,0.91467893,1.2765008,-0.24045303,-0.013933145
-0.10701173,0.9933088,-0.3098185,0.32364416,0.13025519,-0.2259104,0.20307657,-1.8230512,-0.11733788,0.6892053,-0.2554536,0.49628705,0.6604198,-0.7910748,0.5124693,-0.17431632,-0.36708707,-0.49892834,-0.6391733,-0.104364984,0.27217838,0.83418196,-0.17311306,0.21650492,-1.0622395,0.61419666,0.04134115,1.2288901,-0.25060707,0.14921081,0.3621843,-0.007218724,0.048536003,-0.29220706,0.041547425,-0.025559932,-1.4550176,-0.5315611,0.073399715,0.959853,-0.7104797,0.51040506,0.17740345,0.28048366,-0.2433508,1.6734102,0.39123666,-0.007702207,0.13384569,-0.26093715,-0.41084895,-0.24476929,0.6387369,-0.7377236,-0.8810519,0.5318977,0.64053357,-0.6263136,0.5162288,0.7798409,0.08626093,-0.4079622,-0.7053049,-0.2712412,-0.9834495,-0.13277379,-0.9095739,1.0572518,-0.6952013,-0.39100826,1.6388029,0.120869294,-0.18659627,1.0153677,0.762606,0.25355038,0.81708235,1.2714616,-0.116564855,0.84544134,0.8873836,-0.48029354,0.50048083,0.9327699,0.41302252,0.30047047,-0.7265356,0.034063987,-0.09407969,0.8224169,-0.27440065,-0.51168615,-0.04268287,-0.42001048,-0.22781505,-0.13212846,-0.65727717,0.4405951,-1.046706,-0.38865304,-0.5423365,-0.9510821,-0.35159293,0.52735305,0.116935246,-0.67066455,-0.45528087,-0.30717424,0.029307919,0.3660162,0.061955534,-0.24504673,0.06809254,-0.90480494,-1.1527425,-0.64704484,-0.40858445,-1.3047708,-0.7887011,0.35485864,0.037967503,-0.42500785,-0.1329811,-0.39502895,0.7531734,-0.6427716,-0.7089936,1.1428641,0.6244966,0.3064437,-0.82523185,0.12573758,-1.0651947,0.36740384,0.3975612,-0.5086556,-1.1398383,0.53039855,0.3683949,-0.5299077,-0.1412116,0.05670797,-0.010219096,0.4463302,-1.1345073,0.78586465,0.1718993,1.2191213,1.6917057,1.3385595,0.5960359,0.7435123,0.3415304,-0.94191104,-0.61971235,0.031104995,0.237705,0.56548727,-0.8948061,-0.33585814,-0.70372057,-0.8541042,-0.7661551,0.68225145,0.5538458,0.0037633597,0.77173376,-0.57933104,-0.40487826,-0.7956536,0.18148941,0.21980496,-0.009341805,1.0758507,-1.0559623,-0.98370874,-0.9212938,-0.2931284,-1.3467358,1.1085646,0.23394209,0.6066103,0.834351,0.17982157,-0.49512017,-0.6965677,-0.9362736,0.21485509,0.35649794,-0.96810114,-0.3038629,1.101913,-0.6290507,-0.5430312,-0.06638906,1.1797279,1.2271494,-0.117632836,-0.45424527,-0.29954806,-0.31015226,-0.2544086,0.41691422,-0.025558433,-0.57580554,0.19405323,-0.2428143,0.6481447,0.07289947,-0.19494729,0.5478312,-0.12967128,-1.4900192,0.9084565,0.025625715,-0.04509098,-0.259693,1.319405,0.5570968,0.2763597,0.3831151,0.29293564,0.38878015,0.0861709,0.00796368,-0.49990842,0.3397151,0.10789505,0.09332157,1.0849965,0.22393127,0.011537783,-1.4099833,0.79641545,-0.54374295,-0.61123484,0.307844,0.4236696,-0.47934452,-0.21340655,0.7560312,0.041559644,-0.14170107,0.3174407,1.1513742,-0.68167216,-0.42078266,0.34453595,-0.35587174,0.030952774,-0.2663584,-0.8573896,0.005948481,-0.3784524,-1.0232186,-0.28232995,-0.6447016,-0.5250534,-0.22353865,0.24415143
1.6587998,0.8529307,0.8941424,0.22614612,-0.5200548,-0.5914138,-0.08902678,-1.0691884,-1.3465041,0.23678763,0.75583065,0.48138866,-0.019927224,-0.058046293,0.13887899,0.23714729,0.39366677,1.2433571,-0.5552847,-0.07968238,0.2778969,-0.12760997,-0.79527223,-0.06880138,0.63636774,0.5628115,-0.32238817,0.7841057,0.2130198,-0.8306318,-0.20510727,-0.12920308,-0.5666244,0.25641206,0.3144674,0.42876288,0.29077476,1.0765928,-0.30508026,0.033862732,-0.94348437,0.62316626,1.0079702,-0.7905222,0.46074808,-0.43234354,-0.040981963,-0.65136147,-1.5223298,-0.49146628,0.004983685,1.5381327,1.4241661,0.0049538645,0.014567022,-0.1923431,-0.54813504,-1.0367286,-0.46609265,0.65783256,0.23614319,-0.4532685,0.10049164,-0.6979175,-0.2986682,0.88837487,0.39794004,0.53511244,-0.6905744,0.35272607,0.9322185,-1.5303725,0.73421776,-0.34030205,0.88248104,0.009920343,-0.18489632,-0.99073505,0.19633375,-0.31993458,-0.53795284,-1.1933281,-0.23440845,0.028079594,-0.60929567,0.11126489,0.49223405,-0.059923664,0.089799814,-0.14757515,0.28977168,1.0376767,1.2191114,0.39328146,-0.10212584,-0.34640163,0.09341975,-1.1597198,0.42523977,0.68169224,0.4034448,-0.30612415,-0.10831302,-0.5337805,1.1020774,-0.5186607,0.65537566,0.18597786,-1.0238322,-0.07836038,-0.06231183,0.45537698,-0.04452692,-0.54341763,0.0077144424,-1.5396386,-0.22549298,-0.780441,-0.6423754,-1.3015019,-0.8806787,-1.4088415,-0.6267371,-0.4260905,0.82612723,-0.09268817,-0.029966174,0.32625076,0.582704,0.042228963,-0.063032165,0.7084326,0.37766743,0.9435139,-0.117263444,0.7869179,0.0917264,-0.24313036,-0.11719056,0.44758326,-0.70150685,0.05930219,-0.55190235,-0.835545,-1.5223337,0.23356932,-0.83756906,-0.8102543,0.21055523,0.2683958,1.4034938,0.22814515,-0.1623515,0.2623928,0.46089855,0.5517562,-0.0033210653,0.6669081,-0.7211238,-1.0131288,0.24146946,0.29682487,0.08270551,1.0989614,0.21041255,-1.4919424,0.71018016,1.0573387,0.51385564,0.48947334,-0.06824024,-1.1385238,1.0071989,0.40186507,-0.5224965,-0.40795928,-0.8628663,-0.5356351,-0.3746451,-0.64868766,-0.94868445,-0.8500405,0.32679242,0.10420093,-0.14742693,-0.20402166,0.03861585,-0.43294868,-0.4961257,0.8271918,-0.123825565,0.2868512,-0.89759463,0.04223617,-1.046441,-0.5964359,-0.14649253,-0.1865733,0.3308244,0.25519413,-0.44144404,0.2607314,-0.34138143,-0.5881028,0.42786303,0.85122967,-0.586443,0.10021141,-0.44824842,-0.27624932,-1.2253401,-0.3119911,-2.2393875,1.0547209,-1.6976522,0.44422233,0.82099235,0.33229852,-1.2749482,-1.2648381,-1.0147735,0.74661815,0.5138708,0.66104984,-0.2886706,0.11974426,0.038051654,-0.28215095,1.2513025,-0.44265944,0.021561556,-0.6307901,-0.5678742,1.7000406,-0.011930682,0.35613894,-0.47911507,0.94146854,-0.1866838,0.019491395,0.45073265,-1.7114115,0.834766,0.83436507,0.74274695,0.13870881,-1.4468782,0.13855863,0.37236342,-0.5708006,-0.43244195,1.2097436,-0.19665758,0.8151811,-0.41772792,-0.75787276,-0.47349253,-0.6039173,0.018204357,0.8142067
0.5946745,0.21998458,-0.32736042,-0.01684161,-0.47849143,-0.17256889,-0.3900323,-0.47919583,0.3972833,0.071988456,-0.9296273,0.6121135,-0.23339751,-1.1109357,0.2762935,-0.4338888,0.18251239,-0.9190819,0.5893422,-0.1717418,0.3092201,-0.030682623,0.032537054,0.48442623,-0.08628191,0.25237402,0.30224714,-0.32010734,0.33971116,-0.12191709,0.19386683,1.1394987,0.95138687,-0.30029535,0.67561483,-0.5473887,-1.1833705,-1.1888862,0.30583024,0.64919335,-0.31276774,0.37770915,-0.5023072,-0.35033226,-1.5479116,-0.40424222,0.22594038,-2.1622293,0.37002343,-0.22089642,0.45722005,-0.14512926,-0.77224964,-0.18584727,-0.6606578,-0.15448625,-1.0943639,-1.250303,-0.68658,0.5687814,-0.3534154,-0.7348674,-0.26279262,0.6173666,-0.48101568,0.8075055,-0.45303386,0.15518375,-0.7266789,-0.58794206,0.33377656,-0.22342363,-0.7173333,0.14438263,-0.9128419,0.59764844,0.7340056,-0.028615193,0.09400722,-0.97017205,-0.30666676,1.7702515,-0.8855247,0.3633936,0.61292064,-0.5648139,-0.86707366,0.18081282,0.44697094,-0.03476694,0.82936084,-0.060963918,-1.3011894,0.36117625,-0.3064607,-0.84011847,-0.9467257,-1.2125938,-0.023405617,-1.5699409,0.2578233,-0.80522484,-0.67314374,0.14450108,-0.30625954,-0.049812462,-0.338066,0.52780277,0.17447601,0.11535715,0.42949948,0.11607355,0.3323105,0.1272984,0.111027434,-0.21425508,0.6969134,0.18013461,0.12272826,0.7073377,0.022769671,-1.2676562,-0.308253,-0.9302794,0.33789566,-0.47244552,-0.4562064,-0.0043870267,0.4398347,-0.48432592,-0.6921723,-0.6075743,-0.61120915,-0.5310529,-0.19495843,-0.28142163,-0.69719225,0.23278882,-0.4359735,0.5105501,0.17928112,-0.32018828,-0.5338468,0.8629223,0.16779147,-0.36211455,0.15999119,0.14567105,0.91372865,-0.62001693,0.40692833,-0.15532084,-0.10826576,0.04171089,0.4340411,0.6854571,0.46451,-0.24324098,-0.64095277,-1.2294217,-1.3221271,-0.43565506,-0.5106765,-0.34233895,1.1280006,0.048312474,0.23074602,0.2144883,0.36485612,0.59254783,-0.29492968,0.83335674,-0.2968854,-0.35349667,1.8256801,-1.3070502,0.3914057,1.263508,0.3267621,0.19600941,0.25792995,-1.0851383,-1.207313,0.5951954,-0.8221088,-0.430119,-0.606981,-0.16947499,0.37770036,-0.42269766,0.32423714,-0.42843413,-0.53931975,-1.1275111,1.2350453,0.9266251,0.86876994,-0.20034957,0.6656909,-0.5702015,-0.22930487,0.0022195238,0.006596802,-0.30768967,0.34780267,0.5815484,-0.059084848,-0.35655087,0.4770558,-0.15052976,0.6281132,-0.3246505,0.318634,0.044850063,0.60038483,-1.0304776,-0.8726481,-1.2289145,1.0354828,-0.23692155,-0.07976322,0.17574386,0.6425067,0.73676705,1.1871527,-0.10660389,0.7739858,-0.27031937,0.7405639,0.57550764,-0.36893582,0.82623726,-1.0555887,-1.1362138,-1.3630923,0.66460663,-1.9466659,-0.6906223,-1.0493522,-0.8438863,0.48944825,-0.30992576,-0.47039324,-0.031153332,-0.7307563,-1.6377234,-0.23389494,-0.08631395,-2.205414,-0.09833922,0.9673479,-1.2697935,1.093133,1.1186739,-1.4705306,0.6933545,0.18529241,0.9351269,0.5464066,-0.9529137
1.1878669,1.1777712,-0.39465216,0.80000895,0.047904763,-0.26288658,0.29256955,-0.300654,0.39590955,-0.8866872,-0.51760226,-1.1118897,0.32306018,0.68094045,-1.1555824,0.48197007,-0.7062701,-0.6936813,0.24191505,-0.7446117,0.7092358,-0.4606253,0.23692037,-0.58807105,-0.38579634,-0.10718891,-0.3686084,0.06351166,0.16252387,0.6312508,0.56893057,0.29033884,1.2207608,-0.12076008,0.67892444,0.40282673,-0.49494046,1.077548,-0.08877706,0.1413234,-0.73184085,0.3266222,-0.11849965,0.4856931,0.23153462,-1.2060902,-0.8066119,0.03200423,0.23306137,0.55560446,-0.23513977,0.26646176,-0.1556571,0.76001227,0.21733364,0.15478559,-0.17072316,-0.22166258,-1.4897541,-1.7750314,-1.6464657,0.055462103,1.1017838,-0.3320408,-0.1335392,-0.0220791,-1.183102,0.16074842,-0.06467474,-1.2024318,0.19244725,0.2728809,-0.11951455,0.29403156,-0.17403787,0.17723086,0.36892274,0.5502063,0.0012751189,-0.36622274,0.6265965,-0.81293494,-0.14513469,0.06414336,0.32484457,-0.5624409,-0.50044376,-0.23828676,-0.18747501,-0.2046326,-0.03782484,0.5107198,-0.55023926,-0.6599801,-0.8713294,-1.324364,-0.7161085,-0.2889267,0.36738378,-0.83622694,-0.2679162,-0.17984456,-0.34965137,-0.5077504,-0.52384084,-0.8987689,-0.9566366,1.7124633,0.8222557,-0.084827945,-0.1711742,-0.3589925,0.07035993,0.0045201886,0.23349789,-0.06779518,0.6001788,0.43943673,0.016191626,-1.2961979,0.03071372,-0.18297552,-0.15964732,-0.84712666,0.6749305,0.12977155,-0.6269468,-0.25084478,-0.31402978,0.45663115,0.4705332,-0.18286116,-0.19221497,-0.4939433,-0.417621,0.039376874,0.6696256,0.25874498,-1.0451729,0.084312305,0.8246045,0.75902194,-0.2707354,-0.3442766,-0.41639414,-0.54841465,-0.04493711,1.1037855,0.10220635,-0.39175475,0.020653153,-0.12650864,-0.56486356,-0.64050275,0.20230302,-0.20674877,1.2292444,0.57919204,-0.78631216,-0.9035944,-1.764283,-0.96317345,-0.52577275,0.51868993,1.144899,0.70772886,0.52561647,0.65515924,0.7677795,0.11864137,0.055499546,0.51250726,-0.28804025,-0.37180465,-1.6124567,-0.7924859,-0.59036136,-1.1643075,0.09918575,0.42517138,-0.44142517,-0.089878604,0.55079335,-1.0669358,0.53273,-0.70198965,-0.63036793,-0.30071065,0.035903234,0.6987691,0.16982272,0.6852349,-0.3040351,0.72264236,-0.36435747,-0.32991412,1.0594904,0.77621853,1.0729588,-0.5719411,0.39389345,0.29470682,-0.27740824,0.23147814,0.6228177,-0.83081734,-0.33219624,-0.29693472,0.22023623,-0.07088405,0.9916531,0.45224506,0.31440333,-0.89733976,-0.8258492,0.47941455,0.19164492,0.34227598,0.0040205396,-0.29861438,-0.17906947,-0.4585083,-1.4395717,-0.6339205,-0.13334325,-1.2837399,-0.35814407,-0.8356283,-0.15545954,0.540085,-0.24686891,-0.39122713,-0.02329207,0.117883556,-0.1325835,-0.15342093,-0.559975,0.7396859,-0.23534346,-0.0963996,-0.3609567,0.3029547,0.25394887,1.3637424,0.3374955,-0.49708262,-0.3679961,1.6361985,0.048093397,1.773613,-0.07958216,-1.5804725,0.23460121,-0.7003359,-0.43687448,-0.23921916,0.61059934,-0.741049,-0.24704897,-1.1366508
-0.40990907,0.35788947,-0.8816047,0.5007355,-0.6772043,-0.8832154,0.008726396,-0.8396426,0.3312421,-0.07278653,-0.6620768,0.54033226,-0.82463235,0.94344765,0.65021014,-0.40598628,0.23455316,-1.5115765,-0.78144515,-0.9583718,-0.5810691,-0.43131116,0.9674392,0.14461438,-1.1054742,-1.3599616,-0.6925951,-0.588398,0.105150804,0.34423217,-0.31977582,-0.28123355,0.04664384,-0.63509417,0.4466791,0.5619127,-0.19664653,-1.0063815,-0.7179247,0.5430285,-0.62675,-0.58628833,-0.21222994,0.13855314,0.11401292,0.5803028,0.14146237,0.2961754,-0.65848565,-0.44415915,0.5842591,0.021511974,-0.42205825,-0.057505038,0.6131752,0.6588916,0.8065464,-0.90527594,0.4420246,-0.018113505,-0.3329866,-0.095126055,-0.31787354,0.85888153,-0.15895396,-0.5007019,0.9004781,-0.20806098,0.45205575,-0.6078667,-0.045485858,-1.1579295,-1.1387022,-0.12007362,-0.2871865,0.0002913658,0.07950935,-0.63843334,-0.82829684,0.039737947,0.6967989,-0.8130666,-0.5913969,0.26914412,0.3612775,-0.39512622,0.06786231,0.3142337,-0.41378862,0.1141014,0.67713267,0.16235581,0.18592171,-0.9030475,0.5680153,-0.7292739,-0.6363804,-0.3800629,-0.04803943,0.6237867,-0.7331228,-1.0630234,0.21192324,0.42181158,1.0923438,0.35912603,-0.0051088464,-0.4462516,-0.3563462,-0.70844525,0.6920052,-0.19831827,0.5502363,-0.0364681,0.85800254,-1.1570116,0.56872344,0.5841767,-0.82046247,-0.38075393,0.14820488,-0.8089151,1.0152128,0.09365418,-0.3414057,-0.3217776,1.0423625,0.03439962,-0.18083845,-0.7098888,0.27640253,-1.2032766,-0.12826249,0.112348706,0.030658271,0.3666976,-0.29911506,-0.51928324,0.010862888,-1.6240944,0.17186616,0.35991699,0.05565422,0.15206541,0.7662796,-0.02072247,0.2542409,-0.19261529,-1.117665,-0.16730791,-0.83496374,-0.6824108,0.76989573,-0.13708681,1.2000867,-0.31789058,0.40631294,0.15052278,0.8914665,-0.8081778,-0.69115824,-0.42579234,-0.2871494,-0.20135812,0.28237417,0.44706815,2.3710153,0.09890783,0.13604896,-1.1836821,0.21201985,-1.0635928,-1.222507,-1.1421654,-0.31457764,0.08844078,0.6259264,-0.4680729,0.0871447,-1.0945245,-0.8531887,0.41309315,0.26566032,0.6126667,-0.2909891,-0.07824322,0.5658768,0.4247872,1.2424123,-0.7588875,0.33498293,-0.43937072,-1.7574972,-0.18469688,1.2850925,0.08877212,0.51956177,-0.16247982,0.8299093,-0.4682305,0.09949777,0.19603623,0.59414274,-0.40781492,0.85733265,-0.59532475,-0.08790004,0.8308932,0.016360566,0.15502217,0.57971394,-0.56845164,-0.15362543,-0.10844124,0.7000816,1.1733472,1.6856477,-0.066402584,-1.0593755,-0.2996385,0.1877167,-0.38624442,0.5624367,-0.41148782,0.2706253,-0.52325374,0.4328258,-1.1690797,-0.70889175,-0.11316122,0.75464624,0.3699325,-0.49286747,-0.9816939,0.6182372,-0.44448808,0.15674105,-0.4048835,-0.2036977,0.07708278,-1.4299977,0.14090298,-0.18411432,0.2293741,0.06623785,-0.73456,0.85362566,0.10029143,-0.78525573,0.6730505,-0.09204833,-1.2930315,0.19000413,0.5639723,-0.014209097,-0.8132781,-0.14022383,-0.04733002,-1.0851437,-0.41301867
-0.14329943,0.6553715,-0.06189372,0.59133124,-1.7535669,0.056371883,-0.007201273,0.4082774,-0.8443982,-0.37796587,0.49041286,1.0066744,-0.43259922,-0.27271008,-0.22383903,-0.14096153,-0.02424981,0.91117156,0.8359124,1.1307425,0.12215903,-0.10133444,-0.09624741,0.16345033,-0.37856412,1.063659,0.4330394,-1.8130757,-0.4559086,0.4182504,-0.30240795,-0.8429431,0.2825669,-0.26838446,0.24085486,-0.737583,-1.5195528,-0.99811125,-0.17164008,-0.33216712,0.42930052,-0.384656,0.18337587,0.320409,0.100606896,0.017490584,0.6129729,-0.6214037,-0.40000105,0.52666205,0.08497244,-0.99108315,-0.99046874,0.72073776,1.0786074,-0.761196,-0.12869474,-0.59999037,-0.9669269,-0.19853045,-0.121383704,1.1955049,-0.43289793,-0.008159807,-0.051240865,0.3870544,1.2243701,-0.0617066,0.717053,0.49511167,-0.15303907,0.26412097,-0.5868807,1.6132263,0.7546641,-0.14387557,-0.0880631,1.9757321,1.187479,0.2026545,0.43175408,-0.22832817,-0.5862857,0.35639948,1.5364928,-0.8994136,-0.0943319,0.6693777,-0.43765518,0.39606345,0.024456393,-1.2460058,-1.0644456,0.1286408,-1.0869542,-0.3528408,-0.0069692605,-0.33741218,-0.31629825,-0.7866252,-0.50224584,-0.1316024,0.31678754,-0.36792234,-1.3740432,0.879661,0.4636388,1.8241891,-0.38475963,-0.5776815,0.070159934,-0.41845205,-0.42393124,-0.7651923,-0.06403387,0.88903576,-0.43259394,-0.22019836,0.11041922,0.8260837,-0.31800243,0.22778362,-0.98505974,0.2654164,0.7001676,-0.3583386,-0.47766745,-0.20793745,0.23392181,-1.2302045,-0.8772592,0.038723346,0.50209296,0.5789791,0.48841944,-1.3740454,-1.2211536,-0.72697175,-0.93204665,0.07019286,0.50196356,-0.10475336,-0.2943734,-0.5750714,-0.22004098,-1.048584,0.24255766,-0.5711827,0.12719114,0.56811094,-0.36132956,0.43661729,0.04705913,0.38062394,-0.61325836,-0.58011734,0.24830447,0.9549291,0.44964117,-0.1801451,-1.387631,-1.3275472,-0.5191415,1.3749502,0.5030436,0.36634356,0.65269053,-0.14770623,-0.5234195,0.42263433,-0.5141567,1.1296165,0.39059255,-0.7187931,1.2399787,0.25786263,-0.3186793,-0.64648694,-1.3019797,0.20015052,-1.6452188,0.7030119,0.34321773,1.5768329,0.9254627,-0.55495065,0.16160947,0.27058294,-0.030624649,0.29170674,0.52027476,0.2095844,1.0044794,0.1572857,-0.036680147,0.6425172,-0.40000823,-1.2013094,-0.7913527,-1.3038266,-0.21428701,-0.34272885,0.31159663,-0.30479285,-0.68429637,-0.16010976,-0.06210978,1.337847,-0.80692977,-0.24949838,-1.1021876,0.25750768,-0.4546835,0.2971017,0.26748824,-0.2520261,-0.13073753,0.70185894,-0.09072799,0.23652725,-0.40415555,-0.08415599,-0.96672755,0.47513562,-0.70645493,-0.06448258,0.3897066,0.7470011,-0.78367585,0.7925369,0.38926792,-0.5685823,-0.7129015,0.6386561,-0.55385333,0.86590993,1.1052074,0.20021081,-0.9403232,0.15796186,0.4000626,1.492539,-0.12852512,-0.05531448,-0.59797347,0.4378211,-0.19343096,0.3095784,-0.16291071,-0.340368,-1.1649228,0.5152746,-0.20524725,0.59865147,0.63630825,-0.57196873,-0.72767866,0.9835709,0.28561127,-0.3186636
0.9765325,-0.19017604,0.36992982,0.034748957,-0.5781543,0.18339548,-0.6548782,-1.0538932,-0.40282947,-0.048342925,1.0394613,1.2898293,0.14879236,-0.2222569,0.065151125,-0.6594888,1.2996614,0.91819286,0.1514217,-1.0613157,1.3390809,-1.1436093,-0.75834334,0.77075446,0.6894303,-1.0077705,-0.3569605,-0.25010964,-0.3794145,0.08575385,0.3428294,-0.356207,-0.6665694,-1.2071,-0.5348473,0.9273542,0.5422604,1.2684222,0.6064925,-0.11745738,0.25818524,0.46771777,0.08785042,-0.03668572,-0.46886885,-1.2904557,0.44158506,0.6694773,-0.024888614,-0.804205,0.0066590253,0.99573785,0.5998592,-0.065188885,0.5714732,-0.29628107,-0.44668013,0.12840298,0.34790057,-0.46350202,0.09694528,0.3449356,0.87455624,0.4476597,0.9726673,-0.79862076,-0.16620351,-0.45751974,-0.53437304,-0.16483532,-0.3541597,-0.9499443,0.7146461,0.61949986,-0.7015412,-1.1272147,-0.3201978,0.57088965,-0.02743665,0.37941825,0.10850779,0.2059449,0.50449634,0.15034537,-0.59334797,-0.7262642,-0.2878886,0.81018656,0.7785578,0.32865977,-0.38963044,0.40400356,1.1548568,-0.25027153,0.6422071,-1.3548001,0.6428728,1.2187965,-1.0921116,-0.17433512,0.67811275,-0.58593106,-0.38195032,-0.39204457,-1.0548759,-0.36928198,0.63263565,0.14512509,-0.11624311,0.58091944,0.27474633,-1.0569733,0.25390142,-0.80643713,-0.020502172,-0.6322394,0.18984579,1.7023598,1.0339445,-1.5094167,-0.8993111,-0.314592,0.5822715,0.72783893,0.41581285,0.14188267,0.046780337,0.7923789,0.7940918,-0.678759,0.13290347,-0.25223687,0.86249715,-0.25678423,-0.10502107,-0.8628635,-1.4767414,-0.40416783,0.26842508,-0.8927722,-0.41793925,0.53744423,-0.40701893,-0.20644547,-0.23585576,-1.039562,-0.17057607,-0.20390199,-1.157756,-0.27317753,-0.6598555,-0.41824412,0.8093665,-0.97958875,-0.46540117,0.36346123,-0.051714223,-0.5850538,-0.6700573,-0.74600136,-0.76235354,0.08411934,0.64838827,0.40556842,-0.5871485,1.1063789,0.68095946,2.0412405,-0.2639879,-0.4349813,0.15902117,-0.34073913,0.12107481,1.1736292,0.038499486,0.015774507,-0.5016152,1.2039291,1.7746705,-0.597122,-0.3036729,-0.1110863,0.5371817,0.84774405,-0.22899283,-1.0729048,-0.22871383,0.6381133,0.16218227,0.23509422,0.37411243,-0.8475006,2.2106004,0.41516203,0.078528106,0.9328185,0.6923251,0.7295093,0.21312423,0.23294564,-0.21458234,0.13508394,0.90419203,-0.21966013,-0.051652778,-0.5830889,0.61836916,0.67107064,1.4275011,-0.3229708,0.9013894,0.60823774,-0.15553987,-0.30741388,-1.0344242,0.7209395,0.6752669,-0.14969365,0.08033034,0.33500215,-0.89742947,0.0010743481,0.1095141,0.6547551,0.50433326,-0.44673327,-0.91741467,0.8737609,-1.2804538,0.00108456,-0.41601297,0.37114656,0.07569265,1.1176616,1.0035796,0.05320382,-0.005924081,0.69990224,-0.15711054,-0.7422358,-0.07578071,0.9093604,0.30836916,-0.10966621,-1.4374722,-0.73737454,-0.09739515,1.2815956,0.6225125,1.5711042,1.094038,-0.14500998,-0.8799868,0.86898696,0.27313268,0.25034952,0.17521504,-0.8666658,-0.7516163,0.017030858
1.2094941,0.59595096,1.7605782,1.5408554,-0.12010609,-0.74867105,0.7701112,-0.3655386,0.8566473,0.7997805,1.0407547,-0.0144926915,-0.0060886056,0.46381786,0.6251521,-0.8050433,0.63152033,-1.4940642,0.20521021,-1.0243992,0.59058344,2.585661,0.039207205,-0.3327049,0.8666771,-0.76203007,0.73464847,-0.9190308,0.27346262,-0.75145787,-0.42478895,-0.20035492,1.4908527,0.22087939,-0.73383474,2.2192307,-0.42425233,-0.8802743,-0.27771434,0.93377316,-0.121307924,-0.89048636,0.099656194,0.075388715,0.51667917,0.1297266,-0.45427716,0.24440864,0.6168882,-1.3766118,-0.26619443,0.1540478,0.6421326,-0.006000036,-0.029650904,-1.1225162,-0.36850685,-0.3085437,1.0920112,0.6647642,0.6816582,0.020773347,0.5769729,0.9719731,-0.4427263,1.3739221,-0.8868392,0.3557408,-0.70341665,0.5694964,-0.08649238,-0.48582697,-0.16959737,-0.31728187,0.2540574,1.2612456,1.3436466,-0.28025934,-0.68642896,-0.5819465,0.2564085,0.66589355,0.42125723,0.38244197,-0.27853796,0.5025048,0.5935209,-0.9093139,0.20489207,0.70407534,0.36399803,-0.04085149,0.00598667,-0.78021896,0.29986098,-0.6604371,-1.34858,0.06938215,-0.99743885,0.024500506,-0.18749097,1.0353296,-0.0025244358,-0.47302863,0.48709136,-0.8909993,-0.814329,1.1674494,1.0856278,-1.2876141,-0.31353024,-0.7809296,0.23670264,-0.82360876,-0.03955377,0.6435462,-0.052256417,0.7656807,-0.18846124,0.2171685,-0.084258564,-0.6964156,-0.056196097,0.07439015,-1.5090574,0.3310429,1.2451589,-0.92456555,-0.49854127,-0.1722519,0.32432774,-0.30537793,-0.4429745,-0.10277317,-0.10091113,0.49116093,-0.010003246,-0.11957308,-0.2100802,0.35218912,-0.27325937,-0.02528217,0.3228166,0.043469463,-0.9733054,0.61318004,1.2518194,-0.13998447,0.73570573,-0.67857486,-0.80639976,-0.46951044,0.77281,0.52559847,0.94771415,0.04611141,0.08932931,0.1449971,0.59045,-0.5344245,0.31221703,0.16014363,0.036842797,0.1375672,-0.23374303,0.30347604,-0.034590278,0.27244535,0.08349894,-0.741387,0.52816284,0.4619001,-0.40433437,1.6410847,-2.9746418,0.7262141,1.2828585,0.17646481,0.6054044,-0.26188353,-0.09284164,-0.44433305,-0.9595557,-0.45035952,-0.58082354,-0.21582316,0.7192206,0.07581117,-0.22690374,-0.99266654,0.54646033,-1.8868207,-1.0232999,0.6359189,0.40349686,-0.2770945,0.8029369,-0.16417402,-0.1836509,0.4115146,0.3542797,0.5576755,-0.2857629,-0.08690753,-0.4135701,0.9520009,-0.36326304,-1.1151913,-0.63333076,0.12797138,0.5091061,-0.88339067,-1.3056774,0.24113016,0.7231686,-0.03447682,0.4617522,-0.8291337,1.3906996,0.63613844,0.7932793,-0.07800619,0.08301388,-0.6037254,0.9939057,-0.6693697,-1.0638769,0.1784139,0.4324678,0.061667982,-0.17631528,0.28300405,0.07640765,0.34011158,-1.07369,-0.16964377,1.2019775,0.31642655,-1.1688107,0.073132224,0.17788371,-0.016933572,0.77392375,1.708694,-0.33548474,1.0593591,0.2521902,-0.5705303,-0.5146079,0.15299675,-0.20501317,0.4235623,0.11814603,0.24510132,0.30603278,-0.54227585,0.1251215,-0.112776,-0.38687888,-0.431499
2.346151,-0.084008165,-0.9152017,0.34478337,-0.6124341,-0.83722734,-1.0902083,-0.93959093,-0.060983676,1.2961584,-0.2034025,-0.6071559,0.32995874,0.44498628,0.45981425,-0.03411192,-0.8921863,0.30439624,-0.2884198,-0.6681991,0.02501967,-0.8718619,-0.41054407,0.81900644,-0.61236745,-0.05270351,0.051980585,-0.5306654,-0.5080369,0.07539957,-0.96869457,0.41003546,-0.90013963,-0.2206987,-0.63307077,-0.1998414,0.24402383,1.8101636,-0.38798705,-0.66824466,0.44250825,0.6183193,0.546615,1.2495993,-0.12552504,0.0076761628,0.004602759,-0.44282272,-0.15671648,-0.22212575,-0.65987146,0.67322814,1.3082151,0.062902994,0.40135044,-0.27663645,0.6804304,0.8726524,-0.5880066,1.0116892,0.4487417,-0.49498847,0.64494854,0.23050658,-0.11660189,0.585927,-0.20498958,0.26017544,-1.4535104,0.45905042,-0.24575695,0.7747185,0.03276738,-0.7835864,0.9327145,0.12585008,0.07087725,0.81115603,-0.61283916,0.88229734,0.1957105,0.25538328,-0.9510869,-0.13882324,-0.25549528,0.21064642,-0.18075067,-0.5493835,-0.15690105,0.15170105,-0.54186296,-1.2932582,0.044801835,0.33480528,-0.98193514,-1.499924,-1.2656857,-1.4457514,-0.56732243,0.8770998,0.3596232,0.6289558,0.65123296,-0.73763,-1.7258476,-1.0333906,-0.46554667,-0.8268616,-0.3227027,-0.6354179,-1.0958794,-0.108719416,0.23833376,0.503175,0.08627503,0.012717789,-0.18948494,-0.03812992,-0.99015236,0.027440852,0.29580927,-0.5911812,1.4066426,1.0417892,-0.6978634,-0.40106502,-1.4412788,-0.94917744,1.4734088,0.07534576,-0.93900007,0.7421776,-0.3637708,0.52856344,-0.46069,-0.08732145,-0.66576403,-0.85301113,-0.3476281,-0.65784985,0.25163096,-0.87275916,-0.98960674,1.0053816,0.4893482,-0.36111197,-0.56889963,0.30799732,-0.70130295,0.71560925,0.9434879,-1.1634718,-0.3372504,1.5844724,0.16924272,0.58714116,0.36173147,-0.721119,-0.19295144,0.2498569,0.8027438,0.9300051,0.35083583,1.2583796,-0.4508992,-0.86905664,-0.13941452,-0.2761916,-0.2914606,0.17398958,0.53637516,-0.8055432,0.017340189,-0.97599787,-0.9795646,-0.95334315,-0.5387327,-0.35116225,-0.5304088,-0.17326565,-0.9045123,-0.644418,-0.6741399,0.118323386,0.15536773,0.2156971,1.0750648,0.90994865,-0.8382835,0.19375327,-0.90316427,0.5558795,0.69327307,1.2974001,-0.15765095,0.7888941,0.4838881,-0.03558072,-0.24587904,0.049851686,0.34620893,-0.26833513,0.008489434,0.75958884,-0.035132058,0.45007926,0.916101,-0.99387187,-2.1837935,1.1007464,0.75666934,1.150081,0.10474619,0.21916431,0.71257204,-0.8089686,0.32167116,-0.6876441,-0.3254594,-0.74677205,-1.4503325,0.46605542,-0.48037335,-0.95946217,-0.07337473,-0.9862333,-1.1501061,0.013172939,0.54663545,0.23860542,-0.1847196,-0.3027562,0.033474267,-0.78489447,0.42898402,0.012826307,-0.06920833,0.44561157,0.49835414,1.1029669,1.1529475,0.5761483,0.90593255,1.8397349,0.8710283,0.15355499,0.43706888,0.6617955,-1.4725524,-0.1749349,0.70148194,0.46972218,0.29034254,1.3499594,0.11023436,-0.94549096,-0.50083536,0.94914186,0.020129025,-0.31095925
0.13564332,0.28215736,0.5824627,0.72848445,-0.6753662,-0.24000469,0.28654072,0.12465616,0.084516466,0.86164826,0.58702064,0.33295518,0.33816284,-0.62085533,0.5652602,-1.2265,0.3370852,0.50985277,0.6865279,0.86850303,0.37860632,-0.19685014,0.9183149,-0.01239979,0.22253807,-0.9978911,0.45941448,0.54633653,-0.27034545,-0.09987586,-0.12858465,0.5634743,0.38845858,1.1128477,0.27698642,-0.054001298,0.08101844,0.33183634,-0.8712168,0.2583972,-0.46385136,0.20612256,-0.5335208,-0.30876204,-0.025442243,0.7828288,-0.6701075,0.9437384,-0.16876626,-0.72529197,0.662321,0.9566982,-0.1736764,0.56878203,0.13981074,0.1342985,-0.57726127,-1.1782496,-0.10567595,-0.30628502,0.06844877,0.79718685,-0.71544415,0.8164549,0.45622241,-0.6252446,-0.07096511,0.5783093,0.15441856,1.1916366,-0.030759305,-0.11606172,-0.05254185,0.31560346,0.4493213,-0.26906058,-0.044143166,0.28482637,0.22529106,0.49455887,0.18553329,0.27341178,0.09087634,0.39119515,-1.2808582,-0.3596745,0.033702638,0.77754945,0.22991674,0.1878738,-0.32083568,3.9598093e-05,-0.6759174,0.7727731,-0.7089673,-0.43754646,-1.0383877,0.008128031,-1.0556672,-1.0745895,-0.18454371,-0.076587416,-0.6193807,1.2689911,0.37291038,0.36611107,0.765886,-0.043480106,-0.9236202,-0.4880553,0.02694828,-0.46527815,0.03588006,-0.664659,0.44366962,1.4768558,-0.40829462,1.3384424,0.602321,0.72156554,-0.0044547073,-0.98491514,-0.51219344,-1.1636424,-0.8173565,-0.13883425,0.4205771,-0.9607482,0.07445597,0.3849231,0.5942697,-0.07744276,-0.048614036,-0.40807056,0.0022955812,-1.7300044,-0.37188414,-0.13194235,-0.23444638,-0.14536574,0.23378019,-0.76300466,0.5408367,-0.7550752,-0.4418223,-1.2883238,-1.0277871,1.111344,-0.030297365,-0.6351791,-0.37138087,-1.2268659,-0.37843984,0.00023121304,0.38530165,-0.52646536,0.58420855,-0.0016293802,0.18629116,-1.591994,-0.26741886,0.3224435,-0.4886956,0.6111994,1.5769463,0.43896794,0.12956972,0.13216293,0.3003887,1.0902246,0.3476876,-0.08794971,-0.87608033,2.180245,-0.66251546,-1.1259758,0.5506977,-0.013254919,0.74198836,-0.74965614,0.53870076,-0.49958166,-1.4251087,-0.8773739,-0.13681225,-1.1607845,-0.5184625,-0.6185267,0.7986618,0.35646215,-0.25068673,0.09819231,0.8464277,0.1752092,0.6486073,0.0012860681,0.028859423,-0.8041578,0.19795172,0.31956804,-0.045938876,0.02633403,0.13792251,-0.002676516,-0.45081517,0.63612545,0.09019642,1.2789427,-1.160955,-0.71714,0.47951868,-0.041776653,-0.2785597,-0.77510804,-0.51659757,-0.45267007,0.16982856,-0.66068333,0.15450193,0.15009107,0.4976815,0.8490428,-0.12817676,-1.4186954,0.24045685,0.021021504,-1.0602272,-0.23518005,-0.7278595,0.09271021,0.24895908,0.7814343,0.77272636,-0.50649244,-1.4358845,-0.045693386,1.0088754,-0.036973037,-0.30410805,-0.6170168,-0.12994766,-0.20876858,1.6744778,-0.38235334,1.1609267,0.09937792,0.70326495,0.21059252,0.56789505,-0.04608098,0.9748329,-1.4247966,-0.5858818,-0.05812218,-1.8278186,1.4026805,0.20773774,0.25276133,-0.70255095,-1.1691228
-0.031683005,1.1252903,-0.037852325,0.8664286,-1.346525,0.18256338,0.08982357,0.2969309,0.026755864,-1.3524823,0.15556084,0.485598,0.64348316,-0.22955276,-0.49809986,-0.21609427,-0.28488755,0.39844674,0.06751381,-0.669372,-1.1990364,-0.74036944,-0.329315,-0.69634897,0.96977437,-0.9957861,0.6032287,-0.42839426,0.15826118,-0.24757011,-0.8440416,0.98084795,-0.034351908,0.16445321,0.10459413,-0.74008256,0.29193884,1.5921501,-0.5934157,-0.032844126,0.75370604,-0.20521352,-0.49321058,1.5864657,-0.09566825,0.4784159,0.57838094,-0.75409645,-0.2876226,0.13130271,0.9028985,0.36108452,0.38209808,-0.6551156,0.49210435,-0.4661564,0.33048028,-0.85000503,0.09506015,-0.093373805,0.43604106,-1.0310881,0.65108055,-0.31011587,0.3989186,0.012542037,0.286022,0.5644813,0.17377675,0.5014755,-0.836513,-0.077616215,-0.03805631,0.36298862,0.31394956,-0.43609884,-1.729861,0.2938275,-0.30075097,-0.97454065,-1.0017257,-2.1020377,0.15989286,-0.73363537,-1.1292686,0.46853024,-0.42961547,-0.69212717,-0.36763442,0.56265265,-0.85548794,0.7451478,-0.54098475,-0.43423268,-0.19833758,0.7882254,-0.43015411,0.03831907,0.045890767,-0.08593803,-0.470802,0.39971122,-0.42776552,0.384462,0.9611617,-0.3104735,0.0667602,-0.41248226,0.07574019,-0.8397379,-0.09284137,0.18947572,-0.040309716,-0.8295184,-0.066831246,0.38537252,-0.53490955,0.38252127,-0.5873204,-0.69056123,0.7378114,0.74197865,-1.5948416,-0.3925808,0.42320585,0.17160113,0.33731425,-0.35244128,-1.0576999,0.47112834,-0.048189808,-0.118838005,0.097677015,-0.7754786,-0.15144455,0.8373749,0.94494355,0.38482043,-0.6623376,-0.516603,-0.2872108,-0.50595486,0.36673033,-0.06070841,0.030940328,0.016725497,-0.19377026,1.2002808,-0.31444868,0.09737902,0.43768725,0.21045479,1.1593314,0.2800017,0.7226605,0.35879087,0.6558555,0.80428284,-0.6463337,-0.7587881,-1.6891118,-0.20329678,-0.4246474,0.049162585,0.32416052,-0.3409946,-0.6700204,-0.05143574,0.80472773,-1.006581,0.35368627,0.97880137,0.24191643,-0.20470452,-0.75427175,-0.14996214,0.7750893,-0.054599352,0.35255355,0.6318297,-0.5166198,0.8623266,2.4204402,-0.787653,-0.11659462,-1.3809025,-0.3592546,-0.42785963,-0.6616676,-0.72352415,-0.23839197,0.6544825,-0.5762746,0.8375655,-0.3740234,0.23038317,0.41905734,-0.34650347,1.728717,1.5953637,0.6110228,0.78306717,-0.5919732,-1.1413121,-0.68355733,0.43408573,0.7155229,-0.583239,-0.025033826,0.4366988,-0.7264609,-0.2900892,0.23736948,0.26700637,-0.8579749,-0.536298,0.55654687,-0.84824586,0.3824039,0.34214547,-0.5438993,-1.0714724,0.28497636,0.050756227,0.7210461,0.73206043,-0.9140072,0.8982142,-0.37032348,0.23969142,-0.5866677,-0.69331896,0.0098565435,-0.39103907,0.053012826,-0.5214068,-0.38219786,-0.61819965,-0.10266064,0.74430037,0.28704232,1.000869,0.9181077,-0.4986005,0.29736564,0.53063405,0.3241638,-0.11037279,-0.76574576,1.0441052,0.4118139,-0.7207778,0.4378711,1.2329712,-1.4611485,-1.3047844,0.089006715,0.24593991,-0.45848265,0.45425582
-0.24202904,1.4723877,0.58119875,2.1030161,-0.58687884,-0.30825287,-0.83728135,-0.40420184,-0.2613168,-0.094629206,1.9692492,1.5625942,-0.5600764,0.20843872,-0.3626954,-0.18167573,-0.026414923,-0.22540072,0.8677822,0.8523619,1.3317746,2.115084,0.36641553,0.06310096,-0.23824215,-0.71067387,0.2606168,-0.36020282,0.2657041,-0.33980766,-0.24964437,0.48724085,-0.3122444,-0.54229313,-1.4136633,-0.16317272,1.6279056,0.08847209,-0.046650596,0.00042389616,-2.0264153,0.36286074,0.531582,0.3200304,-0.4504424,-1.2998406,0.58706236,-0.066393465,1.2678016,0.413721,0.2134493,0.7208148,0.4603065,0.9357698,0.17820708,-0.2674628,-0.39148876,0.2877803,-1.7391584,0.9656672,0.6589109,0.06833323,0.86137897,0.18654962,-0.507706,1.4079349,1.1254475,-0.7677718,-1.109252,0.19529697,-0.5622098,0.4068796,-0.48027784,0.73533267,1.5615345,-1.1454831,-0.754567,-1.2939116,-0.11069068,-0.8693235,-0.5159374,0.78924507,0.4253508,0.29272598,-1.4527874,0.5492736,-0.0045413137,0.7590287,-0.112439685,-0.54674804,-0.67212814,-0.21609898,-0.17373233,-1.0108986,-1.1747303,-0.25540844,-0.46611595,0.13617663,-0.31209293,-0.17731741,-0.39317527,-0.7827232,-1.2716846,-0.5659475,0.15004528,-0.8874102,-0.0747004,-0.19799548,-1.6776696,0.8076298,0.45086762,-0.26602316,-0.58618164,-1.6702604,-0.6373848,-0.5334923,0.1254518,0.3885045,0.40354207,-0.515101,-1.277765,-0.41008818,0.014059842,-0.07756969,0.04102056,-1.1108639,-0.050811432,0.6745805,1.5011227,-0.047728006,-0.97272474,-0.33307606,-0.52039814,-1.5527582,-0.01361295,-0.17975336,1.0342901,-0.7868051,-0.045054976,0.30925256,-0.058476716,-0.3866459,-1.9162203,-0.16771096,-0.9253388,1.020359,0.3968285,-0.56078684,-0.82762945,-0.4711443,-1.22632,0.014078922,0.36076462,0.27771482,0.54768497,-0.6134103,-0.9415767,0.5210144,-0.083589785,1.0655639,-0.32409355,0.5933089,-0.2513301,0.089029774,0.13647816,-1.2731006,-1.238209,0.6606176,1.0576193,-0.66690326,0.96433425,-1.3465722,1.0329698,-0.581439,1.1344881,-1.3363625,-0.89383763,0.6408725,-0.41500592,0.10374822,-0.3013652,-0.8035819,0.20419955,-0.14138258,1.0998436,1.142673,-0.04239686,-0.36746436,-0.46474713,0.46812975,-0.298375,-1.4949797,-0.33419532,-0.13994168,-0.16279118,0.53999454,-0.8071694,0.142315,0.7257824,0.40754685,-0.16890371,-0.0057952106,-0.68713063,-1.287522,0.03481041,-0.3128784,0.95399195,-0.49700567,-0.46710038,-0.5825957,-0.17100173,-0.0007667414,0.15708037,0.15988143,-0.4803527,-0.018034255,-0.8208134,0.15718023,0.21455072,0.1302813,-0.6910944,0.06357599,-0.0242759,0.7259994,0.55782926,0.3408332,1.06285,-0.12460454,1.5916756,0.455141,-0.63963336,-0.254392,-0.45390907,0.8809883,-0.40759015,0.48108295,-0.24293864,-0.41912726,-0.24770363,0.5684883,-0.28531635,0.5547776,-0.27210614,-0.18234429,0.49117807,-0.04246853,-0.5063581,-1.0284264,-0.1831042,-1.3874782,1.3730056,0.2581152,1.7216414,-0.15060385,-1.283812,0.7671416,0.29353902,1.1558706,-1.3849885,0.24750805
0.370846,-0.052420124,0.5574942,0.32036743,0.0027762624,1.2880553,-0.13628271,0.23352101,-0.31377962,0.18737535,0.7263078,-0.5155923,0.5449429,0.42521575,-0.1574274,0.6019975,0.15235262,0.31410855,-0.36138517,-0.7459022,-0.012116857,0.7654523,0.6170972,0.09109965,0.6811831,-0.7777683,-0.06887587,-0.98405695,-0.1810927,-0.66679555,-0.5395768,0.30038768,0.3923098,-0.12717703,0.114746675,0.020948963,-0.5823553,-0.7692773,-0.44595096,0.317089,-0.23658586,-0.3458789,-0.8000882,-0.45576376,-0.34324923,-0.5794146,-0.67002565,-0.5982665,-0.66320556,0.00033227063,-0.59152955,0.6230181,0.6990893,1.0821857,0.8871566,0.04470396,0.34592822,0.7987207,0.48977852,0.27672926,0.46610224,0.43368068,1.4919001,0.2438635,-0.33246842,0.15783033,0.5499894,0.36873043,0.27543032,-0.3765119,0.29590222,-0.021850528,0.32205918,0.07361061,-0.67309415,-0.86862075,-0.15376583,-0.20451298,-0.18726625,-1.104558,-0.8285375,0.34211543,0.8842096,-1.0655199,-0.5134206,-0.38845354,-0.093037054,1.1505531,-0.046698537,-0.28589505,-0.07389991,-0.20444848,0.50517344,0.80528545,0.1096334,0.07086125,-0.13097249,-0.5954677,-0.47698152,0.8184146,0.13729104,0.14811979,1.0110989,-0.38154685,0.60374784,0.6849733,-0.52849877,0.85906714,-0.06961362,0.055966895,0.1164989,-0.07014074,-0.7801288,-0.67809314,-0.23920654,-0.22615096,0.2610365,-1.4167798,0.15603359,-0.5246916,-0.17715152,0.30383906,-0.23214206,1.2373476,0.13649057,-0.5239617,0.3157652,-0.7794597,0.9113638,-0.21925636,-0.29172814,-0.055400938,-0.20209362,0.06741309,-0.20339836,0.76936835,-0.4919662,0.82434916,0.010659146,-0.38998464,-0.9231556,-0.77993906,-1.7035677,-0.0760819,-0.5468669,0.55620664,0.55941236,1.0934908,0.71415037,0.9447501,1.2003448,-0.51964635,-0.13627164,-0.040256754,-0.5270445,-0.30268997,1.0853636,0.69114214,-0.020310922,-0.2963904,-0.1598435,0.08855099,0.5250013,-0.18529002,-0.28869644,0.025155175,0.3344476,-0.22461385,-0.6293919,-0.5835986,-0.82803065,-0.3161492,0.21217301,-2.6576884,0.77729905,-0.31113604,-0.21970734,0.34130946,0.17973836,-0.34803802,-0.46833533,0.9963146,0.17327496,-1.1026299,-0.20704567,-0.08866281,0.038207747,-0.030362315,-0.8980399,-0.4139304,-0.7196462,-0.4854228,-0.10513621,0.13623154,-0.32370853,-0.225906,-0.07803514,0.5325803,-0.9870499,-0.62902033,-0.073622376,-0.14986493,-0.83153486,-0.71717936,0.67741925,0.36515495,-0.10176737,0.16960046,-0.10907301,-0.52455944,-0.6901709,-0.57309484,0.06797304,1.2051915,-0.22489178,-0.34242913,-0.24272875,0.26505053,0.13644026,0.87539506,0.15333019,-0.16242838,-1.6924515,0.33797002,-0.6332958,-0.19384432,-0.91224957,-0.2584878,0.17678788,-1.3201461,0.1569564,0.5776711,-0.73658353,-0.7499167,-0.3217299,-0.08906787,-0.01724663,0.20033792,0.3702387,0.21294399,-0.539206,-0.24960268,0.26404825,-1.0627023,0.25018242,1.0488005,0.31309086,0.114038914,1.4571292,-0.5854259,-0.9298306,-0.16369233,-1.2044741,1.3338519,2.6620672,0.4258505,-0.28531024,0.5362243,0.24257171,0.6741234
0.7703641,0.13886039,0.0413891,0.8020056,-0.23065667,-0.077947445,-0.3162361,-0.63244605,0.014107261,-0.29763675,1.0930835,0.571185,0.09952153,0.04398912,0.00081791217,0.65754235,-0.7324695,1.6143045,0.20130914,-0.39930922,0.068983085,2.1063898,0.8125931,-0.67108655,0.9112064,0.25641584,-0.42709154,-0.1592195,-0.6006143,-0.11314526,-0.59861743,0.6277355,0.18505558,0.6101254,-0.5386762,0.17257093,0.61345,0.85055834,1.0398432,-0.107673965,-0.13530022,0.3580177,-0.018150238,1.7389141,0.7579492,0.87586313,0.046376474,0.54692966,-1.0324574,0.28047782,0.855072,-0.28722605,0.97037834,-0.6136973,0.5902827,-0.99994594,0.52083486,-0.7422354,-0.08439422,0.42079073,1.1717521,-0.30154917,-0.041775964,-0.39981425,-0.5238769,0.8299658,1.1160473,0.294523,0.32435757,-0.8325975,0.02285281,-0.30517417,-0.6047724,0.743259,0.75996053,-0.2902713,-0.1107661,0.4634203,-1.1110728,0.07333902,0.2626133,-0.19848306,-1.1409541,-1.6194061,-0.66482604,-0.048283603,0.3922759,0.017235802,-0.38650388,-1.2891228,1.1380824,1.6001744,0.80565417,0.5777056,-0.56118554,-0.04989475,0.077111274,-1.1127604,-0.98846376,0.076484226,0.132618,0.5730332,0.43294543,0.29822862,0.26315984,0.30265948,-0.15495586,1.1526197,1.0273988,-0.2186788,-0.90553516,1.3172973,0.33679748,-0.21072592,0.226789,-0.013281392,-0.53156,-0.7488797,1.5070108,-1.1324738,0.16891521,-1.1654747,0.17594486,-0.67374575,0.36477757,1.5967418,-0.2723109,-0.6892905,0.11182705,0.20698504,1.5723977,0.31044412,-1.0780555,-0.17631643,0.42987213,-1.5802442,0.5969656,-1.7165698,-0.9327697,0.805592,0.74273384,-0.20633091,1.2360458,0.4633801,0.3575108,-1.4955537,-2.3455229,0.7287286,1.3870531,0.25462794,-0.34151745,0.16080952,1.4243673,0.04717268,-0.32570592,-1.1631652,0.34703687,0.27500734,0.5087783,0.29429704,-0.9994206,-0.00397747,-0.22212681,-0.7573734,-0.112481266,-1.3061694,0.17091385,0.19641882,-1.3718916,-0.59877187,0.4172579,-0.25268123,-0.3066178,-0.2511948,-1.4046775,-0.45144397,-1.6371204,0.5213833,1.043474,0.18149792,-1.3269284,-1.281376,-0.94007295,1.1535289,-0.24557576,0.39429927,-0.17951474,0.32667798,1.2148216,0.20390344,0.6732966,-0.3039382,0.86337847,-0.535132,-0.30896553,-0.054993223,-0.37173137,0.33192673,0.47090515,0.91620934,-0.7591517,-0.34884247,-0.33182347,-0.8335046,-0.092074394,-0.5522428,-0.75674284,0.34794116,1.1229861,-1.0251225,-0.45029485,0.6065519,-2.297624,-0.8017115,-0.17687756,-0.8045905,-0.021429703,-0.5915102,-0.63325644,0.97154105,-0.80366236,0.7164269,-1.0203887,1.2463768,-0.3569623,-0.134019,-0.46561337,0.2666003,-0.8656536,-0.23451108,0.40785873,0.5095269,-1.7180382,1.18688,-0.2966972,0.18616892,-0.5749715,-1.4490784,1.6204559,0.017362395,-0.71901125,-0.022689665,1.1578498,-0.45284593,-0.2626566,-0.6440298,-1.0154107,0.6639289,0.5606844,0.11342367,-0.24355125,-2.6313782,-0.7567187,0.24890698,0.13509524,0.2923489,1.5964545,-0.025927613,-0.07719147,0.47815925
0.34445462,0.77377236,0.8565119,0.6037387,0.6732615,-0.005053244,-1.240619,-1.3030761,-0.56982577,0.8109496,1.448514,-0.35182244,-0.3408191,0.3144935,-0.35100937,0.2543369,0.7328168,-0.53224254,-1.1225855,-0.12749825,0.35592213,-0.055406038,-0.95332825,0.2760499,0.82629013,-0.81701434,0.55570805,0.2758229,0.42800647,-0.055511087,-0.24047892,0.5286716,-1.2176533,-1.3706318,1.6237236,0.6202575,0.062206388,-0.6712817,0.22109985,0.604872,-0.39838687,0.55540717,0.4561786,-0.617508,-0.40446198,0.6097722,-0.554017,0.30490452,0.9678574,0.6773564,-1.497959,-0.25605467,-0.19159067,0.0013306558,-0.20263147,0.21305801,0.015912771,-0.8082097,-0.040671956,-0.60616654,-0.13415737,-0.84025455,0.21396695,-0.1365197,0.6786188,0.857394,1.4318111,-0.62174875,0.23591591,-0.0043264646,-0.7952534,0.4671119,0.35985422,0.34985393,0.7915355,0.5556972,-1.5156904,-0.5150971,-0.3250912,0.06046554,-0.636598,-0.31955162,0.25709867,1.0308095,0.5129052,0.48169765,-0.53476375,-0.17901121,-0.7257511,-0.33489248,0.025225556,0.26457036,-0.7952986,0.13601784,-0.3410912,-0.28418005,0.36481112,-0.23432803,0.40930158,0.40285912,-0.2636702,-0.020412039,-0.0981255,-0.35514405,0.08041265,1.260764,0.51710117,0.71436375,-0.13766691,-0.33222,-0.82314646,-0.35266554,0.44114894,0.5724169,-0.19422151,-0.8921792,-0.52787614,0.40816054,0.07283104,0.5655451,-0.12185635,-0.59414357,-0.2670851,0.04993944,-0.21127678,0.5915502,-0.26680583,-0.30680963,1.5485339,0.03899737,-0.34315518,-0.390298,0.8169571,-0.52534425,-1.3658413,0.35475007,-0.34649566,0.13013975,0.36191314,-0.21519224,0.4503936,-0.94162226,0.17063262,0.514384,-0.34884718,1.0162967,0.54410887,-1.1255915,-0.47837818,-0.77888423,0.5803518,-0.4395883,0.0682421,0.7622769,-0.68848264,-0.6906034,0.50608397,0.7659246,-0.47601786,-0.7411087,-1.1211493,-0.1278547,0.42169297,0.06891562,-0.28142413,0.36231694,0.23960891,0.30007344,-0.46343115,-0.44738322,-0.5217053,-0.1523073,0.14706284,0.16253592,1.230356,-0.2952054,-0.3368917,-0.46993405,0.12263641,-0.52208525,-0.47254562,0.31748927,0.32592762,-1.9432328,-0.60293055,-0.7353953,-1.2780716,0.22773816,-0.42177543,-0.57364804,0.30244195,0.86299974,0.19481538,-0.03552463,-0.16193837,1.2597351,-0.78292584,-0.4450206,-0.70611286,-0.5120321,0.41656604,-0.050209977,-0.18640573,-0.30875513,0.4148075,-0.17535853,0.06558781,1.0305067,-0.21740162,0.26374945,0.3469871,0.72207755,-1.479367,-0.7260832,-0.29264766,-0.49038494,-0.71607053,-0.28376544,0.25146434,-0.0010279147,1.8259888,-0.16520965,-0.80287164,-0.20793563,0.4817523,-0.86537963,-0.09617461,-0.8245863,-0.28163004,-0.8279926,0.38213584,-0.4311733,-0.19729784,-0.2665313,-0.57782155,0.2853414,-0.68898845,0.07112189,-0.4160901,0.2266935,-0.2790742,1.369783,-1.355981,-0.41058114,-0.5762614,-0.060709577,0.34317812,0.0007429048,-0.7949967,-1.7612183,0.8174072,-0.7049415,0.79714584,0.4810526,1.150518,-0.04811392,-0.40824974,-0.22773452,0.008589312,1.2027112
1.6543252,1.8337045,1.0459592,0.8116342,-0.27210867,-0.42213988,-0.05391219,0.5671986,0.73426276,0.21051568,2.4229026,-0.03713689,-0.76768947,-0.45984852,-0.07246751,0.20606664,-0.5950006,1.3281142,-0.35148194,0.4097842,0.9814302,0.56334,0.2396767,0.16651686,-0.22662349,-1.2099493,0.4018445,-1.1218235,-0.69295424,0.651023,0.9356128,0.27951264,0.15611744,0.5215786,0.16188975,1.5615396,0.15201163,0.020225113,-0.07447241,-0.09073669,-0.013974023,0.4975749,-0.4809061,-0.14743988,-0.1288816,0.20429222,0.6538442,-0.28957415,-0.3011926,-0.6434564,0.4274631,0.8349296,0.0016806222,0.035457782,1.4179999,-0.98562574,-0.6165408,-0.57907057,-0.02625433,1.1429404,-0.16898128,0.36842513,0.70060956,0.499309,0.8993452,-0.39631522,0.6661785,0.80335975,0.26615596,0.22790673,-0.14134866,0.08241047,-1.2836024,0.31658912,0.59811264,0.43933755,0.8972066,-0.12541863,0.59908766,0.100489736,0.38569504,-0.41370925,-0.7382056,-0.7174687,0.5149849,-0.02158777,-0.11582671,-0.12879471,0.1553177,0.08186502,-0.4627064,-0.7425942,0.7652582,0.53292114,-0.2783439,0.78760856,1.1200507,0.6816246,0.6150704,1.9707359,0.31917062,-0.059853714,0.13961747,-0.48739845,-0.8046667,0.99318457,0.61875445,-0.5150913,-1.214507,0.038313534,-0.012297695,0.6523526,0.23603037,-0.224236,0.6555082,-0.68036944,0.22524056,0.19370365,-0.045966066,-0.4485052,-0.413159,-0.5460209,1.099399,-0.31111786,1.2377571,0.55706877,0.049395297,-0.69051826,-0.033245444,0.31962532,0.6869387,0.119499095,1.2086986,0.7991146,-0.66939545,-0.121101275,0.0031594646,0.2654017,0.25704303,-0.03705985,-1.9701229,-0.82873845,-0.93756413,0.42143708,1.6406722,-0.5985313,1.0333285,1.4797183,0.8014874,-0.7049342,0.48853981,0.8689632,-0.41232103,-0.36105427,0.24410494,1.0050828,0.5111847,-0.0001107462,0.7304082,-0.06912995,-0.97110456,-0.87710124,-1.0829139,-0.44699013,0.086570725,-0.7195921,-1.8933134,-0.78290224,-0.4051435,-0.59412926,-0.07110588,-1.3449031,0.4354438,0.0811925,1.9227177,-0.24579515,-0.17126444,0.25257432,-0.0035180012,1.206954,0.44048256,-0.15610163,0.58267653,0.5633034,-0.510296,0.3609053,-0.57580805,0.54494756,0.21908832,0.849083,0.50099343,-0.59423244,0.97358906,-0.1488135,-0.22037613,0.2930711,-0.6585084,-0.026814274,-0.15507522,-0.5037301,0.8527465,0.586854,0.15054902,1.1082847,-1.0901444,-0.37745726,0.6628773,0.46127245,0.78967935,0.092737354,0.44207275,0.20620985,-0.25875133,-0.8284011,0.7800953,0.03705029,0.7410906,0.068928525,-0.0340431,-1.2748104,0.43801975,0.021092003,0.92584896,0.12333255,-1.0288379,0.17997758,0.10621063,-0.9425235,-0.3152627,-0.6822712,0.11145061,0.042104118,-1.9164267,0.3623691,-0.91817504,0.5931916,0.28818527,-0.2603181,1.0976108,-0.36165795,-0.14516376,-1.1085919,0.022795271,0.16382635,-2.4329057,0.5432934,-0.47891608,-0.6296679,-0.41567695,1.1984493,1.1010824,-0.37904236,0.8879727,-1.0368152,0.6114048,0.09855006,-1.3908364,0.12067415,0.40836525,0.0098423045
0.011745079,-0.044031307,0.23930044,0.76528907,-0.503658,0.22586568,0.13184066,0.36929527,-1.1344565,-0.016616302,0.04657061,1.2644047,-0.22591233,1.9207934,-0.18686603,0.5020152,0.49887604,0.57632786,1.294947,0.3847738,0.087723315,-0.024934351,0.68404806,-0.78870857,0.9460459,-0.8149682,0.310196,0.07100719,-0.78321093,0.53093135,-0.41458303,-0.30091736,-1.2764971,-0.47881386,-0.63993657,-0.9292099,0.89890146,-0.30235323,0.8843603,-0.73332596,0.6583536,-1.1988245,-0.09579683,-0.19501862,-0.3281748,-1.6335607,0.29323906,-1.258221,0.445307,-0.8733415,-0.3472013,1.5137683,1.9568667,0.4839001,0.25506914,-0.4635559,-0.24702837,0.23449449,-0.11830824,0.67349917,-0.39116403,-0.19977692,0.2683621,-0.62605613,-0.9918809,0.38192782,-0.25842634,-0.82798326,0.20678043,-0.68363786,0.22733241,0.46025363,0.15640892,0.27392828,1.3175622,-0.15515007,-0.81496495,0.3518387,0.39894316,0.49905288,-1.367593,0.40960726,0.25865293,-0.002148374,0.30788606,-0.06607039,-0.1020119,-0.5312417,-0.67836,-0.23870096,-0.43832052,0.08595481,-0.02520489,0.25671056,-0.4110445,-0.91979647,0.91182846,-0.8930365,-1.0219786,0.45477307,0.35357702,0.5580516,0.2495739,0.7294142,1.2373095,0.021020243,-1.1292962,0.5020573,1.1535873,-0.4883047,0.09609216,0.23593803,-0.14444919,-0.026071124,-0.5328348,0.16761398,0.48601684,0.6685979,0.39063647,-0.5579947,-1.2714622,0.26513192,0.45821854,-0.6316369,-0.43095312,1.3044914,0.9480209,0.122969136,-0.5105754,-0.05958406,-0.6087964,-0.44333577,0.52537805,0.0081096245,0.09649585,-0.82379454,-0.30409455,-1.1119807,0.10650162,0.21750621,0.7402984,-0.5183675,1.4683266,0.24460256,-1.9849893,0.77806437,1.173458,0.08997138,-0.63710296,0.36266467,0.710151,1.3061386,0.73782617,0.13262527,-0.15831755,0.1698651,0.8387833,0.7312098,-0.79969126,-0.3521049,1.946985,0.4026699,2.171666,-0.08765827,0.40125838,-0.8241904,-0.007905475,-0.79976463,-1.5523379,-1.6886758,-0.08181338,1.2639396,-1.0722771,0.6976046,0.28004357,0.562099,0.94972414,1.9066764,0.03913375,0.17758705,-2.2572148,0.6345218,1.1092643,-0.7821771,0.37227818,-0.85662895,-0.78333354,-0.024920452,0.11845241,0.6720895,-0.83419627,0.2683323,0.5144268,0.3564646,1.2386624,0.06554713,0.23969784,1.162033,0.47937405,0.6294153,0.77606,-0.22913016,0.7960912,0.061902836,-0.06378321,-0.042982638,0.52127564,-1.4423822,0.8426119,0.18598497,-0.735405,-0.07225691,0.2935687,-0.5061082,1.10371,-1.2192949,-0.9753793,-0.29173815,-0.3213231,1.068753,0.08541864,1.501749,-0.42936665,0.25189388,0.41391096,-0.51842934,0.62618375,0.8336391,-0.6007983,0.49542406,0.26504326,0.4000329,0.700491,1.8913603,1.499954,-0.18151572,-0.16131936,-0.03367073,0.19247372,-1.2433279,2.2753322,0.63681775,-1.1354065,0.67267984,0.107640296,0.052680515,-1.5707475,-0.79535013,0.53048325,1.0213233,-0.66855735,-0.29478592,0.031391323,-1.0331254,-0.5482537,0.47763586,0.49862367,-0.0034757326,1.3698095,0.3129848
0.622131,0.74438167,-0.48318282,-1.2706792,-0.4290234,-0.35807577,-0.6242638,0.3327966,0.33943096,0.31163377,-0.08819208,-0.90052736,-0.387378,-0.24101761,-1.0059247,-0.76262826,-1.3109509,-0.4935852,-0.48938134,-0.2273451,-0.017898435,-0.7039099,0.044691954,-0.53708047,-0.8256078,0.2858709,0.56346774,-0.81096834,0.07162211,-0.28900957,0.5534531,0.3889595,-0.33751586,-0.37506855,0.36252576,0.12966503,-1.1103606,-1.2128055,0.16828054,-0.41060272,1.064872,-1.9957275,0.32360804,0.17265476,-0.3055245,-0.5121067,0.09103603,-0.12180574,1.1367136,-0.0411947,-1.1753048,0.6744994,-0.14239167,0.22793917,0.874293,-0.38649744,-0.97634923,-0.79625875,0.2559323,0.9652749,0.69862866,-0.5366276,0.4371225,0.7204819,0.85177594,1.0193684,-0.39748695,0.42936075,-1.2252755,-1.1816252,0.47573906,-0.3812176,-0.23490779,-1.0021935,1.4703997,0.894454,-0.9967528,0.5277225,-0.48285922,-0.21752109,0.33770856,0.11565174,-0.7092216,0.6367095,0.5068449,0.80237156,1.8935213,0.387901,-0.6631362,0.024135565,0.46676865,0.15049364,-0.087212175,0.29933617,-1.78001,-0.68184495,0.24594507,-0.018498847,0.33116698,-1.0224327,-0.25702503,-0.44810644,0.30178475,0.17049484,-0.46546444,0.25115815,-0.33654562,-0.2823861,-1.4361707,1.1204895,0.9223657,-0.6095267,0.25593644,-0.12008466,0.26291087,-0.18334284,0.40917835,-0.4079302,-0.34301102,-0.09917127,-1.2831712,1.0392238,1.3703316,-0.12049341,-0.08048426,0.4937391,-0.11461724,0.5647894,-0.3008352,0.114224195,0.71555454,0.116866775,-0.25544816,-0.25538746,0.09346788,-0.87198937,0.62584585,-0.43925157,-0.40951014,0.3395096,0.25677902,-0.58062726,-0.4766377,1.0719635,-0.27121618,0.51192385,-0.99239904,0.40017974,0.53364366,0.6526091,0.20293675,-0.66672856,1.0575393,-0.93034977,0.1413644,0.4403886,0.5045117,0.38130736,1.0924864,0.27353215,-0.7674085,0.38057202,0.11553355,0.048529528,-0.4093323,-0.005234397,-0.4240507,0.38284144,0.43941873,-0.47608,0.2304783,0.41204393,-0.42533973,0.44514915,0.4376325,-0.5887751,-0.83651847,0.17176059,-0.10822412,-0.6110311,1.5608175,-1.4712828,-0.101444244,-0.8381262,-0.18275078,0.105288416,-0.8128704,0.88675237,0.9773375,0.34998786,0.38797423,-0.43649116,0.45490798,-1.1021087,0.8378917,-0.8884267,0.2055066,-0.5189335,0.29764724,0.29448047,-0.5923154,0.46521196,0.023483012,0.17318429,0.3318334,-0.49095353,-0.33501315,0.9481212,-0.76515955,1.8550447,-0.8974448,-0.19915663,-1.0704914,-0.75492215,-0.9282712,0.6158781,1.0730869,0.11562941,-0.11902322,2.0667233,-0.55373555,1.152143,-0.24145646,-0.5824895,1.3857572,1.2962215,0.98195344,-0.38496172,-0.28699118,-0.53283453,0.22411852,-1.8751014,2.6543329,-0.37853265,-0.79232246,0.9813144,0.43446302,0.102738924,-0.25080645,-0.4352532,0.28713495,-0.15004942,1.5398746,-2.1368222,0.050447278,1.3833921,0.05910194,0.29994097,0.961567,0.3107891,0.12300586,-0.34125704,-0.7301575,-1.6779029,1.661579,-1.1323117,1.330362,-1.2689332,-0.5622182,0.033038378
-0.32464054,0.27514207,-0.81139934,0.6421562,-0.50593144,0.14243023,-0.7333986,-0.23695019,-0.7525848,-1.243348,-0.4344204,0.13927566,-0.43540004,-1.1779695,0.20528786,0.45060372,-0.010348405,-1.0103862,-0.18314694,0.12487706,-0.19204693,0.25356632,-0.6075114,0.9251979,-0.54426986,1.0711806,0.23659651,-0.429055,0.066897154,0.5346856,-0.5866209,-0.4943458,-1.5921042,0.064279,1.6094356,1.1855128,-0.10979739,-0.5585467,-0.5298308,-0.7620607,-0.48466226,-0.37818947,-1.0601615,0.09377239,-0.40857995,-0.46208492,0.30811176,-0.9236116,0.42146116,-0.92509156,-0.4229825,-0.064957805,0.6584882,-0.47138065,0.30879048,-0.08231826,0.2839705,0.7131269,-0.20193434,0.32662496,-0.016683964,0.49893486,0.48966727,0.6168459,0.46987376,1.9636135,1.2198238,0.8286346,-0.16840419,-1.9108313,0.096011356,-0.19517347,-0.5311423,-1.1526392,0.77300715,-0.76258475,0.29964617,-0.6579239,-0.21449146,-0.79851013,-0.255829,-0.031909507,-0.8247443,-0.36316922,0.1124969,0.19294621,0.13439073,-0.72868085,0.20929442,0.15992334,-0.45062873,-0.6178167,-0.52872604,-0.17793617,-0.15651631,0.6903031,0.8559361,0.7520827,-0.5036124,0.21936716,0.2872503,0.26189893,-0.62493914,0.85328573,0.8153196,-0.29768753,-0.54112494,0.70104593,0.047407765,0.5705033,0.15128769,0.10263636,-0.5584191,-0.23337613,-0.17933783,-0.31306812,0.5211265,-0.0036166613,0.5021562,-0.201927,-0.32469535,-0.6438942,-1.023906,-1.2712905,-0.13630171,0.964397,0.5311241,-0.10060555,-0.95468026,0.9016933,-0.48526895,0.7009585,-0.8990787,0.32095125,-0.6258634,0.13257436,-0.30157894,0.855637,-0.29248282,0.63094866,-0.098737836,0.33072007,0.10585458,0.32548288,-0.558106,-0.9270982,0.21546507,-0.16430254,-1.4320612,-0.2573395,-0.29300666,0.39945197,0.2597359,0.5422795,-0.45939353,-0.6045655,-0.016161982,-0.4864621,-0.4851571,0.30440784,1.3704597,0.935428,-1.0400673,-0.49642712,1.763904,-0.9758955,-0.4896726,0.2732935,0.23890664,0.02976286,-0.66810024,-0.5524508,-0.6723049,-0.6032369,-0.8397404,-0.939007,-1.3323073,0.7123703,-0.025626976,0.14934163,0.276561,-0.06297619,0.5271759,0.088428326,-0.060262755,1.0683795,0.923982,-0.0102853505,-0.12020539,0.23182464,-0.011248853,-0.70482033,0.068573564,-0.9312683,0.044540834,-1.1206056,-0.2037639,-0.6925272,0.36668685,1.3822559,-0.4928359,0.3177957,-0.17960313,-0.78691727,0.2501114,-0.22825979,0.16513489,1.1925653,-0.39471275,0.16653018,-0.29723626,-0.26079336,0.30353805,0.52984214,0.13738756,0.6412286,0.82819486,-0.9844238,1.0611835,-0.5952263,-0.16928582,-0.28275144,-0.53164536,0.28346655,0.8998363,0.5387463,-0.18950097,0.13449693,-0.37436837,-0.8956689,-1.2436633,-0.656961,1.2341857,-0.78805095,0.9491407,0.113122374,0.06838168,0.5043426,0.1968061,1.1966454,-0.74770325,1.0083995,-0.7405429,0.4968793,-0.5043693,-1.4299278,0.9721176,0.716188,-0.28145084,-0.4188837,-1.3684655,-1.5042143,1.2878286,-1.6156491,-0.54274595,0.023910113,1.1253567,-0.105798535,-0.59067386,0.22258972
-0.08051673,0.9124392,0.36704004,-0.8762243,0.45201698,-0.91198653,0.993658,1.3642702,0.769485,0.24257386,-0.046615697,-1.4498589,0.07798165,0.77006966,-0.6570401,-0.4510789,-0.047417987,0.33338416,-0.48260272,0.2428694,-0.4487808,0.69425076,1.3923199,0.16636683,0.47723073,-0.62582815,-0.6437607,0.00884619,0.83096826,-0.34931216,-0.5566111,0.0507754,0.4333414,-1.0728034,-0.57223535,-0.5414843,-0.71801883,0.7827451,-0.8522616,-0.3339527,-0.31786135,-0.5815905,-0.25015348,1.4859289,1.8755262,-0.35238928,0.3113077,0.15300412,-0.8331482,-0.5768613,-0.24510536,-0.38094008,-0.90007466,0.4940399,0.5640474,-0.28523237,-0.0904001,-0.4530319,1.2537178,0.12084057,-0.426572,-1.6717857,-0.57195,0.25074413,-1.5668882,0.018527936,-0.57591015,0.4789092,-1.4177849,-1.1818614,1.2999256,0.39462262,0.31904587,-0.017890519,0.4585078,-0.64125776,0.46359023,0.39737394,1.3258983,0.6998244,0.4575966,0.13766597,-0.64121926,-1.9615529,0.02065674,-0.18927519,-0.6462842,0.34196004,0.25658625,-0.5861591,-0.69736195,-0.32560062,-0.24288873,-0.16229126,1.161342,-0.4172092,-1.2198527,0.29225153,0.36123443,0.8224772,0.38086215,-0.046827413,-0.07532143,0.47307566,1.2064581,-0.10544975,-0.38209015,0.27539542,0.18678777,0.80025905,-0.9762463,0.6370911,0.97982866,-0.5670155,-0.09409665,0.4804752,0.3327828,0.1912494,0.54577553,1.9915738,0.7784437,-0.41704845,-0.010148102,0.5629197,0.61692804,0.61029494,0.1275672,-0.7820232,-1.0446433,-0.34536517,-0.18704158,-0.050167587,1.2995514,0.7644653,0.5013053,-0.14168912,0.51628923,-0.24633843,0.97730464,-0.074544735,0.89687926,1.3725796,0.8257603,0.3731997,-0.47230875,0.948858,0.85176826,-0.27824292,0.1590601,-0.36777905,-2.3337173,-1.0085541,-0.26831928,0.78892744,-0.05330775,1.3992422,0.34671775,-0.41615182,-0.50846547,-0.8953409,-0.51463926,-1.0956479,0.37839904,-0.46070462,-0.15235493,0.6549751,-0.78761846,-0.55011296,-0.6321931,-0.71306425,-0.5517854,-0.23112567,-0.14998102,0.5043637,-0.36047527,-0.88529336,-1.0159365,0.33896327,-0.50133413,-0.032795805,1.1705037,-0.18975563,0.52231777,-0.2659826,0.015024683,0.72813106,-0.4619478,0.40710723,-0.16376224,0.24362649,-0.38549745,0.27264908,0.23175496,-0.8767371,0.35366687,-1.106122,-0.6484367,1.0490863,0.39597163,-1.6690938,0.054762054,0.07828988,0.16499647,1.2520437,0.30746534,-0.9003447,0.6587294,-0.32475558,0.22531484,-0.20180163,0.8338361,0.21534945,0.04159125,0.30227333,0.41960126,-0.2219565,0.6234287,1.4891951,-0.25870585,-0.7729065,-0.36887658,0.86606485,-0.7260065,1.0594726,-0.81126225,0.08574253,-0.41677043,0.95613587,-0.2993435,0.65006745,0.93386906,0.27301776,0.27065468,0.38435668,-0.53367007,2.009923,0.2235241,1.043895,0.4518182,-0.6700936,0.61084527,0.30051684,-0.23262464,-0.13907257,-1.7427512,-1.4759078,-0.5218117,-1.0241882,-1.3798647,0.16217324,-0.8672732,-0.5959775,0.065645106,0.11708081,0.594275,-0.5156052,0.93592334,0.7818996,-1.0242567,0.34146667
0.55607957,0.91593367,0.12166286,0.02273878,-0.6810416,0.07613831,-0.04449979,-0.46484706,-0.13526592,1.0296518,-1.7800505,-1.1998528,0.78052473,0.16731414,-0.5728998,-0.17012456,-0.07113591,-0.52374834,0.058761604,0.143503,-0.8981729,0.79767644,1.1295043,-0.5415302,-0.6247822,1.2831972,0.5051126,0.16402979,0.47179192,0.13140188,-0.99133295,0.9189864,0.45417377,-0.34943488,0.33224833,-0.2567489,-1.0616282,-0.35625318,1.4099228,-0.66667897,0.8930877,0.87281996,-0.37887284,0.10642036,-0.69981396,0.012853739,-0.6066107,-0.39866078,0.6292656,-0.46468374,-1.7194971,0.6205024,0.5217777,0.31676218,0.30454957,0.032696135,-0.8765728,-0.7153916,0.17316566,-0.58071566,-0.48298207,0.5822587,0.053311117,0.4308918,-0.4820742,-1.136195,1.3816314,0.52355844,-0.36586344,1.8292112,-0.39347103,0.6694465,0.54635936,-0.71617967,-0.52738154,0.8343863,-0.4697167,-0.2643703,0.22352582,-0.45371386,-0.2775449,-1.1408441,0.44925833,0.13617224,-1.3401368,-1.2225103,0.6675888,-0.08673595,0.44780308,0.11109614,0.8469952,-0.8642129,-0.9560743,-0.33802482,-0.66483533,-1.6916473,-1.7655461,-1.157233,-0.29432994,-0.16880237,0.71730804,-0.007627558,-0.37829423,0.04504088,0.08431777,0.9277681,-0.3495803,0.356896,-0.82819796,0.039536346,-0.84042567,-0.15040417,0.46293584,0.6411998,-0.47137392,1.5945934,1.2920905,0.6449435,0.010566266,-0.10791555,-0.59668595,-0.47168377,0.45644918,-0.1106333,-0.2593004,-0.015684396,0.37037393,-0.09316977,0.45192522,-0.53068286,0.25616765,-1.2706618,-0.65475714,1.2533238,-0.11803506,-0.67534345,-0.7302674,-0.20625137,-1.410947,0.12696847,-0.51251453,-0.28994954,0.4868118,0.84767663,0.2666537,1.2345998,1.4378884,0.09253629,-0.30966654,0.63873446,1.7175174,-0.9968449,-0.3972944,1.3144585,-0.8912509,0.13061085,0.30637997,-0.7792862,0.88200533,0.74509734,-1.0092648,-0.012342307,-0.91872543,0.5207473,0.23861253,1.100401,-0.061462495,-0.41929263,1.7671553,0.35438523,0.28116438,0.30387297,-2.0695002,0.2164861,2.3662345,-0.4631186,-0.7881539,0.15001364,1.5915533,1.1350734,0.005087413,0.54799956,0.4698983,0.14069824,1.8568645,-0.353816,-0.5417461,0.37246177,-0.31953156,0.6036118,0.51828605,0.3927707,-0.51917434,-0.79146487,0.19940744,0.37442255,-0.5355196,1.0411336,-0.21975106,0.0784377,0.8353898,0.5687189,-0.45456213,0.9016863,0.09155575,1.0782603,1.1260296,-0.13090229,1.4333547,0.34287322,-0.024770211,0.935501,0.28949106,0.11756461,0.21948588,-0.12089727,-1.0485173,0.21207348,0.013731763,-0.17502876,0.3478834,-0.57841825,-0.6437519,-0.36466384,0.92096084,-0.40456873,0.5333648,-1.119541,-0.10631403,1.1382344,0.9844962,0.16765286,0.24362822,-0.16712241,0.5328663,-0.88203394,-1.7664548,0.64646196,-0.4325073,0.45269492,-0.60590386,0.054799464,-0.18032432,1.5404798,1.6918447,-0.17932723,0.86247426,-0.39614776,0.37053797,0.5840687,0.14291365,-0.17479785,-0.54479396,-0.49166775,0.40542462,-0.5387022,0.2850285,0.4828521,-0.08162274,-0.87681985
0.6565785,0.9627408,0.07566246,1.0302825,0.08168663,-0.110679984,-1.2190766,-1.1485811,-0.549286,0.37968206,0.7636828,0.3540032,0.23908438,-0.3088187,-0.15467481,-1.1958349,0.44444042,0.43389437,0.26773217,-0.2538985,-0.0061375694,1.6798913,0.4657962,-0.09777683,0.29821017,-0.5358304,0.08969858,0.20609778,-0.7436113,-0.3595786,-0.2683228,-0.49546003,0.8760912,-0.3086524,-0.055583842,0.028621495,-1.0615723,-0.22306204,0.021762393,-0.19634138,-0.425786,-0.05329964,0.32856545,-0.1820769,1.1879882,0.28875223,0.5426495,0.60965097,-0.34060472,-0.37697902,0.18061829,-0.014648356,0.028445534,-0.2818798,-0.015690418,-0.9196174,-0.37589166,-0.59221786,-0.4468515,-0.06847308,0.6209594,0.23048984,-0.36377922,0.56371677,-0.7576109,0.35342374,0.5265474,-0.37353444,-0.3416503,-2.170254,0.96204066,0.6075472,0.029582825,1.2941611,0.13926579,1.1616635,0.4224882,0.36119416,1.4673511,0.3192928,0.14933577,-0.056875333,-0.4284668,1.11395,1.1807389,-0.49355412,-0.05568037,-0.5579681,-0.35617867,1.2151799,-0.32747895,0.018926008,0.0040337844,0.06141217,-0.9473468,-0.75579727,-0.41513416,1.1078299,0.018697973,0.28846407,0.17589119,-0.55401087,0.38461888,-1.2269329,0.051307056,-0.64033574,-0.040518213,0.88099486,0.48320457,1.2922084,-0.9927623,-1.2052822,-1.8473461,-0.5237491,-0.6457637,0.01757926,-0.5120795,-0.21076669,-0.8297954,0.32021624,-0.22825964,0.81563294,1.1178519,1.3555301,-0.37566143,-1.2233047,0.2668822,0.22609226,0.7530236,-0.5124871,0.6810763,-0.044144593,-0.06817512,0.63779384,0.086162075,-0.5720568,-0.887547,0.026436793,-0.60839576,-0.2242216,-0.8052787,0.25333548,1.1885806,0.14666009,0.23721199,0.8163574,0.05959558,0.22246794,-0.23377407,0.68266684,1.4265893,0.26903245,-0.057522386,0.1729762,-0.36780936,0.037245512,-0.4852337,-0.23258786,0.4054638,-0.6539663,-0.42533952,-1.2023332,-0.47496283,1.0585332,-0.08692752,0.009778332,0.52434367,0.29663634,0.43925095,-0.37982687,-0.6725459,-1.9858826,0.12666199,0.79182065,0.7450666,-0.5403697,-0.6401214,-0.06895711,-0.6486758,0.33549586,-0.47295612,0.00957895,-0.49291092,2.2264948,0.36343765,-0.9336901,-0.7963976,-0.10024708,-0.7571269,0.074789114,0.40432125,-0.31235427,-0.56541747,0.21419369,0.6744227,0.2959456,-0.22309951,0.54945177,0.26964647,0.47731978,0.804911,0.085091725,-0.5966063,0.27422908,0.028574554,0.8970608,-0.8456789,-0.31675363,-1.2911094,-0.32142392,-0.23981124,-0.09398682,-0.32637483,-0.007981129,-0.0989635,0.0024538985,-0.99113166,-0.55031085,0.46057773,0.03823885,0.4357866,0.58281964,0.036462337,0.9088438,-0.6780254,-0.12042058,-0.3455006,-0.2099603,0.47693044,1.1277664,-0.29024485,-0.22758032,-2.2809875,0.17761733,0.5617003,1.5897986,-0.46655208,0.8788022,0.11648973,-1.0227548,0.98117024,-0.43186492,0.2719677,0.81319433,0.039952148,-1.4455616,-0.031455863,-0.52896595,-0.06279498,-1.1241642,-0.022610512,-0.56923664,0.95469195,-0.075968586,-2.2398975,0.59314704,0.62360764,0.32564464,-0.68038976,0.8091871
1.3734598,1.733638,-1.1362336,-0.3617849,-0.20977463,0.42585462,0.472744,-0.71682674,1.1082594,0.67157537,-0.7423063,-0.8178481,-1.0069108,0.4385483,-0.47638056,0.40446067,0.26045835,0.37027726,-0.07683215,0.11123499,-0.5166881,-0.89800256,0.050697338,0.5900625,0.11760701,0.23138149,-0.0035995555,-0.9287832,1.0498936,0.028953424,0.048948485,0.4554543,-1.0145309,0.46657935,0.50321037,0.33171692,-0.9934167,-0.3743483,-1.2653282,-0.13662727,1.5821505,-0.46286184,-0.4820558,-0.031664558,-0.85232764,-0.27183828,-0.6337272,-0.62498033,-0.3651941,0.23075795,-0.28544268,-1.5394691,0.099470295,1.2254852,0.43753853,0.5504116,0.34078085,0.6247475,-0.3144236,-0.07141103,-0.9847056,0.40554845,1.0409863,-0.2775421,-0.25733224,-0.5116677,-1.2458339,0.09002065,0.12757447,0.5725988,0.7514862,-0.36529875,1.6138003,0.62525856,-0.94934285,0.39352,-0.9855284,1.091465,-0.22757383,0.71392584,1.0322963,0.7573079,0.56309474,1.1343392,0.637215,-0.5595646,0.34013754,-0.024225716,-0.16698387,0.4385957,-0.004900552,0.10930308,0.1623867,0.21516052,2.0105767,-0.85458815,-0.75945055,0.67091507,-0.49810153,0.5283101,-0.14972772,0.7386249,-0.37887034,0.7262752,0.17087616,0.35418856,-0.333484,0.84575033,0.12541594,-0.26395586,0.2018917,0.22381145,-0.50405645,0.289065,0.40625694,0.4671441,-0.08176617,-0.18673684,-0.5052313,-0.46213365,0.13027087,0.51995873,-0.12112104,0.51251894,-0.82008797,-1.4086732,-0.16480842,-0.9175809,-0.042070784,-0.29314634,-0.2059491,-0.9512937,-0.34721163,-0.019469094,0.56611556,0.26469335,-0.58129126,0.00077082624,0.44759873,-0.46008018,0.9469294,-0.98090076,0.65111893,-1.0900521,-0.088869154,-1.0151751,-0.08412225,-1.0716021,-1.0496038,1.2985374,0.63422996,-0.853096,0.60166496,-0.060754523,0.6410855,-0.2146954,-0.07638553,0.21305746,0.20667098,-0.30473018,0.08830361,0.6820651,0.21300341,-0.1990371,-0.35338306,-0.25359836,-0.08800522,0.14077385,0.6044104,0.38923106,1.006286,0.57076955,0.8873511,0.1841418,0.12166244,-0.23592897,-0.42296678,-0.24733584,0.7038669,-0.047342174,0.3429251,0.2956234,0.67991686,0.09599176,-0.78726006,0.10316949,0.12155567,0.70979124,0.70652705,-0.010259191,-0.29018188,0.22687437,0.8680968,1.7702454,0.49363625,0.5250564,-0.32789308,-0.16367105,-1.4657522,0.07249603,0.40663767,1.1547916,0.44369158,0.7026683,0.5400353,-0.36793798,-1.186715,-0.5973532,0.4261299,-0.3892092,0.4277308,1.4421903,-0.06070887,-0.79169786,0.17693755,-0.3477075,-0.82449645,0.09577215,-1.0978885,-0.6642767,-0.10462851,-0.24444237,0.69889134,1.1843901,-0.26255772,0.38408434,-0.7926346,-0.5570092,0.38719204,0.120989874,-0.21785124,-0.7205973,-1.1292017,-0.5983207,-0.85633504,0.37887052,1.7695273,0.7112683,-0.44060963,-0.53370476,-0.36711502,-0.8529462,-0.5759772,1.4260366,0.23992717,0.21932988,0.53372747,-0.34707987,-0.9500024,0.09270924,-0.61118144,-0.4321741,-0.014204711,0.1968569,-0.82962346,0.111018635,-0.58872885,0.96720195,-0.16468112,-0.38940737
0.8019137,-0.18834908,0.16875182,0.15802646,-0.69312423,-0.36574292,-0.94947654,-0.5840239,-0.3538229,-1.0689446,-1.4702954,-0.13191536,-0.24196188,0.45167583,-0.43431756,-0.93096703,-0.41729409,0.1968331,-0.051811352,-0.10408096,0.1058241,-0.7367073,0.7867657,0.047476172,-1.4906226,0.103733666,-0.35303578,-1.0266424,-0.7214699,-0.8990929,0.37425292,0.3743326,-0.7547228,-2.1733189,-0.06567516,-0.114325926,1.2297432,0.70034117,-0.81867707,0.6163368,-1.1012024,0.3199478,-0.18011121,-1.0149691,0.01084075,0.096442185,-0.5893358,0.2121494,0.4623827,-0.31267145,-0.014502475,1.3883203,-0.77089536,0.0028043839,0.5794358,-0.67425746,0.06796309,-0.4742845,-0.97925055,1.1095301,0.5573632,0.5240576,-1.2502226,0.87782913,1.7095757,-0.97525036,-0.39736965,0.17611225,0.77716684,-1.1326087,-0.16482201,-0.42674008,0.42044505,0.6167973,0.6310572,0.08278893,0.1662543,0.23253842,-0.36798534,0.2242785,0.21128885,0.19260333,-0.9762613,-0.20000257,-0.60686517,-0.38636857,-0.75476193,0.21993782,-0.5881144,-0.16836879,-0.0747028,-1.3747069,-0.19990604,-0.20337865,-0.94168085,0.6858953,0.33608186,0.14184068,1.9759765,-0.0024661743,0.3991228,-0.60881174,-1.0093181,-0.14408676,-0.18725213,0.53463423,0.027831826,-0.47473958,0.7814571,0.023252055,-0.22751157,-0.32557747,-0.2716407,-0.1253338,-0.54715085,-0.135962,-0.82963884,-0.27803543,-0.6600195,0.8674939,-0.2850245,-0.02997287,0.47087964,-0.83880466,0.7409682,0.5256911,-1.57927,1.1278005,0.48767295,-0.21055488,0.1713332,-0.18092482,-0.14651738,0.41733983,-0.41969335,2.0278835,0.41414014,-0.3881535,0.3818326,-0.6786272,-0.9336075,0.15272991,-0.87275535,-1.3525201,0.24551667,0.80811423,0.48956266,-1.3243148,-0.6272901,-0.7428309,-1.6588069,-0.12371698,-0.4507242,-0.31439263,-0.06289453,-0.2268501,-0.1773245,-1.023255,-0.1762624,0.44790626,-0.37262708,0.7417935,0.015665112,0.6723349,0.34379542,-0.81497216,1.3325791,-0.15281613,0.68327814,1.3131464,-0.98057514,-0.1327562,-0.9918204,-0.10113397,1.7046733,-0.104848556,-1.1632526,0.9684469,-1.1737965,-1.426706,-0.44782257,-1.5969539,-2.0039134,1.8829718,-0.8289928,-1.1448286,0.18359151,-0.09054903,-0.4105958,0.07591855,-0.3796129,-0.57391405,-1.057894,1.3359894,-2.3545468,-0.24759516,-0.030545115,1.0206369,-0.13114971,0.59483576,-0.42292273,0.12773141,-0.10134851,-1.1413405,-0.6757108,0.43073687,-0.14815499,-1.188291,0.0025104797,-0.07847752,-1.2191894,0.6907281,-0.5807382,-0.9079482,0.014867661,0.43787256,-0.3024515,0.5014053,-0.1834013,0.8396433,-0.77823156,0.11769634,0.119097635,0.25338054,-0.17184909,0.3364174,-0.42218345,0.29711783,1.0820832,-0.34673816,-0.44010907,-0.6462694,0.4683225,0.40483072,0.3546799,-0.08181303,-1.6844869,-0.43253863,-0.00021954007,-0.19627947,-0.67606795,-0.46903276,-1.0596449,-0.9697249,1.6565007,-0.69017327,-2.114648,0.6908892,-1.3947127,0.603916,-0.8363052,0.9550144,0.2991653,0.28207427,-1.2383713,1.2136446,-1.6013628,-1.2907082,-0.053634644,0.24861753
-1.0598092,0.86142564,-1.5876044,-0.41650158,-0.97128105,0.35668945,0.08408725,-0.7843717,0.53709215,0.8045171,-0.42826843,0.22488876,-0.37507877,-0.6821734,-0.111655354,0.3794989,0.6907604,-0.47391167,0.5654547,-0.2521176,0.8467928,0.52540064,-0.41313466,-0.7902228,-0.24139635,-0.52337533,-0.19235891,-0.1950305,-0.27293605,0.7456521,0.06944978,0.1783841,-0.5602894,-0.6204827,-0.83059037,0.6807824,0.8939615,0.72015,1.2908103,-0.15902266,1.5435294,0.36126113,-0.13498151,0.21961066,0.322039,0.20546857,-0.896882,-0.005054786,-0.8900046,0.029473864,-0.13354968,1.7309895,0.8848343,-0.45150474,-0.08111343,0.009981026,-1.1113484,-0.36911258,-1.4433807,0.40283173,0.19554257,1.9019948,0.09282579,0.88651776,0.21076228,0.6851626,0.28607196,0.24556607,0.13984494,1.0920334,0.7494573,-0.46718585,-0.19909969,0.33084697,0.60272175,0.46316528,0.3458254,1.0090237,0.17452165,0.8674695,0.94243056,-0.80443984,-1.0335139,0.17657045,-0.6324508,0.29595688,-0.23283507,0.0868142,-0.8132537,0.4393104,0.28668526,0.7990085,0.5878601,-0.1911189,0.61794347,0.26163414,0.43812856,0.02234103,0.4539234,0.06820146,0.30265996,-0.60524154,0.17117874,0.20041366,-0.21871985,0.18463455,0.637912,-0.9583732,-0.84080297,-0.6088093,-0.5819561,0.30878377,-0.8727714,-1.1764561,-0.30354193,-0.0054627163,-0.70328027,1.9092901,0.43278724,0.7830726,0.22858997,-0.8886363,0.56516063,-0.17842636,0.67327857,-0.50115454,0.55776656,-1.134342,-1.8658825,-0.05508007,-0.44153047,0.61138594,1.186651,-0.95229954,0.3353405,-0.34544304,0.6918366,-0.6330999,-0.68092966,0.70012885,-0.28505504,-0.746359,-0.49604437,0.62068135,0.5216004,0.36311215,-0.2946823,0.47049096,-0.51973265,0.47977552,-0.94419295,0.39324963,-0.6881447,0.106250286,-0.12949528,-0.37642986,-1.2730865,-0.56716967,-0.094611876,-1.0099602,-0.6365507,1.1515512,-0.19199437,-0.0017445539,0.34823552,1.3337866,-0.22151202,0.6372929,0.5499609,0.5554311,0.5820257,0.44346237,-0.33825827,1.6008651,0.4256483,0.18494967,-0.0038593886,-0.49851906,-0.83579224,0.58365357,0.0067164777,-0.38941503,-0.5384465,-0.7923223,-0.527908,-0.32595053,-0.8663769,0.693465,-0.2552544,-0.43825346,-0.34559152,-0.581585,0.805147,0.73391265,-0.21458955,0.8932627,-0.08607247,-0.039048366,0.28238872,1.0966432,0.32562017,0.18311737,-0.5135053,-0.46640933,0.5440247,-0.9961723,0.20572114,0.5344337,-1.6890883,-0.46847358,0.46710917,0.25220186,-0.8244787,-0.4278449,-0.74634635,-0.43089452,-0.22281726,-0.63406086,-0.74955463,0.5965808,-0.18622832,-0.8465167,0.65631706,-0.47969124,-0.533608,0.07961382,-0.77237433,0.073835395,-0.16488788,0.21273051,0.55333817,-0.6295219,0.7710685,0.1301812,-1.1976124,0.7196028,0.12490786,-0.92754877,-0.1575016,-0.7869068,-0.2753836,0.07364922,-0.82468474,-0.8199929,-0.1302694,0.51827186,1.0986849,-0.24484825,0.65008,-0.5676301,0.5009912,-0.9025857,0.393656,0.07144465,0.40541318,-0.027891606,0.7222619,-0.33703482,-0.16026959,-0.69339484
0.115276106,-0.13999954,0.3783153,0.23168087,1.0646306,0.05501388,-0.94993365,0.2149939,-0.029960103,-0.089836225,0.09721838,-0.76341945,-0.51151043,-0.71270037,-0.97613037,-0.6671489,1.113116,1.3166342,-0.32194036,1.2052709,0.2288328,-0.37172094,-0.06356138,0.7319945,-0.30464867,-0.26459116,0.16746475,-0.4916186,-0.1366764,0.45626897,1.0207493,-0.052340496,-0.91358525,-0.6757719,-0.51892143,-0.9141275,-0.9624987,0.105644464,-0.88131577,0.4268312,-0.4184638,-0.18018132,-0.4135481,0.33552244,-0.55130297,-1.8890837,0.28669637,-0.27298015,-0.6321819,0.7382382,0.6636156,1.2277386,1.8753285,0.6686177,1.0830507,0.3455167,-0.98735166,0.68604547,0.42335206,0.9575052,1.0949749,-0.0033930265,1.5171567,0.00345677,1.2585245,0.9689371,1.1876692,1.2023602,0.1643732,-1.1494776,1.1126426,-0.15569128,-0.23491901,0.37815043,0.7772556,1.0937911,0.061875615,-0.43796358,0.2830059,-0.7751943,0.73865396,0.6172816,-0.27757946,-0.46428263,-1.1570171,-0.6701304,-0.023153508,-0.7340912,0.13937934,0.3960066,0.14649287,1.0234009,0.5369379,-0.9163271,0.9397557,-0.42479974,-0.6741932,-0.5784742,-0.57594746,-0.8181422,-0.39180097,-0.54802024,0.7614232,0.1829627,0.36005366,-1.7769474,-0.6626884,0.074039735,1.0160791,0.9324132,0.23696107,0.70069516,0.76156986,0.27006796,0.43148273,0.061912417,-0.62823635,-1.3656054,0.4224536,-0.31403983,-0.79688114,0.08473224,-1.0824662,-0.12768236,-1.2883332,0.06238145,-0.45232007,-0.27271554,0.21442315,-0.15538806,-0.1452714,-0.8672745,-0.18392086,-0.3049848,0.29420266,-0.39243326,-1.1302335,-0.74132,-0.77507347,0.9061229,0.9496086,-0.32226157,-0.3157655,2.040905,0.50846183,0.25569862,0.3309213,-0.53147614,0.32588324,-0.49545455,0.39768535,0.0066845585,0.05662866,-0.15737881,-1.1699291,0.23282519,-0.39076698,0.29744917,0.15892878,1.2266254,0.078923,-0.27906966,-0.44818527,0.2686857,-0.22502927,0.51744276,-0.36012524,-0.90334094,0.28379488,0.7111485,0.022493074,0.71228975,-0.12896773,0.022797603,0.2849209,0.39702782,0.16671903,-0.19162753,-0.7816917,-1.0732859,0.3457937,0.61063987,2.4948835,0.7650087,0.5293326,1.1293553,-1.5983088,-0.14478105,-0.46027395,-0.47067237,-0.8038538,0.016624236,0.46343282,0.3983363,0.5261081,-0.5827108,-0.119406015,0.6232929,-0.52531135,-0.33266476,0.24778777,0.99628943,0.7692952,0.1397083,0.43239486,0.9726015,-0.67988485,0.03280282,0.34746012,-0.017599072,0.8240614,0.43170968,-0.72951764,0.5010713,-0.42164963,0.40835276,-0.005523782,0.27187347,0.15504175,-0.25311455,0.9401142,-0.16530856,-0.20932454,1.6972517,0.1081143,0.56922555,-0.6909184,0.2653344,2.2567306,0.73305005,-0.07030194,1.5377928,0.26827767,-0.14882532,-0.6639135,0.29532254,2.2443912,-0.74978703,-0.5231449,-0.3110276,-0.24546497,-0.7536624,-0.4729122,-0.9857946,-0.58329487,0.015070217,1.1275334,-1.5229652,0.21806584,0.122341275,1.3318554,0.047839776,-0.5586662,0.1899813,0.6657177,-0.046260837,0.4258856,0.39281726,-0.14211734,-0.15720421
-0.054896135,-0.17638135,0.5070314,0.40669072,0.03339057,-0.27301815,-0.7150523,-0.82278615,-1.1936,-0.5121039,0.1307158,-0.13168417,-0.43436685,-0.29824552,-1.1946594,0.12946115,1.3416063,-0.145894,0.17173791,0.13755944,0.93617284,-0.35424727,-0.38746664,0.048492167,0.9178162,0.8526177,0.5719532,0.10852535,0.32388973,-1.0270679,0.7949882,0.9202947,-0.38111138,-0.19770434,0.6064988,1.4276465,1.561763,-0.253849,-0.5558705,-1.2848071,-0.20520121,-0.18135329,-0.6859418,0.20759624,-0.054125655,1.266677,0.87604487,-0.44110855,0.64626664,-0.19268368,0.29485285,1.0465785,0.060670584,0.430874,0.05646492,0.9573628,-0.13769582,-0.75493735,-0.43825155,1.4396936,0.58490205,-1.1700954,0.2768611,-0.4341481,0.5646869,0.08089055,-0.33636442,-0.36692032,0.5466776,2.048738,-0.4717249,-0.68710566,-0.16513975,0.9274698,1.871533,0.44606352,0.1439325,0.66015035,-0.28673154,0.53071797,0.10182068,-0.22112566,-0.303175,-0.3484225,-0.684896,-0.009710825,-0.3477217,1.2381657,-0.4707392,1.234224,0.44055194,-1.4520395,-0.9813333,-0.12038369,-0.3879745,-0.47243884,-0.19399667,-0.37211245,-0.25450993,-0.5308698,0.45862603,0.74018687,0.824031,1.2051533,0.042866763,1.3337578,0.3242001,-0.39027396,-0.06827569,0.538068,0.3788276,-0.10143619,0.33107284,0.080731414,-0.493664,-0.18569995,-0.7384938,0.118386455,-0.18217672,-0.35759208,0.2882468,0.06278315,0.20761386,-0.7550387,0.6454209,-0.21456969,-1.2160159,-0.23764712,0.7688764,1.4613029,0.25241217,-1.1501325,-0.24902686,0.04195378,-0.36933976,-0.25674346,-0.72177637,0.44700617,0.032299742,-0.7566461,0.9681977,1.2775064,0.14159212,-0.22907351,0.47060272,-1.0226439,0.053814147,0.09717462,0.8074071,-0.5222404,-0.14359996,0.35533285,0.3401156,0.94551134,-0.30497664,-0.07615156,0.2963071,1.2083092,0.43455043,-0.44932848,-0.6421976,0.21072744,-0.02638283,0.07895286,1.6242977,-0.6036982,-0.35704577,0.18580928,0.01711089,-0.12000109,-0.0033309036,0.6694932,-0.5324234,-0.91326994,-0.7792749,0.01636627,0.76250696,0.136515,0.9729691,0.96265084,0.4976566,0.750722,-2.0579534,0.3525351,-0.305324,0.31088972,-0.96092033,0.2968536,0.8709795,-0.32055762,-0.33328933,-0.7179063,-0.007826924,0.20128849,0.034300987,-0.6630121,1.157993,-0.57464194,1.3535917,0.52713007,-0.14789402,-0.051755786,-0.1625834,0.14414173,-1.6265957,-0.5817886,0.92647725,-0.48371106,-0.40296546,0.2173884,0.027947558,0.9481996,-0.060711406,-0.13720943,-0.33518288,-0.19393508,1.0076958,-0.42096323,-0.11674433,0.7861623,-0.78408325,0.66508186,-2.0164633,-0.51470304,0.19590384,0.8496728,1.2850872,-0.7746798,0.059819415,-0.5784927,-0.01614201,-0.5433108,0.7655591,0.70141727,0.4042139,1.6351528,-0.19074304,-0.07040852,-0.8659358,-0.38969737,-0.32169622,-0.29073322,-0.007246503,-0.4546054,-0.18009998,0.21745747,-0.88703555,-0.23373216,-0.84241736,0.8993414,-1.3602737,-0.5520932,-0.102512114,1.1772547,-0.5403383,-0.78973836,-0.29236385,0.025610583,-0.46235517,-0.6712978
0.05198775,0.3358345,0.3747623,0.376398,-0.2659662,-0.7258321,0.87811476,-0.53521997,-1.5184735,-0.42982173,0.91704035,0.657413,-0.7772121,-0.77195436,0.21875548,0.17806731,1.2140279,0.018522708,1.1742762,0.84090316,0.09775696,0.5733583,0.8510777,0.8263622,1.6135114,0.34705248,-0.101534,-0.8845239,1.1551417,-1.1561649,-0.27657175,-0.31049883,0.08082907,-0.61235845,0.8258279,0.087928995,1.0563022,0.78102773,-1.0114708,0.47955224,0.7506975,0.9239466,-0.72801983,-0.3399249,0.50996274,0.50205475,-1.6730772,0.06896445,0.29573622,0.35261083,-0.476404,-0.07798719,0.087152585,-0.95610636,-0.87250984,-0.6189357,-0.16940829,-0.4736451,-0.45254624,0.014429363,0.8185331,-1.2516266,1.4468293,-0.87338966,-0.5030715,0.17684422,-0.060602296,0.7518055,-0.4929996,-0.26258722,-1.7326944,-0.43206957,-0.5241893,-0.18823935,-0.6912536,-1.0134864,-0.34391737,-0.15420137,0.12734126,0.21660993,0.17516732,1.1461816,0.96861345,0.42906162,-0.29759657,0.40038052,-0.45991522,0.4862998,-0.011134981,0.05383246,0.20441306,1.6936264,0.5766898,1.6954378,0.19575712,0.7779532,1.0559608,1.7480832,0.5621664,-0.39963806,0.04869714,0.37368956,0.345441,-0.22772212,0.019468622,2.2377777,0.60793245,-0.85126907,-1.0749328,0.08889423,0.7634694,-0.27349263,0.5616366,0.771504,-1.2626463,-0.51298887,-0.7581086,-0.42285672,-0.366996,2.1409793,-0.12297446,0.023943877,0.46990213,0.22575107,0.55858624,1.0224047,1.3649015,-0.7980798,1.9171877,-0.08446083,-0.6916572,0.3580381,-0.2740078,-0.53020793,-0.04593766,0.37835318,1.4667044,0.039272454,-0.51674926,-0.72415674,0.19540082,-0.6960901,0.9811805,0.38889804,0.7880536,1.4657971,0.41793752,0.90184826,-0.20520417,-0.10770959,-0.1390277,0.15648493,0.5186938,0.7590165,0.6043931,0.21666726,0.8349977,0.108356416,-0.2586702,-0.7471808,-0.11119561,1.5932411,0.03673947,0.09470221,0.43613052,1.1573939,-0.2890237,1.9469366,-0.5865732,1.1270678,0.011676138,-1.1194223,-0.22305854,1.2992686,-1.4040567,-0.20322362,0.0027984488,0.8018158,0.27559066,0.6852132,-0.64967275,-0.8451277,-0.47008193,-0.80478275,0.8844459,-0.9470736,-0.90289044,-1.232398,-0.22756492,0.2655165,-0.65655166,0.21366346,1.0197866,-0.1675968,-0.3322695,0.9905746,-0.68585247,-0.37738678,-0.5771256,1.1932998,0.5272976,-0.6892776,-0.5544023,0.13083622,0.76162636,-0.2651829,1.1238716,-0.1175844,0.26173744,-0.048285037,0.18062696,0.22110474,0.23291366,0.6630889,-0.05066648,-0.520738,-0.6739386,0.09866536,0.01222236,-0.05746103,-0.11537917,-0.6390708,-0.0060115103,0.6621073,0.6747953,-0.2741734,-0.8228949,-0.066826575,1.0867141,0.8554841,-0.16057451,0.025656745,0.3712589,-0.41388696,0.314615,-0.7150183,0.72057104,-0.028307723,-0.50158125,1.60891,-0.39998206,0.40040982,0.12085891,-1.1897202,0.62281364,-0.18337195,0.6148298,0.37779602,0.39820814,-1.3506885,0.50775707,0.2272891,-0.8550612,-0.14651284,-1.5194536,0.083789505,-0.43662694,-1.6416388,-1.0983524,0.5160931
-0.9170561,0.88942105,0.55725783,-0.44954976,-1.3001807,-0.2781928,-1.5589112,-0.6370135,0.29717866,0.80878603,-0.037536416,-1.0289981,-0.31056285,-0.5234479,0.80376095,0.4649221,0.45021668,-0.8218351,0.3747271,-0.27372718,-0.12893921,-0.77420735,0.24785039,0.806298,0.6477095,0.8065144,0.27402696,-0.013203699,-0.73531103,0.70760745,0.17249042,-0.84324855,0.029370956,-0.3210519,-1.8427298,0.7273233,-0.69767404,1.0786536,1.3167356,0.45492584,0.33502194,-1.6886748,0.06713615,-0.5999723,0.18641442,-1.2078955,0.36257395,0.043546446,-0.5526745,-0.24049577,0.684787,-1.7305657,0.5821252,-0.6462954,-0.33154115,-0.47182918,-0.7946369,-1.1604595,0.80673784,-0.11335749,0.9969671,0.1631241,0.16874039,-1.047857,2.1632535,0.5216023,-1.2124504,0.3859498,-0.43311796,-0.89364624,0.26955995,-0.6593111,-0.52153695,1.757334,0.07317191,-0.6071971,1.8552252,-0.24032813,-0.88300323,0.78515995,-0.45811245,-0.98206556,-1.8056808,1.0163683,-0.05021345,0.36819863,-1.3755008,-0.63893116,1.0338188,0.18242893,-0.19664188,-0.4167615,1.3562654,-0.38419265,-0.14518036,-0.36468008,1.1955117,0.24776216,0.643241,0.09262544,0.69475335,0.698437,0.09162579,1.3132929,0.72623926,-0.5205348,-0.013270291,0.59941554,0.21032998,-0.026067447,-1.0721442,-0.04905813,0.14638336,-0.5880824,0.37305367,0.29638827,-0.24267411,-1.1753713,0.20359859,0.19186611,0.41715986,-0.05146912,-0.33903128,0.13151044,-2.1351535,0.4855185,1.4609323,1.5811416,0.30070865,0.12661703,-0.10264287,1.0182766,1.5729473,-0.028821172,-0.35827717,-0.2855483,1.0693301,1.6247822,1.2241898,-1.039804,-1.1569533,0.12391539,-0.41088837,-0.20317134,1.3160384,-0.17472476,-0.7422311,0.19197157,0.6016611,-1.3149225,-1.0034249,0.10488603,0.05830285,0.8323528,0.09247247,-1.2090155,-0.3147238,-1.3443801,-0.06437475,1.6592486,-0.48196077,0.47757685,0.25705558,0.73158884,0.3216793,-0.79455686,0.63754964,-0.7668877,-0.67256576,0.37156457,-1.084267,-0.49888396,1.0222566,0.7947504,0.50758386,0.43590587,0.99649423,-1.2747443,-0.2385143,-0.0038626154,-0.8556093,-0.6421569,-0.123843804,0.26101196,-0.6655392,0.29489544,0.9138808,1.2119957,-0.86493707,-0.566762,0.14293487,1.4711505,0.65132743,-0.29323438,-0.9099053,0.6932292,-0.450761,-1.090838,-0.16550131,-0.5875961,-0.8369729,0.84550166,0.121500455,0.18992701,-0.30294493,-0.5078521,0.48135215,-0.00010375616,-0.4255642,-0.44033915,0.31392914,-0.0033337951,-0.012077733,0.26529464,-0.710958,0.47450045,-1.0583891,-0.52738804,1.6670688,0.15233542,1.0740381,-0.1820453,0.14131534,1.5899545,-0.43587622,0.4139268,0.09705698,-0.064378574,0.020929866,-0.4768207,-0.12707627,-0.34596005,-0.84117717,2.2463508,-1.0343231,0.40952605,1.1592268,-0.94921833,1.2255201,-0.316032,0.45794266,-0.26904967,0.31872666,-0.977585,-1.919344,-0.08301534,-1.4201784,-1.9121438,-0.40620273,-0.28157842,0.28725326,-0.59585744,0.625961,-0.8279763,0.89072216,0.82916456,-1.105058,0.11778602,-0.3564856,0.06501063
-0.3141362,0.4991262,0.18421234,-0.0037261366,-0.09948221,0.22179165,-0.37904862,0.89633685,-0.3533589,-1.3235954,0.05592944,-0.5943629,-0.13401839,-0.2920454,-0.6163281,0.3029946,0.13847569,-0.6881309,-0.28678998,0.12717089,-0.96904993,-0.7156872,1.4807382,0.49160713,-0.2681134,-0.39713043,-0.35813457,0.4756132,0.36382097,-0.10052267,-0.70958585,-0.7593201,-0.2963402,1.2431674,1.3401197,-1.7474384,-0.84455466,-0.1321746,0.2524524,-0.7490505,0.31831187,-0.45545664,-0.8393713,-0.6157554,-0.56427693,0.23770028,-1.07214,-0.29775897,-0.6886932,-0.38842827,0.3558367,0.13869558,-0.33217868,-0.8500441,-0.4762142,-0.27354252,0.41280368,0.9460919,-0.31204545,-1.1401837,-0.050653525,-0.3164947,0.048682477,-0.34487498,-0.7605071,0.2411485,-0.06780779,1.3995103,0.14776875,-0.8268105,0.22808056,-0.062184997,-0.3187065,1.3320245,1.1204495,-1.6869203,-0.07933257,0.85988617,-0.2828096,0.9324415,1.1766491,0.3008759,0.118774325,0.4058177,1.0263987,-0.10631889,-0.8089003,-1.2625272,0.3394117,-0.5337615,-0.104793325,-0.606767,0.35377258,-0.5893416,-0.24722849,-0.70703614,-0.5807784,0.42856786,-1.5962387,-0.47718793,-1.297367,-0.74076456,-0.38342354,0.0159985,0.37401888,0.9987204,0.8356339,-1.0194485,0.12085302,0.24413624,-0.48234573,-0.42861754,0.13698408,-0.8858482,0.47260243,-0.05029751,-0.3226892,-0.87735957,-0.9618094,-1.7212338,-0.8163364,-0.7009837,0.03479401,-1.4149122,-0.43739384,0.18792024,0.60823363,-0.050585918,0.052056845,1.236155,-0.4192362,0.15322483,-0.1936249,-0.9482273,-0.13889976,0.33878064,-0.28685695,-0.48904562,0.19791327,0.19253719,0.060023602,-0.4935558,0.93236566,-0.80344844,-0.13040525,-1.4783999,-1.110348,0.36487478,0.13175286,0.61530244,-0.65083414,0.8437909,-0.47944728,-0.4937342,-0.85269916,-0.4648764,-0.0012378925,0.1527989,0.32253093,-0.051861715,-0.6430699,0.017395388,0.4829709,-0.28532588,0.78243893,0.68008244,0.31850722,-0.15307765,1.0674939,-0.005042431,-0.38247555,-0.6767481,1.5160613,-1.269639,0.25871164,-0.16903625,-0.64021224,0.26065746,-0.2614791,-1.0179389,-0.21455635,-0.5845049,0.34918618,-0.3971497,0.3768295,-0.11885475,0.03285031,-0.8214099,-0.41141087,0.7227268,0.4793864,0.07546861,-0.0012364883,0.4109793,-0.12471394,0.35207042,0.38181293,0.28910467,0.34300482,0.62995553,-0.0084456615,0.47585523,0.16784328,0.67708725,-0.73883057,0.30561247,1.0455593,-0.76823455,0.13099921,-0.4406302,-0.76775086,0.42504764,0.20750238,-0.4750561,0.14861128,0.8311171,0.40454853,-0.73008865,0.029318588,0.46028048,0.6427247,0.35039723,-0.8834323,-0.59687513,0.6743736,-0.18444362,0.21228066,-0.105343856,0.39834356,-0.45077544,0.8447361,0.86530596,0.6611375,-0.24799617,0.43276536,0.37381688,-0.39694762,-0.6771792,0.2084045,-1.297982,0.2878,0.026999554,-0.16018921,-0.94690984,2.3425925,-0.05805205,2.1751025,-0.23421337,-1.5724474,-0.76684856,1.3249416,0.23592731,-1.0417353,1.0639464,2.0297012,0.28852278,0.9860261,0.13157569,-0.48905495,0.6895831
0.659324,1.1147693,1.1701535,1.4437104,0.7229117,0.45634267,1.1293985,0.46862546,0.8883972,0.060179804,0.57789624,0.8412535,0.3735463,-0.32309595,-0.15670958,-0.11190146,0.23666522,0.076650485,-0.03945183,1.2581825,0.85647696,1.070773,-0.397178,-0.6411102,-0.21438639,0.58461833,0.97638214,0.1713689,0.37386355,0.28030273,0.11334951,0.6858786,-0.5955268,-2.3320947,0.46366277,-0.46549076,-1.3293983,-0.24681394,-0.26531932,-0.031954948,-0.66487896,-0.83475953,1.4300553,-0.17762434,0.07772224,0.26163426,-0.6020971,0.29522064,-0.32476866,0.23920263,-1.4169446,-0.8355623,0.71476966,0.6911426,-0.0027917568,-0.716378,-0.08308818,0.6300023,0.9029733,0.57618135,0.37885103,-0.31361052,1.8881568,0.097730644,0.037509717,-0.11001385,-1.8854973,0.8889773,0.49357972,-1.4718883,1.2665496,-0.7359757,-0.034129176,0.21108808,-0.51616806,-0.07561271,-0.7567932,0.61908704,-0.4211533,-0.6326555,0.32220894,0.9813629,-0.35088018,-0.27747726,0.09255716,-0.24974164,-0.8368366,0.26099455,1.1116536,-0.12997994,-0.1672764,-0.45296076,-0.070637286,0.3736907,-0.5245201,-0.39259565,-0.580831,0.45736417,0.48192903,-0.49932453,-0.22152708,-1.7986604,-0.8654915,1.3564731,-0.4401397,-1.055976,-0.8401746,0.6377248,-0.21598531,-0.15524238,0.835534,-0.120145366,-0.12587427,0.5123193,-0.8378317,0.26326022,0.02051807,-0.7909332,0.94105154,0.109748095,0.64803576,0.820579,-0.7438318,-0.1052914,-1.001723,1.3791906,-0.16539745,1.1019038,1.693352,-0.23577379,0.6394216,-0.60918194,0.13525578,-0.37955558,-0.22274032,0.8290435,1.122078,1.178088,0.65241396,-0.93362063,-0.3704405,-0.45297042,-0.3540801,-1.3152502,0.58905965,-1.7741985,0.1625347,0.014541009,0.37135065,-0.31759444,0.22139639,-0.6626943,0.254999,-0.15150489,-0.02415844,-0.63277537,-0.80196685,-1.2314149,0.55903935,0.8908586,0.2145427,0.3184235,-0.23018137,0.5566494,1.5771817,0.8250613,-0.42813838,-0.81872696,0.067358375,-0.21943145,1.2439014,-0.34933653,-0.6198324,-1.4119232,-1.1355058,-0.63635206,-0.4768063,1.0124305,1.1044714,-0.102262996,1.3021228,0.28540367,-1.267342,-1.9596757,0.26239797,-0.5978441,0.23961979,-0.16858,0.40871063,-0.37411448,0.8191676,0.11768498,0.50622874,-0.55584127,0.7343311,-0.9194653,0.01667344,-0.1977847,0.7644895,0.85254806,0.7887904,-0.092963606,-0.29062212,1.4078385,1.8650731,-0.07052629,0.0040106187,-0.20977299,-0.90601665,0.3155562,0.4093776,0.52317274,0.5788835,1.3807814,0.6309774,0.18837352,0.15693437,0.7935422,0.5010845,0.16876401,0.21454084,1.858565,-0.3083206,-0.03049,0.12989284,0.15803875,-0.22916164,0.12924795,-0.16318892,1.0237821,0.2444322,-0.111577675,-0.27031434,-0.2553933,0.122014634,-0.6736781,0.9377808,-0.52827007,0.43427408,-0.16325903,1.1992826,0.39424747,0.014587795,-0.2230292,0.9593883,0.0027222137,0.5823763,-0.53440005,0.16604167,0.18409908,0.099880226,-0.9487943,-0.3430193,-0.5057782,-0.19669335,0.6838152,-0.1392752,-0.11650429,0.7606787,-0.053753864
-0.0021402417,0.7810374,1.3067771,1.3949814,-1.1143795,-0.55791384,0.54228824,0.14538507,-0.19912507,-0.9019237,0.44155574,0.53602666,-0.7537206,0.05794069,-0.17528449,-0.66618574,1.1398578,-0.5413059,0.5323961,-0.2475205,1.5879887,0.8693737,0.54039717,0.0008232547,0.43274128,0.834557,-0.3508392,0.6206494,-0.018577404,-0.73664665,-0.41711658,-0.00082247454,0.7288627,-0.5617006,-0.42262733,0.19193909,-0.23807243,0.70457304,1.5219078,1.0366932,0.29341996,0.16493006,-0.09049665,-0.012268401,-1.3243468,-0.7473258,-0.37511483,0.31903636,1.4238765,0.29298714,-0.09308827,0.28897482,0.951676,-0.9450886,1.2213871,0.26960543,0.3271076,-0.0922253,0.3181621,0.4927129,-0.11141725,1.3826247,-0.1966956,-1.119166,1.2015802,-1.9147277,-1.4738125,0.435879,-0.7551776,-0.35547963,2.4881012,0.16774991,-0.7178552,0.27302453,-1.749618,0.53929454,-0.8051813,-0.62020767,-0.8025571,0.19014691,-0.08681682,-0.35355675,0.46256584,0.22913355,1.4011705,-0.28671893,0.24779144,0.6188587,-0.2139816,-0.95590836,-0.52576506,-0.08281337,1.1069447,0.5646212,-1.1003592,-0.9608538,-0.8804222,-0.90958786,-0.4525535,1.2209389,0.9588403,0.2109035,-0.46622458,-0.04810459,-0.1529052,-0.67369664,-0.08604688,0.29269218,0.006582078,0.42748502,-0.5821402,-0.6480299,1.0132204,0.7606215,-0.15213643,-1.2738227,-1.0927562,-0.21616353,1.0570822,0.8513538,-0.79045856,0.49390668,0.39782026,1.5256073,-0.66539353,0.5499514,1.4937577,1.3096972,2.9247656,0.6419589,-0.5562452,-0.90224206,-0.59594375,1.2610126,-0.6573471,-0.651086,-1.199126,0.003086326,0.95419884,-0.8610073,0.3809936,-0.017575003,0.12378155,-0.4235238,1.4278319,0.83156246,-1.0273522,-1.8698748,-1.5375257,0.47752917,-1.1855196,0.24733141,-0.098106526,0.18309467,-0.6159911,-0.07654522,1.0594459,-0.7229756,-0.3934751,0.8368074,1.193178,0.3244123,0.24706897,-0.43574825,0.7981422,-0.14962879,-1.080986,-0.35770792,0.062496092,-0.4086777,1.1601622,1.6735777,0.23017752,-0.40589625,-1.3581091,-0.5343268,-0.7195851,1.6341603,0.18515147,1.0845561,0.47351557,-0.85645753,-0.4340602,-1.1236166,1.473644,0.3125264,-0.32196057,0.44799578,-0.22504084,0.069274224,-0.5052172,-0.27836818,0.66554236,0.039061658,0.6526215,-0.49859452,0.61516005,-0.93797094,-0.4428911,-0.091286704,0.40712953,0.709719,-0.3636464,-0.2439344,-0.17166342,-0.36946574,0.5815719,0.6077576,0.82251626,-0.62410897,-0.32673338,-0.84720576,-1.2260981,-0.29349682,0.27084672,0.0107897315,-0.4885045,-1.484862,-0.3327938,-0.13619104,-0.025675032,1.5798697,0.06714286,-0.15934232,1.7013049,0.5817552,0.5835015,-1.4796587,-0.9803654,0.045934748,0.61485213,-0.64473915,1.6581764,-1.7696333,-0.00931382,-0.56337804,0.22557364,0.86002904,-0.34613258,-0.43001914,-0.20449927,-0.6767442,-0.62188244,-1.0375828,-1.9912933,0.21727979,-0.63797665,0.52263165,-0.3773221,0.5234843,0.56642157,1.0310035,-0.09461279,0.66888964,0.41815493,0.30954188,-0.12663306,-0.39132726,0.7860512,-0.5119837
0.9396574,0.7378076,0.7039517,0.68037224,0.20820454,-0.2366792,-0.19383824,-0.14369887,-0.45484215,0.37775648,0.35955992,0.106404796,-0.23854662,0.2925994,-0.33924776,-0.25013465,-0.3308068,0.98752093,0.789739,0.89810634,-0.89751244,0.31281835,0.96421057,1.3314029,-1.1980481,0.20691647,0.24240126,0.034408808,-0.052228685,-0.645116,-1.1194148,-0.4555796,-0.47320226,-1.0985155,-0.43375638,-0.64597774,-0.06845124,1.466057,0.08193116,0.459047,-0.14082386,-0.770753,-0.2285084,0.6867834,0.61126393,0.40221646,-0.21386705,-0.39277527,0.9603421,-0.5794449,-0.18691838,0.7035844,-1.0778595,0.11024879,-0.6656289,-0.66987413,-0.6961322,0.15898493,0.22985432,0.5262825,-0.4851942,-0.11215245,0.38158667,-0.016636444,0.66973424,0.5010292,0.4329818,0.84650725,0.34319916,-0.002417454,-0.9241594,-0.42155024,-0.13798481,2.2096043,1.6972408,1.0269113,0.21923015,0.21951482,-0.09210504,0.649224,1.4525262,0.068267204,0.0173784,-0.11762142,0.40552887,-0.32478282,-0.23325963,0.22379309,-0.7220996,-0.12502992,-0.3064039,-0.3119802,0.15565662,-0.31048307,-0.8360317,-0.11448374,0.7500963,-1.0932432,-0.38074657,1.1288447,-0.01612157,1.2093437,0.94254285,0.6161234,0.6234875,0.13867591,1.0819335,0.53649503,0.74525744,-1.1163205,-0.03450004,0.1647223,0.6758061,-1.2981092,0.048667274,-0.07723116,0.26910928,2.395876,1.6580869,-0.36794603,-1.0087341,0.42439473,0.18375817,1.5348358,-1.2732105,1.0733336,1.4408983,0.867306,-0.71142507,-0.2822861,-0.21518111,-0.7864692,-0.66029024,0.026436422,-0.09051667,0.75662965,-0.45439392,-0.22126657,-1.7445658,-0.06268495,0.18574221,-0.8049915,-1.0252944,-0.87422085,0.32776153,0.5083386,-0.3890222,-0.34740698,-0.8703491,2.073574,1.1314634,0.1813466,-0.24037984,-0.6219785,-0.6557567,-0.021976845,-0.22379741,-0.09975583,0.34975952,-0.3159384,-0.46605426,1.4121696,0.13179396,-0.19818936,-0.5150274,0.16167086,-0.16096917,-0.1772833,-0.06591017,0.91850984,0.84227264,-0.23093529,-0.06269095,0.051412232,-0.54859823,-0.7185908,0.51366365,1.1767901,0.44556487,0.50890166,-0.013988558,0.13920425,-1.687235,-0.67461,1.0367887,-1.4255853,-0.8354137,-0.12406059,0.87636954,0.5612765,-0.1232285,-0.18580993,0.033521738,0.05799171,0.43115336,0.586704,0.13445193,-0.57484525,-0.88456064,-0.30257747,0.2579377,-0.14524631,0.30672222,-1.4405962,-0.09611711,-0.38523075,-0.14209032,0.46266186,0.47939557,0.51864713,0.17020614,0.3241091,-1.4067128,0.0092259385,0.10159759,1.0874255,0.6416828,-0.9957953,-1.0434207,0.29074368,-0.6385017,0.052475717,-0.3175088,-0.72814584,0.72465706,0.3777874,-0.16184248,-0.22350784,-1.3174655,-0.23917738,-0.7885564,1.266468,-0.6492082,-1.2965091,0.35272732,0.44032156,0.642518,0.6085536,-0.28678617,-0.45897433,0.54209346,-0.39545983,0.3244076,0.24650398,-0.8193475,-0.7045629,-0.8387036,-0.54110116,-0.08685484,-0.5705663,-0.46962515,0.6874087,-1.153486,-1.0599636,0.77905774,0.18720083,1.0717167,-0.77811265,0.2828462,-0.88286996
0.4297535,0.8529217,1.507305,1.803503,-0.8321291,0.06293662,-0.286785,-0.6800371,0.09252181,0.7934162,0.40805015,1.4727975,0.41945323,0.0017752904,-0.88785094,-0.057862774,0.9087512,0.5970082,0.56424546,0.61178714,2.2283568,1.3084735,0.19595085,-1.0228667,-1.006095,0.63898426,0.86289746,-0.18468778,-0.3538592,0.7933052,0.08462731,-0.99791425,0.41396713,0.29541904,-0.27635753,0.5456087,0.5728689,0.19448526,-0.42453346,1.0522858,-0.7861466,-0.05230719,0.5640159,-0.024812063,-0.36957636,-1.1374754,-0.21505967,-0.929645,-0.5999638,-0.28387457,-0.5422771,1.6657528,1.4039137,-0.15071717,-0.9749917,-0.74011385,-0.434073,-1.422047,-0.6711913,1.535287,0.8815158,0.979843,-0.377662,-0.8689072,-0.49953374,-0.7469758,-1.4608512,-0.45472565,0.36291188,-0.64210653,-0.15375498,0.21731137,0.2738531,-0.48044354,0.45606527,-0.70039976,-0.19608429,0.12511656,-0.30383146,0.047929578,1.462196,0.14860561,0.07570104,0.1156113,0.722889,0.026876139,-0.5682178,-0.375134,-0.055486392,-0.8097014,0.44432938,0.20938286,0.4165408,0.6582055,-0.31627575,0.6069364,0.32489157,0.4648776,0.016850963,-1.0451915,-0.1891101,1.6665511,0.9044207,0.32938406,-0.5425602,0.21611156,-0.1947472,0.58325404,0.82803845,-0.43089235,0.45130488,-0.5546442,-0.18126106,0.0010547733,0.14204532,0.03215332,-0.5309003,0.3583763,-0.4687542,0.29761705,-0.8090618,-0.33853996,-0.10468508,0.25052884,0.41080704,-0.4641771,0.055182762,0.10110839,0.092998564,0.047238532,0.62392783,0.4968582,0.18228555,0.60916597,0.31723753,-0.97754043,-0.98168594,-0.3082652,-0.32740623,0.7564632,0.48379943,-0.13070554,0.0011799929,0.3277626,1.8180794,-0.9375753,-0.06188628,-0.62396944,1.0720208,1.0935915,-0.39413923,-0.2235905,-1.1457876,0.22910123,0.21951388,0.20386581,0.13636379,-0.040644325,0.13960366,0.25656185,-0.48235857,0.8460173,1.734363,0.03223078,-0.6070334,-0.16423163,0.97069985,-1.2428045,0.61493355,-0.5034967,0.93705463,-0.96505195,0.1121071,-0.8787455,2.1507576,-0.561642,0.30688515,1.1614289,0.6175138,0.05569035,-1.5209733,0.10938409,-1.0261747,0.5816794,-0.07710346,-0.83946776,-0.26722598,-0.34248263,0.12668386,0.12209071,0.0077271652,-1.571595,1.5741644,-0.45523575,-0.30443698,-0.41217223,-0.054603178,-0.44213867,0.47227168,0.80928123,-0.6610138,0.4705099,0.9337395,-0.9612841,1.1460347,0.3415186,-0.07870137,-0.47034976,0.84101695,1.253164,1.2896509,-0.008106446,-0.40825877,0.50410604,-0.7375875,0.066493146,-0.5991088,1.3130138,-0.38631785,-0.12512434,0.27188182,-0.7121086,-0.33094436,-0.44532028,-0.5009748,-0.089793056,0.14666548,0.057755303,0.23051822,0.30053085,-0.86806035,-0.10404652,-1.635044,0.59553164,1.0574061,0.32193118,-0.45573565,-0.75081825,0.8778244,0.4580429,-0.052132413,-0.14008096,2.1126974,-0.28317317,-0.94261134,0.6035912,0.40551347,-0.63590455,-1.2028227,-0.105348274,-0.590769,0.27933645,1.3621032,1.3982325,0.19146846,-1.9786519,-1.0808403,0.022363089,0.016244207,0.50267446
1.2914375,0.57033324,0.8533809,1.073521,-0.54634434,-0.57199156,0.3042335,0.30267027,-0.19591932,-0.5914454,0.4950553,-0.1560189,0.5315635,0.4760746,-0.047774926,0.49183282,-0.76227146,-1.1000589,0.70918274,-0.7009187,1.6557895,0.68215305,0.5304415,-0.22350803,0.5901122,0.23145445,0.5718026,-0.12400158,0.6926225,-0.1458698,0.12224185,-0.049643043,-0.914,-0.87028325,-0.070507765,-1.8112025,-0.5224493,0.7141756,-0.12596388,0.89912647,-0.9618984,0.3845268,0.18982886,0.3529016,-0.47516146,0.11892807,0.2979411,0.5860766,0.21313077,0.5299684,-0.51813024,0.5280809,1.2779926,0.3516153,-0.29554144,-0.6565222,0.016106522,0.26218706,-1.4177078,1.1976274,1.1315769,2.2769442,-0.04235987,0.53340805,0.07897153,-0.1583443,-0.30019352,1.098863,0.044787634,0.4281611,1.0151492,-0.29408497,-0.2527586,0.5992264,-0.074960746,0.082282744,0.2060421,-0.450147,0.26693976,-1.6739138,-0.34765255,-0.51155686,-0.31848368,-1.1412969,-0.94903326,-0.7755316,0.4030702,-0.39730507,1.3866802,1.4340432,-0.8593702,0.07242592,-0.0545207,-0.26910266,0.8876732,1.3114232,1.418014,1.569967,0.3709808,-0.37076735,-0.54398286,1.0851537,-0.0077314135,-1.2193058,-1.3514999,0.4257125,0.45973688,0.94554335,0.6917972,0.33354002,-1.0315977,-0.6126206,-0.77012026,0.73605675,0.30210444,-0.21844566,1.2339345,1.1207676,0.8315319,0.046991568,-1.3849549,0.040312443,-0.77399486,-1.2007765,2.0265617,-2.3102162,-1.4188328,-1.7951763,0.8603141,0.06488473,-0.03370232,-0.2930186,-0.49060154,0.026531752,-1.3967341,0.84838885,0.83468586,0.37970287,1.1429716,-0.40364432,-0.7091909,0.6023066,-1.0215985,0.7609357,-0.40080532,-0.5386637,-0.513075,0.21799795,-0.92700225,0.17878945,-0.13441077,-0.41123307,-0.041915923,-1.040727,0.52839506,-0.5196559,-0.30726665,0.7838849,-0.5066238,-0.7891734,-1.9999324,0.3248274,0.9996676,0.9243376,0.40250847,-0.7317426,-1.2312226,-0.59456545,-0.9644252,-0.80556047,0.16029273,-1.3237774,0.76262736,1.496779,1.2425895,-0.35323292,-0.49296924,-0.32877713,0.95119977,-0.6279268,0.23167576,-1.2299782,0.5884189,0.33458266,1.0348334,-1.2210001,0.642282,-0.8181246,0.5633277,1.0750341,0.78304857,0.6871959,-0.2948577,-0.08673626,0.44849586,0.28004467,0.059182063,-1.1692325,-0.23538753,-0.44667643,1.1113124,-1.3909997,0.6017043,1.710775,0.12687403,-0.055171564,-0.17358582,-0.16530947,-0.33891717,-0.09491992,-0.9213244,0.9312754,-0.39765137,1.138964,-0.44470468,0.30150196,0.23396187,-0.03211499,0.045052286,0.6117513,0.5825787,0.40521118,-0.93624103,0.3955349,0.9131203,0.013973358,-0.6352298,-0.0070874104,0.3198226,0.40265033,0.6457671,0.17570674,0.78909034,-0.4521752,0.49218217,0.19797848,0.6007584,0.93631047,1.4321476,-0.66454124,1.2232829,1.5310565,0.40859997,-0.6944243,0.8530772,-0.49370483,-0.91818976,-0.20791312,-0.51837176,-0.11854175,0.813364,-0.24554732,0.006673618,0.5897518,0.19433124,-0.36395824,-0.10516421,0.043280352,1.4980295,0.641757
1.5851042,1.2998223,0.5391104,1.1029849,-0.03759583,-0.6168516,-0.7113874,-0.12009677,-0.21490516,0.49259546,-0.9552444,-0.4276172,0.28518632,-0.19970548,0.4172351,-1.0106223,0.6898662,-0.44896427,0.55686736,-0.51173127,0.3237689,-0.14984262,-0.12027077,0.5284096,0.019068668,0.23035705,-0.43635577,0.81402314,0.16974325,1.0834061,0.39061114,1.0293314,0.34649166,-0.12659751,-0.5361362,0.78251183,-0.32898685,0.10066649,0.39332873,0.35819387,0.3412603,0.35161862,0.2529658,0.7317396,0.40985897,0.41081437,-0.010556027,0.8310966,-0.8670547,-0.18990782,0.22814807,0.720214,-0.035128288,-0.27244067,-0.10118933,-0.8281249,-0.5240652,0.21415532,0.30608398,-0.16986865,0.45087743,-0.5169971,0.26470178,0.28715336,-0.066617265,-0.29690197,0.700093,0.06646822,1.3437306,0.33599404,0.29288945,-0.5386334,-0.21745284,0.33972767,0.32659954,0.5340937,0.5287513,0.1125088,0.4382065,-1.0532438,0.59354955,-0.59625864,1.4869506,-0.7672257,-0.057460148,0.3429451,0.05206792,-0.33696175,0.028359093,-0.4536929,0.107164,-0.54291505,-0.4419779,-0.30822876,0.35745794,-0.3551939,0.6340805,-0.096530914,1.5684782,-0.36532643,-0.66266966,-0.5725366,-1.1525457,-0.5880283,0.76169896,0.49994776,-0.13467109,-0.9629295,-0.4151989,0.31355694,-0.05056974,-1.5040433,0.07448326,-0.25897634,-0.7080476,0.337084,0.070722565,-0.68166214,-0.7215556,0.7932511,1.3580592,1.1606475,0.5738377,-0.45002815,0.22191371,-0.825355,0.7459572,0.12238731,0.33123446,-0.23933555,-0.49373075,-0.21310462,-0.53208613,0.85732263,-0.82262254,0.74404037,0.0543783,-0.28317553,0.77984524,-1.7447131,-0.8653936,1.1649714,-1.2751904,-0.51264054,0.93940276,-1.8584161,-1.9841801,-0.30067843,-0.21687837,-0.010982757,-0.95606923,0.38022605,-0.27760378,-0.19793828,-0.7261921,0.045707602,0.32441616,0.021073105,0.24126108,-0.81266385,-0.47629142,0.1517908,0.9419929,1.0072222,-0.08818318,-1.2358346,0.2992608,0.3165626,-0.67421496,1.0975832,0.089328274,-1.0604908,0.23454857,-2.3950217,-0.007359238,0.97637224,0.43955603,1.3132032,-0.779224,0.17189537,0.23000956,-1.4590855,0.76207596,0.99107355,0.6063271,-0.85530716,0.07278199,-0.838604,0.20797983,-0.2319134,0.44508463,-0.5634939,-0.525312,0.78440005,-0.46121025,-0.9148713,-0.24430574,0.1784649,0.34336483,0.00017357462,-0.4133501,-0.4393321,0.6176364,0.14216469,0.7089164,-1.16328,0.54064083,-0.025407305,0.1936949,-0.2655656,0.11308377,0.6220897,1.0091453,0.2113386,-0.9065465,-0.22482163,-0.5788766,0.9192244,0.2778512,0.023464523,0.876491,0.24260493,0.49700093,0.19459213,0.6624646,-0.29407203,-0.40031865,-0.8951131,-0.9225113,-0.5314436,0.76782227,-0.13926446,0.18220945,0.39316717,-0.35202125,0.95395845,-0.39908695,-0.016594421,0.27738836,0.65455407,0.1583585,-0.40797356,-0.086134605,0.43174312,0.8051725,-0.5812138,0.6276051,0.83669424,-0.38897178,0.02307785,-0.33086896,0.63314134,0.5333019,-0.03143331,-1.0815647,-0.57115376,1.3517075,-0.79629415,0.587683,-0.019555967
-0.37494057,-0.6012116,-0.56346947,0.60833615,-0.34513026,-0.3886992,0.015228811,-0.39857918,1.7504898,0.53064597,-0.5933258,-0.7752525,-0.2837842,0.54032916,-0.08976723,0.29732862,-0.31669196,-1.1581901,-0.2190725,0.13700974,1.0056503,0.05463591,0.9214543,-0.8755124,0.15779468,0.36368555,0.95353776,0.8787136,-0.08932249,-0.19026749,-0.14521696,1.038051,-0.28105947,-1.040116,-1.4311961,-1.3381604,0.50695217,1.142983,0.43723437,0.37463176,-0.43341413,-0.15557508,1.2209677,1.0346732,-0.3367607,-0.16515076,-0.68207663,0.06400431,-0.34335804,-0.57354444,0.6882809,1.209832,0.16815941,0.45509583,-0.27288526,0.20914191,-0.5237815,-0.75867426,-0.31421667,-0.21908212,-0.30522597,-0.6708599,1.164741,-0.7106938,0.090048015,0.01394836,0.7601458,-0.28780985,-0.48527914,1.5718362,-0.89201236,-0.786847,-1.0648698,-0.3095759,0.52576303,0.27525097,-0.86882514,-0.559771,0.54702234,-0.84775525,-0.47350383,0.77015835,0.6350798,0.2827197,0.36770847,-0.75146747,0.34395587,0.5282052,0.58611697,0.8744957,1.6212101,-0.16955465,-0.28914672,0.57974213,0.0023735997,0.5621331,-0.3091076,-0.016947536,-0.18594415,-0.8885772,-1.346109,-0.42920026,-1.5652544,-0.15591773,0.33351153,-0.15495346,0.31516698,0.116775766,0.90917665,-0.025472503,-0.009933511,0.23264225,-0.56748384,0.45930484,-0.6793283,0.5078714,0.7717492,1.1755133,1.4734482,0.7394494,-0.6733758,0.5355659,0.28044078,1.4281703,0.92244726,0.25596675,0.28017268,-0.8058781,-0.4280718,0.75942004,0.80682886,-0.2901716,-0.52062815,0.18098488,0.074317195,-1.080688,-0.61808896,1.0989782,-0.56137514,-0.9595497,-0.3152929,0.028744636,-0.5220342,-0.5737278,-0.305405,0.1456785,0.17308146,-0.85775775,-0.18799955,-0.05860129,0.67348903,0.24954616,0.3875456,0.27230674,0.48398015,0.72934425,-0.03644924,0.28606632,-0.92007536,-0.62998325,-0.5832958,0.7804964,0.5107609,0.12490125,-0.75087476,0.4138004,0.1641644,-0.606412,0.0081759915,-0.34462485,0.44850835,0.29865614,0.0521788,-0.080759875,-1.8153387,-0.16947256,-0.7271465,-0.79640824,-0.0297697,0.3628558,0.105047435,0.25556922,0.4598291,0.68074477,0.6316965,-0.07124329,-1.4155022,-0.3190862,0.9974043,-0.12302667,-0.00703756,-0.184945,-0.50727636,-0.24095942,0.56997615,1.0745496,0.4361221,0.7063366,-0.06553847,-0.45895702,-0.225189,0.31042406,0.35919037,0.635948,0.03958807,0.19322446,-0.52255595,0.46409908,0.21388291,0.15891165,0.10699803,-0.27757886,-0.23597226,0.13789149,-0.40102613,0.24122933,1.4162008,0.23833512,0.5863634,-0.031983733,-0.5460465,0.6847497,-0.2957018,-0.058943003,-0.37537414,-0.020605288,-0.85899895,1.1745789,-0.9046455,-0.67550373,-0.21820891,1.3997508,-0.9708744,0.5601651,-0.0948151,0.83125716,0.3552834,0.20828202,-0.27432847,-0.8609366,-1.5474436,-1.7748001,0.051230945,0.5746738,-0.039641798,-1.3350868,-1.1863006,-0.29320222,0.7609409,0.582801,-0.17452548,0.17877422,0.30547425,-0.07203619,0.78747743,0.08780563,0.682572,-0.2149463,0.12028529,0.08271941
0.49617103,0.68646395,-1.1304675,0.79627746,0.34177777,0.015023262,-0.38017952,0.9384196,1.1150169,-0.8162569,-0.7426525,-0.56949645,-0.4061798,0.32592833,-0.32247525,-1.1503645,-0.24724078,1.5700048,-0.885754,-1.6401185,-0.40222475,0.13052338,-0.11681248,0.49757943,0.7637742,0.21581821,0.19186103,-0.7108854,-0.39242554,0.12742871,-0.70132536,-0.40824956,-0.79361975,0.112922825,-1.460722,-0.6521764,0.58026016,1.3892347,0.41435844,-0.5801778,-0.1421981,0.06548258,0.024113268,-0.06328695,0.021149764,0.3413876,-0.7979086,0.42687878,-0.30220017,1.8570405,0.8199736,-1.386783,0.5371473,0.28258905,-1.992427,0.5655867,0.48464015,0.18299918,-0.3112801,-0.8909832,-1.0314443,1.4869791,0.31601655,-1.1911402,-1.1417441,0.77864,-0.59626675,-0.7320619,-0.74581647,0.45044887,0.5647629,-0.7038777,0.023515852,-0.2548403,-0.4395856,-1.3197516,-0.005415532,0.02875416,-0.22942604,0.96181154,0.28889874,-0.20675272,0.52472055,-0.9539518,-1.5663843,-0.084328115,-0.6965487,-0.31366813,-0.12914804,-0.9416458,0.48119003,-0.096203186,0.060203314,-0.98520017,0.43033177,-0.5728419,0.69213194,-0.25613415,0.1941223,-0.5077082,-0.56553894,-2.3784232,-0.67816347,0.49777484,-0.18042907,0.0051079053,0.31958485,-0.3159197,-0.08733483,-1.3263621,-0.26595932,0.012553114,-1.0158192,0.28854614,-0.64578885,0.660434,-0.82271403,-0.547117,-1.1150856,0.19865529,1.5477889,-0.18693301,-0.14354108,-0.6169202,0.11158643,-0.032644957,-0.46869949,0.9221332,-0.86796665,-0.6953135,-0.16544634,-0.20807791,-0.50502545,0.26198426,0.049288798,-0.504498,0.26507232,-0.47798982,-0.17123169,0.22289366,1.3764075,-0.13324629,0.60256946,-0.44875488,-0.29620424,-2.0342941,-0.23749456,0.43523952,0.13957322,0.05070364,-2.02486,-1.035844,-0.0018194667,0.32222778,-0.17826763,-0.13956663,-0.8972915,1.2107198,0.34235173,-1.2556041,-1.252534,-1.2853497,-0.01045456,1.190359,-0.9261446,0.6022375,0.43023676,-0.52833056,-1.5880738,0.93469065,1.4146031,0.37973553,-1.5489328,0.920905,-1.753022,0.06556943,0.0407429,-0.46523574,-0.78886825,-0.2574504,0.40667346,-0.47341982,-1.4633515,0.11248511,0.48800865,1.1954954,-0.6702877,-0.8498353,0.18313879,0.5644744,0.8799341,0.58562267,-0.6545754,-0.027579673,-0.70384073,0.8583421,-1.1614327,1.1177456,-0.48141286,0.72119063,1.5400507,-0.10026143,1.2395734,-0.32735446,0.50112253,-0.88214445,0.72927827,-0.63207614,0.056355942,0.8717545,1.5586449,-0.008883603,0.9346393,0.19753109,0.8294656,-1.0370406,-0.6183319,0.2612749,0.42462096,0.9058473,0.037410952,0.65368015,0.71564317,-0.4383353,-0.37890717,-0.22852547,1.4475241,1.2433319,0.4313838,-0.23874679,-1.5800356,-0.8191534,1.9484805,-1.5269923,0.60207605,0.5779633,-0.31387934,0.6484569,-0.8252498,-0.6023151,-0.035840556,-1.0613205,-0.60947824,-0.83263344,0.1040334,0.020876324,0.20761676,-0.7620087,-1.4508514,0.5903763,-0.4481488,-0.3307713,0.041253857,0.3004007,0.21346635,-1.2950554,-0.8341578,0.24359314,0.16720946,-1.542972
0.10548557,-0.43730864,-0.12634654,0.9960387,-0.29532188,-0.6483904,-0.3679013,-0.6666157,0.50086504,0.086734846,-0.95612895,-0.8501765,-0.46517745,0.18217726,0.0020586213,-0.3631026,0.011580612,-0.86479276,0.38095537,-0.6693048,0.2606879,-0.49041867,0.38280895,-0.2845102,1.3153365,-0.15606596,-0.75096667,0.31535292,0.20144613,-0.25411263,1.270885,-0.47647873,-0.41889387,0.08980783,0.103309885,-0.6382663,-0.85995203,-0.16055748,-0.20254917,-0.6656509,0.40060648,0.1973875,-0.112854585,-0.42706305,0.044996515,0.18682496,0.59569925,-0.097996175,0.25958943,-0.4352498,-0.69784003,0.058629777,-0.6502693,0.4540962,-0.7896154,0.76644164,0.11322362,-0.5819564,-0.09659121,-1.1854094,-1.6121968,-0.4651948,-0.12716034,-0.40213254,-0.4401464,0.13361895,-1.2521461,-0.014586971,0.516672,-1.3122976,-0.41276333,-1.0109845,-0.009659831,0.22641937,-0.1970851,0.014793651,-0.8247252,-0.39726162,0.6572431,0.45089826,-0.34497598,-1.3268541,0.5332919,-1.112053,0.9434164,0.1312339,1.0515718,-1.1191418,0.89324963,0.55356663,0.017598113,0.37998316,0.51523966,-0.04176235,0.1376372,0.2945089,-0.5363647,-0.43517643,-0.12799445,0.59369165,0.16731304,-0.77173764,-0.09511241,-0.7035657,-0.3905072,-0.34541535,-0.50219244,-0.0012702572,0.12872459,-0.22051029,0.08175702,-1.2687848,-1.3145764,-0.3893012,-0.8632482,0.25156137,-0.7223521,-1.051188,-0.79335296,-0.65024513,-0.074708305,-0.44711474,-0.8756061,-0.05215406,-1.2912835,0.698252,-0.09604954,0.56043166,1.4542692,-0.13645738,0.7251382,-0.34840778,0.15624715,-0.87751216,-0.688,-0.3772252,0.4881683,-0.06971729,0.668304,0.18487234,0.0028187116,-0.45804858,-0.56746453,-0.6777691,-0.029518664,-1.7969471,-0.28563908,0.90616775,0.97210586,0.6807579,-0.23566607,0.27531466,-0.8157676,0.5136987,-0.44480786,-0.5094024,0.96505594,0.3489644,0.6853858,-0.04888957,0.4419704,-0.29980424,-0.28607014,-0.6168149,-0.5152336,-1.2594545,0.5222856,-1.0334488,1.2847395,0.12624305,0.0411967,0.2565056,0.08832666,-0.08135223,0.7166082,1.349727,-0.8580377,1.0956657,0.34397033,0.34159228,0.51888555,1.3080188,1.0195867,0.5325054,-0.67051876,0.50559247,1.6116211,-0.14997314,-0.6901774,0.44923905,-0.49344102,1.0613846,0.6964551,-0.610668,-0.71326804,-0.20233281,-0.12222739,1.4215326,0.83478343,-1.015342,0.076833785,0.56164616,-0.9467946,0.2279112,-0.17705959,-0.8530009,0.6229576,-0.15471002,0.6605997,0.1147608,-0.84274435,-0.09056076,-0.264804,-0.563121,-1.2409985,1.508782,-0.49307615,1.2215303,-0.77226496,-0.27600107,-0.4945679,0.5511893,0.9175116,0.4333267,0.051736664,-1.0673355,0.42801172,0.15075976,0.61681426,0.5009286,-0.12442466,-1.6325133,1.0546832,-0.82688475,-0.4256632,1.086296,0.059903596,-0.2639868,-0.58573824,-0.97761875,-0.0619715,2.1800609,0.18517448,-0.63179815,0.02509987,-0.11742981,-2.124851,1.2672389,-2.0718684,0.41833743,1.0209929,-0.21350144,-0.18196948,0.6549559,0.62104106,-0.06779958,-0.10394324,0.38897496,-0.6643412,0.19610326
1.1219741,0.5985828,0.20667161,0.23355138,-0.1813798,0.24910586,0.10527119,-1.9929429,0.24161682,-0.6323478,0.24444273,0.6660638,-0.44808853,-0.15356977,-1.3026329,-1.4269456,-0.049264893,-0.7321938,0.9631286,-1.0526078,0.10016933,-0.2033486,0.6891015,0.49555594,-0.20640023,-0.49965653,-0.13366482,0.008035995,-0.99814624,0.33021215,-0.65560085,-0.09226003,0.52067906,0.27847546,-0.79044396,-1.4362413,-0.38408312,0.45185885,-1.2421955,1.1996257,-0.55450785,-0.744874,-0.2929978,-0.76530844,0.4934916,0.17407946,-0.37871346,-1.1452965,-0.20122999,0.6274094,0.42523625,0.40543267,-0.36647126,-0.2481868,-0.19755049,0.22299649,-0.72480196,-0.3025768,0.2850397,-1.4822944,-0.54820096,-0.33486998,0.18854013,-0.8200011,0.07499866,-0.100138,-0.1919872,0.04025707,0.16347921,0.9071586,0.59957075,0.31684613,-0.14415419,-0.14671217,-0.5755467,-1.0054725,0.78227645,-0.32774383,1.0238453,-0.6952889,0.013373788,-0.6274274,-0.3275966,0.089841984,-0.09324712,0.15553077,-1.1593282,-0.47909454,0.10977932,-0.08150447,0.96113545,0.7841986,-0.37476373,-0.47580072,-0.3980511,-0.74669397,-1.0347548,0.140144,0.13256729,0.24898706,0.68094474,-1.7376848,-0.17276865,1.0457594,0.13674149,-0.112007454,1.149121,0.37086266,-1.0294161,-0.3699896,-0.79319125,-0.12368984,-0.49985704,0.13588925,0.87306976,-0.59824985,-0.7074178,1.202895,-0.24791047,0.10041014,-0.4501607,-0.3823989,-0.39053765,-0.7565197,0.01986254,0.32909068,-0.3012012,0.17515585,-1.0300585,-0.67027843,0.55104566,0.12505266,-0.8083654,-0.08061048,0.07397059,0.78025323,0.9298277,-0.049220335,0.37295878,0.26473513,-0.29737183,0.09663976,0.18516739,0.19172749,0.3135089,-0.56972665,-0.9705832,0.0083154775,-0.82341963,-1.9990885,-1.4294171,-0.59664214,-0.21823002,-0.98107386,-0.28172693,-0.87738407,0.9640028,-0.8800927,0.18784629,-0.43087122,-1.8527989,-0.5202413,-0.14679335,1.2329556,0.18102378,0.2194547,-0.6125391,-0.6751735,0.5786199,-0.63768023,0.05905803,-0.72892064,-0.66478586,0.4781037,-0.25599864,-0.8526742,0.041654285,-0.15973622,-1.1912787,1.2612526,-0.81097424,-0.0899038,-0.6820787,-0.19730277,0.26563665,-0.39544025,0.17857498,0.6717392,0.3357431,0.33304,0.30685407,-1.4538198,0.13967547,-0.6145729,-0.4651739,0.4319942,-0.529274,0.02179894,0.014113822,0.29488084,-0.12834606,0.15498856,-0.7953349,0.37727785,1.2799807,0.2061376,0.16530553,1.1511295,-0.60196424,-0.07090948,-0.2297287,1.7015774,1.6554973,-0.21275818,1.317684,0.26930085,0.63424814,-0.596876,-0.8045456,-0.8795192,-0.10248945,0.66471165,0.28962466,-0.051729422,-0.0011976172,-0.1777755,-1.177743,-0.46078205,-0.43549863,-1.0243164,0.98845506,-0.018209288,0.93533283,0.53258413,0.040969662,-0.37143257,0.1662763,0.13361023,0.84377974,-0.3639797,-1.2116679,-2.1656985,-1.0841291,-0.28183857,-0.5058459,-0.9334666,0.6596461,0.55166346,-0.3638612,-1.2101182,-0.8962133,-1.0532888,-0.106833324,0.0008265436,-0.97439903,2.0224478,-0.27264822,0.8119928,-0.16655439,-0.40239096
1.3568572,0.5860963,-0.14500523,0.5999759,-0.26472506,0.58929527,-0.7025442,-0.10627098,-1.2705469,-0.19466196,-0.89458936,0.6905725,-0.6306693,-0.6448603,-0.24775805,-0.55235463,1.5178105,0.15093587,1.5710137,0.6370338,0.5709718,0.19164155,-0.0033546966,1.1457208,-1.0857844,-0.94559443,-0.738783,0.15466116,0.2440192,0.4263752,0.17294979,0.16177227,-1.9723994,-0.6652443,-0.6553427,0.92007005,-0.63793063,-0.548971,0.49591243,0.4738409,0.82553947,0.19674024,-0.70753837,0.6668009,-0.2804739,-0.31905356,0.10541701,-0.6174661,-0.39190054,-0.4412433,-0.34424415,-0.11940977,0.31319305,0.2312991,-0.26471373,-1.0489677,-0.8840924,0.8817024,-0.27207056,0.63227797,0.21943031,-0.62896574,0.07210971,1.3305771,-0.77794635,1.3866609,1.7899672,-0.5581897,-0.25349465,-1.1974891,-0.21014623,0.8751936,0.059015434,-0.3355967,-1.021698,0.4964827,0.44884378,-0.13342547,0.49571377,-1.0907363,1.4671348,-0.9056605,-0.70564,-1.0642397,-0.42036295,-0.99351424,-0.20395938,-0.9495425,0.078029916,0.7078425,-0.6958886,1.3633832,0.6879686,3.0261178,0.88936293,0.7623771,-0.20838226,-0.09695552,0.9260535,-0.33895457,-0.10354869,-1.5337654,0.048558425,-1.0051389,0.5180255,1.0162988,-0.46997327,0.22429287,1.070603,0.7133356,-0.50738704,1.1992055,0.30536455,-0.32930857,1.0774941,0.8990452,1.223623,0.098702244,0.95901835,-0.23840883,0.79021674,0.09450125,-1.2792608,-0.8738084,-0.4383608,-1.1926147,-1.1754664,-0.34717628,-0.15481822,-1.7418182,0.485926,0.11272325,-1.2529446,0.97739154,-0.94784683,0.71242934,0.008931765,0.36111954,0.827988,0.26269102,-0.5991761,0.09101922,0.45710862,-1.6668748,0.07964034,-1.4189451,0.16548455,-1.2861611,0.22240137,0.32778677,-0.21213669,0.2249919,0.012822083,0.23266958,0.8114901,0.082368046,-0.10384833,0.1270341,-1.2875268,-1.2449201,0.1388309,-0.22683811,-1.2424765,0.34898108,0.7253083,-0.16744378,1.044007,0.6932855,0.8522518,0.35766444,0.2240713,-1.6573174,0.00019196974,-0.14979765,0.23688014,0.38169488,1.0005236,0.9087443,1.2742391,0.092185475,0.8042927,-0.9800463,1.1365708,-0.9573281,0.87302005,-2.2608843,-0.15437376,0.41875568,0.45370957,-0.031074632,0.0009158321,0.5053905,-0.56365,0.6775937,0.24201956,0.7491041,0.9762325,0.4345409,0.9000705,0.39372808,0.9324975,-0.5259839,0.29491168,0.22962008,0.26004854,-0.4992471,-0.38903913,0.96632516,0.15673254,-0.04496244,-0.34989297,-0.1391583,-0.08758422,0.6617399,0.8559069,-0.15067285,0.41321504,0.01840712,-0.14508379,-0.06298329,1.0657669,1.003661,0.32398534,0.14998746,-0.08845332,-0.24473605,0.51175195,0.35141987,-1.0650183,1.1257217,-0.76063675,-0.04787513,-0.98966277,-1.1141436,0.020147325,0.19497842,0.12229276,0.39542732,0.21030824,-0.777156,-0.2948203,2.0730932,-1.4833713,-0.34270874,-0.23984726,0.37390694,-0.71710867,-1.2431641,-0.49709377,1.725287,-0.31920648,-0.88672304,0.16727805,-0.36375037,-1.5288663,-0.11163406,-0.27721655,0.9211706,-1.2109287,-0.034650262
0.41705826,0.035694405,0.4909025,-0.23174624,-0.46777213,-0.4190358,0.62826884,-0.80174255,-0.7517476,-0.056637175,1.3349541,0.8688472,0.3214541,-0.5170841,-0.22091676,0.03974987,0.3088191,-0.3283391,-0.05528928,-0.43337023,-0.03625558,-0.7701703,-0.16905439,0.37357914,0.18945679,0.7913889,1.343551,-1.0063847,0.52785295,0.21737818,0.35287127,-0.667344,-0.18112826,0.20451935,0.93293077,0.38821355,0.9474922,-1.578354,0.24496879,0.22198352,0.99260163,-0.053604968,-0.11664606,-0.031068163,0.13694085,0.73832273,-0.13045223,0.20439489,0.6843159,-1.1630685,-0.145691,-0.19242989,0.44994384,0.3833283,0.49738872,0.24757235,-0.028149704,-0.60783994,-0.28906274,0.3669133,-0.08045922,1.2129486,-0.7059954,0.10689558,0.54406214,0.882879,-0.32788354,0.31997803,-0.86726063,-0.03075171,0.21323289,-0.056525152,0.55906284,0.528743,-0.09885085,0.18398368,-0.34807557,-0.25261495,-0.057046592,1.0881906,0.654568,-1.123876,-0.54905176,0.8981766,0.3132419,0.55316585,0.7324879,-0.19874959,-0.036598403,0.25725698,-0.62571007,-0.40958425,-0.5390177,0.36480337,-1.424551,-0.9051201,-0.85466075,-0.9422215,-0.5817524,-0.27163565,-1.0046242,-0.17846799,-1.0216488,-0.5584214,-0.9130529,-0.71546763,-0.19183467,-0.5358835,-0.19079074,-0.2528577,-0.7541303,0.3120141,-0.62830514,-0.14281107,-0.8498457,-0.5263702,0.091161214,0.3209137,0.11437915,-0.36968017,-0.6767259,0.8072595,0.7952929,-0.3977739,-0.5524908,-0.8005143,0.43375775,1.4170592,0.51510805,-0.71111995,-0.24796778,0.5384814,0.9183411,0.22444269,0.26879886,-1.2757037,-0.15506977,-0.28838605,-1.0005352,-1.086092,0.13604952,0.41518977,-0.7879012,-0.79342246,-0.16077313,-0.19782537,-0.27756506,0.6124212,1.2356558,1.5629178,0.65133,1.1978445,-0.93460643,-0.018509585,-0.19230372,-0.22780633,-0.64176464,-0.47524267,-0.80008584,0.1193454,-0.37056506,0.45016897,0.5084955,-0.06992123,0.30994263,0.77700204,-1.2833698,0.019580679,-0.44360793,-0.2389925,-0.36710894,-1.1517174,-1.2738072,-0.23612098,1.1754427,-1.6169761,-0.9255513,0.2230268,0.7275861,0.74433076,0.29993147,-0.0141638685,0.15899609,-0.15055005,-0.88699925,-0.5372022,-0.4238042,0.49404418,-0.3276276,-0.21870753,-0.48742208,-0.34408817,-0.092678815,-1.1918101,-0.740005,-1.0917054,-1.07711,-0.19999126,-0.20994742,-1.3066579,0.8278744,-0.039957542,1.221541,-0.20875695,-0.55798525,-0.50665814,0.16567889,-0.34221864,0.45815167,0.89180833,0.051265202,-0.2476102,-0.48705712,0.20647058,-0.5300937,-0.71971095,-0.62988824,0.098538585,1.2866008,0.44896886,-0.8928165,0.06365208,-0.03015158,0.78251255,0.2019942,-0.6903711,0.12856616,0.694833,-0.2464135,-0.18909165,-1.1803806,0.48639873,0.74656105,1.9418448,-0.30928633,-0.5653572,0.061538883,0.21475473,0.70279056,0.00046734756,0.35959744,0.30519244,1.238555,1.8220063,-0.9127774,-1.345246,0.23754425,0.5529172,0.6724203,-0.10462635,0.68773293,-0.7187096,0.33311087,0.04072297,-0.39340538,0.9282065,0.95067245,-0.7821942,-0.81685805,0.9151623
0.68499494,0.4354873,0.38139847,1.3810594,-0.42476,-1.0259123,0.53122574,0.35331765,-0.770747,-1.0247014,-1.3832036,0.5738257,0.07686168,0.52277577,-0.46462828,0.25534442,-0.010388354,0.049548745,-0.80818135,0.37434074,0.4435548,0.5174084,-1.1426162,-1.2333316,-0.19978277,-0.47130373,-0.2613575,-0.024157928,-0.25775418,0.5023128,0.57406443,0.33500865,0.28977776,0.18797377,-0.8898267,-0.17826918,1.0589277,0.8090099,-1.1421012,0.10351307,-0.49864927,0.68963504,-0.03508703,0.27228782,-0.31673387,0.036789574,1.1021842,0.20236205,-0.026001943,-0.6749322,-0.015546635,0.64107037,0.9722742,-0.35686892,-0.9693187,-1.0511931,-1.3447413,-1.282563,0.13410807,-1.133525,0.11972469,1.04603,0.63733643,-0.06452621,-0.8248322,0.4517641,0.20470202,-0.3738903,-0.0041487776,1.4954076,0.76209915,0.78400755,-1.1907281,0.2265239,1.1455846,0.058215618,0.19084668,0.1545122,-0.87934303,1.0424118,1.6008624,-0.9764945,-1.3889941,-0.7472725,-1.1574951,0.24072163,-0.7980014,0.14890637,0.28291383,0.6460039,0.6215512,-0.41692343,1.2009798,0.33837384,0.8811199,0.7415724,1.1573725,-1.0660002,-1.3048604,-0.45997012,0.5718323,0.881589,-0.38754448,-0.42860314,-0.550413,0.28454554,-1.1280093,0.5163375,0.2602568,-0.19231969,-0.5651008,-0.084755,-0.36592758,0.65023977,0.01738542,-0.68820715,0.074376956,-0.17800197,-1.0753847,0.4388688,-0.90485454,0.52648246,0.38533255,0.318065,-0.7536735,-0.3142733,-0.20046234,0.1400724,0.4520792,0.79276866,-0.5764147,-0.24141817,1.1936653,-0.18497184,-1.2357762,-0.06179235,0.40994447,-0.38810936,-0.7531216,0.64398295,-0.13607253,0.84126806,-0.119675934,0.2643532,-0.5090021,-0.16415638,-0.6633885,0.33166125,0.009844117,-0.3526575,-0.8340807,1.9061531,0.10352503,-0.14833313,-0.5806765,-0.23294005,-0.11923183,-0.18258281,0.4735223,-0.2082266,0.28980237,0.6033962,-0.14278173,0.37228423,0.8227516,0.8925309,-0.0067592273,-0.6619378,-0.86343247,0.4809532,0.14843921,0.05047587,-0.677326,0.22912242,0.2876637,-1.0573325,-1.161304,-0.84681416,0.7195607,-0.5527888,-0.86570585,-0.83875287,-1.3084017,-0.7943044,-0.076657526,-0.36701998,-0.51670605,0.6048067,0.027350234,0.52822304,-0.19769977,0.19079964,-1.5172368,-0.5237055,1.001351,0.8029223,0.16033989,-0.65548146,-1.2673402,-1.2243258,0.5506061,-0.18933986,-0.99260914,0.38237038,0.8491289,1.1504775,-0.6153017,-0.110961445,-1.2379462,0.19485907,0.2892554,0.27210957,-0.13032271,-0.40287277,0.50897807,-0.8855347,-0.30489734,0.301624,-0.32550293,0.26809105,0.10702029,0.88149947,0.18265328,-0.4139999,0.42405447,0.3155576,1.2745297,-0.20885384,-0.5199259,0.0358184,0.0006128245,-1.0759144,0.5345484,-1.148921,0.43303534,-0.05195088,1.0635988,-0.016722852,0.5531497,0.25748584,0.3871926,-0.4488375,-1.1341473,-0.70221424,-0.7011372,0.9690013,-0.05385591,0.4888841,0.36938524,-0.25040752,0.08690799,0.2528354,0.9055836,-1.2495918,0.29888344,0.0012763283,0.05005735,-1.2929263,0.5846224,-0.5524218
0.2343956,0.42509133,0.498608,-0.06974745,-0.9474996,-0.8968966,-0.9440958,0.22824773,-0.76469344,-0.83581984,1.3201383,0.49515373,-0.44262257,-0.33957696,-0.24715841,0.17554009,-0.61293745,0.10653147,-0.90462244,0.004860463,0.010915541,0.59506583,-1.3181194,0.68240166,-0.8049284,-0.65521556,0.13322063,-0.39967084,0.6580793,-0.91867083,1.2600718,-0.18666598,0.50354034,0.060417935,0.21192987,1.3766077,-0.52956855,0.3680838,-0.26250353,0.20635732,0.587182,0.29690322,-0.57151806,-0.5061837,0.16303502,0.23220538,-0.59863037,-0.23539998,-0.044604085,0.55272377,0.011551393,-0.08386561,-0.7100845,0.7136453,0.25381455,0.371056,-0.80932206,-0.37703237,-0.4333673,-0.80739474,0.22451623,0.66938096,1.0654275,-0.0890178,0.46396118,0.77548003,-0.15858941,0.092189156,-0.06960564,0.16388641,-1.0730815,-0.19014241,-0.19229034,0.8944066,-0.5315136,-1.0348612,-0.4917526,-0.381936,0.4615446,-1.8550022,-0.22610627,-0.27828294,-0.49045053,-0.2651883,0.29288286,-0.045279775,-0.87838864,-0.0542267,0.10374105,0.21579854,-0.17094861,0.35834783,1.2621691,0.10192094,0.82535446,0.9650987,0.4631113,1.1724787,0.30478752,0.99477285,-0.4563341,-0.34478942,-1.5649921,-1.6477365,-0.25059712,0.7170471,0.91241276,-0.3403385,-0.49054366,-0.7192735,-0.24194115,0.24677356,0.3871002,0.2980441,0.37556297,-0.5515323,-0.37866405,0.20506443,1.174312,0.46390542,1.1309932,0.11016065,1.1139299,0.63228714,0.552276,1.7063957,0.24933796,0.52640575,0.6550232,-0.7537405,-0.77201736,1.0321085,-0.4129275,0.50624603,0.14178573,0.09690739,1.1087308,0.54502434,-0.68833447,-0.7072062,0.031209705,0.52528787,-0.18571274,-1.1700628,0.017614808,-0.47299224,0.89994025,-0.34269625,-0.6000572,0.85252416,-0.23386705,0.1633196,0.2816789,0.17773138,-0.32234722,-0.4827474,-0.082652785,1.3685929,0.16726989,-0.80637676,-0.0787486,1.3168342,0.97831595,-0.55456704,-1.1949855,-0.06029751,-0.59066635,-0.1523663,-0.069292605,-0.6666241,0.050108723,0.71741617,-0.037639033,-0.25055018,-1.6768793,0.71161884,0.4785799,0.37370273,-0.47547483,0.19805086,-0.76625633,0.08235638,0.7537068,0.2711539,0.0043780096,-1.2453666,-0.27733836,0.45489752,0.049353883,-0.010221197,-0.36041158,-0.37630716,-0.70771515,-0.95459753,-0.21576254,1.6581115,-0.47275797,-0.24266033,0.38789722,0.83528817,-0.073167205,-0.17639716,-0.9056452,-0.29096127,0.23831199,-0.40977234,0.8281834,-0.0049553155,0.024862701,0.64447296,1.1335461,0.070304155,-1.0719631,-1.0561521,-0.38035792,-0.014139334,0.42952934,0.27620336,0.18153591,-0.25147045,-0.00985276,-0.4785474,0.619736,-0.7409079,0.1086302,-0.15570784,-0.6187594,-0.31158367,-1.0249404,-1.3517683,-0.11157586,0.7841802,-0.6499211,-0.43942833,0.43900725,0.16353332,0.45588586,-0.08077835,-0.3022924,-0.3788116,-0.4245701,-0.36166567,0.82316375,-1.1071175,-1.1716433,0.9095325,-0.13641107,0.6967913,1.1153715,0.37787625,-0.17386277,-1.0922047,1.2833503,0.55384433,-1.0237455,-0.2310024,1.0336539,0.2553921,0.18835676,0.07626784
0.39157644,0.70170844,-0.31024128,0.23119137,-0.99063724,-0.002296016,0.28553283,-0.34381232,-0.5687976,-0.010077968,0.37162736,-0.47617584,1.2374481,-0.72252595,0.80264366,-0.7696391,1.5365733,0.92902464,0.9921308,1.6411467,-0.035521455,0.42321151,-0.27541724,-1.072269,-0.52351207,-0.0374679,0.06517381,0.62192583,0.72988015,1.0654587,0.4977952,0.8952834,-0.7900577,-0.26628536,0.062119666,-0.22284745,-0.33466747,0.6904637,0.54564846,-0.35949185,-0.037175816,0.7072434,0.17238857,-0.77413064,-0.87069815,0.29103056,-0.57469785,0.25925255,-0.4795834,0.205712,-0.4355174,0.5271382,0.1764919,0.7888404,-1.2073934,-0.18259312,-0.18216494,0.13362241,-1.7107413,-0.12523995,-0.35554606,0.6666298,-0.66960526,0.34066102,0.33834678,-1.364187,0.7315515,-0.103532575,-0.13217638,-1.9042311,-0.024352124,0.3379858,0.22147873,-0.7061141,0.76745945,-0.8781647,-0.50227225,-0.14659652,0.12558211,0.09489384,-0.14426975,-0.732741,1.0802239,-0.7138715,-0.79254365,1.0157961,0.29565054,-1.6705004,0.025952138,-0.92622674,0.31293607,0.12897652,-0.41941217,-0.012465075,-0.236813,-0.21119094,-0.99185514,0.5617877,-0.7456335,-1.6157632,-0.7824526,0.36518234,-0.51055104,-0.8518632,-0.27367967,0.80211556,-0.2378814,0.60386556,-0.5203464,1.3140132,0.093753256,-0.31675375,0.298701,-0.4052463,-1.618241,-0.17736346,-0.9598794,0.012502539,0.5388709,0.43147844,0.2146461,0.73488206,-0.81602454,1.1680273,0.20314296,-1.5917401,-0.13059957,-0.05367142,-0.2223269,-0.13469626,0.18243529,0.7444513,0.54601246,-0.43058187,-1.9983772,0.39335814,-0.24658726,-1.696558,-1.0172358,0.88962877,-1.3260121,-0.96592784,-1.523562,0.2986723,-0.43587276,0.9415485,-0.13889897,0.3594732,-0.585806,0.9309379,-0.2200551,-0.43506604,-0.3984199,-0.8090361,-0.38776332,-0.3567237,0.77557105,1.6757064,0.09853489,-0.6437314,0.7510942,-0.5620414,-0.21096522,0.104982994,0.86227846,-0.83527696,0.12289028,0.7718624,0.7256823,0.7346841,0.028331071,-1.9358559,0.34491342,1.0695643,-1.0988119,-0.044816498,0.46646753,-0.3384251,0.9006512,0.63480335,-0.17833155,-0.41723981,0.01295172,0.34460846,-0.82929605,-0.23495956,1.2064787,-0.51174563,0.23945163,-0.035961676,0.5726976,0.5702283,1.320413,1.5077881,0.030356228,0.4163664,-0.23180754,-0.49212626,0.12988138,0.060181506,1.0922917,-0.8632836,0.6059917,-0.63078964,-0.51917976,0.69867164,-1.2744797,-1.6806498,0.24987105,-0.62908536,-0.61839235,0.5182095,-0.68187577,0.7201436,1.0945851,-1.5545743,0.33819595,-0.67479783,-0.14967278,1.0962162,-0.4721552,0.34056282,-1.0840904,-0.06120848,-0.38857582,-0.10695421,1.6700248,0.2679543,-0.6433597,0.1453871,0.30702916,-0.27083957,-0.024719639,-0.35371318,-0.2003236,-0.9947603,0.06349863,0.9130284,-1.2391342,-0.18641825,-1.3983631,1.7933649,0.5783204,0.55007994,0.046902034,-0.12013537,0.636771,0.40823573,0.32917908,-1.2570356,-0.92180437,0.4503169,0.43092528,1.2411549,-0.59466285,-0.58362377,-2.086085,-0.4811502,-0.6609582,0.044537865
0.4995058,1.7729744,1.3092331,1.9216528,-0.035617366,-0.008788245,0.26976377,0.25932232,0.56874365,0.5615667,0.04515102,1.0729808,-0.42651567,0.04179288,-0.42566875,-0.07165673,0.8089979,0.54265887,1.1917552,0.13757157,1.0250778,0.9757555,-0.11788239,0.25356528,0.44867343,0.66176057,-0.37582877,-0.65659267,-0.33663103,1.0653207,1.0971916,1.1992286,-0.3009597,-0.49634463,0.053364553,1.3939615,0.15927897,1.5912416,1.3669411,-0.2665115,0.20995873,0.2354651,0.18632941,0.911114,0.30486456,-0.020635264,0.770113,0.71931714,0.87031627,-0.011432258,0.15097164,0.31567985,1.6500539,-0.6608595,-0.09120856,-0.27298105,-0.16526774,-0.8665721,0.5548,0.5649528,0.858984,1.4385412,0.66333115,-1.0047063,0.9340623,0.29023996,-0.5319562,-0.6679988,0.23960903,0.09588325,-0.13058126,-0.033527877,-0.70234555,0.46510407,0.35590217,-0.89491326,0.010622825,0.28028324,0.05566626,0.8800962,0.42098647,0.4311476,0.1605965,-0.5296199,-0.5941175,0.098150924,-0.22455896,-0.16932797,-0.60109836,-0.7194428,1.3343122,-1.2700517,-0.08581085,-0.43802172,0.9296174,-1.0787166,-0.36856818,0.6833589,0.59745824,-0.7772227,0.26792264,-0.51562625,-0.41067067,0.8237294,0.11220617,-0.7612294,0.0011856051,0.16713928,0.26061723,0.7977048,0.9649752,0.07641951,-0.44161037,-0.8645338,-0.7673199,0.10418849,-0.2146869,1.9271532,-0.31437176,0.18168512,-0.63649243,-0.2754806,0.98536354,0.31296197,-1.1760181,-2.4572153,-1.1930337,-0.13323136,0.4243456,-0.15791187,-0.20536907,-0.033831127,0.7705924,0.54609764,-0.45551276,-0.11115048,-0.022856217,-0.3678208,-0.21191263,-1.272617,0.6088242,1.7855324,1.065906,-0.15942173,-1.2167486,-0.18746763,0.43357506,0.9540024,0.4412052,0.49477345,1.0476959,-0.23916668,-1.0492367,-0.110347696,0.038896717,-0.18433525,-0.4426633,0.96203905,-0.6963907,0.6583568,0.4270253,0.040469017,0.8619507,0.5783301,0.9054271,0.53134996,0.08963469,-0.42144397,-0.1282054,0.7436695,0.10691325,0.2895405,-0.972132,1.0125713,-0.013061783,-0.72645056,-0.37447977,-0.30690938,0.38279337,-0.47466397,0.6788038,0.79083085,0.2435624,-1.0345569,0.11330644,-0.93648934,-1.4761794,0.8881939,0.14052385,0.122062765,0.8428954,0.5698732,1.585557,0.413662,0.1872822,-0.28511986,-0.65437204,0.15971582,0.85243523,0.7073503,0.43804693,0.3278811,0.063032314,-0.6011994,-0.2041066,-1.3790066,0.84346026,0.65179336,0.7365148,0.36451244,-0.42829958,0.10693336,-0.7344634,-0.05858049,-0.3677869,-0.15700392,-0.34808692,-0.122234985,-0.07525103,-0.029308798,-0.4384106,-0.15891662,0.8503185,-0.462769,-0.16813196,0.44586554,-0.71250635,0.08612015,0.18127657,0.95068145,-0.1664965,0.6369527,-0.51493216,1.4173726,0.39963508,1.098011,-1.1827506,0.25663513,-0.5623544,-0.23112284,0.68867666,-0.42052013,-0.3518054,0.8567829,-0.13062806,0.6843016,-0.1786036,0.62588024,-0.12769723,-0.5576529,0.49181616,-1.9018277,-0.7045078,-0.1460116,-0.20322917,0.41827872,-0.7942319,0.9264611,0.9842095,-0.7048291
-0.4349143,1.80813,0.7716688,0.9743029,-0.48587474,-0.80104095,-0.27146423,-0.049821485,0.8869719,-0.36980477,-0.8623668,-0.86002034,0.4315324,-0.029616492,-0.87724245,0.16280226,-2.173714,0.60338897,0.6839838,-0.75598574,0.57129616,-0.6666324,-0.45420897,-0.13635445,0.26635525,-0.42627582,0.47816062,-0.029672727,-0.9012756,0.048822112,0.4063311,0.73409486,0.59499454,0.26827717,0.2029233,-1.1533511,0.9714404,1.0651606,0.61247885,-0.060192224,0.7317503,0.021103302,0.94942933,0.40505916,-0.67205447,1.5285169,-1.1318377,-0.346935,0.6667426,-0.17179273,-0.398621,-0.12615745,0.12296205,0.090914756,-0.12748198,-1.2133932,-0.7562295,-0.32343826,0.1235127,-0.058058284,0.7361943,-0.09577682,-0.68399143,0.38835937,-0.40018117,-0.47166294,-0.6648428,-0.34120017,0.5516154,0.07084043,-0.09164508,-0.80644375,-0.34379607,1.2038573,1.2189443,-1.366286,-1.9493473,0.8690894,0.7095824,-0.13882008,0.10463162,0.8768247,-0.65559673,0.4246057,-0.2834298,0.28850603,0.45607612,-0.5268125,-0.75568694,-0.20419303,-0.576801,0.3997257,-0.2024336,-1.002454,-0.17750704,1.2136669,-0.5837142,0.71108896,1.228842,0.21096541,0.45408598,0.1927287,0.42292878,0.17250782,-0.07817134,-0.6133092,0.197424,-0.58311474,-0.7778183,0.32573918,-0.067344174,-0.29408073,-1.283074,-0.39276412,-1.0934525,0.081439465,-0.3375164,-0.6802844,0.30181354,0.59758264,-1.0525912,-1.0501698,1.2952205,0.08893472,-0.41631258,-0.29841802,0.4910616,-1.4024048,-0.19162653,-0.74005467,0.08012018,-0.18875071,0.5616166,-0.3395517,0.19709705,1.401519,0.6591079,0.9563797,-0.2127535,-0.14865007,-0.91005903,-0.019839434,0.33969393,0.43254566,0.791976,-1.145244,0.7021839,0.62159276,-0.37530166,-1.1334984,-1.2489426,-0.1374254,0.16357586,0.5562807,-0.34691918,-0.80700713,-0.4253374,-0.9079442,0.8518058,-0.7987789,-0.5914087,0.57806486,0.68617433,0.23879531,0.23029442,-0.7432925,-0.9827371,0.25556162,-1.0215224,1.0443127,-1.0840852,0.38269624,1.2931877,-1.9826338,1.2026625,-0.8235302,-0.22675224,0.114863545,0.95313805,-2.0655918,-1.2728955,0.514843,1.4516939,-0.38021615,0.078663535,-0.16358073,0.25847557,-0.37033722,-0.32735565,-0.048844352,1.2447119,0.2531504,-0.9981181,0.80498326,-0.7041066,-0.50192827,0.32769975,0.36814827,1.2817277,1.1110165,0.36447674,-0.07047142,0.61090654,-0.51922864,-0.33773407,-1.0336323,0.30800864,-0.06123934,-0.2196977,-0.8608371,-0.11095486,-0.36008927,-0.44358903,-0.36044228,0.13300359,0.04465256,-0.10418792,0.1903744,-0.23587617,1.0069118,-0.38901803,-0.55339366,0.9307239,0.010489387,0.29745755,1.3310428,-0.25185302,-0.91184986,0.13459615,-0.65227616,0.3369741,-1.4461182,-0.3769577,-0.3643554,0.53550243,0.71896535,-1.13044,-0.24822669,-0.03671613,-0.5229953,-1.1128995,0.89321405,-1.6329305,-1.8108016,1.342669,0.10245538,-0.0420379,-0.76320565,0.60827327,1.9896027,0.89351726,-0.9296845,0.76132655,-0.46994522,-0.7108252,0.8014409,0.1593518,0.059825826,-0.014451343,-0.71550876
0.35499617,0.20534916,-0.54765165,0.081261486,-0.2027885,0.04716792,-0.87759,-0.8894576,0.4001133,0.2930954,0.46892956,-1.598042,-0.12727475,-0.007460318,-0.2413242,-0.30464855,0.3924244,1.44483,0.5077107,0.4906397,-0.2584228,0.30275714,-0.14415407,-0.32360345,0.4980817,0.17453064,0.7098547,-0.21345064,0.23243357,-0.18988737,0.31667495,1.0805084,-2.570174,-2.157027,-0.99445534,-0.8523696,-0.7085269,0.6259514,0.544064,0.22675136,0.44890672,-0.3920586,0.2311083,0.31811368,0.54064304,-0.7079279,-0.48974064,0.15546717,-0.24646433,0.160112,0.22342914,0.10538411,0.34831196,0.02901276,-0.15119533,-0.29092237,-0.6288046,0.024468306,0.52015257,0.97768325,0.7213591,1.3340126,-1.4850812,0.42350766,-0.88117146,-0.1600521,0.3164807,0.6803383,0.3179151,-1.0230931,-0.7015863,-0.50586885,0.5855497,0.4697602,1.0482798,-0.20361437,0.8983436,1.5256535,0.65671164,-0.8063926,-0.23977019,0.1188829,1.0009558,1.513888,0.9020813,0.40596187,0.20276435,0.18756002,0.4173527,-0.37858734,-0.61431575,-0.19950844,-0.43547422,-0.05859567,-0.9416088,-0.08697505,-0.27719325,-0.20242529,-0.7556148,-0.61156917,-0.16638559,-0.48842397,-0.86424094,-0.36577466,-0.6984249,0.19932705,-1.2071468,-0.7947995,-1.1962276,0.33585343,-0.65626895,-0.07527992,-0.37820196,-0.20036195,-0.50038785,0.28331283,0.012096907,-0.3577891,0.3590826,0.07328985,-1.8966093,-0.51793975,-1.5344844,-0.9671033,-0.7527184,0.02293701,0.34685227,-0.2781923,0.11566405,-0.25129,-0.23141246,-0.5030089,0.22685692,0.14292912,-0.113896176,-1.1137362,0.6232953,-0.2909895,0.008788079,-0.35425764,-0.76595205,-0.46320033,0.07598517,-0.31574336,-0.8599754,-0.17189385,-0.6694141,0.61473256,0.74058896,-0.5064868,-0.43619362,-0.39160746,0.13595688,0.5439381,0.3753361,-0.08943616,-0.09397523,0.59404355,0.730038,-0.58627486,-0.5041547,-1.0004307,0.1967246,0.8958112,-0.44485575,0.40059805,0.5528778,-0.26454127,-0.43700358,-0.41106257,0.13027991,-1.2853564,-0.6058317,0.18069647,0.63939327,0.06947498,0.1321422,-0.22618851,-0.20819506,0.41381025,-0.526573,-0.8273648,1.1074715,-0.0051098713,-0.42274055,-1.0005082,-0.3271211,0.56278,-0.4962529,0.5786401,-0.48359212,0.040545337,-0.50667095,0.14775395,-0.33694494,0.40351707,0.6126592,0.99043727,-0.42804393,-0.5303686,0.11497217,0.3264392,0.8391071,-0.77608514,-0.052896515,0.9571333,-0.16953295,-0.5947693,-1.1361605,0.9578226,-0.7806017,0.28276908,-0.073774666,-0.0007926231,0.2425366,0.06706395,-0.9083888,-0.66440094,0.4218873,-0.23880853,0.13455977,0.7058361,1.0721518,0.6158274,0.0025132648,0.75333005,-0.05242944,0.17331554,-0.29862723,0.4418481,0.5559778,0.049102288,-1.1083294,-0.22540413,-0.08018991,-0.40397713,-0.58747196,0.24712765,0.46174127,1.179047,0.098539,-0.3111119,-0.086865805,-0.04117566,1.1574887,-0.28711155,1.0986203,-0.39952317,-0.8349779,-0.19445881,0.34262246,-0.30294168,0.34317908,-0.32094887,-0.9491442,0.073053785,0.011323085,0.6670296,-0.5647145,0.3681965
-1.0161833,-0.41525796,-0.59200996,-0.071123645,-1.0779144,0.2601785,0.022391845,0.12511756,-0.3029444,0.2306168,1.2015854,0.6904551,-0.1525406,0.27561635,-0.38938355,0.04424619,0.012902001,0.47656262,0.47106978,1.1090573,1.828624,-0.043699395,-1.1174557,-0.33363295,0.01688591,0.671445,0.3400208,-0.7430302,0.6008045,0.22493711,0.024351284,-0.8227847,0.9532737,-0.868044,1.3162249,1.2537392,-0.24682876,-0.004636488,-1.1397804,-0.067555994,0.3902419,0.39684078,0.06573056,-0.58424115,-0.94110745,-0.5101486,0.3341204,-0.51458925,0.30230618,-0.26922065,0.8458255,0.5079002,-0.16180547,1.9615703,-1.20276,0.8654467,0.5515022,0.049939837,0.6565767,0.363588,0.5191244,-0.102860294,1.0021923,-1.11273,0.75901073,-1.0304912,-0.9835459,0.9054829,-1.0384022,0.36339974,0.870579,-0.122470826,-0.28497952,0.20935917,0.5925982,0.5655838,-0.94629383,0.39993793,1.3100272,1.2050316,-0.026980987,0.16909981,-0.28323516,0.2273464,-0.2127951,-0.1864958,-0.3850778,-1.1853089,0.333799,0.7175882,0.55156606,-0.44860536,0.2653923,-0.86738807,0.17742135,0.47642452,-0.89228034,0.6455105,-0.47906512,1.0397904,0.14400317,0.8936352,0.07849562,0.344767,-0.21715312,0.47017932,-0.08425271,-0.09113344,0.30540892,-0.24511844,0.5710117,0.6917186,-0.85137224,0.98910075,-0.47911933,-0.24039799,-0.9946552,-0.7698477,0.7206938,-1.3522233,-1.2776525,-0.22942822,0.7778422,0.53279555,1.2902042,0.12550218,0.78701854,0.5089567,0.07387445,-0.12224678,0.29078403,-0.93006563,0.34191734,-0.36943784,0.6791343,0.006142534,0.059958562,-0.26016375,0.1489897,-0.36105403,-0.0025005718,0.5382773,0.23162484,-0.24709685,-0.39138612,-0.5736534,0.35159442,-0.82912517,0.98701143,1.2672783,0.76762503,0.18725747,0.4390663,-0.1449602,-0.11315376,-0.88750887,-0.36901942,0.18881238,0.8388352,-0.17286274,-0.74663466,0.5781476,0.6715051,-1.2899454,-0.86328936,0.78602314,0.16584681,0.3127009,-0.37966445,0.0856775,-0.1697877,1.1246718,-0.66186047,1.4595692,1.1629292,-0.19116747,-0.43875462,0.9523117,0.0697682,-0.46630144,-0.12737654,1.1403154,-0.80455995,-0.60244787,0.77338094,-1.4231282,-1.0506598,-0.5506959,0.14718325,-0.1512008,-0.6934767,-0.7989974,0.0937869,-1.8824599,0.73874795,-0.027875971,-0.47181985,0.414794,-0.7854826,0.37434873,0.74723315,0.15734039,-0.15688351,-1.4672668,-0.07561291,-1.2361355,-0.8462767,0.4634062,0.2689601,0.64685977,-1.2582792,0.043265503,0.34407046,-0.8550943,-0.47621465,-0.2546786,-0.63091516,-0.12356261,0.4678966,0.0025802061,-0.15323599,-0.64429706,0.25057712,0.9530314,-0.41503534,-1.0345391,0.30535433,0.06532244,-1.2760372,-0.73467124,-1.1044062,0.17250451,-0.3154835,0.2586362,0.7665204,-0.18669423,-0.77221674,-0.5809203,-0.14859395,0.19427377,0.50569695,-0.56223476,0.2739833,0.20816027,0.9731266,0.16774875,-0.25377053,-2.1518419,0.2630135,0.012345072,-0.897271,-0.04949137,0.9751024,0.3330722,0.38928702,0.11909322,-0.10307104,0.91357034,-0.1222489,-0.11686123
-0.3364859,0.10045106,1.0304995,0.80687535,-0.28943518,-0.42651126,-0.7801887,-1.4129602,-0.37644625,0.18557827,0.52302754,0.38255295,0.07812794,-0.2783547,0.020430805,-1.2335213,-0.13525303,-0.13374554,-0.14148916,0.3991665,0.41501603,-0.20367691,-0.9668397,-0.37448344,0.4023002,0.2815927,0.31949756,-0.3160606,-0.22750984,-0.8893072,0.15041938,0.27638593,0.8508721,-0.37868783,0.33115587,0.30071288,-0.5824941,0.11122178,0.0829862,1.0468255,0.88561594,0.57218283,0.19474854,-0.26510167,-0.72754365,0.16992669,0.4093789,0.13768603,-0.9996196,-0.13622995,-0.29831803,-0.024104465,0.27875292,-0.76015276,0.64425504,-0.79125255,0.4166143,0.27594927,-0.5043163,0.9497374,2.1539774,-0.758906,-0.009796112,0.3897452,0.39148825,-0.8163192,1.3744161,-0.9820028,-0.8627134,-1.5850036,0.12384825,-0.31514502,-0.11579877,0.7659506,1.3190906,-0.33717766,0.15859057,0.18706647,0.708082,-0.0086436765,-0.62688637,0.12550849,-1.3512462,-0.11093665,0.17987588,-1.5726346,-0.018378453,0.48214138,0.6430313,0.060110707,-0.21377136,-0.28997156,0.57477415,-0.30890056,-0.36191776,-0.23839322,1.0966518,0.8426444,0.8054353,0.17621988,0.23217072,-0.412493,-0.35502562,-1.2804191,0.022552371,-0.9793227,0.15796877,0.16572218,0.28228378,0.15725227,0.35364145,-0.04397567,-0.27614674,-0.8076888,-0.212655,0.038269535,-0.07530261,-0.40281814,-0.07759446,0.54141057,1.1528262,-0.736225,1.0502814,-0.5090794,0.29056075,-1.4186658,-1.4536724,-1.2806965,-1.7374787,-0.33238396,-0.24108873,-0.0901486,0.6549024,0.2497012,0.64743614,0.47655168,-0.16070808,-0.1435477,-0.56564295,-0.28380245,-0.4547067,-0.6446193,0.03415183,0.5106284,0.27582604,-0.9544587,-0.51609516,-0.89704704,-0.5150053,-1.161798,-0.9105481,0.26098073,-0.56778127,-0.24700828,0.21429148,0.17308883,0.4149303,0.66717935,1.3209872,0.34781513,0.024552636,-0.03993532,-1.6509372,-0.42788166,-0.93116754,0.13208555,0.49214023,0.2780376,-0.7077502,-0.40728468,-0.23977008,-2.313573,-0.13395697,-0.18642592,-0.36386755,0.008293898,0.8159891,-0.21633132,2.2670562,-0.4268201,-0.38657033,0.58767825,0.47750652,-0.37178028,1.1593709,-0.03375686,0.5950287,0.40342566,-0.03632345,0.5796832,0.5664416,-1.4813879,-0.62167066,0.6711625,0.61585736,-0.105007224,0.15991916,-0.5163081,-0.5674855,0.15161853,0.079933055,0.38296992,0.2472713,0.6092601,0.17154677,-0.81922823,-1.1528652,-0.09817985,0.122221515,-0.44092834,1.1810187,-0.06429092,0.7222689,0.89128757,-0.8370548,0.72729385,0.6598635,-0.029856,-0.9529068,0.05425941,-0.2287892,-0.5990176,-0.23458122,0.2627435,0.75659436,-0.6408447,-0.24114017,-0.21519296,0.77457404,0.32135934,0.81910723,-1.1000125,-0.4137739,1.6010535,0.010758429,-0.17073607,-0.04883004,-0.41049737,0.08928789,-0.67949456,0.08030209,0.87903106,-1.1583134,0.5140036,0.2998601,0.32350996,0.24193181,-1.2619064,-1.2702173,0.69987863,-0.008542983,0.5675929,0.69838387,0.829175,0.9458725,-0.9659023,-0.0027581018,0.66173625,0.1047308,0.017494613
-0.41413826,0.20118256,0.12237183,0.4300649,0.27649847,-0.106046535,0.17653628,-0.3694419,-0.3057158,-0.49494842,-0.20584865,0.112302676,0.26920635,0.12945807,0.19668844,-1.35143,-0.47929558,0.9298682,0.14645259,0.23263262,0.20288359,1.5227194,0.44918376,0.08735324,-0.3640305,-0.93171847,0.097066835,1.9324622,0.034150843,-0.3484183,0.034476187,0.47740754,1.3535516,-0.6427415,-0.112062804,0.32397318,-0.18460652,0.2202378,-0.5299286,0.5567812,-0.42882136,0.894368,-0.7262878,0.38019234,0.33626026,1.610047,0.45867416,0.8041862,-0.34417975,-0.6962036,1.0283353,0.8367699,0.09058361,-0.7739375,0.1905336,0.20790203,-0.5330224,-0.74083203,-0.35354903,-0.016802035,-0.06394537,-0.3829938,-0.9640401,-0.33528897,0.13724539,0.9010426,0.81800044,0.57133293,1.245223,-0.034227476,-1.4051516,0.6913861,0.8143197,-0.56901836,-0.7588702,0.13805714,-0.20132366,0.5830873,-0.15293537,0.06084149,0.7921909,0.21720871,-1.184694,0.39612308,0.8136577,0.18500435,-0.23014474,-0.1982149,-0.040596083,-0.31136164,0.3574883,-0.7653997,-0.483979,-0.6434965,-0.10922974,0.12810935,0.5783904,-0.585182,0.7736507,0.10158152,-0.107313216,-0.020140946,0.76728123,-0.2725216,0.72504765,0.5042819,0.15188932,0.53833765,1.6753882,-0.089256085,0.13028236,0.79048985,-0.56908596,-0.3818774,-0.84326476,0.6119312,0.31608665,0.59807414,0.8879463,0.39591953,0.6846267,-0.62841254,-0.15825571,0.11331389,0.36188683,-0.96360505,0.6661986,1.553826,0.25372386,0.24963295,0.77039486,0.4222927,-0.3361338,1.5774813,-0.18646982,1.2235234,-0.27188188,-1.3935993,-0.51661223,-0.22178218,0.36723992,-0.36004528,0.9541896,-0.0314714,-0.9499519,-0.49065986,-0.046528142,-0.08539171,-0.3231882,0.22344859,0.77648884,0.41168994,-0.6499057,-0.74072933,-0.6719338,0.09830801,0.19321561,-0.3742042,0.51706874,-0.1595767,0.9549044,-0.08273083,0.6373731,0.119058415,-1.2947522,-0.4147352,-1.1559681,0.43414906,-1.142025,0.33250222,-0.8991113,-0.52544504,1.2498224,-0.6300913,-0.8319744,-1.193438,0.2999494,-0.27596456,1.2654924,0.04579992,0.19664636,1.342536,-0.81386095,1.1237969,0.28545916,0.57721007,-0.1129482,0.59416276,-0.76646495,0.79314893,0.10130519,-0.46641314,0.36017433,0.45718175,0.7090489,0.1250739,0.22367834,-0.8330918,-1.2074399,-0.24208042,0.16736327,-0.33639652,0.41976678,-0.64807725,-1.9372209,-0.81701744,-0.6703046,-0.033145428,-0.10600058,0.40609753,0.2516357,-0.38398805,-0.71920013,-0.5427823,-0.59841746,0.8726483,0.46350327,0.023425851,-0.42861757,-1.2058463,0.7436925,0.8478668,-0.9738334,0.050752945,0.04381173,0.04463488,0.08308732,-0.39352003,-0.26424113,-0.31690922,-0.2759234,-0.4672805,-0.6176369,1.3888228,-1.0238596,0.81910545,0.74302155,-0.21596096,1.0260179,1.0887908,-0.52378964,0.7070826,-0.7201446,-0.4616222,0.85130006,1.766925,-0.22593698,0.41046363,-0.5940875,-0.71061325,0.866849,-0.102691665,-0.71068454,-0.040624075,0.2587876,-1.0273628,-0.29755297,-0.30684465,-0.0036775966,0.88587743
1.0598031,1.6965382,1.3762949,1.2684779,0.8477659,-0.70319813,-0.27154693,-0.52754843,0.7998442,0.00020546843,-0.24140532,0.79401433,1.1508349,1.0163356,0.0086474335,0.43295157,0.91977924,0.3601465,-1.3817447,0.8522443,-0.061805908,0.39887416,-0.4030306,0.5407766,1.1560475,-0.7401189,0.24574895,0.041704167,0.057721116,-0.019787395,-0.20631813,0.61104083,-0.21060793,-1.3330512,0.5083955,1.0519475,-0.08283312,-0.34197095,0.7437671,-1.6950483,-1.3746125,-0.071997106,-0.9277428,0.75756264,-0.5301375,-0.5038918,-0.9288851,0.8009194,-0.5129887,0.61275685,0.20364544,0.6448435,-1.2090605,0.20194115,0.1550269,-1.7338313,-0.16018794,0.028848168,0.32728934,0.20434134,0.3420762,-0.7919677,-0.23377663,0.08243433,-1.1336596,0.01086381,-0.24484351,0.10894792,0.0054898914,-0.37112015,0.039712436,-0.5943699,-0.9413026,0.26103744,-0.49086753,-0.11650282,-0.16689466,-0.7963179,-1.2443141,0.28172752,-1.5742122,0.2731648,0.18799463,-0.9626827,-0.48597538,0.47483197,-0.5639122,-0.3474076,0.5830203,-0.32703757,0.53375304,-0.76108515,0.23752971,-0.33117265,-1.5235763,-1.4540374,-0.58803385,0.17490701,-0.016440857,0.83380866,-1.1936654,0.80190074,-0.26620936,0.9527817,-0.0060949703,-1.0840653,-0.34619695,-1.57483,0.4904338,0.14912786,0.38265908,-0.8542415,0.95907867,0.24807335,0.28362197,0.4270708,-0.8719993,-0.66214985,1.4741036,-0.17074944,0.3221992,0.83989197,-0.50568366,0.2915183,-1.0973214,-0.042565066,-0.9114641,1.2881674,0.7032295,-0.2846078,-0.105979495,0.15622693,-0.02976706,-0.39001748,-0.34837195,0.50193906,-1.3843087,0.34416556,0.18462607,-0.49612036,-0.3151801,1.3866239,0.47475585,0.063667625,-0.7336372,-0.20874487,-0.21683873,0.74701816,-0.19233514,0.6396956,0.4430179,-0.5370833,-0.6081239,1.9513831,0.14676188,0.5771524,-1.3518658,-0.6487239,1.0066766,0.8563972,-0.5400742,-0.1787163,0.07478405,0.60705507,-0.61223817,0.24229097,-0.86771804,-0.895043,0.2500294,-0.08087557,-0.46093047,0.9667596,0.3147538,-0.52763975,-0.014938412,-0.82787347,0.2230023,-0.844092,-0.8674524,-0.21967553,-0.025252718,0.3844639,0.11294159,-0.8006753,0.7482327,-0.6399082,-0.44004247,0.2672229,0.47422045,0.41630915,-0.7843628,0.12722115,-0.000101501544,-0.34780866,0.04170495,-2.1445422,0.18061511,-0.29581022,-0.5915351,-0.8100042,0.9414666,0.099024,0.63823074,0.21021527,-0.84732944,0.123656966,0.046424672,0.37658513,-1.9549743,0.7557294,0.3170456,0.76602864,0.3856454,1.0389115,-0.78082806,-0.21650301,-0.7027456,1.2578104,-0.55037206,-0.38987625,1.0375673,-0.40672055,0.40919772,-0.63114655,-0.89630663,-0.2853195,-0.49355885,-1.0356096,-0.47449338,-0.22301617,0.21428367,-1.6971006,1.0455174,0.35009116,-0.106835954,-0.22955553,-0.57369745,0.64998066,0.66687673,-0.5766766,-0.07724328,0.4303519,1.4426582,-0.35819542,0.86491233,-0.8296847,0.8206337,0.056838207,0.49512044,-0.16710529,-0.6720882,0.32844844,1.4804035,-2.5789642,1.3942586,0.20175235,1.1909599,-0.87281615,0.5624239,-0.26854602
0.31489766,2.031972,0.48473978,0.8974542,0.106262565,0.31377,-0.3327391,-0.19166084,-0.22990352,-0.01735381,-0.20441817,0.5459663,-0.89007235,-0.18856901,-0.85758716,-0.56829715,1.1167362,-0.045830652,0.94479793,0.10564263,-0.58857477,1.4972695,-0.6697246,-0.57441086,-1.076666,-0.94715506,0.94798887,0.4860274,0.96151775,0.5064926,0.8954108,-0.08719646,-1.1292272,0.10200779,-2.5949557,0.8618902,-0.3243015,-0.6581073,0.09249909,-0.46716735,0.70857763,-1.022148,0.25713655,-1.580944,0.161402,0.7855458,-0.29804018,0.017575549,1.4739063,0.19311745,1.3452913,-0.32752883,1.7535278,0.033540286,-0.21547544,-0.04673722,-1.2148234,-0.29829994,0.16439575,1.7099397,0.04622585,2.3766317,-0.43376097,1.0670995,-0.20414953,-1.328972,-0.7790658,-0.09466029,0.033834003,0.27289903,-0.18388616,-0.036271818,-0.11297689,-0.74572426,-1.2007624,-0.51452684,0.45512918,-0.2950465,-0.16102283,0.4524599,-0.68621176,0.28833744,0.2319791,0.61062926,-0.3477537,0.5119989,-0.2163024,0.005740343,1.5396829,-0.19618185,0.63592255,-0.93692106,-0.74246794,-0.57370913,-0.061116807,0.3928078,-0.64704704,0.6456958,0.6301484,0.9646719,0.061631933,0.90557307,0.60734713,-1.0958244,-0.4450328,-0.77663296,-0.17745155,1.1053612,0.055389006,0.52363205,-1.4283452,-0.18213126,-0.5200504,-0.9162296,-0.7907146,-0.5677913,0.22930355,0.07479014,0.13771379,0.8862333,-1.8648928,-0.78626096,0.83807707,0.37328824,0.7333654,-0.30164564,-0.62261164,-0.044117987,0.4183676,0.43706158,0.40179625,-0.2084422,-0.6197101,1.0312219,0.9826873,0.233315,0.04524625,-0.6000935,0.75110793,-0.6313163,-0.9950923,0.09809168,-0.6665448,-0.93795925,-1.0934831,-0.01732071,0.7004524,-0.016555058,0.92477304,-0.25142154,-0.37752703,0.31334925,-0.36914873,0.51548713,0.4149165,0.53501827,0.051670425,1.2462152,1.0053105,-1.2136142,0.11556542,0.25259557,-0.19866498,0.12568563,-0.037056323,0.05197215,-0.81032294,-0.68226373,1.14914,0.10957254,-0.8487281,0.5785891,-0.8667463,0.5734284,-0.3634999,0.08376257,0.42385763,2.43572,1.8165967,-0.45609978,0.6731505,1.2989221,1.6921247,0.23751143,0.4351385,0.110338114,-1.6908212,-0.68806493,-0.004042389,-0.15932222,0.10152752,-0.27272397,-0.07887425,-0.1282134,0.5610252,-0.0950417,-0.5225564,-0.07779091,-0.051210593,-0.55788004,-0.9620521,-0.28320128,-0.3232067,1.8771542,-0.2242075,-0.39156437,0.85401404,-0.108349055,0.43578348,-0.42448917,0.55383116,0.3488741,-0.14991581,0.24409007,0.27209023,-1.0694821,0.6852174,-0.7100787,1.1454418,-0.20134518,0.13784258,-0.6621871,-0.045723997,-1.4978224,0.000587583,0.78906965,-0.57370263,0.86094284,-0.011490435,-0.5018253,-0.8732224,0.9457764,-1.4908782,-0.14358358,-0.30141446,1.1744167,0.1996718,-0.18452759,0.8888547,-0.41703877,-0.9048753,0.9985723,-0.42433912,0.16843048,-0.793489,0.39658535,-0.13565473,0.9728928,-0.9767152,-0.9310626,1.662686,0.08330654,-0.24582727,0.71954066,0.12526658,1.4336402,-0.029081192,0.15998474,1.1785569,-0.10612457
0.16244498,0.42321384,1.7610955,1.4963286,0.013393534,1.0146976,-0.3436108,-0.4346036,1.079653,0.092812434,-0.56011266,1.4034235,-0.46202967,-0.7676188,-1.4206754,-0.45069176,0.31403303,1.4191406,0.8051131,-0.011731653,1.1024219,0.5256781,-0.6012003,1.2612593,-0.18316339,0.7959668,-0.44354233,-0.6921895,1.0113916,-0.42455876,0.65842134,-0.4423992,-0.094362505,0.15040913,-0.7055437,1.4459554,-0.4889287,-0.39483544,-0.14305766,-0.097989954,0.4778339,-1.1035517,-0.23534225,-0.60649455,-0.720862,0.92640394,-0.18572819,0.36350778,-0.19578996,-0.3932119,-0.26021218,0.04680261,1.0895469,0.23774451,0.23153614,-0.28420582,1.6546474,0.061553203,-0.04457997,-0.06766606,0.49174222,1.5026754,1.045258,1.0689182,-0.20530866,0.17589365,0.54734904,0.3683269,-0.19879885,0.586081,-0.9276127,-0.6083885,0.7961205,1.4735528,0.14447126,1.3982838,0.3231155,0.06965369,-0.3297739,-0.26325402,0.9315276,-0.021024663,1.3024634,0.49259633,-0.07411716,0.46117687,-0.78679526,-0.9275588,0.11604849,0.28257528,0.62061447,0.6613297,0.39961135,-0.43694508,-0.50951356,-0.59812224,-0.56419843,0.104135506,0.8392062,-0.020595731,-0.31425896,0.2878384,0.83554447,-0.35737157,-0.45335314,-1.2210455,0.6062147,0.3573702,0.37821937,-0.30658668,0.21612154,0.22891785,0.4405904,-0.7109072,0.11173055,-0.26194537,0.28104421,0.98511106,0.08436531,0.7819902,-0.5393894,0.8983515,0.43465522,-1.0782448,1.9879538,-1.516408,0.65903336,0.43802544,0.34752995,0.12811603,-0.8799721,0.08252588,-0.7867171,0.41501907,0.18081252,0.43883592,-0.18535934,-0.66885376,0.33975947,0.033797737,0.15638083,0.24275187,0.4475379,0.010971986,-1.125848,-0.6368403,-0.04618872,0.9218485,1.3340706,0.9037799,0.7068126,-0.7484294,0.84006935,-0.1691673,0.8760923,0.21149953,0.7846131,0.14712103,-1.2451458,-0.24163485,-0.2814546,0.039777298,-0.20066243,0.76923084,0.8410715,1.4262884,0.27218196,0.10346014,-0.8985516,-1.001676,-0.89628476,-1.263179,1.0573456,0.5184307,-1.8225595,0.053315666,-1.2744651,0.91085654,-0.07689954,0.08055889,-0.52278244,0.8569247,0.7676352,-0.3612728,0.26063877,0.11060778,0.6964783,0.5160919,0.6516296,0.7402437,-0.59417236,-0.18104386,0.49896297,-0.6528341,-1.3287848,0.16155778,0.34561846,0.71186054,0.5257572,1.2194693,-0.032129977,0.060186,-0.7050889,0.71548265,1.1967096,-0.08354717,1.1515994,-0.5178779,0.8161979,-0.05253331,-0.0036418284,0.22278596,0.028874956,-0.11752343,-0.8834138,-0.22246835,-0.2127997,0.34374905,0.61340356,0.3827493,1.4012134,-0.5214838,0.051807646,0.0846326,-0.06789313,-0.25992584,1.816103,0.5342017,-0.7075837,-0.452925,-0.3331628,-0.8679917,2.159665,-0.2830066,0.25492075,0.9728614,0.12583117,-0.1933468,0.19977108,0.44453597,0.6875642,0.81573963,0.15999234,-0.012389496,0.63589025,-1.3186741,1.6992422,0.039308257,0.35274526,1.3336954,-0.6485454,1.0087748,0.49380407,-1.2237041,0.2216358,-0.8271385,1.2985595,1.7651637,0.6235449,0.31392804
-0.7813995,0.74420947,-1.1457533,-1.0637523,-0.14653718,-0.37065998,0.26679492,0.22514854,-0.8810934,1.1827728,-0.98619205,-0.05995493,1.3524305,0.8331996,-0.93200684,0.6178433,-0.8870312,-0.23359081,0.35275036,0.15697664,-0.5080313,-1.0148801,0.016766127,0.5980102,-0.62382597,0.98427486,0.6148707,0.056998502,0.29576114,-0.33443975,-1.0678626,-0.29148,0.32177,-1.1300417,0.2629455,0.09516607,-0.01975196,0.010391186,0.50984144,0.040298935,-0.7616468,-0.1910688,0.84024334,0.4435818,0.74374574,-0.04816186,0.23964882,-0.0047026924,-0.74859416,-1.1618718,-1.1411252,0.2368664,0.7630076,-0.5643766,-0.52064985,-0.956635,-1.7958864,0.19000718,0.21011291,-0.8175417,-0.44131172,0.41197714,0.834321,-0.19185737,0.24499081,-0.49191064,0.44606432,0.70156676,-0.15198559,-0.043605328,-1.3508569,-0.0594516,-0.33824983,-0.42449495,-0.25947914,-0.5952804,0.38654682,-0.11183001,-0.37538517,0.08360138,-0.10214174,-0.24815026,-0.009259749,-0.8047368,0.62750715,-0.18224877,-0.8167842,0.25975743,0.05180515,1.4616104,-0.04472368,0.1142318,-0.8586268,0.7276477,-0.23099944,0.030501178,0.013861925,-0.1884584,-0.6196824,0.5741992,-0.39398396,-0.3375115,-0.3369977,0.2506859,-0.6163794,-0.45466924,-0.90060335,0.39130312,0.310289,-0.8869035,0.19214533,0.54644305,-0.6950518,-0.28161877,-0.875984,0.18986088,-0.7984158,0.6182141,-0.4754228,-0.6322925,-1.6208571,-1.2827735,-0.5966906,-0.3329534,0.29764107,-0.1375781,-1.3639399,0.26974854,-0.2866023,-0.8728822,-0.8222417,-1.1177657,-0.717916,-1.7367102,0.23246425,-0.35793832,0.068613485,-0.16233727,0.92080164,-0.65663046,0.14228709,-0.5491862,0.48951414,0.30828604,-0.066194244,1.1380923,0.45332128,-1.1449746,-1.3746,0.009865323,0.60650605,-0.25758454,0.059120614,0.1447235,0.7445323,-0.07043232,0.16519009,0.3093607,-0.3695365,-0.17804344,-0.2535277,-0.31805214,-1.0418066,-0.3058134,-0.075846665,-0.15957412,-0.11369168,-0.49785832,0.58586633,0.30327693,0.5362933,-0.6027023,-0.031843856,0.0006124584,-0.83921677,1.4163954,-0.9868756,-0.29112485,-0.87963706,-0.11109,-0.94576085,0.2395293,0.72012436,0.6902743,0.59158707,-0.44439337,0.33056837,-1.0706297,-1.2181044,-0.13250291,0.11449566,0.1348495,0.31163096,1.187333,-1.480239,1.0628703,0.3678312,-0.85371274,-0.07702595,0.30958572,-0.12036017,0.075666755,-0.007759798,0.6777061,0.4154503,1.1059453,-1.0307732,-1.2296064,-0.49858353,-0.5095915,0.03253864,0.91404057,-0.19665967,-0.5743746,-0.34951335,0.9984106,-0.5539511,0.53409016,-0.6519453,0.008895395,0.82406294,0.5965346,-0.09825501,-0.273005,0.36460903,0.80751973,-0.13303755,0.09023152,1.2151453,0.72882324,-0.39044604,1.6271406,-1.593396,0.008465241,0.107675746,0.12800671,-0.93510514,0.64889324,-0.5485424,-0.118838,1.074726,2.1625857,-0.7475194,1.218459,0.29062712,0.58960575,0.41974333,1.3529578,-1.3585656,-0.3253686,1.3079358,1.0543394,0.68273395,-0.93873864,0.347743,-0.21820773,0.13799216,-1.307114,0.474652,-0.24372219
0.26797214,0.7446111,0.42734733,0.3439096,-0.65274,1.0224057,-0.53292364,-0.6406368,-1.1151407,-1.0290837,-1.2497848,-1.3639847,0.929658,0.6378628,-0.344975,-1.7043262,0.30562946,-0.3281992,-0.3150147,0.25215623,0.18954599,-0.49790856,-1.1084917,-0.26044703,0.17727575,0.62895936,-0.11088175,0.5628043,-0.20793194,-0.10901987,-1.4161525,-0.968209,-0.34198666,0.4000042,0.70913553,-0.058020465,0.21970662,-0.28636217,-0.69078934,0.17787006,0.5467534,0.6438894,0.73384917,0.12231298,1.2258201,-0.10348522,1.0093278,-0.5615735,-1.2492887,0.62579703,-0.15396656,0.35014397,1.3159491,-0.043660514,-1.1447837,-0.14864305,-0.16184293,-0.93298376,-0.9221872,2.2377527,-0.040850163,1.345597,0.7633731,1.0873059,-0.38928267,0.12837765,-1.6921229,0.68281806,0.06340953,-1.0131968,-0.31401864,0.67135555,0.13393697,-0.70930177,-0.73900133,0.2538946,1.1887113,0.9585615,-0.051814772,0.23449004,-0.49219286,0.7624244,0.6293341,0.04772735,0.23257525,-0.25871742,0.2094988,0.14237943,0.049227133,-0.14941992,1.1564734,-0.20188923,0.9185292,-1.3389071,-1.7205805,-0.07446799,-0.53181905,-0.42523444,-1.4096147,-0.59314257,0.19141111,-0.11478657,0.64914626,-0.77559173,-0.36305866,-0.20057333,0.32491872,-0.39535898,-0.4675435,0.17750223,-1.5345709,-0.34508023,-0.8568773,1.2991554,-0.33371997,-0.17833903,-0.083385855,-0.9393526,0.21442148,-0.2698178,-0.9771316,-0.31463572,0.23233308,-0.02548998,-1.4089936,0.28108892,-0.539917,0.09869934,-0.024987282,-0.0067101642,1.2478228,0.30933538,0.5878796,0.66142195,0.19226362,0.2824139,0.34365264,0.10734618,-0.32511106,-0.5346955,1.0132102,0.46696225,-0.104660235,0.28245464,-0.21995975,-0.5001281,-0.9604111,-0.4291814,0.15958045,-0.2887091,-0.8251179,-0.10795015,1.2971526,-0.16996947,-0.27681446,-0.34900942,-0.29343456,0.7346897,0.07117349,-0.3085994,0.8911692,1.4481409,0.39804003,0.054149978,-0.33462983,0.46949816,0.15048976,-1.2474649,0.33192644,0.11903341,0.18813632,-1.3896128,0.86097574,0.35166433,-0.50695884,1.9447589,0.8105586,0.21637143,0.7434997,-1.0671314,-0.4974023,-0.47144935,-1.3363098,0.46838537,-1.3070266,-0.2127359,-0.50742424,0.491715,-0.18497726,0.17887722,-1.2872885,0.52774286,0.11621631,-1.1032406,-0.25010043,0.18391685,1.1723462,-0.11331812,-0.9907154,-0.017018696,-0.60311395,0.71275413,0.50890124,0.27652568,0.4011166,-0.50960785,-1.1137285,-0.37041634,0.929963,-0.052721094,-0.011007175,-0.18645875,0.38421145,-1.1816096,0.45388725,-0.11689558,0.56318593,-0.010966693,0.18445143,0.37293172,0.57809234,-0.09050723,-0.12292536,0.30214998,0.16909619,-1.0809965,0.57632476,0.6349223,0.2896741,-0.42081818,-1.7015646,-1.964711,-0.35787952,0.7217224,-0.944593,0.5595421,1.730139,-0.5494507,0.44738838,0.31634894,-0.5743482,1.5254482,0.07009266,-0.054767776,0.9134415,0.044202406,1.5718797,0.53138214,-1.2342207,0.68453693,0.062615186,0.12432904,-0.3210126,1.2191217,-1.0755354,0.902233,-0.15169981,0.7351656,0.06728542,0.41920596
0.28707594,0.9170441,1.3289113,1.1206723,-0.35616243,-0.36960965,-0.62209815,-0.50489056,-1.311895,0.70384365,-0.16452631,-1.8473442,0.15200144,0.26069158,0.22350356,-0.0075810966,0.65817636,0.6380716,0.46938264,0.22712341,2.2845225,0.83632445,-0.3775561,-0.73865646,0.694441,1.2899572,1.5409548,-0.92478365,0.31286505,-1.3746238,0.44561246,0.760721,-0.13508753,0.07170977,-1.2455702,-0.2671193,-0.77769643,-0.4645761,-0.5286896,-0.09257895,-1.6427125,-0.09867563,0.02469492,-0.7173115,-0.13105054,-1.0017495,-0.14774793,0.6659572,0.15719016,0.5367823,-0.9553822,1.495097,1.9317937,1.1827673,0.73741984,-0.7134513,0.12185687,-1.570678,0.3100589,0.14664546,1.5500447,-0.6428013,0.45168942,0.6020051,-0.03841726,-0.61113167,-0.065538086,0.4907621,-0.029687155,-1.163783,-1.2858574,-0.846196,-0.87549496,0.6498481,0.3860361,1.1516122,0.8055312,-0.96900547,0.056946978,0.053502157,0.64341676,-0.20584334,0.2600628,-0.073455,-0.8423557,0.04686495,-1.5033604,-0.4152149,-1.9973043,0.69180137,0.17691351,-0.24069414,-0.526149,-0.087779835,-0.94388765,-0.37801102,0.32229185,0.11772149,-0.9816276,-0.11125675,0.28374687,-0.117679924,-0.91863745,-0.92162347,0.784774,-1.1433337,-0.26219624,-0.2930219,-0.42663127,0.09409075,-0.38351324,-0.09583102,1.1240786,-0.64199126,-0.15190575,-0.6118074,0.37328345,-0.0847969,-0.09036107,-0.7365362,-0.06074395,-1.1271474,-1.0233659,-1.6677372,1.659754,-0.5744666,-0.54555863,0.014372678,-0.4325001,-1.2982914,-0.47929564,-1.787161,-0.14693037,0.2750964,-0.6959196,0.20318228,0.10271147,0.19223048,0.28302705,-1.0868666,0.7440255,-0.08708283,-0.6000311,-0.3057752,0.23713,0.0028601948,0.08308807,0.094837494,-0.07315778,-0.050350204,-0.27127197,0.39418888,0.025446368,0.7280133,0.95371675,-0.7054317,-0.4229482,0.7380579,-0.05887779,0.52693236,-1.6111687,-1.355259,-1.0072491,-0.20131715,0.2519262,0.12265723,2.019331,-0.39319086,1.3414204,-0.87565184,1.1986285,0.3526026,0.4899647,0.87634647,0.6393067,1.3554615,0.9492919,0.7935962,-0.41741878,-0.0060744924,-0.13456099,-0.35945457,-0.14124076,-1.9228313,-1.0519403,0.24163713,-0.0737065,-0.14712982,0.19494218,-0.4295128,0.74041456,0.63864994,-1.4560984,1.1627328,-0.22561133,0.2875419,-0.16677214,0.29583648,0.32996172,-0.015646696,-0.0039573624,-0.113208346,0.2218453,1.1262951,0.3564992,0.51291424,-1.5471014,-0.5328304,-0.1472523,0.31610566,-1.1244975,0.6352452,-0.18383795,-0.58499914,1.5072591,1.1050886,0.029696576,-0.3717722,-0.11318372,0.109912425,0.0458532,-0.39762527,-1.0002359,0.34453523,0.6976891,-0.62468797,0.25738457,-0.66651016,0.60831547,-0.043532867,-0.4125757,0.6033989,0.115798585,-1.5040888,0.19034642,-0.5220298,-1.4116292,-0.8527104,-0.3081299,0.30904648,0.12147376,0.3417373,-0.2475344,0.12808116,-0.09688755,0.52577,0.040943194,0.17219295,1.3335893,0.34201685,0.75406665,0.0752966,0.2261877,-0.47926232,0.36248276,0.3946713,-0.09934838,1.4036583,0.5321613,-1.2926211
-0.97101027,0.42836273,0.4805433,-0.918464,0.0068070125,-0.9720657,0.1655016,-0.0765598,-0.65263796,-0.83302724,-0.8577596,-0.6312477,0.9725298,-0.61884785,-0.93703794,-0.2004309,1.2070485,-0.5432377,-0.22078952,0.8069142,0.21665914,1.202189,0.42959875,-0.16738835,-0.29720098,0.58328444,0.7179443,-0.41586658,-0.17403765,-0.42739415,0.15275529,0.026816286,-0.4348807,-1.2687876,0.19786088,-0.87161285,-1.7670085,-0.028967572,-0.6690639,0.17172799,1.2708961,-0.013281773,-0.3983884,-1.4476122,-0.5765751,-0.20743112,0.3233873,-1.0282918,-0.34196702,-0.15149288,0.3893551,0.44700664,0.70399463,0.32615054,0.4973948,-0.5885682,-1.8721683,-1.5608163,-0.29037303,0.44226912,0.018610712,0.29531825,-0.30696085,-0.31672403,0.7002747,2.2794228,1.3820126,0.0014063524,0.6505894,-0.7037967,-0.9958459,-0.4246754,-1.4177542,-0.22835122,0.67414254,0.31646624,1.2003685,0.56590456,-0.758462,-0.4201183,-0.40156677,-0.3765863,1.3090326,-0.04196509,-0.50666875,-0.8189282,-0.31917965,-0.94739926,-0.07450729,-0.95414054,0.30590108,0.04237512,-0.24251491,0.4577844,0.7721015,-0.09350313,0.28782678,0.34933746,-0.23282176,0.34949487,-0.16428971,0.24752939,0.151199,1.1657475,-1.302786,1.2624611,0.7164824,0.602909,-0.26934126,0.20880342,1.0644084,-0.11052426,-0.46256527,0.4609156,0.27571794,0.5240006,0.39904162,0.4999121,-0.60989463,0.40945393,-1.6812031,-0.05829772,1.0536358,0.048698053,-0.7568295,0.62551177,-0.5750847,-1.2374386,-0.82017124,0.3328854,0.6202835,-0.029787961,-0.82510746,-0.5677942,0.13792866,-0.36494586,-0.63792807,0.0097826375,0.94472176,-1.5770521,-1.2666596,-0.9509819,0.16134787,0.17995995,0.38328105,0.25793275,-0.37950945,-0.047663964,-0.75446075,0.9459413,-0.24293283,1.1155187,0.5878018,0.24646315,0.53691494,0.59500086,0.11729018,0.92341095,2.038465,-0.3618797,-1.6154052,1.792393,-0.33796492,0.07771753,-0.5540777,0.111569576,-1.0335306,-1.2215782,-1.3626311,-0.038653962,-0.88212043,-0.09607258,-0.020848105,-0.4746966,-1.5375776,0.5241686,-0.6025909,-0.49492592,-0.29017174,-0.8182953,0.11051716,0.5297657,-0.4488756,0.5309037,-0.47855228,-0.13211219,1.5771025,-0.7578929,0.840835,0.53678083,0.77308273,-0.17428912,0.17395328,-1.0640804,-0.09939337,-0.29102683,-0.5945276,0.51579744,-0.048240867,-0.5882215,0.99738187,-0.15149657,0.019901274,-0.28893715,0.40350723,-0.5075518,-0.037818108,-0.03307574,0.46913737,0.022956854,0.6582144,0.5230596,1.2371956,0.29874796,0.17928931,-0.35746548,-0.25639147,-0.3870788,0.37544355,-0.93830633,0.58888257,0.114512816,1.0771009,-1.1723464,-0.13482976,-0.25084853,0.08402381,0.25316724,-0.5046602,0.6367769,0.061958,-0.38530827,0.103395745,0.23654173,0.4969825,0.06906181,-0.2843492,-0.84397185,0.57573175,-1.1309453,0.9939467,-1.513703,-0.067965716,0.46226332,-1.101873,-0.3014577,0.8986195,2.596235,-0.0027460544,0.11631386,0.007173319,-0.26200807,-0.97056687,0.1855216,-1.3094736,1.1122428,-0.83094937,-0.80738205,-0.549963,0.3169944
1.1312016,0.46638402,0.04174442,0.12833513,0.4006499,0.60781235,0.7132903,-0.16518144,0.17685734,-0.43483934,1.5491943,1.3889828,0.70840037,0.2989065,0.2070895,-0.61555666,-0.99368703,-0.10836427,-0.073830515,-0.9706408,0.07988651,0.51699823,-1.8250533,0.7970333,0.23834369,-0.21506923,-1.7639287,0.33541116,0.42028567,-0.32390988,-0.09480706,1.9772848,-0.45173585,-0.13244073,0.92661756,0.51914126,0.59912926,-0.16919947,0.99070126,-0.7116757,-2.007146,-0.31651542,1.1958678,-0.9698044,1.2732644,-0.66031396,0.12932383,0.5124362,1.2685268,-0.7718621,-0.85149103,0.6976195,0.2642565,0.20212701,-0.32721505,-0.5769596,0.653502,-0.44074854,-1.1372182,1.4520396,1.1225251,0.56122255,-0.4447875,0.4103906,0.8046394,-0.97189605,1.5464735,0.18483773,0.41976857,2.2551785,1.2231425,-0.52976286,0.13475023,-0.6897106,-0.18486166,0.56044585,0.44192502,0.456965,0.68737304,0.67675006,-0.30539626,-0.83149105,-0.3265186,-1.4019989,-0.4209245,0.66938066,0.13459791,0.5650762,-0.7522007,0.23702633,0.6444934,-0.44001067,-1.2953355,-0.91703147,-0.13278037,-1.9798218,-0.5554738,0.24967343,0.1106334,0.5314733,-0.11978802,0.5054308,-0.5944986,-0.37279725,-0.098811425,-0.3796458,0.54975647,0.1625275,-0.08497824,-0.32862458,-0.6324833,0.019745814,0.8503601,-0.04241758,0.35397628,0.06627503,0.047569703,-0.7881901,0.06450538,-0.045101028,1.3150182,0.9215585,0.9694276,-0.7131778,0.14079113,-0.8274489,-1.1784729,-0.9205412,-0.32630092,-0.7288914,-0.18317387,-0.26682365,0.82851326,0.08004901,0.5459959,0.121552214,-0.7824736,-0.10900604,-1.1057537,0.14790677,-0.15516424,-0.8152592,0.798374,-0.33344772,0.1932313,-0.2906017,0.8703038,-0.113394305,0.057875335,-1.3558476,-0.67270684,0.13588497,-0.28807852,0.30479452,0.103305645,0.61366963,0.011732071,-0.70480335,0.029700305,-0.80189615,-1.227281,-0.20211324,-1.5755363,-0.7085321,-0.29925108,-0.44082972,0.17988667,-1.0266335,0.19056472,0.50408566,-0.34759083,0.4882896,-0.6327696,0.25164965,-0.8432467,-0.6597096,1.1571497,0.08461996,-0.8799488,-0.066551104,0.6691309,-0.3555505,-0.4084684,0.30854514,-0.16823031,-0.38644755,0.027598027,-0.19862816,0.57474,-0.5698406,-0.6842854,-1.1210225,-0.48511064,-1.5880591,0.40571445,-0.7956977,-0.20514287,-0.4802055,-0.12571144,-0.023978459,0.19084255,-0.27672136,0.096102074,0.84918344,-0.43403003,0.4421804,0.29396185,-0.49055147,1.0142522,-0.5723033,0.14490217,2.0698524,-0.01029117,1.3147261,0.24401146,0.036447577,-0.23206057,0.47726822,0.07876312,-0.9782803,-0.40472704,-0.5748977,0.8166618,0.1000027,-0.6314442,1.6583385,-0.5764768,-0.29973093,-0.06236604,-0.35753107,-0.70650816,0.74845165,-0.2934517,-0.34903142,-0.13168453,-0.13447003,1.1248999,0.27453923,0.3801322,0.42649037,1.9422215,0.20137604,0.19881731,-0.9109471,0.21451366,1.4082917,0.4180243,-1.0315124,1.9583879,0.34024987,1.5834308,0.2318006,-0.2685075,-0.06876824,-0.7037099,-1.2328836,1.2955521,-0.274541,-0.056612678,0.44058007
1.3902103,1.0961121,-0.46988633,-0.2959822,-0.9879266,-0.30841485,-0.62645835,0.2842935,-0.5206694,-0.023625853,0.5820844,0.1942158,-0.17578882,0.5277626,-0.18349068,0.63584816,-0.09333133,0.93132025,0.095300525,0.1750741,0.012318648,-0.5577823,-0.4667625,0.49822578,-0.5510321,0.1529376,0.60883707,-1.0496264,-0.38063496,-0.7494978,0.067969516,-0.30132607,0.42453328,-0.2784058,-0.4023979,-0.55281967,-0.1588527,1.2798767,1.0092207,0.17990841,-0.64045304,1.0591897,-0.2113431,-0.89577234,0.67870945,1.4499391,0.98769593,-0.20388578,1.0121412,-0.28070644,-0.25056323,-0.15408665,1.0310717,-0.82110816,1.1237065,-0.61103165,-1.2046801,0.7401848,0.35839647,0.11163009,-0.65910333,-0.4471192,0.7576227,0.32513526,0.76217186,-0.2597618,-0.45664543,-1.7268564,-0.46627116,-1.4767785,0.35194045,1.502733,0.48796675,0.77193016,-1.1723051,1.6463794,1.3073997,-0.8449696,-1.0165898,0.01915452,0.30797738,1.1134734,0.8359216,-0.20883903,0.0071217264,-0.08637849,-0.39181903,-0.9366886,1.1758775,-0.23153602,0.25031623,-0.73607874,0.3832057,-0.4342712,-0.2689714,-0.1343971,0.28999364,-0.96678495,-0.7501864,0.94705856,-0.095819935,-0.10259605,-0.56164706,-0.52073604,-0.3331211,-0.020180706,-0.9208477,-0.5096237,0.17548938,0.18582599,0.50935555,0.0008001593,-0.7148405,-0.517827,0.07825692,0.25724295,-0.23933315,0.38042948,0.2644643,0.24063669,-0.3108733,0.8922365,-0.44925562,1.2501348,-0.26814583,0.21794325,-0.25245294,1.0493685,0.22339326,0.69725144,0.29635063,-0.2228758,0.4432385,0.82249564,0.35277987,0.4644353,-0.012817853,-0.25087106,0.3809965,-0.12615871,-0.94230455,-0.4852624,-0.6152131,-0.38831973,0.94840586,-0.11664939,-1.1373284,0.31194726,1.4005046,-1.0464665,0.33867148,0.20128444,0.19231455,0.036512155,0.6803754,0.15256761,-0.38781315,0.5472587,0.058684193,-0.4580917,0.7788974,0.19759934,-0.42731926,-0.41166282,-0.010646004,-1.1824011,1.3801425,0.5275002,-0.45365134,-0.15238303,0.29417008,-0.16273667,1.4423064,-0.14692612,-0.016999992,-0.6616259,-0.5560718,0.12626958,0.11685834,0.88404137,-0.78449816,-0.70072514,-0.50640774,-0.7560139,1.7779868,0.32398474,0.35539657,0.48369822,-0.34313577,-0.12974867,0.28178063,0.9383935,0.85731614,0.425656,-0.42630395,1.3466114,1.1651601,0.046549503,0.85427153,0.760733,0.11151915,0.033708375,-0.38520265,1.4071864,-0.42742023,1.087168,0.6434149,-1.1716816,-0.4946011,0.26222804,-1.1076872,-0.07340497,1.188571,-0.3230674,0.9706889,-0.540476,-0.05535343,1.0478052,-0.09230578,-0.2640916,-1.1691335,-0.018218037,0.762051,-0.6816133,1.1193836,1.574191,-0.6830001,-0.39113274,0.2988058,0.6436144,0.4612119,0.3844493,0.25607568,0.24112234,-0.76114017,0.59442836,0.7753523,-0.6465684,-0.57309794,0.3148343,-0.12861481,0.30606332,0.105227865,-0.7545309,0.01689065,0.89104253,1.6116724,-1.2103089,1.7164702,-0.1564553,-0.5287677,1.5117819,1.3934257,-0.26719052,1.3088486,0.23319905,0.5920546,0.72739094,-0.45112643,-0.16166715
0.566229,0.55644286,0.82051975,1.7144632,0.4824397,0.4575293,0.09266436,-0.25290403,-0.5869434,0.828643,0.3529889,0.0954707,-0.3393781,-0.14531986,-0.8650811,-0.3756099,0.7433864,1.0892334,1.3537776,1.2164944,1.2244282,1.4795737,-1.3376848,0.009972506,0.13096687,-0.2196687,-0.44148898,0.43992227,0.3865263,0.6241209,-0.121303365,-0.11721721,-0.3192137,-0.4905878,-1.2590352,0.6131655,-0.05907833,-0.7181247,-0.0054159286,-0.58798903,0.37026966,0.1743531,0.22425994,0.27698418,1.0897055,0.44501466,-0.9698849,0.795228,0.24269728,-0.14152847,0.37228885,0.56419516,-0.49698064,0.89585054,0.697154,0.024770958,-0.97188395,-0.7073055,-0.94766283,1.3786535,0.8521515,-0.13580531,-0.19153412,-0.6279468,-0.20963679,-0.25401175,-0.25045875,-0.5355567,0.2562925,-0.024930274,-0.45808,0.37956774,0.0012227504,0.8405455,0.3389989,0.80350286,-0.0248986,0.2885508,-0.3609174,0.06764267,-0.43777317,-0.5900664,0.11712164,-0.8686934,-0.81629574,-0.28512484,-1.4689258,0.30594105,-0.643525,0.14151356,0.66852117,-0.600203,-0.73197967,-0.98475575,-1.0718688,-0.14184026,-0.17094707,0.47854948,0.6559768,0.3175667,-0.527922,-0.25219864,-0.07984183,-0.24930204,0.6149582,0.99648666,0.30380687,-0.6032295,-0.37573197,0.9726734,-0.032130476,0.048116352,-0.03235481,-0.60992,-0.08278358,-0.46083748,-0.027264388,0.031809926,0.65408164,0.0029813517,0.53149945,-0.27240914,0.6042592,0.8262988,-0.120257325,-0.32692382,-0.56641847,-0.7127003,0.5124439,0.35419723,-0.1208958,1.054322,0.22444299,0.83868116,-0.0904206,-0.28280777,-0.6612684,-0.13983457,-0.16121513,0.62907565,1.4064631,0.56621504,0.08822853,-0.113312565,0.23170212,-0.8983191,-1.3607925,0.42574945,0.42488974,0.040428907,1.0562477,-0.6526442,-0.7345699,0.12019469,0.29523224,0.1434277,-0.10209634,-0.5920395,-0.03314483,-0.8413665,-0.2639775,-1.0802962,-0.3299351,1.1312758,-0.48827517,-0.83763057,0.0131439995,0.4854464,-0.18612634,-1.1851916,0.08411688,-0.42229557,1.404271,0.45155457,-0.64951986,0.024245061,-0.00014345555,-0.297916,0.040987864,-0.07917068,0.4809006,-0.95101947,-0.025228042,-0.38127157,-1.283502,-0.048533894,-0.12203737,-0.044260345,0.3196912,0.7045413,-0.5956314,-0.6307505,0.9551949,-0.5230307,-0.9075918,-0.7371049,0.055303097,0.81589645,0.5709206,-0.39274743,-0.048260044,0.7502732,-0.80619335,-0.53162766,0.45149916,1.3972598,-0.62230176,-0.2624389,-0.92634004,0.9083958,-1.491853,0.06160278,-0.5257216,-0.8314421,-0.67207366,0.47832426,-0.77901286,0.5895046,0.1572513,0.13162534,0.19000922,0.46344614,0.23189007,0.40903196,0.06963728,0.09414501,0.6841948,0.19878422,0.9736156,0.09996142,0.93497294,-0.65818524,0.7497851,0.40818936,0.5085418,-0.25193378,-0.8295047,0.3210821,-1.1071205,0.11351411,0.9083492,0.2916936,-1.08893,0.5857107,-0.28460696,-0.17222229,1.9062217,-0.0019361331,-0.612702,1.4674838,-0.9936499,-0.006694643,-0.46588686,0.35543233,-0.37988555,1.0932465,0.30541164,0.080577746,0.33592486,-0.29877362
0.5928871,0.63675475,0.95552593,-0.11683556,-0.5545815,0.47461888,-0.29958117,-0.1370075,0.6638561,0.32037133,-0.71145254,-0.8989583,0.85055,-0.428841,0.037027046,-0.31184474,0.36444685,-0.38204762,-0.066681676,-0.61124843,-0.49508634,-0.3973166,1.0634041,0.8404532,-0.3393812,0.3365555,-0.90596145,-0.117226735,-0.034909613,0.7914272,0.20734195,-0.32532924,0.47891843,-0.72904015,0.8266223,0.20054656,-0.49454245,-0.8883044,0.0982508,-0.8332122,0.46145925,1.1561351,-0.10644713,0.1592876,-0.07995672,0.32334396,-0.6816875,0.43169713,0.027441444,0.69687396,0.8512473,-0.6529571,-0.18595307,0.4504789,0.43239415,0.47492266,1.3432752,0.49196094,0.91274196,0.76067877,-1.3798125,-0.48772335,0.111872576,0.44810867,-1.1573478,0.0457148,-0.09640967,-0.9601215,-0.4046283,2.049844,-0.16158247,-0.3431019,-0.4819069,-1.1201367,-1.4708027,0.63107944,0.30490887,-0.5802871,-0.11126531,0.8044171,0.46903306,-0.15434197,-0.75669426,-0.70417297,-0.5195966,0.8134737,-0.5452224,-0.6619689,0.49375096,-0.334167,-0.16082178,0.45054844,-0.153144,-1.1888568,-0.53505325,-0.75859594,0.011376398,-0.46869698,-0.6116582,-0.5301609,1.0896329,-1.0220731,0.62270993,0.025131341,-0.089148276,0.01228827,1.4358304,-0.5805208,-0.9987642,-1.2613591,-0.7887525,-0.09511283,0.9067288,-0.6263832,0.02615614,-0.0033425398,0.18930614,-0.26386338,0.8332378,-0.9389505,-0.14631638,-1.0287157,-0.2446974,-1.5243596,0.3385554,-0.16875459,-0.43666437,-0.123509705,-1.9755075,-1.1232823,-0.5913182,0.75952756,0.46795747,-0.51854384,1.0126265,0.022810444,-0.49006817,0.101846226,-1.0014986,1.1513525,0.6630774,-0.5436039,0.034722004,1.6078657,0.42218462,0.4315842,-1.0578043,0.84097,0.5570153,-0.06478768,-0.24332337,0.2724362,-0.4497784,-1.2902435,-0.38503796,0.031406157,-0.24030326,0.4776188,-0.46039632,-1.1374245,0.4763239,0.8135002,-0.70623356,0.06986213,1.9897372,-0.9170418,-0.6485125,-0.075934276,-0.5016932,0.78117406,0.58493954,1.1307412,-0.04615524,0.6166968,-1.1342334,-0.43555182,0.0012396312,-0.2680258,0.05423632,-0.10266172,0.8339544,-0.11228153,0.19814263,0.830805,-0.73639953,0.45687747,-0.40627274,0.0094033275,0.1284314,-0.42215702,-0.4643277,0.5732002,-1.0327438,-1.5699228,0.35300595,-1.2304763,0.74557376,-0.12520859,-0.81482637,0.7290745,1.5593727,0.41774353,-1.3257813,-0.99050295,0.44536698,-1.3515834,0.63789815,-0.4030606,0.356223,-0.7952031,0.18151747,1.0598075,0.62038404,0.4330931,-0.40773186,0.54298425,0.6757404,0.2615807,-0.48861077,0.46684453,0.27353022,0.016773306,-0.46581334,-0.518838,0.58820796,-0.051644426,0.14026798,-0.64100504,0.67410547,-0.42230123,-1.2249211,-0.87785155,-1.3039402,0.55343395,0.3728927,0.0781995,0.31633943,0.17055894,-0.7350261,0.51462543,0.08643117,0.8373376,-1.2925601,0.46369246,-1.17781,0.16918448,-0.7884744,-0.7282529,-0.39940006,-0.7085426,-0.33942956,-0.30824518,1.3182188,0.745945,0.27658853,-0.25205117,0.0011174345,0.36730254,0.90898657,0.059381574
-0.93631464,0.8647931,0.8584573,0.836609,-0.4232246,-0.7552428,-0.03494868,0.18123879,0.44705686,-1.5791507,0.7099396,-0.12787023,0.6065311,-0.6212041,0.6956382,0.84113073,1.7180724,1.7574792,0.9466317,1.9170353,1.7299033,2.009244,-0.56568384,-0.42140585,1.2920607,-1.1323986,0.5413983,-0.5801756,0.05928887,-0.21171856,-0.25406918,-0.27320313,0.13482672,-0.32238984,-0.61854804,0.6544599,-0.42464057,-1.4762342,-0.83844763,-0.7595096,-0.63223183,-0.10406509,1.1356398,-1.189073,0.42469335,-0.91117305,1.2382499,1.9580601,-0.025962273,0.21058264,0.011539831,1.1197096,0.27284685,1.045578,0.3695023,-0.20603816,-0.52631646,-0.27520874,-0.22270788,1.4886376,1.9743172,-1.7903237,0.41839108,-0.5163831,0.39161894,-0.44845238,-0.0332418,-0.5241977,0.8988119,-2.04497,0.7969029,0.37221113,-0.0692063,0.28684884,-1.4061472,-1.0689219,-1.4772044,-0.87856895,0.07384831,0.055083696,-0.28726366,0.048232023,-0.8294323,-0.55739164,-0.7971042,-0.013032726,-0.39966694,0.48101792,-1.6995323,0.3619125,-0.35930803,0.7636495,-0.6483878,0.5285784,-0.19573864,-0.83699864,-0.75372684,-0.9467207,-1.5829332,-0.3927597,-0.55607957,-0.64147586,0.0145458,1.0169095,0.20841353,-0.7666208,0.039444756,-0.75984114,-0.15807487,0.042630397,-0.14003861,0.4001742,0.19640951,-0.16025381,-0.11197345,-0.4072994,-0.6828916,1.177222,0.603423,-0.008622748,0.002306074,-0.11026729,-1.646918,-0.84050435,-0.72994125,-0.49312523,-1.7384397,-0.93029106,-0.0055416054,0.15539333,-0.16238768,0.4042218,-0.6656751,-0.456363,0.26658228,0.84144807,-0.02421424,-0.45445937,1.6998655,-0.0260065,0.9006735,0.03816499,0.47068965,-0.9224429,0.017560001,0.4081608,0.107902266,-0.1713829,-0.0048068063,0.72062385,-0.9833591,-0.65013176,1.0474725,-0.3476682,-0.3937837,-0.1475228,0.93992317,0.7134426,0.30124414,-0.42338693,-0.73403347,-0.10827459,0.667309,-0.06609221,-0.04039192,-0.9326747,-0.6218394,-0.9663164,-0.09153784,-1.0484056,-0.31685808,1.6919944,-0.05911092,-0.69957197,-1.5913385,0.8313728,-0.9318896,0.85137534,1.1750773,0.36331984,0.14737509,-0.45769593,0.7224479,0.83811367,-0.28425142,0.18363386,-0.40945876,0.23066732,-0.27016738,0.63062835,-0.5890699,0.7820188,-1.0000222,0.33506265,0.01496449,0.6235979,0.337529,-0.13158189,0.78238505,0.24314554,0.2238733,-0.17831393,-1.6438133,0.01624894,0.19061589,-0.30175677,-0.33166,0.7269537,0.27343252,0.3388597,0.77103156,-0.02379029,-0.2284842,-0.20411679,-1.4128373,-0.049117148,0.5568622,-0.3368681,0.7633832,-0.63308233,0.1772336,-0.63149816,-0.03359139,0.041566916,-0.5728576,-0.01344352,1.6325067,-0.65959525,-0.9026811,-1.4006342,0.5113186,0.9559103,0.15344334,-0.39777026,0.268282,-0.85809505,0.77468497,-0.14632662,-0.13020596,0.031365223,0.16826896,0.44085473,-0.17340171,-0.014779123,0.7053055,0.3726998,-1.3780234,-0.50973284,0.14372931,-0.26149687,0.75587314,0.2570239,-0.16504386,-0.5364236,-0.22471337,0.91756225,0.8844237,1.294412,0.20404662,0.5228392
0.46878943,0.49431333,1.1251029,0.09912307,0.028837403,-0.76720583,0.028581083,-0.48951796,-0.5562788,0.005651155,-0.42396826,0.4144822,0.17101976,-0.1285206,-0.058036752,-0.839691,0.730254,-1.2055795,1.1405414,-0.33325446,1.2793725,-0.27467737,-0.41416308,-0.60045815,0.5709656,-0.26708344,-0.17672993,1.0647725,0.8841528,-0.39092317,-0.7883851,-0.9912636,-1.0235862,-0.40606824,0.08785895,-0.6000895,-0.005616097,1.1532873,0.29743537,-1.1109065,-0.8211038,-0.28690335,0.24010459,0.005296748,0.06695075,0.2348011,-0.81183696,-0.4566546,-1.5048288,-0.18950151,1.3379949,0.12515356,-0.3979321,-0.45360997,0.24878627,-0.22773701,1.1260896,-0.6067417,-1.1539692,-0.28073907,-0.41658136,-0.5251927,-1.0153569,-0.950445,0.3494657,0.9298607,-1.3454708,-0.87695867,0.4329151,0.0156069985,0.5900869,-1.2318726,0.9029694,1.6044403,1.0592757,1.154965,0.7706085,0.37804744,0.8095241,0.7207353,1.429031,0.9257293,0.14162435,0.19633663,0.7620618,-0.55303955,-0.10772673,0.3309966,1.265491,-0.27630574,0.26838538,-1.0768517,0.060480963,-0.24279968,-0.102807984,-0.42153916,0.4236276,-0.5603319,0.991443,0.9432638,-0.3120685,-0.42732188,0.14289868,-0.9298585,-0.30962548,-1.0350018,-0.49431637,1.0892217,-0.22052006,0.68538535,0.15653107,-0.040825535,0.057472207,-0.33069456,0.215106,-0.62676567,0.22036074,-0.39382508,1.273259,-1.3721075,0.8518431,-0.13761273,0.72052705,1.092294,-0.06969147,0.65783125,-1.3862463,0.8594555,-0.06907778,0.42944545,-1.5503097,-0.16295733,0.84108984,0.2105087,-0.037328463,-0.077849075,0.24585,-0.24156623,0.46121493,0.6283014,-0.95733094,-0.6860627,0.027957022,-0.0535154,-0.50786734,0.2412667,-0.13605341,-0.10737705,0.20449692,-0.86185586,-0.20139527,-0.33697915,0.5110939,-0.023433289,-0.3892148,1.4607276,0.319176,-0.49710062,-0.19818448,-0.30062166,-0.007051011,-0.35684213,0.92991763,0.39166865,0.41122988,0.41898316,-0.47464508,-0.4758684,-0.61995345,-0.35251316,-0.2502044,-0.7785273,-0.76084036,-1.1996073,1.524042,0.13971281,1.3325692,0.78117067,1.2873168,-0.4677856,0.4976107,-0.10480291,-0.2912594,-0.74821925,0.5717553,-0.04630015,0.49611744,-0.18990193,-0.08685476,0.6199578,0.22843374,1.0019858,0.170887,0.84456223,-0.9143934,-0.03276585,0.17311724,-1.2630129,-1.7868999,-0.94072217,-0.22409408,-0.39250687,-0.9194273,-1.3168846,1.1670915,-0.00024905882,0.6253884,0.00043766227,0.92263645,0.03651423,-0.454105,1.087274,0.8320979,0.16584873,1.157564,-0.84051305,-0.23316692,-0.7783443,-0.82646555,0.32052213,0.5570843,-1.1856959,0.79474854,0.057968594,0.36346915,-1.1684489,0.9511508,0.55945814,0.43533817,0.7758966,0.53421426,-0.95232064,0.4132831,1.3821924,0.09655005,0.029548654,0.7976499,-1.9035211,0.30938768,-0.2569055,-0.26622376,0.8531073,0.7378552,0.17251737,0.6379751,-1.0692992,-0.5968099,0.74531627,-0.81341964,0.2808402,-0.17429978,0.28229484,0.31413388,1.2958624,0.40530652,-0.50769585,-0.712461,0.981625,1.02559,-0.5514993
0.005095903,0.7045853,1.386489,0.516195,-0.068681404,-0.97856236,-0.70926845,0.28688508,0.6277795,0.27922246,0.41783795,-0.3445167,0.77343684,0.33795887,0.22170272,-0.67954713,0.61956996,-0.50624603,1.1518505,-0.33524188,1.2619245,-0.3476878,-0.4169664,-0.344802,0.115766995,0.39494684,-0.0035505851,0.8082339,0.42453745,-0.2038243,-0.96527505,0.029431289,-1.6337383,-0.16078247,0.97174084,-0.63189197,1.2105796,-0.5732653,-0.56254727,0.37696287,0.02775591,0.6133577,0.4608357,0.5729523,0.49261308,-0.0032974156,0.15600191,0.46074012,-0.42087454,-0.3372951,0.302381,0.7592312,0.6247687,-0.028584845,-0.66831243,-0.8637667,0.31924504,0.16766359,-0.24456398,1.7741531,0.30667725,-0.646364,-0.48736075,0.1577566,0.19103207,0.4488592,-0.4961405,0.008434792,-0.60414386,1.217769,-0.35904557,-0.37647736,0.4303853,-0.22287454,-0.40979332,-0.82286054,0.7743309,-0.5216941,-0.15472062,0.9180785,0.08728742,0.2172886,-0.20791441,-1.2892122,-0.7969402,0.33614814,0.19441222,0.6060149,0.43362597,-0.042767737,-0.07443451,-1.2348663,0.66097635,-0.17951941,0.17493346,0.27951774,0.32406256,-0.9742806,-0.26606828,-0.0921362,-0.6111814,-0.4034173,1.4107342,-0.635145,-0.4541442,-0.7610045,-1.6484641,0.46698192,0.14591335,-0.5026061,0.29510662,-0.29425055,0.22051471,-0.69227225,0.50556934,-0.30402017,-1.0779777,0.31675452,0.68225074,0.24117838,1.0283349,0.93481725,-0.7228444,-0.34618756,-0.105432086,0.5430494,-0.63803756,-0.07315392,0.12738892,-0.20506832,0.19859022,-0.5088973,-0.78933156,-0.71849847,0.55181515,-0.83176804,-0.2539298,0.5726077,-0.6354554,-0.099942245,-0.38963705,-0.870033,-0.31789035,0.4690473,-0.32661644,-0.6662942,-0.023957394,-1.0155556,-1.0801357,-0.35855743,-0.30327672,-0.49069366,0.44948918,0.41376004,-1.126881,1.4799296,-0.95358425,-1.1056372,-1.1331325,0.21056335,-0.14195152,1.0594434,1.0024282,-0.030123897,-0.10460479,0.5177978,-0.40203884,0.22337799,-0.56059635,0.42277595,0.099479616,0.7352736,0.35795406,0.49167547,-1.1788292,-0.96678704,-0.1434107,0.3574111,-0.30288342,0.108674645,0.21294132,0.99894637,0.46492383,0.6565492,0.43929783,0.31628582,0.33804235,0.7096184,-0.32473502,0.42526093,0.18020953,-0.14701457,0.22482947,-0.31899077,-0.8056956,0.62168735,0.26908037,0.008093488,-0.7572295,-0.3143844,0.27514014,-0.24346687,0.24905299,-0.09370015,0.50144005,0.014166948,-0.22829758,0.28770757,0.04647299,-0.2375674,0.9392601,0.19689052,0.11269763,-0.48043296,-0.92873394,-0.21685119,-0.21206973,0.073121004,0.40138012,-0.77836347,0.7912565,-0.5417626,-1.1546837,-0.1440124,0.26551586,-0.5975085,-0.2744769,0.79732126,0.19407068,0.41026676,0.32479158,-0.1617752,0.7147093,-1.4447271,1.1112778,0.5852913,-0.41196325,0.2903557,-0.39546853,1.0455455,-0.5324373,0.7966165,0.28362256,0.013817326,-0.55387366,-1.2305151,0.7768679,1.2670087,-0.6367881,-0.1145027,-0.03161007,-0.18522146,-0.08686272,-0.31998542,-0.3385803,-0.10946779,-0.46503264,-0.39800465,0.48072422,-0.8131793
0.76196444,0.13655901,-0.16140074,0.5790438,-1.1033328,-0.5942115,-0.50352085,-0.4941677,-0.9440785,-0.7400565,0.31419262,-0.43680868,-0.14026366,-0.23191288,0.14944561,0.28595653,0.20596398,0.042720973,0.59516853,-0.40758094,0.80502224,0.6894183,0.1339962,0.45876807,-0.48090452,-0.55383664,-0.45995533,-1.100147,-1.2379626,-1.1527748,-0.27399904,0.19990633,-0.9501841,0.52495736,1.4056749,-0.025804995,0.25540406,-0.38331953,0.15318817,0.5489987,1.1994268,-0.30344492,-0.78370816,0.25049874,0.49977255,-0.16693687,-0.56653416,-0.5372142,0.61358327,-0.5350782,0.3760896,0.7347439,0.16642903,-0.23804712,-0.6118784,0.2880702,0.0673056,-0.5661668,-0.19660655,-0.5698581,-0.6315448,-0.3153482,0.20507741,0.57343537,0.2209133,0.20568605,0.3111069,0.18976015,0.73911244,-0.21823068,0.01727135,-0.19334942,-0.24255885,0.14666262,1.3915743,-0.11417872,0.5168044,-0.4527759,0.46321657,-0.49518707,-0.6406382,-0.029743273,0.95866144,-0.33943737,-0.38718376,-0.039908487,-0.8714905,-0.8291041,0.5157611,0.2416243,-0.203475,-0.14917693,-1.3135356,-0.023109024,-1.5257064,-0.9781817,-0.24248254,1.0691855,0.292147,1.0420693,-0.56129324,-0.2590356,0.13627057,-0.115120575,-0.46522298,1.3399583,1.0713705,0.18685776,-0.1427007,-0.8583156,-0.3638244,0.24811992,-2.6209397,0.17190175,-0.76962006,-1.0374092,0.1238571,0.9687412,-0.22187705,0.55538,1.6014502,-0.7024655,-0.20336598,0.79031557,-0.21334432,0.32531,1.6852186,-0.24097794,-0.20198672,-0.3006939,-0.34766746,0.6966189,0.11775368,-0.62138903,-0.12226257,0.42495137,0.96041065,-0.09289207,0.22252476,-0.46123213,0.15814109,-0.17846508,0.72284573,0.36364597,0.59122336,-0.13447607,-1.0447038,0.07208897,1.5559113,-1.6330916,-1.2947752,-0.56452143,-0.0036149344,0.0392034,0.38149104,0.4662566,-0.037981097,-0.117062,-1.3879541,-0.7796074,-0.9897402,-0.4210024,0.27949792,-0.07064481,-1.0171957,1.3226144,-1.1172112,0.8823061,-0.716677,-1.0694298,1.0747728,-1.4215167,1.0537128,0.0023326953,-0.5663104,-0.15513964,0.13672507,0.85973114,-0.41467315,0.2579974,-0.15925412,-1.2029912,1.2162322,-0.4948267,-1.1030066,0.610338,0.25118315,-0.16969328,0.19181354,0.087965615,-0.13147308,0.9765934,-1.2758689,-0.24750932,0.57168996,0.9753069,0.48840004,0.7178311,-0.16780034,-0.17454755,0.27086604,0.308081,1.2938677,-0.15326262,0.49351755,0.21707511,-0.5763003,-1.2143077,-0.29925245,0.27923384,-1.1860428,-0.08694457,-0.41148683,0.8194313,0.16863528,0.8506474,-0.58255684,-1.045587,0.3459818,-1.0657659,-0.3219132,0.78392893,0.189741,0.110412896,0.12105893,0.22086555,0.41748384,-0.9223347,-0.50172466,-0.1466883,0.58973575,1.2020156,0.75916976,-1.2905483,0.24365115,-0.99267846,-0.51710725,0.67231345,0.14556193,0.31114814,0.45234475,-0.0659446,-1.0075103,-0.9035482,0.19483982,0.38419068,0.8027538,-0.8389854,1.5574887,-0.1380404,0.038727947,-0.3243222,1.2679578,-0.14632788,-0.6617154,-1.004857,1.0151097,0.27590224,0.4193784,-0.9708439
0.53420883,0.63923955,-0.5540333,1.1998063,-0.043865822,-0.7775187,-0.4805549,-0.081953496,0.08706533,-0.028607318,0.08285752,0.38101202,1.1594672,-0.87903345,-0.3421872,-0.2830167,0.5257515,0.6241979,0.09898978,0.8342843,0.90674293,0.4808619,-0.59515077,-0.1723986,-0.15534897,0.79006773,-0.56421447,1.306347,0.6985017,0.21548334,-0.039508317,-0.16535032,0.5791698,0.31796455,-0.8173019,1.0062475,1.10323,0.36556828,-0.81083655,0.30277237,0.10454833,-0.0012479001,0.727923,0.397544,0.78915215,0.15862195,0.008963873,-0.16723654,0.26133204,0.5698068,-0.13648492,-0.2134985,-0.86372966,-0.84274167,-0.035207503,-0.5124032,0.40190956,-1.5318182,-0.26656377,-1.1396809,0.031225514,0.40422228,-0.76452684,-0.49906236,0.08261237,-1.089475,0.6143868,0.30299202,-0.39451838,0.98819286,0.78303933,0.22689708,0.26060915,0.25760642,0.4008768,-0.18386666,0.31097618,-1.0657817,-0.21942472,0.091840275,0.04835618,-0.011373228,-0.52544785,0.20268004,-0.64241487,0.71878034,-1.4354581,0.40562326,-0.35320315,0.68729985,0.54219824,-0.50113,0.84593904,-0.79652435,-0.3295929,0.64804083,-0.9233766,0.43588296,0.27206048,1.3901744,0.63017756,-0.4238991,1.1809858,0.37634018,0.09590663,0.69689363,1.7688373,0.31176814,-0.6089616,1.2529968,-0.7681634,-0.46345767,-0.019173345,1.3832065,0.3007457,0.30401778,-0.66926116,0.19465244,-0.8453075,1.2650353,0.78758806,0.7166687,1.3489999,0.19530536,-1.0240831,0.07244293,-0.057867676,0.47448745,2.3432598,-0.3942576,0.661897,-0.6105331,-0.03909435,0.3245831,-0.4904497,-0.18091217,-0.09925767,-1.3321179,0.29819572,-0.89100444,1.1949574,0.67685604,-0.2147257,-0.1683637,-1.7137047,-0.030826079,-0.67083424,-0.42197487,0.23261742,-1.5760459,-1.7062807,-0.48004755,0.29577225,-1.1499802,-1.0377327,-0.5503793,-0.6346501,0.7104903,-0.17937914,0.56785667,1.3567656,0.7233837,-0.21440986,-0.15369998,-1.0905675,-0.88868296,0.6616129,-0.5334376,0.27140966,-0.37437344,0.21145503,-0.72398686,-0.14601037,0.31550547,-0.27036566,0.1342534,0.3815139,0.68450487,1.0717678,0.6706774,1.7378418,-1.6317484,-1.1703689,0.41609618,0.3486078,-0.19677341,-0.7121971,-0.10284989,0.32006192,-0.6785876,0.6882507,1.2699276,0.50653696,0.8818292,0.23215955,0.17927635,-0.07948596,-0.8124913,0.7842746,1.1785583,0.1287978,-0.88557297,0.45600972,2.0177577,-0.79118377,0.74642056,-0.87606424,-0.9044153,-0.30054814,0.43438205,0.108491346,-1.7276964,-1.0898511,0.14964928,-0.9684643,-0.13979119,0.49834618,0.118036576,0.24831846,-0.12406021,0.3777282,0.6297738,-1.6195827,-0.9396652,-0.2380147,-0.9414459,0.21324328,0.01417807,0.54440594,0.18549171,-0.11688167,-1.2006278,-0.7116564,-0.2295397,-0.642733,-1.7430338,-1.0559038,0.31244755,-1.18226,0.5687385,0.40814233,-0.7743968,0.5698369,-0.17122416,0.5308212,-0.009802066,-0.13018493,1.101772,-0.3107089,-0.45972583,1.3664037,-0.51425683,-0.31600618,0.31987217,-0.45034906,-0.4864192,-0.91114867,0.34144098,0.84762204,-0.67241675
