-0.11054209,0.07825442,0.74592227,-0.30535674,0.19050093,0.1335728,-0.60980576,-0.7907757,0.053457465,0.7838016,-0.14165638,-0.16211753,0.069829956,-0.2600326,-0.4529487,-0.119358495,-0.96836215,0.06008723,-0.1728509,0.55830324,-1.5660484,0.5009374,0.2695164,-0.22427765,0.42509165,-0.02832751,-0.1800335,0.5821383,-0.57089794,-0.06599436,0.9588956,-0.31803972,-2.1622572,-1.6951326,0.9216564,0.075033,0.31780186,0.24450426,-0.46564686,-0.29108468,0.25211236,1.062767,0.44278046,-0.023783958,-0.3233691,0.7186889,0.084001355,0.6985135,0.36409605,-0.665711,1.2454002,-0.8008371,-0.42946732,0.70997584,0.7567468,0.44068432,0.07705094,0.021881696,0.007243221,-0.0060903453,0.027142545,0.21725287,0.61174667,-0.44617194,0.5665413,-0.3139893,0.23926046,0.12247636,-0.22063915,2.2407312,-0.28058395,0.3206611,-0.49802777,-0.23971134,-0.12328501,-0.9508593,-0.3718475,1.0296216,-0.3110171,-1.713039,1.2687198,-0.008642009,0.1342244,-0.4617171,-0.36263692,-0.75800776,0.52986383,0.2223772,0.40797266,-1.7377253,-0.20537505,0.6048611,0.93104446,0.015339405,0.12921566,-1.7436821,-0.2258024,0.86869735,-0.88854206,-0.4211566,-1.3324639,-0.28592485,-0.6801495,-1.5106316,-0.9697582,-0.5988395,0.16887678,-1.2293006,-0.12794259,0.5516817,0.6585734,0.18104528,0.37058347,-0.36387974,-0.6150386,0.012182823,-0.16819926,1.2401091,0.35977036,2.0604794,0.23813981,1.4483078,0.5841126,-0.3294116,-0.347479,0.52695686,-0.06444062,0.75976264,0.5498675,-0.34265223,0.18232308,-0.48420227,0.84557974,0.4605741,-0.17796867,0.9902427,0.32612953,1.2982044,0.17740135,0.22723018,-0.12335529,-0.3303274,-0.6646273,-0.20714076,1.9415685,0.455494,0.9173869,-0.34341264,0.017901812,-0.36977503,0.2730113,0.3003821,0.10206742,0.022480138,-0.48808444,-0.46294475,-0.46599185,0.40923068,0.28523195,-0.55965716,-0.4987749,0.70971733,-0.5856249,-0.84622234,-0.4334674,0.25723183,0.29016134,-0.5005223,0.3283737,0.59680414,-0.8064547,1.0910771,0.4253909,0.14860803,0.7893266,-0.70134765,0.47228295,-0.69125295,0.32406992,-0.41580117,-0.7946907,0.75058335,0.49084374,-0.42441902,0.12634256,0.29019618,0.040753666,-1.0835689,-0.36454058,-0.60017914,0.19174746,0.74281853,-0.21037468,1.0061071,1.1415193,-0.6156665,0.0043886574,-0.13481,2.551313,2.1467094,-0.37472972,-0.038311694,-0.12837788,-0.9591016,-0.572439,-0.5081716,-0.5496998,0.07478732,0.65183747,-0.48306578,0.0072726104,0.08585337,1.4916934,-0.7158887,0.7959705,-0.48058903,-1.4661287,0.18678872,0.077104524,-0.71757495,1.2063687,0.26227275,1.1093938,-0.32719558,0.17889975,-0.16907182,0.65430325,-0.95833105,-0.118506454,-0.26292792,-0.31474888,0.30162397,0.6931453,1.8721446,-0.21497747,0.0136651425,-0.086352,0.0130591225,0.16673069,0.9002622,0.27229485,0.64104253,1.48667,1.0373268,-0.52059144,-0.12914945,-0.01964311,0.26068136,-0.8328635,0.14478838,-0.709322,0.5040346,1.1016408,0.7206684,-0.44477394,0.2545314,0.6752008,-0.7454082,-0.107454985,0.33097032
-0.45822218,-0.60715365,-0.3773574,0.07079209,0.049068637,-0.3357468,-0.40770686,-0.08859879,-1.1921326,1.1819327,1.2956831,1.5212922,-0.6960077,-0.51235366,0.81375915,-1.086716,-0.7610208,1.0321863,-0.908369,-0.4965972,-0.39257166,0.032317054,-0.27877563,0.46086207,0.24548626,0.98837143,0.5799377,0.022466054,1.1140736,0.34547293,0.14984803,0.30744037,-0.25761965,-0.3973498,0.10636656,0.4581904,0.3980759,0.32673478,-0.7899255,0.08737887,-0.22932965,0.39714554,-0.11618778,-0.21739948,0.17334014,0.14526834,-0.7704584,-0.79814416,0.49348247,-0.5385502,0.560278,-0.7367958,0.35467345,0.70627075,0.65853125,-1.5582922,1.504111,-1.0906833,-1.0403082,-0.586308,-0.6636236,-0.92127866,0.16822425,1.1420217,-0.6383153,0.034996778,1.6968856,-0.0051354566,-0.26027274,0.59942204,0.13621363,0.19948648,-0.22864933,0.106887475,-1.111939,-0.8904563,0.28806394,0.3156584,0.3447139,0.6878926,0.6791976,-0.5191013,-0.2943593,-0.9614354,-0.15736037,-1.0489393,-0.28388327,0.045566857,-0.024361322,-0.9274761,-0.123672314,-0.7202621,-0.58962613,0.4370736,0.3536787,0.9827925,0.18326364,-0.3295089,0.09064413,-0.16974299,-0.74345374,0.7592038,-0.34936795,-0.2173828,-0.090540394,1.0995452,-0.12974162,0.4104928,0.6908757,-0.36328912,-0.3240579,1.3956802,0.16713384,-0.58975977,0.27340528,-0.17415614,-1.3686624,-0.032327794,-0.38750982,-1.3240632,1.9801326,0.6351369,-0.7799566,-1.4771616,0.56159526,-0.5503553,0.62420416,-0.6268861,-0.28597847,-0.2292717,1.556402,-0.27814606,1.0113301,-0.013934878,-0.4854926,-0.8810275,-1.2960377,0.3788369,-0.83075434,-0.8339644,0.18258743,-2.1535285,-0.67636853,1.1703705,0.5973517,0.13736875,1.5471292,0.6732872,-0.93330413,0.4688248,-1.6512462,-1.408596,-0.047543626,0.8790324,-1.2275665,-0.4904819,-0.024827678,0.2872473,0.5049381,1.3040607,0.340841,-1.0511614,0.7248044,0.14858413,-0.10495256,-1.221942,-0.4886978,0.14587086,-0.1738715,1.0480098,0.10073128,-1.0822552,-0.04293956,0.9503119,0.049858496,-0.8807943,0.027808214,-0.16981608,1.2241282,0.48912442,-0.38714,-1.3090929,-0.16741736,1.9804102,-0.28678173,-0.48284775,2.205424,0.31229603,0.7966056,-1.4498314,-0.7415394,-0.23298053,1.8253713,0.8245343,0.35286832,0.10014059,-0.39766294,-0.23515724,-0.97224194,0.18201624,0.44892675,-0.7898165,0.21431156,0.12572253,1.23935,-0.7827291,0.75252503,-0.07605233,0.67149264,0.0074411966,0.57332367,-1.1391871,0.03875917,0.6105647,-0.61210096,-0.49384835,0.19718488,1.2518893,-1.439864,-0.10161119,0.46521842,-0.5435823,-0.37838793,0.7512519,-0.03344986,-0.8265761,-0.47028452,-1.6335789,-1.8782688,0.05022406,-0.47757894,-0.8782914,1.2645975,0.160729,-0.4377515,-0.39386883,0.6319766,-0.5433429,-0.8975939,-0.98145133,1.2933667,0.67961746,0.9641796,-0.6778609,1.9304755,-0.76753813,2.0130868,1.1272532,0.5693271,-0.6670514,-1.297088,0.3145422,-0.4931807,-0.74111086,-0.2314491,1.440783,-0.23477276,1.2998713,1.1693578,0.8299408
-0.12505099,-0.38632798,-1.210547,-0.38300896,-0.55236995,-1.081099,-0.07468628,0.11871603,-0.8093572,-0.5142447,1.1702037,-0.32970178,-0.6090091,-0.07954151,0.023494795,-0.12581915,0.8362408,-0.2000922,-0.38982868,-0.9246574,-0.13609219,0.03992189,0.53104484,0.18296435,0.7704991,-0.92804337,-0.54969996,0.9870202,0.0423134,-0.56452364,-0.96510464,-0.10739958,0.26754606,0.03205854,-0.5139404,-0.3587406,0.24541591,-0.12590773,0.2140947,0.30625314,0.7636024,0.7466543,-0.3061408,-0.26424763,-0.42765933,0.8973122,0.35971847,-0.64635444,-0.6848024,-0.9420804,0.24053977,0.36641553,0.58456653,-0.48564497,0.4579687,-1.0107641,-0.2978433,-0.17603894,-0.5756837,-0.43517742,0.23572315,-0.16307713,-0.45047483,0.3968584,0.2653973,-0.2956497,0.90838844,-0.18647249,0.31656563,0.21331032,2.8023534,-0.22684981,0.30665737,1.2063982,-0.0048791543,-0.37822843,-0.6837848,-0.6837388,-0.3567916,0.045572344,0.79240364,0.028225722,-0.36152202,1.0079224,1.2498406,-0.07919425,0.0078712525,-0.29663584,-0.5300394,-0.066565365,-0.76796293,0.54485196,-0.053748295,1.0819341,0.5628038,-0.55336404,-0.5986724,-1.598093,0.18831004,-0.66133326,0.15426573,0.48434678,-0.40820867,-0.059251532,0.23524931,-1.4124534,0.43543935,-0.06111085,0.72387004,-0.44827676,-0.46301508,-0.2631579,-0.6777465,0.018074458,-0.089467905,-0.8452965,-1.8653904,-1.0573863,-1.5688221,0.59280455,0.15015236,-0.08904991,-0.64946735,0.37908822,-0.61984324,1.2420822,0.09256982,0.16231205,-1.0852202,0.41449296,0.98672616,0.15359922,0.08190223,0.78923565,0.521006,-0.4168368,-0.8863305,-0.13136224,-0.047083303,-0.019334318,0.55599177,-0.17852652,-0.9237756,-0.8246553,0.025950868,-0.032126866,0.48613846,0.46975583,0.358093,0.5851382,0.34034753,-1.6959344,0.52700466,-0.17883535,0.09264083,0.014669747,-0.09282947,-0.15016733,-0.30406997,-0.13898817,0.6451374,0.13886291,0.68641907,0.187649,-1.4698721,-0.60844916,0.6177394,1.7646806,-0.013633885,0.39720756,-0.18254462,0.053405467,0.115027405,0.15334855,1.1837952,-0.71173954,-0.8180596,-0.6072788,-0.34141842,0.120443046,-0.54849094,-0.02181071,-0.1086847,0.90388805,-0.5657416,-0.14379044,-0.96372306,-0.10631362,0.53799605,-0.16909406,0.18163249,0.99899155,0.04846,0.918648,0.2648486,0.42764646,0.14243025,0.3938273,-0.71038395,-0.7731624,-0.26133373,0.25708276,0.1929264,0.13487133,0.43015146,0.016101217,0.34162286,-1.2190675,0.22823872,0.33564788,0.8649249,0.26855725,0.13179713,1.5989013,0.3330977,-0.13621981,0.25822306,-2.3768613,0.105108544,0.20419163,-0.85576004,0.7582345,0.14781632,-0.25098726,-0.76504505,0.76216733,-0.05179264,0.8866771,-0.29003194,-0.9384911,-0.2546658,0.46754864,0.5745866,-0.16436324,-0.2883669,-0.71049136,-0.19973849,0.5687878,-0.19695152,1.2958139,0.27315098,0.91807014,-1.5717165,-0.04034933,0.19731236,-0.9558496,0.2805777,-0.34116647,-1.334292,1.8424327,0.62308574,0.76034534,1.3800316,-0.08688058,0.3342172,-0.8682196,-0.17054017,-0.6447042,-0.6734553,-0.29839003
0.3677454,0.4528629,0.54630584,1.2373898,-0.6569557,0.24939568,-1.4876958,-0.3794721,-1.743508,0.104083985,0.14234419,1.3033645,0.27096152,0.09272717,-0.28900787,0.54312676,-0.06224068,-0.53317803,0.023396192,0.1837122,-0.39039463,0.3458939,-0.7199735,0.2597565,-0.1530785,0.12248444,0.27755052,0.085784465,0.22769333,-0.85209024,1.717536,-0.58473456,-0.39592633,1.0019376,-1.2265182,0.22544663,0.7620823,-1.6327766,0.62319934,0.13675512,0.02166789,-0.45484033,1.011663,0.07852039,0.17914999,-1.6856532,-0.7629065,0.8247134,0.39911196,-0.39461705,0.19673099,-1.3439096,-0.46490937,0.3073826,-1.0184803,0.4074484,-0.030802974,0.3718528,0.8218149,-0.22954273,0.6939037,0.66211236,-0.6715625,0.21529847,1.0161241,-0.93012774,0.81099933,0.24199899,-0.15948728,-0.961493,-1.3112833,-0.24941172,0.6305541,-0.24725436,-0.5689991,-0.26656723,0.4911267,0.9341106,1.5605617,0.12035257,1.0389651,-0.8795082,0.5943796,-0.8664252,0.054916944,0.47679275,1.9101177,0.251833,0.9771344,0.4281321,1.1326464,-0.2897483,-0.486503,0.30792376,-0.72744626,-0.09440326,1.428935,0.6653185,0.8760178,0.24624953,0.17738111,-0.12401846,1.7927006,0.59011555,0.56518775,0.551914,-0.067127965,0.22376344,-0.51394486,0.17605382,-0.22648712,0.025918026,-0.34144694,-0.49530894,-0.19929326,0.27480468,-0.8985726,-1.0735039,-0.91288847,-0.5498688,0.5929318,-0.049213577,-1.2492312,-0.027599879,0.44932806,-0.7336831,0.6791537,-0.14520857,-2.0735173,-0.69467324,0.09624983,-0.3068025,-0.3646005,0.48148948,0.5533218,0.3662442,0.93999624,-0.6366293,-0.78961414,-0.17700337,0.21817511,-0.2735379,0.19219118,0.2475359,-0.5490054,-1.0000408,-0.35640833,0.7234416,-0.16860774,1.0737911,0.3616626,-0.62485504,-0.47556213,0.44792694,-0.049560763,-0.75923455,0.33815593,-0.3337427,-1.2891556,0.30829728,0.07343094,-0.4715497,0.73968077,-0.0009775355,0.2722957,0.24548079,-0.5481164,0.05803089,-0.054355364,-0.58190143,1.1987103,-0.43619114,-0.035327226,-0.5612137,1.6529024,0.10609958,-1.2497507,0.8234518,-1.4318177,-0.12991714,0.18715636,1.3500019,-0.6293272,-0.8433481,0.76882505,1.7227685,0.37368572,0.6810306,-0.4574154,0.034457173,-0.13923635,-0.035245016,-0.8424569,0.9352798,-1.118254,-1.0862554,0.61519384,0.9739927,-0.24952132,-0.19083297,1.0876788,-0.068287306,0.73197913,-0.109559506,-0.44582805,-0.029469786,0.680572,-0.1760065,0.31580642,-1.6773611,1.1341623,-0.6954034,0.26903722,1.285911,0.018439183,-0.66161793,-0.023026126,0.33013266,0.38082528,1.376636,-0.9366543,1.2370441,0.21513464,-0.05370022,0.22758996,-0.4448207,-0.29586455,-0.6899703,0.99908614,0.035846252,1.3533131,-0.89570695,1.1221156,1.3519225,1.7102679,-1.3031269,-0.2684993,-0.5145387,0.27357483,0.5040621,-0.45779455,0.15399204,-0.49177918,0.84722084,-0.18546534,1.0545025,-1.0112782,-0.19140674,1.0969537,-0.6590161,-0.120607555,-0.09431552,-0.59901035,0.24278632,-1.4850329,-0.08425369,-0.2538937,-0.7310574,0.55479234,-0.12025658
0.9976664,-0.65897536,0.004028798,0.31024644,0.117019914,0.29829913,-1.2263668,-0.1098353,0.4223433,-1.4109324,-0.5564226,-0.7213344,0.42052191,0.64911973,-0.11761233,-0.93162316,-0.13160838,-0.5230242,-0.17171504,-0.1904398,-0.51366913,-0.7832349,-0.6452728,-0.21880288,-1.2126644,-1.0825291,-1.1283162,-1.037752,0.95121795,0.60077274,0.06638819,-0.19284792,-0.03230114,-0.9958421,-0.24579659,-0.47363585,0.70758486,0.2651407,0.21744269,0.053023763,0.46210924,-0.054283574,-0.1027709,0.1733329,-0.21660706,0.654308,-0.38979837,-0.2073105,-0.024617458,1.3394827,0.39209726,1.079487,-0.09741693,-0.605143,1.6101176,-0.90657985,1.7485827,0.49541,0.43419123,1.0095493,1.1243914,0.37182626,-0.32484376,-1.0396688,0.49860615,-0.22153541,0.19629647,0.7327699,-0.31074923,1.2932374,-0.8016139,0.45998958,-0.21135584,-0.01868701,-0.6711603,-0.47946686,-0.6683375,0.07160342,-0.30523282,0.26017076,0.84261346,-0.6739112,-0.3850317,-0.7152171,0.17232545,-0.28533247,0.8004174,0.71262616,-0.30660108,-0.14810312,-0.18326266,0.61883354,0.85397285,0.278655,0.049258776,0.11640447,0.7278188,0.02031533,-0.56833416,-1.1024485,0.10989724,-0.31273025,-1.486627,2.5902338,1.1874236,1.2569332,0.0057927375,0.86972564,-0.8836911,-0.7353681,0.022413442,0.5949521,-0.21338457,-0.57526046,-1.1006078,0.7026663,-0.8920793,-0.8941181,0.6177263,-0.72002584,0.045704216,0.086340785,-1.2994261,-0.64660305,-0.3969123,-0.0037982764,-0.9463907,0.37604043,-0.10217367,0.7779198,-1.0795401,-0.22777872,1.1636952,0.78115445,1.3891017,-0.0946005,0.16802898,0.20721304,-0.4999044,-0.6604777,-0.4373057,-0.2605962,1.1088529,0.56759393,0.8888388,1.4459798,0.88123864,-0.12964754,0.45788023,0.9397778,0.39209387,0.93461555,0.03539403,-0.4681178,-0.61577827,0.7983592,0.84511864,-0.12983571,0.19147478,-0.71035594,-0.8254458,-0.17558643,1.5546038,1.3693744,0.38393167,-0.28272265,0.85716593,0.28928724,-0.4996139,0.33170506,-0.16776069,0.67301846,1.3962003,0.42191255,-0.62174064,-0.36961618,0.2196269,-0.52977425,-0.47013095,-0.010600327,-0.40665603,0.8854951,-0.09765507,-0.18732327,0.55879325,-1.1222763,-0.44548696,1.0583047,1.0033463,0.92482567,0.1804217,-0.21840091,1.0490712,-0.625875,-0.23435521,0.3542816,0.4611482,0.3916502,-0.38957083,-0.8419165,0.29215372,-0.56349355,-1.4266131,-0.19336304,-0.17566925,0.20092836,-0.010633637,0.04664358,1.1190552,-0.85749465,0.3842326,0.409089,-0.20943035,-1.0257816,-1.4197547,0.59467024,-0.116509914,-0.9133158,-0.36906007,0.058022782,-0.4255978,0.03532103,-0.12251856,-0.69478893,0.8385254,-1.1719581,-0.023860577,0.21975231,0.15846741,0.83220804,0.23118582,0.53742576,-0.7070979,0.9005023,-1.1533607,0.8384986,1.4772362,0.5997712,-1.026969,0.28491074,-0.76148564,0.7543248,0.17734735,-0.42292312,-0.8627417,0.23318394,0.51307243,0.28438526,0.12836851,-0.2150495,-0.6665855,-0.5980413,0.051416326,-0.9444387,1.0074543,0.26854274,0.65237886,0.53573304,0.65770316,0.2235095
-0.055527944,0.2146308,-1.174534,-0.5642776,-0.39970693,1.3244985,-0.62188375,-1.4384713,0.70272934,-1.3157959,1.6546451,-0.88569003,-0.22329807,-0.74713767,0.40775064,0.23446532,-0.23095967,-1.1045563,-0.17116922,-0.75908184,0.262506,0.1785578,0.61134464,0.7193103,0.27325994,-1.002733,-0.079797655,-0.59632665,-0.92609715,0.3710411,1.1488215,-0.19952925,0.22381595,1.5492562,0.63973445,0.6245581,0.6934647,0.26284528,-0.100567676,1.7850313,0.6809656,0.082999595,-0.29404494,0.6292855,0.40794623,0.427095,-0.8263758,-0.6780363,0.3083066,1.1039549,0.034840513,0.28872824,0.4212333,-1.0808698,0.55571777,0.40279722,-0.98191786,1.8273866,-0.06262082,-0.7477867,-0.0012149403,-0.28846917,0.051308993,0.1576365,-0.34276643,-0.25610813,-0.6909193,0.786751,1.2792907,-1.007027,0.62985057,-0.96719056,0.22371791,-0.0832088,-0.012752764,0.00014038749,0.8810857,-0.69027895,-0.21358402,-0.31409818,-0.44668406,0.24651694,0.3772962,1.1200466,1.6792744,-0.41589043,0.06347183,0.32439074,-0.63054264,-0.36177894,1.3120983,0.07627953,-1.1159686,0.2741879,0.4531374,-0.25549155,1.3847506,-0.5192826,-0.3069712,0.25367725,-1.0669616,-0.3626797,0.008872059,-0.10504997,-0.8337824,-0.8093367,-0.7312831,0.20147227,0.2473397,0.88425964,-0.038037676,0.925343,0.37382388,0.53953946,0.7052081,-1.2710174,0.3661087,0.30581775,0.58407515,-0.3584735,0.95231766,0.026752803,-0.58502656,-0.30079982,0.31226552,0.10403269,-0.3604058,-0.87717414,-0.09540327,0.962796,0.19317655,0.75787383,1.1081792,-0.83946526,-0.5149989,-1.3521998,0.87742513,0.20649296,0.6444791,-0.2517628,0.3500044,0.24470106,0.98242545,-1.0603541,0.6103743,1.0959147,-0.042011697,0.37689003,-0.065536514,-0.086122155,-0.052219667,-1.1404533,0.124348626,-0.83331794,-0.22568752,-0.6252509,-0.28286383,-0.72895265,-1.1645992,0.8574123,0.80227673,0.29202908,0.96008176,0.045615494,-0.16281945,-1.1712829,1.1413199,-0.7130046,0.23209994,-0.100178465,0.16001026,-1.3861513,-0.5103016,-1.0701088,1.708843,-0.019862454,0.29268005,-0.2747274,-0.045023076,0.7148283,1.9705546,1.2696623,0.80842143,1.3682102,-1.1623048,-0.6385128,-1.2487639,-1.0672426,0.6260359,-0.3793663,0.069268614,0.21005401,0.040008795,0.8778429,-0.35730088,-0.83037966,-0.06475489,-0.36901248,0.35619482,-0.24017999,-0.66644907,0.7000714,0.379079,0.8571595,-2.2841337,-0.49861372,-0.9656975,0.5394079,0.13973811,-0.4728345,0.6957095,0.28684008,1.3979857,0.81608844,-1.3591757,-1.2524055,0.2757746,1.0224991,0.730391,0.52411455,-0.23808528,1.4909295,0.47929996,0.64549917,1.8956218,-0.104491845,0.27723575,0.55631673,-0.8999615,-0.5551314,0.66217446,0.064667195,0.70846075,-0.9507665,-1.2189333,0.4078899,-0.13386266,0.10267922,-0.0037066115,-0.035979997,0.7278357,-0.70151824,-0.09174478,1.1011171,0.50325674,0.50759095,-0.5621327,-0.50126535,1.0986518,-0.18402869,0.66470045,0.7775064,0.9673849,-0.17938745,-0.22406414,0.5827634,-1.2732288,0.11882343,-0.111408055,1.7259276
0.9162696,0.22847617,0.34009457,0.9499614,-0.0888906,0.26634082,-0.29155344,0.07710427,0.14270808,-0.59105414,-0.9908145,0.8289422,0.04954846,0.32271788,-0.894807,-0.9367841,-0.2533281,-0.8997579,0.26593906,-0.18606026,0.1496721,1.5277832,-0.0016397672,-0.39190006,0.60385996,1.3085907,-0.28910574,0.43094045,-0.0152772525,0.11549761,-0.8107318,-0.6361817,1.3610917,0.24207067,-0.5184549,0.016978646,-0.14085287,0.6339831,1.264544,0.6965308,0.012664576,1.2147356,-0.34158808,-0.6833883,0.9121405,-0.6131974,0.24765383,-0.09173389,0.5515537,0.37808135,-1.188249,0.213969,-0.19912672,-0.27085233,0.96394515,-0.32217652,-0.13916385,1.2067354,0.2684522,-0.64723855,-0.6827054,-1.1976099,-0.51009446,0.34621793,0.5655055,-0.4644699,1.3427695,0.20274746,0.6478335,0.7118048,-0.9967289,0.34342894,-0.36269504,-1.6194172,0.29046208,0.20407504,0.0011327144,0.8378232,-0.26245418,0.43607393,-0.31128103,-0.07124365,0.36264598,-1.255149,-0.24746157,1.2418141,-0.44680563,-0.7406151,0.8126723,-0.44827574,0.41524982,0.18750584,0.7323983,0.87426656,0.2091418,-0.7198201,-0.5196416,-0.35595468,-0.22128245,-0.8652153,-0.14343722,0.22665447,-0.29428548,1.1817566,-0.56810236,1.1110797,1.3476245,-1.2363441,-1.0662414,-0.42912662,-0.19252528,-0.22914247,-0.8134422,-0.94533265,-0.42178413,-0.9978561,0.11425795,-0.2749173,1.0060526,0.031443827,-0.68537545,0.3280748,-0.93222827,-0.76952016,-0.28023145,-0.2170894,-0.5274083,-1.1515999,-0.36167267,0.29841286,0.2338918,0.39216122,0.3139104,0.39213324,0.58065856,0.5014022,-0.790204,0.61544913,0.14688139,0.10609524,-0.95301986,0.085374855,-0.8803321,0.2918419,0.6146983,-0.7510974,-0.14104298,-1.3953562,-0.94723153,-0.69399786,0.42554343,-0.18672852,-0.77793235,0.7668163,0.41120052,-0.806657,-0.27708042,0.30860043,0.2659061,-0.29618207,-0.48254704,-0.2414388,-0.6902597,0.73051,-0.31236053,-0.056682583,-0.5793196,-0.19274431,-1.0812933,0.17071564,0.19915895,-0.2892292,-0.4791418,-0.55887496,1.7652957,0.21549325,-0.23036289,-0.48662892,-1.1496397,0.6596156,0.34457794,0.76756823,0.466152,0.28992033,1.0862631,0.28357753,-1.6416625,-0.4242017,-0.9167432,0.6767326,-0.15749975,0.0035159788,0.9409928,-0.5507522,1.144055,0.69793385,0.28818142,-0.10036541,0.2977525,1.3032973,0.58459616,-0.889531,-0.90473574,0.016936844,0.37587196,0.5266068,-0.73904353,0.34817827,-0.061742056,-0.34198993,-0.09307839,-0.16709457,0.18956038,-0.7960043,-0.37706438,-0.6461446,0.15811303,0.3267067,-0.51273465,-0.45966905,-0.61712646,-0.9754071,0.4162071,0.36210892,0.4981309,-0.37160227,0.56194264,0.85521346,0.15611778,-0.4949856,-0.4447994,-0.63470036,0.19428556,-0.23674901,0.4246898,0.70005965,-0.522117,0.39274454,-0.32056525,0.24127519,-0.9712223,-0.23288946,0.72599983,1.1916599,-1.057342,-1.4345454,-0.19228707,-0.22445785,-1.3317865,-0.10332742,0.04102104,-1.4215033,0.046051163,0.5564936,-0.0314326,0.610056,-0.5435563,-0.8181814,0.012255185,0.634066
-1.2589742,0.39129153,0.41206792,0.18391886,-0.57524174,-0.21194598,0.5774557,0.22305529,-1.072641,0.5027284,0.7960112,-2.0073907,0.77053326,0.8605448,0.60534644,-0.3989329,0.14540127,-0.061793722,0.14962126,-0.91200215,1.1608489,-0.6303241,-0.7961651,-0.44051984,-1.2581049,-0.17222974,-0.6886903,-0.77727216,0.79451877,-1.0464498,-0.625653,-0.30041865,-0.81163454,-0.010296142,-1.3135668,0.39937675,-0.42163295,0.34399572,-0.4379226,-0.63737386,0.5930611,2.0047803,1.303079,-0.005292778,-0.69809884,1.0102448,-0.05403377,-0.4543621,-0.85337526,0.8709679,-0.4936055,1.1494919,0.6158112,0.6200152,-0.45402604,-0.74848825,0.12841739,0.5001324,-0.51352257,-0.17656106,-1.3142419,0.07086095,0.71386075,-0.10730011,-0.6014889,-1.5888453,0.7551796,1.2472984,-1.4417329,-0.77726984,-1.4613527,-1.1322211,0.41466928,-0.8868111,-0.76237327,0.20501517,-2.0269089,-0.72969186,-0.667473,-0.57513154,-0.07393527,-0.027006278,0.8839541,0.052653193,-0.69162935,-0.5212393,-0.4957005,0.25209856,-0.8581413,-0.50809497,-1.1746578,0.7205528,-0.5656745,0.5219126,-0.87303054,0.43548676,-0.40766352,-0.12135247,0.29177704,0.12096075,0.54753953,-0.2564994,0.37074926,0.16542529,0.82557076,-1.604782,0.44724023,-0.8927612,-0.6740064,-0.3951461,-0.22201575,-0.30618235,0.6982635,0.30947748,0.26930755,-0.90811336,0.19082719,0.23532736,-0.43266726,-0.29475212,0.18601747,-0.6721699,0.15972586,0.78598595,-0.7023511,-0.46978188,0.38945872,1.3625534,0.6092036,0.5536142,0.6673764,0.5086602,0.569807,-0.29569605,-0.46185797,0.4050944,0.17265382,0.281078,0.12478556,0.5485383,-0.21447292,0.57399094,0.14863773,0.47757015,0.9368696,-0.19644582,-0.52934915,0.28021768,0.8398386,-2.0056543,-0.04607359,0.15984054,-1.1011143,-0.028705817,0.1400045,1.5136973,0.058892097,0.39238006,-1.171069,-0.19123968,-0.3039348,0.28356537,-1.0987642,0.77789193,0.0780833,1.4354515,1.63026,0.76190394,0.50988954,-0.0979953,-0.2858874,-0.17205082,-0.3475334,-0.48647934,-0.83578825,-0.30212206,0.8406716,-0.044156212,-1.0129274,0.021594336,0.26864696,-0.04988947,0.09640016,-0.57694006,-0.035303492,0.5893882,-1.719006,0.7106913,-0.059308868,-0.5408915,0.48262486,-1.0078154,-0.9255812,1.0216471,0.46214622,-1.1860303,-0.42634276,-1.1387452,-0.3316681,-1.0927035,-0.8033932,-0.18540896,1.0532349,1.1269993,0.4721075,0.5845159,2.072431,0.3229663,-0.5047216,-0.0030976702,0.16359192,-0.2888273,-0.3309921,0.36443385,-0.54855365,-0.7928484,-0.0041666743,0.0646246,-1.4041239,-0.7308974,-0.9099161,0.2155177,0.31097078,-1.0134004,-0.03946496,0.37347066,0.7905116,1.3517072,-1.3238319,-1.5275196,0.7318649,-0.4485696,0.80376023,1.3746085,-0.3071904,-0.6508388,-0.7098273,-0.6324835,-0.0007472884,-1.2690622,0.3107995,-0.74865866,-0.029305154,-0.618205,-1.1199641,-0.17318411,-1.5058368,0.39332566,-0.42778504,-1.0704421,1.0193787,-2.018908,-0.03795171,0.6141647,1.072319,0.55642414,0.040718388,-0.6169813,-0.62726486,-0.69569904
0.11390589,0.43310893,-0.8511275,-0.25202048,-0.05329648,-0.40596995,0.33332592,-0.56260914,0.34127492,0.3843859,-0.078690484,-0.011499825,0.071167745,0.9161623,-0.33684465,-0.49384195,0.3918076,-0.46341103,-0.39581186,0.6559957,-0.100420795,-0.21866037,0.4481924,0.29290882,0.11846467,0.53964347,-0.31676266,1.0036378,0.09621965,-0.6997411,-0.08519513,-0.07575483,0.4435095,-0.5417095,0.63346595,-0.67087936,0.5408586,-0.09261398,0.11542317,-0.065214,0.5945109,0.6992307,-0.86589617,-0.46147734,0.7225577,-0.45275792,0.8198032,-0.79432374,-0.38621426,-0.2524069,-0.36421856,-0.31385726,0.043433,-0.3404029,0.01073735,-0.16704904,0.055980843,-0.007176149,-0.20437911,0.18018211,-1.4027642,-0.96122026,0.37199482,0.1446763,-1.9665332,-1.211375,-0.8962222,-1.2158635,-0.111125804,0.28376594,0.88082236,-0.35081378,0.060705792,0.48174086,-0.9766856,0.7084673,-0.9925949,-0.4886478,-0.0369244,-1.0455713,0.47755098,0.7852327,-0.15392108,0.76805925,0.85632986,0.4861917,-0.32049757,0.18155748,1.3277477,-0.3779076,-0.10154748,0.1247904,-0.1828699,0.95588,0.19255954,-0.6566823,0.2556004,-0.082840465,-1.15634,-0.69620353,-0.34923664,-0.58707273,-0.12815043,-0.12382676,-0.11987345,0.04892294,0.26130605,-1.4463879,0.53574044,0.55160165,0.3101922,-0.2585223,0.27655828,0.45849052,0.463877,0.07920258,0.5432603,-0.686045,-1.216519,0.8884447,0.116496086,-0.4845441,-0.06226351,0.0718276,0.42948684,-1.714741,-0.4113909,-0.45460793,-0.6820447,0.52571106,-0.03771582,-0.0014471224,0.53736085,0.4107162,0.0039990647,0.68086135,-0.094411746,0.13999641,0.5652765,0.19056214,-1.1642518,-0.045539804,0.4928169,-0.09282221,-1.0348135,-0.07985186,0.1523638,-0.74795455,0.41172242,-0.46836823,-1.3029532,0.45004678,-0.07395143,-0.24977691,0.17672695,0.23924217,0.9555633,0.3555028,-0.12861842,-0.4217462,-0.7108677,0.10516893,0.092712596,-0.80811906,0.6603981,0.1334437,-0.41193447,0.6504342,0.8742265,-0.14968735,-0.8210019,-0.13593507,-0.8639661,0.54927194,-0.22728792,-0.6123998,0.085887894,-0.58005875,0.7435523,-0.35385838,-0.294198,-1.0140327,-0.7453637,-0.8647949,0.45663086,0.09833819,1.1927599,0.31082734,-0.10773493,-0.5283237,0.21880187,-1.2448632,-0.052577306,-0.16700539,0.5665016,-1.1456746,-0.17990896,0.7053246,-0.0597023,0.38067296,0.13821167,-0.47710285,-0.9677495,-0.39672527,0.29231748,-0.20894255,0.81165195,-0.9502732,-0.011391446,-1.3239394,0.69023067,-0.6653158,0.22740309,0.14349349,-0.8528425,0.13252732,0.17018442,-1.1540363,-1.0380332,-0.63874286,0.085757226,-0.40704066,-0.45285597,0.44948098,-0.73071873,0.07088724,-0.8530293,-0.72288644,0.62904584,0.39699218,-0.58355325,2.4671133,-0.7996491,-0.037843447,-0.21021937,-0.059927076,0.017785212,0.15583454,-0.18317625,-0.09350345,0.17344388,0.67314374,0.09880227,0.2959458,0.105730586,0.12555522,-1.4657487,-0.77114606,-0.15238172,0.38392758,0.22879966,-0.18715999,0.943083,1.2557468,-2.150206,1.5568907,-0.24408741,0.09087188,-1.1016009,0.7389044
0.018520461,-0.26850066,0.40465596,0.87950873,-0.06759373,0.065817654,-0.8383739,-0.20502882,0.7702714,0.9132849,0.6242259,0.7514485,0.5631633,0.34715772,-1.4458437,-0.2334761,1.1092429,0.67959166,0.32429752,-0.045435503,0.25660822,0.74162996,-0.960138,0.14876087,-0.31579342,-1.0192839,-0.40226448,-0.6264708,0.54326546,0.20513532,-0.40512532,0.9039816,-0.02573319,1.428543,0.8854126,0.57474434,0.3854375,0.4648186,-0.83948725,0.24622981,0.50382763,0.27845043,0.4587929,0.023627821,0.15553921,0.92324233,-0.6201399,0.036691524,-0.49865034,-0.009414076,0.32825887,0.8234755,0.95318043,0.75931054,0.32285696,-0.7999118,0.33880466,1.8861961,0.7047971,0.3494974,0.37250003,1.4414041,1.4511775,0.010099643,-0.7845049,0.11760306,-0.29640353,0.18459305,-0.62027556,-0.605707,0.13161133,1.0166972,-0.5506217,0.20490725,-1.0131297,-0.04468012,-0.20173322,-0.24327919,-0.34083283,-0.4366881,0.75024384,0.25899497,0.64278924,-0.2773534,-0.42154187,1.0888402,0.7352624,-0.6293232,-1.0315973,0.05779613,0.26668182,0.80798763,0.48708957,0.9570739,1.6216774,-0.19465841,0.5971743,0.9678367,-0.09640638,-1.2396315,-0.31621403,0.7605016,-0.29082718,-0.15651219,1.8250309,0.095459454,-0.9219733,-0.33569995,0.31118232,-0.5070815,-0.15056674,-0.12093832,0.53923965,-0.7912849,-0.06373901,-0.5918932,-0.22057168,1.9864246,-0.062387448,-0.6071565,-0.4009357,-1.0295998,0.86701113,0.71041197,1.0606341,0.6788098,1.4921495,-0.17448263,-0.69653594,0.14318363,-1.0795184,0.009492607,0.18901983,-0.38556278,0.19816253,0.9378861,0.72576725,0.92497796,-0.24992183,-0.23442139,0.87842214,-0.2804567,0.9710307,-0.25832957,0.14921795,1.2367828,2.07898,0.71862453,0.04413759,0.010084207,1.1762471,-0.5515794,0.051231854,0.18092239,-0.7854909,0.05903448,0.27391902,0.39243037,-1.4020787,0.21208338,0.018975563,1.0801758,-0.20492998,-0.54010344,-1.6513011,-0.46197227,-0.8972862,0.60011935,-0.93837315,-0.52731305,-0.5719071,1.806765,-0.2924724,-0.020681068,0.09195812,-0.9874938,-0.20604543,0.4392933,0.028671233,-0.16133004,0.40761808,-1.4298753,-0.4192789,1.2211546,0.010021872,0.3816502,1.2650869,0.00049324887,-0.19529155,0.024203278,-0.7687972,-2.0565345,0.34032354,0.42350972,0.37414965,-0.14345951,0.47994512,0.1298717,0.7295447,0.8876916,0.0016098882,0.43854126,0.1197875,-0.21230945,-1.1168866,-0.33807838,-0.7346238,-0.9076223,-1.0266374,0.33771032,0.5565045,0.15097919,0.04054947,-0.48288006,-0.4448957,-0.22142084,-0.16341724,0.08947245,-0.8004481,0.22368382,0.23268643,-0.38521564,0.30817446,0.87323046,-0.8206074,0.42680663,0.3595481,-0.8302966,-0.67815036,0.17913741,-0.7950498,-0.79202545,0.46221286,-0.024298772,1.206021,0.13474444,-1.0417728,1.1854876,-0.842114,-0.44459057,-0.07629358,0.016707463,-0.890752,0.3667854,0.4059276,-0.67289734,-1.358983,0.7427634,-0.627806,-0.43297884,-0.4971752,-0.8226269,-0.08200587,1.3890889,0.47919753,0.13118519,0.8643808,-0.35067987,-0.13640681,-0.56239825
0.17624372,0.73697746,-0.58348495,0.8643281,0.81939316,-0.47336048,-0.5298508,0.23254846,-0.20745803,0.04334483,-0.47574517,0.06038613,-0.22842607,0.112251945,-0.69410133,-0.2796692,0.200596,-0.2547781,-0.40586576,-1.0688018,0.43322945,0.5150595,-0.21989305,0.65328604,0.5295874,-0.44443348,-0.4583065,-0.7006524,-0.39256144,-0.044797447,0.49071872,0.8700319,-0.36121622,-0.33907187,-0.714605,0.23595925,0.24092941,0.21315026,-0.09844151,0.022363761,0.4701339,-1.205574,0.9011071,-0.19648792,0.4944576,0.38163385,0.04877253,0.10685146,0.48413506,0.1883482,0.10069615,-0.78638905,-0.20541419,0.18923578,-0.61216104,0.18919052,-0.01653042,0.21612936,0.7534099,0.65085435,-1.3054664,-1.0691512,-0.71567357,0.14886606,0.6164072,-1.427783,-0.17746584,-0.3319096,0.3020422,-1.8660989,0.15895748,0.2547827,0.22499742,0.4715855,-0.15202776,-1.1839653,0.63195485,-0.9725085,-0.36906457,-0.47980708,0.5846489,-0.24348289,0.19938976,-0.20234506,0.66280407,1.4745246,0.1048654,0.4256766,0.1765684,0.45152166,-0.17712471,0.5307574,-0.82672703,-0.8064223,0.3787581,-0.9728814,-0.27363518,-0.42807195,0.026337314,-0.3506597,-0.3016279,-0.07633052,-0.86698276,-0.18697912,0.20067821,-1.1235366,0.5645126,-1.2143561,-2.033479,-0.44995484,-0.3018229,-0.25201765,-0.85583663,-0.17419313,1.8484921,-0.33008957,-0.74461895,0.16358317,0.5362754,0.4889954,-0.33075267,-0.98693174,-0.049647644,1.2932864,-0.92109513,0.42458126,-0.7522436,-0.8184708,-0.5339798,-0.024031017,-0.3127924,0.003804471,-0.09920907,0.25022736,0.045636054,0.02646177,1.1980873,0.5855678,-0.87563354,0.49826318,-1.1290835,-0.40123957,-0.7965576,-0.86062664,-0.0036665369,-0.5021444,-0.21429779,-0.4482868,-0.16596869,1.4397726,-0.44655013,0.48639196,-1.0273649,-1.695083,0.30050826,-0.15953547,-1.0787382,0.577198,-0.52361387,-1.4306287,0.20955881,0.38160902,-0.89553624,-0.32444566,-0.39153898,-0.028221738,-0.12930337,-0.11756868,-0.05051499,-0.21781243,0.8295673,0.3595079,-0.04789586,-0.9307707,0.41008338,-0.12709764,-0.31090072,-0.19184093,-0.50128907,-0.43359417,0.84749573,0.16396482,-0.72507364,-1.300519,0.13430203,-1.2721032,-0.23764941,0.60233104,-0.30402127,0.2996672,0.27476817,1.9373199,0.847024,-0.8001317,-0.15651463,-1.1150074,-0.33980036,0.25370097,0.2077815,-0.3129137,-0.3524469,0.27342254,0.42229328,0.06352241,0.5354486,0.36633062,-0.69740164,-0.009547757,-0.23659034,-0.32951885,-1.0432059,0.57849294,-0.14552784,0.5840982,0.3703223,-0.9493362,-0.89201933,-0.12849872,-0.099536285,-0.7325001,-0.14081065,0.9395319,0.16082132,0.8723045,0.7054437,0.5632351,0.18840653,0.26150972,-0.009963727,-0.23838633,-0.015199121,-0.8191397,1.1913896,-1.9106727,0.5800954,-0.28987825,0.25113195,-0.12593247,0.5049672,-0.1445868,0.28665802,0.4642917,-0.1651343,-1.487347,0.09434036,0.73907095,0.30797654,-0.34253147,-0.14750925,1.5471177,0.2816945,-0.4515039,0.23940425,0.51022625,0.35447714,0.174033,0.45433876,-0.5792328,0.95082825,-0.86647886
-0.5441202,0.04009568,-0.32612857,0.3296971,0.7456831,-0.40501413,-0.1444113,-0.26898575,-0.5271082,0.6816132,-0.6004118,-0.90299886,-0.4602008,0.6990969,0.110953726,-1.2580462,-1.0736665,-1.0540318,0.47701317,0.19956051,-0.20809099,0.4229875,0.8835854,0.2853229,0.009037418,0.34003884,0.8421279,-0.33156863,-0.7715672,0.7060886,0.6155776,-0.29645422,0.1385008,0.7047255,0.41458172,-0.46142527,-0.47322324,0.9322189,0.78078467,0.2027329,0.7584413,0.10943864,0.8995598,-0.7891641,0.6372337,0.96032846,0.56284213,0.39383876,-0.14346851,0.24283896,-0.020082854,0.020272268,-0.099591844,0.5459668,0.31247318,-0.44200757,-0.8058994,-0.29934323,0.12595132,-0.45094836,0.732667,0.322407,0.18348204,0.56681913,0.31473342,-1.1745704,-0.12427698,0.0005098041,0.2274196,0.8614826,-0.58030474,-0.9771256,-0.12590417,-0.58972955,-0.19905308,-0.15034308,-0.39197454,0.803557,-0.17121184,-0.3636031,-0.6267951,0.9735973,-0.29086304,0.2843209,-0.33833265,0.5298114,-0.6078771,-0.39416352,0.67193174,0.04085887,-0.34355786,-0.031116355,-0.08153614,1.1591375,-0.28399158,-0.9328482,-0.46596926,-0.44717148,0.18254542,0.36112255,-0.50552946,0.13960494,-0.32260624,-1.1127177,-1.5054435,-0.46269563,-0.5681165,-0.85451204,-0.1063798,0.044562675,-0.23428223,-0.044721875,-0.18291102,-0.2704155,-0.536982,1.4721481,0.29078355,-0.23693185,0.30680776,0.041294158,0.45451918,0.4262925,0.8931943,0.69006044,0.2860961,2.050292,0.23171638,-1.2893451,-0.19971672,0.2118412,-0.6485825,0.4913499,0.71020514,-0.38210487,0.4697113,-0.68987685,0.9982943,1.037663,-0.14009589,-0.28503552,-0.91038424,-0.56289184,0.22061008,-0.4953827,-0.5781374,-0.51234317,0.2885607,-0.26968876,-0.003479099,0.03802879,1.458578,0.18604438,-0.6132159,1.8156066,-0.65486443,-0.4493871,-1.0237644,-0.015144631,0.8166458,0.20360538,0.37919924,0.41129112,-0.969363,1.1441677,0.0034158975,0.053272046,-1.9809607,0.21624321,0.10014586,0.3542547,-0.2905551,-0.21340813,0.6133948,-0.40335608,-1.5148497,-0.65790373,-0.31048864,-1.1394883,-0.6393621,-0.40895367,-0.1799067,1.4287505,0.5325049,-0.08288674,-0.07223336,1.1563786,-1.5403929,0.47737914,0.15576103,0.32397372,0.81180006,1.0359354,-1.0538598,-2.1443985,1.1129922,-0.5896457,-0.022502212,0.031182777,-0.30839652,-0.21452394,-0.23803385,-0.6527027,0.74213,0.124488726,-0.7056182,-0.2002907,0.5333618,0.12226197,-0.11165203,-0.13686733,-0.32470024,-0.6136337,0.47554,-0.27554783,0.13055608,0.1288597,0.41630137,0.19322321,0.57080925,0.2570583,-0.5995483,-0.017708313,0.04270645,1.0135027,0.90107065,0.39085075,-0.97782487,-0.6731445,0.5507912,-0.886955,1.430644,-0.25175473,0.48113328,0.66567826,-0.757819,0.60006285,-1.2912781,1.0320717,-0.33507285,-0.099328145,0.6485731,1.2937014,-0.4261155,-0.040354986,-0.46096495,-1.5726331,0.038406312,-1.2155426,-0.4889156,0.83305407,-0.7155752,-0.6227262,0.65954703,0.86642164,0.33118984,-0.7142587,0.2984155,0.10074947,0.16794607,-0.4889972
-0.6865948,-0.3081976,0.017383844,0.20791504,-1.0349656,-0.11575279,1.3548203,-0.26425773,-0.10221967,-0.20021136,-0.23401934,0.41846284,0.5945337,-0.5200419,-0.80897224,-1.7964581,-0.050232563,-0.0898659,-0.46980423,-1.1490839,-0.5826335,-0.85555357,-0.13031325,0.4180587,1.5806907,-0.044480816,0.4729152,-0.38759193,-0.8010247,-0.8771312,0.9106899,-0.63001746,-0.092725486,2.3175986,-0.7047321,-1.514974,0.21252756,-0.43498868,1.4455702,-1.0803795,-0.35242274,0.034299903,0.36555257,0.76543367,-0.16546185,-0.08297723,-1.1755195,-1.2598284,0.32381183,-0.04516507,-0.815686,-0.43146083,0.21808517,0.43819088,-0.10200358,-0.5357494,-1.5296634,0.92144763,1.1950619,-0.13376303,0.1901283,-0.68060845,0.96910524,0.122444,0.6187833,0.24443479,-0.0004961198,-0.0732266,1.5035088,-0.38899437,0.7135207,-0.13312823,0.5536624,-0.0695725,-0.8324559,-0.19290952,-1.1429601,-1.0826349,-1.4671701,0.1664651,-0.5930295,-0.409772,-0.22059113,-0.003676525,0.08364986,-0.020107478,-0.7738473,-0.71606195,-0.008059362,-0.4242258,-0.15211998,0.5949678,1.1539252,2.1427763,2.2272096,0.5021878,-0.10752314,-0.25303197,-0.17624189,-0.012994786,-0.29838,-0.80790335,0.23716325,-1.7668054,0.0990355,0.92526394,0.67076135,-0.6145224,0.12520207,2.080639,0.62670255,0.9634675,1.9622928,-0.59788424,0.27941203,-0.2854502,0.33585086,0.5487432,0.44491732,0.026473787,-1.1729945,-0.4109907,0.83833295,-0.29242766,-0.023787167,0.059853405,1.3207972,0.43053305,0.66458243,-0.09326636,-0.9956185,-0.11694534,-0.19232497,0.24658264,-0.20697986,-0.09857668,1.4979024,-0.6423438,1.4741815,-0.38617486,1.4022458,-0.4487286,0.100094035,-1.0569199,-1.346219,1.4167676,0.4757743,0.11975448,0.8172928,0.97141135,0.482623,-0.5226858,-0.08391704,-0.60354155,0.09627496,0.87354505,0.37456354,-0.86153066,0.7218538,0.56508726,0.7114862,1.1383044,0.45295343,0.11958902,-0.58394325,0.023195386,-0.16309474,-0.3598367,-1.1008914,-0.17312881,-0.8380954,0.02926826,1.1147634,-1.199089,1.233581,-0.63067603,-0.9047455,0.45064163,0.87019986,-0.03902199,-1.380306,0.1682846,0.27508652,-0.20216495,-0.124048956,-0.96729356,0.76980686,-0.52539235,0.5603196,-0.4024844,0.41124338,0.037849404,-0.27150765,0.5373841,1.7166473,-1.0120286,0.15245745,-0.41788733,-0.8023421,-1.2750818,-0.30061015,0.79980373,-0.18435201,-0.69231594,-0.40725577,-0.99665576,0.20978214,-0.08698941,1.4238838,-0.073324196,0.95800906,-0.4750498,0.46600458,-0.030420795,0.44188255,-1.0313889,-0.073530234,0.22454421,0.04542877,-0.3926815,0.30876324,-0.72260094,0.44994572,-0.31446975,0.3931679,-0.6763846,-0.65808415,-0.34323692,-0.44458055,-0.35668525,-0.20314723,-0.1291385,0.2336247,-0.2625931,0.41165304,-0.26627955,0.091580406,-0.725662,-0.0062238206,0.49838147,-0.025491579,-0.84512115,-1.1126838,-0.28996885,0.34382555,1.2829889,0.19227767,-0.1843139,0.21264945,-0.11784929,0.84464383,-0.2892937,0.5645162,1.3657905,1.4578156,-1.3653553,-0.18498963,-0.90099883,0.05517192,0.788587
-0.2366885,-0.18930617,-0.5807581,0.7691559,-0.6141383,0.5269619,-0.36165276,-0.08982811,-0.2045739,-0.5969234,-0.46436787,-0.095769115,0.4004242,-0.7854893,-0.6372379,0.05406179,-1.3276469,-0.23222144,-0.2157945,-0.5875149,-0.20202088,0.35377425,1.4129769,0.79483706,0.6656143,-0.49263686,-0.70031404,-0.9610629,0.5536065,0.6919776,-0.46018654,-0.023898374,0.6973198,0.95388734,-0.74632984,0.73321646,0.35437137,1.9234526,-0.6811396,0.7887771,1.058896,1.9337364,0.5653149,0.09029285,-0.46259058,0.9868983,-1.4434867,1.0209471,1.3186173,0.99159235,1.5327253,-1.5668507,-1.2527668,-0.49500412,-0.3417596,-0.010219918,-1.6082488,-0.41582426,1.0841497,0.22271237,0.46042734,-1.2204682,0.52984565,-0.2242788,-0.9981964,0.15812543,0.86476785,-1.2727697,-1.3547248,0.44693953,1.3928521,0.1768108,-1.2631707,0.03702991,-1.7604704,0.21060835,-0.27017877,-0.4094379,-0.4906041,-0.2874012,-0.2997793,0.03534736,0.5023779,0.24537092,0.5428627,0.9117835,0.3357486,0.49538708,0.14984809,-0.51645,-0.198758,-0.7357994,-0.7314264,-0.50501543,-0.61764926,-1.0549618,-1.2626764,-1.311405,-1.17636,0.5146969,-0.18050018,0.73655546,0.115668915,0.48574382,-1.1085515,-0.18532981,-0.68922144,0.5708861,-0.49061906,-0.5686761,-1.9021631,-1.148364,-0.7387937,-0.1247126,-0.2366985,-0.22244814,0.10422207,-0.08117115,-0.09027328,1.0209601,-0.4596651,-0.2398382,-1.0837969,-0.6975134,-0.75605994,0.13000315,0.23099251,-0.57277906,0.39739794,-0.35762346,1.0047289,0.18859926,0.04947307,0.68361896,1.1325285,-0.1856815,0.40043774,0.50899845,-0.07732396,-0.36557528,-0.9977263,-0.8471905,-0.76369846,-0.91628575,-1.2392794,-0.81443614,0.91527325,-0.6950124,-0.78442097,0.35714352,-0.121006824,0.22093984,-0.93566453,-0.6936151,-0.41936573,-0.6275395,0.106142156,0.37653267,0.40560237,-1.4610159,-1.7425033,0.40341887,1.0353184,-0.710633,-0.13514781,-0.18590452,0.49447584,0.4078406,0.43399248,-0.1367728,0.7463169,0.06324698,1.0218675,-0.022773055,-0.06798965,-0.013124481,-0.49657163,1.1051983,-0.624145,-1.1471344,-0.665389,-0.36085793,-0.29195035,2.1477022,-0.6286586,0.29357827,-0.9423879,-0.005632435,0.6199137,0.2745085,-0.715684,-0.043226276,0.66958094,-1.2032629,0.68185776,0.4105455,-0.0154492045,0.9095266,0.16171229,-0.15089804,0.89603734,-0.54089934,0.22688927,-0.3420084,0.2413024,0.69875515,2.2305532,1.0566403,0.7474523,-0.088438116,0.15254588,1.1867353,-0.048200946,0.7692253,-0.62765634,-0.12542866,0.5517824,0.4781423,0.90797263,-0.11785033,0.25515208,-0.7119452,-0.15874697,-0.04857305,-0.053389445,-0.66566724,-0.24502827,0.42728952,0.6605765,-0.35132378,0.1427026,0.69717735,0.8022288,0.941987,0.27284703,0.8958427,-0.5351328,-0.43758547,-0.049863275,-0.03260189,0.072127,0.45740885,-0.18214051,-0.4659857,1.2972414,-2.2685196,1.6499071,-0.9269263,-1.6738415,-1.7931209,-0.036911435,-0.06243132,-0.6379079,0.0569214,-1.0676277,0.094427735,-0.6177686,0.15078028,0.23719709,0.4384543
0.46667236,-0.33006367,-0.6477207,0.6428182,-0.5415645,-0.35340732,-0.16443028,-1.269513,0.8958519,0.18429251,0.8995648,1.4847441,0.5822177,0.23696984,0.18980207,-0.3671753,-0.38496438,-0.91252637,-0.3599667,-0.31992447,0.09943861,0.15611836,-0.79428005,0.23039846,0.056396402,-0.90447724,0.6134275,0.52910566,-0.58326495,0.9483341,0.31869778,0.76230127,-0.5962228,-0.39600754,-0.807442,-0.44636396,1.1476588,0.84491664,0.3792402,-0.59078574,0.31833008,0.24588926,-0.86500835,-0.5522753,0.58363086,-0.040229626,-0.29974097,0.294856,0.71999776,1.1313665,0.31434196,0.5514776,0.7999353,-0.3434728,0.18943746,-0.18689965,0.84516984,0.39746293,0.050048076,-0.032476105,0.4093978,0.3886196,-0.05822162,-0.3707828,0.024761077,-0.4291952,-0.02819727,-0.66476923,-0.5206785,-0.0032125867,-0.97687465,-0.12248701,0.33397457,-1.1022866,-0.51741344,-0.63305956,0.5439671,-1.5539829,-0.25399473,-0.7288362,0.56572175,-0.38620484,-0.31734374,-0.53908175,0.5051173,0.9127098,1.2866142,0.21577404,0.44665623,0.07045015,-0.3136064,0.13522232,-0.32795474,-0.70587003,-0.049324453,-1.1102146,-1.7994115,0.40290567,-0.8784702,-0.76951647,-0.878109,-0.3935301,0.88066113,-0.6249789,-0.85862243,-0.24043158,0.1466435,0.8090053,-0.0170212,-0.9275738,-0.33507884,-0.3138497,0.3332137,0.7995811,1.7902673,0.69297314,0.23819984,-1.167246,-0.71249926,1.0670567,1.268863,1.8099782,-0.79053897,0.3703024,0.13991666,0.78894705,0.25181812,0.06952639,-0.2725287,-0.77223986,0.008176165,-0.50839835,0.9055909,0.4896235,-0.409879,1.8267871,0.99200594,0.045500845,1.0016038,0.7426911,-0.04679158,-1.3451695,0.36602426,0.99971145,1.0357226,0.67394763,0.48250866,1.088774,0.051348872,0.23020616,-0.9325228,0.00010704692,-0.040448762,0.80302227,-0.3587083,-0.48006612,0.7517658,0.6092747,-1.8155898,0.8985858,-0.023470286,-0.010402671,0.32829046,-1.1415865,-0.4050469,-0.8868909,-0.13571216,0.24899122,-0.98030096,-0.2063732,-0.6511911,-0.24680005,0.45773807,0.079655595,0.64119285,-0.47000265,-1.1232306,-0.022244094,-0.47709855,-0.59547,0.10336984,1.1997238,1.3132526,-0.48606846,-0.067961834,1.1712567,-0.3985106,0.37758386,0.0035856094,-0.45449814,-0.8433573,0.4637405,-0.46720326,0.67713624,1.4207112,-0.86585987,0.63594234,-0.36316338,1.4257163,1.721986,-0.13562305,-0.05035894,-0.25085506,-0.46427393,-0.06564889,0.11442885,0.25368384,0.3530856,-0.659608,0.4729976,-0.42557538,-0.11667229,0.066243075,0.2710472,0.8827464,0.44580004,0.53158456,-0.34345794,-0.8753025,0.102739684,0.19230182,0.2833672,-0.49094778,-1.55137,0.24096894,-0.76824594,-0.420261,-0.5714185,0.19799092,-1.0925015,-0.37656096,0.6942009,-0.518344,1.4951284,1.0125865,0.67962223,0.020506386,-0.054736797,-0.5453256,-0.6998505,0.35937494,-0.8554852,-2.009825,-0.502071,1.761396,0.46168998,0.93864983,-0.88729095,0.00032081292,1.085846,-0.40842438,0.80895096,-1.2267581,-1.0498747,-0.3260939,0.08010161,-0.018737048,-1.3571165,-0.27147588,-0.48557204
0.44765377,0.078952365,0.20723614,-0.22573848,0.99787337,0.54628694,-0.34977946,-0.073544845,0.80965644,-0.66018355,-0.52582294,-0.67500937,-0.43529984,-0.8355262,-0.68146706,-0.2542683,-1.073234,0.59003043,0.2575849,0.78815275,0.011876224,1.3956692,-1.0910338,0.89373446,0.93178993,-0.23503377,0.5929247,-0.67220736,-0.17593044,1.0278533,-0.74291646,0.29126826,-0.9354466,-0.51783097,-1.2206851,-1.9349399,0.7819266,0.38827202,0.17748448,0.1328373,-0.4986969,-1.1830269,1.2887161,-0.6771554,0.41165826,-0.15939218,-0.48116595,-0.88972074,0.3860844,1.006835,0.53847665,0.3765075,0.12928462,0.34119242,-0.6843835,-0.84168357,0.21634297,0.47815323,-0.56988,-2.0076263,0.32514617,-0.009889867,-0.7677814,0.73989314,0.6932253,-0.37884685,-0.30136207,-0.6849245,0.24327993,1.5947059,0.84438217,0.44015878,-0.31436104,0.18163005,-2.097622,-0.4309508,-0.16018625,-0.6881995,-0.2635871,0.4737055,-0.20769781,0.5460733,-0.20043255,-0.172921,0.50658715,-0.16000754,0.44586664,-0.30643016,-0.4168915,0.10329589,0.33831182,1.0729382,1.2965053,-0.18854223,0.89813846,0.62867755,0.62204236,0.7043711,-0.40704435,0.16093919,-1.337246,0.88820326,0.39652556,-1.5764277,0.21885446,-0.33078644,-0.0086661745,0.61664486,0.763444,0.32243198,0.42460456,-0.9462041,-0.018182581,0.48503205,-0.730538,-0.51955366,0.5701572,0.01798309,0.40960106,1.3349935,0.28519052,-0.7219027,-1.4562514,-0.3158174,-1.0707448,0.8722506,1.2363448,-0.054008856,-1.3189138,-0.10734017,-0.18107016,0.421134,0.5300005,0.39249367,-0.39592057,0.30710676,0.35361353,-0.20677981,-0.4702274,-0.74464446,0.35678834,-0.79753464,0.12315157,-0.3956107,0.35680926,-0.2634506,-0.16023251,-1.0718839,-0.59698665,0.5297172,0.78504246,-0.6136765,-0.31828755,0.5492789,-0.171489,0.4947201,0.14031112,-0.6746855,0.36568236,0.596868,-0.07664778,-0.8899772,0.59359044,-0.7425441,-1.2350116,0.09880605,-0.31628478,0.8472639,0.96369326,0.73999506,-0.038852043,-1.0339215,-1.1399724,-0.398513,-1.2703154,0.023750031,-0.40866458,-1.2237937,-0.84522414,-1.0035748,-0.02738342,-1.1144052,0.6698701,-0.027254947,0.58040714,0.9798486,-0.40801427,-0.4901202,0.72942764,0.4404037,0.37017083,0.62001115,-0.5325563,-0.8934653,-0.43962508,-0.061852008,0.44867882,-0.5674202,0.279299,-1.2228581,0.50975364,-0.014548086,-0.13214208,-0.37866104,0.2396173,0.9105782,-1.1380558,0.663692,0.45522016,0.20209754,-0.020011824,1.2493016,0.018733114,0.114568815,1.0861975,0.2751529,-0.022012053,-0.13622771,0.20132975,-0.55630344,0.37752837,0.7913856,-0.55469036,-0.019074818,1.2226752,-0.72983193,-0.011880741,-0.15242034,-0.1258911,-0.46404445,0.46143323,0.69358766,-0.60318524,0.076286346,0.3446464,0.020593656,-0.24931602,-0.21235906,0.23574862,-0.291014,0.41526955,-0.01758128,-0.57398516,-0.7967561,0.6408615,0.05634198,0.34210536,-1.0557885,-1.634306,-0.11489234,0.13626328,0.54475313,0.20808949,-0.7467399,-1.1803418,0.13812453,-0.2652024,-0.8656401,1.0479308,0.039467238
0.1980171,-0.0101138875,-0.26522148,-1.1268773,-0.5192806,-1.026371,-0.43450642,-0.25939634,0.27032337,0.3439975,0.36276066,-0.11517438,0.17122896,-0.48503304,0.1043277,-0.5070787,-0.7734518,-0.62850887,-0.5527287,-0.08306961,-0.64972717,-0.2654652,0.31896564,-0.8946164,-0.07141352,0.8941262,0.9729851,0.0950252,-0.13308759,-1.3546056,0.96232563,-0.20853452,0.5179648,0.7401193,-0.7296319,-0.7173257,-0.5483684,-1.1620523,-0.01272836,0.77933365,0.2263309,-0.9060516,-0.2096522,0.16502196,-0.22983469,-0.52937776,-0.13144517,0.7270793,-1.2736017,0.59132785,-0.07395435,-0.08760988,0.06969337,0.8893085,-0.106526814,-0.76558936,-0.33443987,-0.2739489,0.5631709,0.5272243,-1.531094,-1.1703868,-0.11963472,0.5504347,-0.9887341,-0.30854833,-0.63265324,-0.3381356,-0.54533017,0.1980871,1.0260917,0.04559895,0.9040652,-0.36530083,-0.2836404,-0.2687487,-0.8609902,0.8968646,-0.8467248,-0.01430521,-0.34805375,-0.5686188,0.16881876,0.009842827,-0.26762694,-0.60492283,-0.16285063,0.44484568,-0.07760275,0.5487784,-0.4000858,-0.25863558,-0.2794946,0.60758203,0.72355294,0.15936366,-0.29798034,-0.60980374,0.103667036,0.68974566,-0.19687921,-0.86638653,0.020380843,0.8354177,1.1764936,-0.7664629,0.83923656,-0.119969085,-0.34643528,0.062217925,0.4271501,-0.32448295,0.079931535,-1.0895222,-0.15167043,-0.36222515,-0.42428467,-0.67538977,-0.5539306,0.9108457,1.435903,1.0747974,-0.68144,0.9805571,1.2977908,0.10713843,0.38281813,0.11433145,-0.66405636,-0.35312423,-0.8967652,-0.020307966,0.6673429,-0.5338232,0.103285946,1.3902828,0.1915425,-0.09824104,0.5760708,-0.35561705,-0.47542566,-0.45269158,0.116501816,-0.7100653,-1.4423213,-0.1624991,-0.2876312,0.863866,0.43271813,1.2909567,0.81185585,-0.92922944,-0.22268118,-0.36887524,0.056825597,0.31005952,0.024037294,0.15397938,-0.19381106,0.08094795,0.86451626,0.41336253,-0.08515411,0.63995844,0.6913462,-0.43655017,-0.20504762,-0.254341,0.117972545,-0.31705806,-0.05799908,2.0330822,-0.29026327,-0.8689981,1.4650178,-1.0080193,-0.45451406,0.32540005,0.6400733,-0.8462477,-1.7156531,1.1749325,0.65061843,-0.8353237,0.6319816,-0.6453288,-0.18419746,0.7564472,-0.86428684,0.24935366,-0.052530874,-0.02816965,0.46394894,0.22583641,0.7145598,0.97791195,-0.9316693,-0.32660195,-0.71955574,-0.024814725,-0.092066415,-0.45534864,-0.67385846,1.0176595,0.81107295,0.7785187,-0.85428655,0.22793446,1.0006412,-0.0029105376,-0.22835064,-0.5587319,-0.4660978,-0.21491586,-0.42640445,-0.17165613,-0.22734484,0.61493224,0.17478211,0.114560485,-0.7270561,0.31693184,0.53307307,0.7915115,-0.067553766,-0.4269157,0.0006112893,0.2657364,-0.14172512,-0.2607104,1.0196934,0.67278486,0.59084785,0.24146083,-0.26615164,0.21363725,-1.262169,-0.38314152,0.01742761,-0.3346906,-0.18518329,0.61550665,-0.9002576,0.16485548,-0.6385541,-0.21609302,-0.4242501,0.53115624,-0.2726388,0.37477198,-0.012142349,-0.053535964,0.11930534,0.26841852,-0.5464364,0.27711397,0.56844383,-0.1747954,0.08330768,-0.43618724
-0.5454596,0.85596925,0.5001791,-0.5165239,0.71088415,0.16043912,-0.08822276,-0.6022069,1.5830292,-0.21180822,-0.77822065,-0.022107791,0.14981207,-0.10273373,0.355323,0.49069107,0.6264642,-0.7939971,0.5245673,-0.49683148,0.42520398,0.06483718,-0.56703734,-0.5739903,-1.0599277,-1.2562088,-0.6557935,1.0832249,1.010244,-0.11838007,-0.17406589,-0.20390348,0.71344703,-0.11042053,1.1226773,-0.23366682,0.5541598,1.6917603,0.9481349,1.482002,-0.41743222,0.40634325,-0.19047609,0.46299523,0.4489131,0.09357342,-1.7385968,-0.67678964,1.2161075,-0.35851115,-0.22286129,0.034972023,-0.069665015,-1.0220821,-0.13424817,0.681385,-0.4420395,0.57698053,-0.564257,0.51170945,0.17149444,-0.42555034,-1.5208144,0.989904,-0.420473,-0.94909424,-0.3179666,-0.24028833,-0.23500362,0.98199356,0.101306915,-0.16976386,1.2402031,0.8561626,0.3155556,0.56860864,0.51358485,0.43077067,-1.8908875,0.4130238,-0.6151881,0.34295744,-0.74302393,-0.48848352,-0.23958714,0.74317527,-0.2272177,0.6876518,-1.3029184,0.38834894,-0.36122388,-0.71272683,1.2484826,-0.06447732,-0.33647382,0.8187144,0.25533256,-0.23889336,0.682115,0.73631686,1.157778,-0.7199655,-0.91047835,2.146942,0.34251648,0.74205893,0.31254652,0.26323438,-0.8363083,-1.1651304,0.87831134,-0.26309195,-0.5329125,-0.95868677,0.059789818,-1.1544349,-0.9276981,-0.46956906,-1.3782241,0.7747643,0.29090998,0.7042387,-0.806155,-0.5683779,0.5947613,0.78167605,1.1331468,-0.572667,-0.79166985,-0.68075436,0.28310832,0.28201428,0.35678917,1.712284,0.98093176,-0.5632439,0.8249565,0.08869535,-1.3789221,-0.83586675,-0.71549404,-0.8957951,-0.1433953,0.17535004,-0.27844745,-0.51415133,0.41529655,0.34055123,0.8690925,-1.1465021,-1.6292336,-0.049525414,0.9292497,0.042505857,-0.14902171,-0.30583796,-1.068622,-0.10089631,-1.0171334,-0.07919823,-1.1153504,-0.60967326,0.90460986,-1.2669706,1.0436484,-0.57767123,-0.5314895,-0.6993304,-0.42460173,0.23837987,0.29407188,0.7318652,1.2485424,0.6412198,0.55142546,-0.3727003,-0.027410027,0.09727042,-0.40083703,1.5615827,1.5012416,-1.4010353,-1.1663517,-0.34139377,1.8171394,-0.012907943,-1.0120803,0.23530258,-0.38128015,-1.6822828,-1.1969922,1.0647515,0.5133845,-0.4927275,-0.14196081,-0.3799585,0.5372742,-0.2948563,-0.05468333,-0.48405176,-0.032653574,-0.5951124,-0.3068766,0.506625,1.0791371,-0.5354567,-0.8166337,-0.43423912,0.011587913,-0.6029407,-0.42539966,-0.50829595,-1.1043754,0.2909863,-0.11705316,1.3779042,0.10784621,-0.61640674,1.1010323,-0.44230607,1.1135855,-0.24773853,-0.0839634,-0.10823268,0.14042564,-0.6307833,0.5720274,0.07562162,0.30698717,0.88564795,-0.458525,-1.4633096,-1.1059811,0.55256915,-0.10600006,-0.040133152,0.1459126,-0.6404945,0.8207335,0.8193938,-0.035920426,-0.77633935,0.37874573,-0.06815061,-1.2828605,0.28761488,-0.6888425,2.0950055,-0.7064311,-0.15798916,0.39609438,-0.55071187,-1.1414253,-0.46612188,-0.20459744,0.74090916,-0.34297657,0.98718435,-0.6636064,1.1314248
-0.4194511,-0.17694384,-0.58708555,-0.72064793,-1.4660528,-0.07073574,-0.032517,-0.2878482,0.51357776,0.57579887,-0.09019233,-0.21381187,-0.20291173,-0.23975696,-0.97117573,-0.033122115,-0.13233517,-0.040688086,0.011603037,0.7889664,0.022025628,-0.9632271,1.1355796,-0.9574144,0.70073867,-0.25012204,0.14932035,-0.7332122,-0.13301085,-0.052587207,-0.59731835,-0.44135377,1.3202587,-0.7654839,0.680196,0.52260613,-0.021715261,0.009252573,0.5768855,-0.24395639,-0.441717,0.068189636,-0.9285634,0.4207755,-0.3174846,-0.27892354,-0.116143435,-0.47041324,-0.35460436,0.037981585,0.4753102,-0.5736747,-0.621904,-0.105107285,0.33264256,0.44322172,-0.24334875,0.61938995,0.7841728,-1.0496256,0.40590134,0.30201367,0.39656383,0.32825887,0.1411261,0.8470294,-1.5414546,-0.48508915,0.5656662,-0.7831003,0.100416616,-0.8981271,0.584698,-0.1465132,0.45019194,-0.707103,-0.91491985,0.25863725,-0.42492193,0.9506763,-0.87561184,-0.08934849,0.18359329,0.06540565,-0.93910503,0.6716052,0.20031853,-0.7552225,-0.7682087,0.32958356,0.25863472,-1.0947453,-0.6963511,-1.3051417,0.7697736,-0.022747358,0.3301854,0.6695812,-1.3160808,1.0225096,0.5672236,0.49305376,0.7814681,0.3090861,0.5659977,0.013576034,1.194158,-0.4324829,0.32788512,-0.80449045,0.6722103,-0.10065212,0.31125984,-0.041603252,-1.1075289,-0.07531839,0.36988914,-0.5344407,-0.20454153,-0.61169153,0.5673178,-1.2155178,-0.21607116,-0.7697729,-0.056178857,0.5461806,-0.06605606,1.0166876,0.8887601,-0.6367801,0.28398228,-0.5021846,-0.25735977,0.13874155,0.16819368,-0.23396431,-0.20514378,0.7686538,-0.1606258,-0.25058424,-0.41280228,-0.5154331,0.4709049,-0.019218605,1.0395417,-1.3091129,-1.317548,-0.09636864,-0.8934919,1.1358062,0.5351214,0.8239824,-0.5241232,-0.5348409,0.021825517,-0.07386752,-0.9440308,-0.29482293,-0.53874725,0.401406,1.5040443,1.7162749,0.1003954,-0.74302983,-0.9935759,0.33921552,0.26253918,0.03634996,0.042433787,0.06721065,-0.22436513,-0.17075339,-1.0990816,0.34840012,-0.06929454,0.31316417,1.1025571,-0.687052,-0.24964099,0.009119766,-1.170117,0.8803268,0.5957983,-0.60401577,0.9387567,0.16399463,-0.63660204,0.37475863,-0.063694455,0.23298639,-0.33949512,0.6865654,0.5343143,-1.5738227,-0.19680889,0.51001465,-0.5181027,-0.020010622,-0.51386046,-0.5605953,0.26918593,0.37517762,1.19395,-0.6509379,0.45066538,-0.2991188,0.53311056,1.1960812,0.26559174,0.4046493,-0.10726102,0.13268204,0.42652738,-0.9523627,-0.67707515,0.5729497,0.16823645,0.0749443,0.3443566,-0.5186605,0.28086048,0.6553213,-0.13166174,0.75320107,0.14343506,0.6856293,0.067084044,-0.39222685,-0.10180051,1.0168861,0.7862639,-1.095497,0.32784203,-0.68724257,-0.35303903,0.7839427,-0.2540145,1.4000995,-0.39654297,-0.08767638,-0.2769923,-0.38869983,-0.081417985,0.4751479,-0.36280915,0.8267344,-1.7326114,0.51100117,0.8191743,1.2794654,-0.081565,0.11129905,0.034655724,-0.2586821,-0.59170306,-0.2620611,0.9705151,-0.27271095,0.44649065,-0.16959709
0.22909053,-0.065915056,-0.044146646,0.1372727,-0.22943747,0.027226899,0.14900902,0.7127646,0.77911925,0.6277515,-0.5776972,1.2062069,0.26327702,-0.64373064,-0.63850015,-0.4958007,-0.33428422,0.07344072,-0.13796522,0.09667219,-0.7333879,-0.8501093,0.30626807,-1.0665786,-0.4492829,-0.17340726,-1.134021,1.2693115,-0.07548023,-0.6060266,1.9195697,0.9613999,0.373671,0.6267107,0.37347353,-0.12203293,-0.23983407,0.5958104,-0.6277516,0.21191867,0.86028945,0.47745007,0.30629995,-0.049912162,-0.10946307,-1.6345056,-0.46033967,-0.10395013,0.10071248,-0.069230214,0.25901407,-0.80913615,-0.13739479,1.5760574,0.18316494,-0.5970946,0.6196499,-0.5071,-0.28162906,-0.32463682,-0.265775,-0.15605137,0.36463985,1.1262609,-0.43725872,0.3702285,0.6236463,0.36851326,-0.08340672,0.987045,0.99394286,-0.63812786,-0.17795391,-0.058398552,-0.8775395,0.12160921,0.8615056,0.70743257,0.6239792,-0.3974672,-2.0203216,0.09926061,-1.4687998,0.07310032,0.6211323,-0.06666417,-0.31181827,0.07381974,0.19676656,-1.1848887,0.7422509,0.5431523,-0.5155918,0.7527362,-0.5561818,0.23236184,0.29810396,0.2852218,-0.313106,-1.1808362,-0.6692949,-0.97360814,0.00079438154,-1.5146755,0.3609953,-0.5459756,0.3783645,-0.21161766,-0.5637136,1.1990495,0.3258976,0.5554874,0.5718885,-0.40218797,0.09120071,-0.25255385,-0.14531502,-0.5792106,1.0602068,-0.665719,-0.043165166,0.54873997,-0.708892,-1.1611941,0.27757546,0.61866015,-0.42710954,0.33668295,-0.016005268,0.7514479,-0.9372339,0.47357482,0.9628701,0.37444922,-0.48361725,-0.3679209,1.3908435,0.70261997,1.4357039,-0.7865416,-0.42998147,-1.465649,-0.763823,0.6876083,0.9546925,0.2622731,-0.5285525,-0.7061897,0.42820668,0.23864523,-0.8125275,0.6630773,-0.21329857,-0.35480747,0.10501685,-0.16643643,-1.2399298,0.39639953,0.63241273,-0.8781471,0.1272722,-0.86492354,-0.9578307,-0.1988776,-0.48368344,0.99632907,0.014057894,0.08843672,0.26422986,-0.26071072,1.1052855,1.9095374,0.15280047,0.543775,-1.3693198,-1.764325,0.32059896,-0.58943063,-0.50130284,-0.30957788,0.41142318,-0.3570798,0.009809211,-1.1352414,-0.18942878,-0.35526258,0.19346912,0.028753607,-0.6526673,0.50087184,0.24563268,-0.6845567,1.1539559,0.3849651,-0.15543228,-0.83831674,0.6417248,-0.14061898,1.3947207,1.0107998,-0.6403685,-0.29151562,-0.65972406,0.2642297,0.109208524,0.11997066,-1.5611811,-0.33086392,0.110172205,0.13830024,-0.7441913,0.44544828,0.98168623,-0.9787434,-0.8754456,-0.3561696,-0.48056665,0.37188506,0.47822025,-0.10000534,0.764803,0.18360685,0.8820352,1.0004511,-0.5973254,0.39463404,-1.579555,-0.13933401,-0.58527267,-0.22540121,-0.48000476,0.38917196,-1.6711477,-0.040731203,-0.897613,1.0044923,0.10047114,-0.84598416,0.1429348,0.6453504,0.10678122,-0.96175617,1.0999112,0.02457025,0.82182115,-1.3635582,-0.5316919,1.3600756,-1.2264539,-0.048839502,-0.83127123,-1.739573,-0.17116442,0.8077055,-0.3477388,0.41555625,0.9171859,-0.38116133,0.3663908,0.43184176
1.0620087,0.11913937,0.28598398,0.47826755,-0.7238182,0.26379016,-1.2342582,-0.356928,0.10164764,-1.0031841,-0.40623954,-0.15620919,-0.89215565,-1.0389339,-0.8277537,-1.5118616,-0.35101885,-0.26292294,-0.5520393,0.3134761,-0.45639974,-0.21139482,1.498136,-0.6242156,0.22756505,0.7246547,0.37443325,0.3556167,-0.7946101,-0.9063193,-0.024779638,0.6052278,-0.4814788,0.4986448,1.4990227,-0.28575808,-0.10485157,0.68500394,-0.09259281,-1.1758047,0.21833189,0.593352,-0.9063346,-0.5367519,-0.2931811,0.42849737,-0.5326663,-0.2915724,1.2146116,-0.030192029,-1.9100323,-0.3040131,0.13649307,1.628575,-0.06801124,0.30416778,0.41822588,-0.2211223,-0.32630908,-1.5334636,-0.011554846,-0.6003681,0.0015090659,0.6565865,-0.829312,-0.44129664,0.44752508,0.6986347,-0.4263549,2.1517155,0.44124472,-0.19310217,0.7149892,-0.48598608,-0.240423,-0.42432705,-0.7100096,0.5712712,-0.5659105,0.46912065,-1.4747784,1.1265371,0.47006878,-0.46691063,0.029150698,1.3127999,0.17594013,-0.1242157,-0.6164606,0.2779374,-0.65222746,-0.4876334,-0.83083314,-0.12244069,-0.36814147,-0.56978005,0.46200025,0.31685823,-0.41908416,-0.33872467,-1.5301605,-0.5223281,0.2601525,-0.6243752,-0.9766114,-0.024253352,0.71598977,-0.096126735,1.4315271,-0.2171889,0.47733268,0.30448726,0.5526367,1.1610006,0.6339198,0.9027377,0.21226864,-0.053854503,-0.42933127,0.22575745,0.27738845,-0.14818676,-0.61332136,1.1133026,-0.14142197,0.38437185,-0.21037425,0.53773606,1.1239028,-0.3435475,-0.40604553,-0.5039535,-0.032131672,-0.17154951,0.6119148,-0.8905381,-0.30210447,0.4789561,1.1552103,-1.7953726,-0.18689789,0.62753445,0.011251734,0.2681785,0.07823877,1.1624093,0.68529755,0.3725243,0.1981427,-0.14948115,-0.43621337,-0.68676937,0.39515716,1.0031614,-0.07498959,-0.13127255,-0.06637396,-0.65214264,-1.5133251,0.8736569,-0.5797365,1.4524869,0.8998692,-0.56181735,-0.5761725,0.41650036,-0.03729362,-0.87657833,-0.44580713,-0.96800154,0.348605,2.2874174,-0.73036397,-0.40489167,-0.108711995,-0.6929203,0.034822594,-1.1677482,-0.864084,0.73373544,-0.80316633,-0.51326025,-0.44147474,-0.6778924,0.06275944,1.1806864,-0.7827404,-0.015496761,0.18262486,-0.14359994,0.10141258,-0.13578151,0.7739285,2.2791028,-0.27149695,0.168784,0.13598685,0.08295835,0.6100417,0.92436576,0.7445132,0.5797789,-1.0577766,-0.112502314,0.66347605,1.0254637,1.0436913,0.42774245,-0.9343035,0.6495767,-0.41055375,-0.18552437,-0.7795209,1.0572587,-0.21454282,-0.11127782,-0.6448379,0.13619263,-0.46149457,-0.4741982,-0.43903026,0.31811467,0.12505841,-0.6847449,-0.9522093,-0.18231395,-0.57423526,-0.05198487,1.1571422,0.45911685,0.20729013,0.70483,-0.15699914,-0.38788956,-0.73723096,-0.14312623,0.91159487,0.2957339,-0.02311321,-0.26728606,-0.29332516,0.16721442,0.1702809,1.1494644,-0.6059376,0.14350078,0.40994716,0.33097795,-0.45999384,0.25999013,-0.3387747,0.18642284,-0.06552362,0.3111739,0.71340823,-0.25183216,0.38761473,0.4502341,-1.1186061,-1.5583988
0.00958432,0.9216704,-0.39155188,-0.024230102,-0.6687478,0.041826963,0.4267465,0.1245198,0.48309776,0.08528396,-0.24945477,0.6269508,0.41610453,1.388992,0.7359993,-0.79438776,0.64256954,-0.22654895,-0.62079835,-0.8837686,-0.38498136,-0.91997325,0.7839551,0.78550017,-0.4719151,-0.35535458,-0.086730964,0.36072746,0.31491208,1.3227133,-0.69221693,0.5129659,0.4010456,1.5351571,0.08020689,-0.23256189,0.0024338728,-0.28207466,-0.82927847,-0.23874114,1.2112273,1.1134748,-0.2902949,0.010417652,0.65031964,0.029928226,-0.13953519,-0.40274477,0.61786026,-0.33917865,0.067946695,-0.668018,-0.17798245,-0.46459728,-0.28264415,0.43748185,0.8935604,-0.38813165,-1.0360432,-0.19660304,0.68429196,0.61406374,-0.66426766,-0.2686446,0.5536552,-0.0936224,-0.2578074,0.71308863,-0.06803196,0.77250683,-0.94019663,0.36606932,-0.096713744,-0.5741457,-0.123000376,0.30888534,0.5881334,-0.7665757,0.028112441,1.1026819,-0.09425244,0.32820854,0.10692368,-0.09912812,-0.7458749,-0.24328178,0.69279855,0.34202376,-0.17747307,-0.5019908,-0.31853434,1.130039,-0.24251297,-0.53617007,0.17699097,0.9141452,1.1490972,1.514987,-0.016946314,0.2731377,0.16262676,0.0059400112,-1.7786804,0.88953835,1.1303132,0.8907258,-0.059432786,-0.27080843,0.1410484,-0.33965448,-0.33835667,-0.17200069,-0.37433723,0.5797027,-1.7570124,0.44703257,0.37864193,-0.26728475,-0.71589684,0.6647239,0.62695515,-0.30530915,-1.0598503,-0.13067016,-1.3348422,-0.4837975,-0.60234016,1.1241499,-0.3507027,0.985665,0.31115553,0.011926827,0.9585294,0.058084186,-0.40463087,-0.6004225,0.012264789,0.98106784,-0.0586057,-0.11193445,0.27585712,-0.6857285,0.16777377,-1.1022732,0.16691229,-0.60089874,0.5958201,1.6392378,0.9619195,0.28044847,-1.1630638,0.48051554,0.7590073,-1.3265929,-0.504339,0.3904185,-0.40038195,0.7879959,-0.69739413,0.39290455,0.23392111,1.1363924,-0.7875475,-0.6115139,-0.7672035,0.2310875,0.27198985,0.45156273,0.13773187,-1.277809,0.45958138,0.26545727,-0.7649978,-0.1789212,0.22720882,0.6105354,0.033064947,0.95843554,-0.7000147,-0.38400683,0.12447596,1.298621,1.367955,-1.2394329,-1.2036376,0.3683716,0.32900193,-0.40918884,0.5495338,0.1649048,0.5934994,-0.14845218,-0.8479334,0.8599888,0.21295366,-0.36121246,0.087961234,0.75277066,1.0348563,0.569924,0.1042469,0.15018545,0.67631733,0.6509632,0.25418627,-0.09283792,-0.48551276,0.32960743,-1.1615291,-0.7560568,-0.4373675,0.52740276,0.61698484,-1.6358547,0.12393017,0.120662756,0.54384077,0.20941658,-0.25179723,0.1980843,-0.15787223,0.47670856,0.0805478,-0.90978634,-0.44510832,-0.22744942,0.48394224,-0.22085837,-0.16151612,0.43663704,-0.010124549,-1.0302093,1.3218017,0.1790972,0.36912635,0.17698607,-0.2376781,-1.6031796,-0.42675027,-0.29294142,-0.23390271,-0.59073263,0.053881742,-1.006061,-1.3943404,-0.78200305,-1.2780112,0.16288863,0.6248593,-0.5877822,-0.9177411,1.0619894,0.7011007,0.8868364,-1.5610574,1.1131128,-0.6712322,0.7068856,1.0674025,-0.48760694
0.016875386,0.10058913,0.52180696,-0.073283695,0.45125538,-0.2960702,-0.06631792,-0.44494194,-1.0901092,0.03260177,-0.34603655,0.6241078,0.27836317,0.12091467,-0.32468265,-0.72880775,-0.35968962,-0.85105866,0.11947462,-0.6960558,-0.87381786,0.28855377,-0.62658715,0.36334231,0.2158112,0.5009768,-0.7689491,0.29356638,-1.1052414,0.36318362,-0.24716777,-0.22603549,0.08751068,-0.026535995,0.32772976,-0.8554163,0.9407609,0.8023649,-0.45014384,-0.45797458,-0.91582775,-1.0265148,-0.8993441,0.40771767,0.12160214,-0.12949052,0.64090437,0.11654765,0.45166433,0.9898201,0.2967958,0.7312702,-0.9174601,0.33027115,0.6864569,-0.31927592,-0.8485288,1.2651906,0.8801685,0.16394208,0.12230002,-0.89838034,1.0426522,-0.002018939,-0.27220628,-0.8723247,0.100050606,-0.41614705,-0.7796465,-0.00060850877,-1.1396725,0.06415755,-0.021578453,1.0769345,-0.16278811,0.53938437,-0.54603004,-0.010849706,0.13192983,0.7506043,1.8699498,0.04242885,-0.4957638,-1.1836879,0.50415075,-0.8115008,0.5843466,0.10986942,-0.11966744,-0.16554475,-0.41845083,-0.2175364,-0.70251685,0.015289094,-0.27698767,0.025049135,-0.39794156,-0.20845947,0.92653435,0.80169713,-0.9082541,-0.78776133,0.43735647,-1.391368,-0.36214766,-1.3692436,0.21883355,-0.71360725,-0.9360852,0.46489486,-0.9686183,0.15325394,-0.8357998,0.5259445,0.31989408,-0.028734373,0.5217781,0.3019073,-0.5959185,0.6810604,-0.5391216,0.7284272,-0.6435946,0.2862773,-0.754221,-0.3031859,-0.40393168,0.08391173,0.55563116,0.4247251,-0.69099694,-0.51033527,0.50471497,-0.05616629,0.92818546,0.07047677,0.8823011,0.8550151,-0.01146562,0.20620102,-0.0036977797,-0.076216474,0.32824683,-0.006580977,-1.2332349,-0.3577796,-0.2816556,0.65912575,0.46569717,-0.4907897,0.50493324,1.0701264,-0.427541,-0.20548624,-0.52114713,0.104586594,0.009484774,-0.5195189,0.083793014,-0.73689634,-1.1803998,-0.6006781,-1.5701079,0.7101108,-1.1494371,-0.088640064,-0.1332286,-1.5615457,0.1439373,-0.031386655,0.2216831,1.0768592,0.48915848,0.35931382,-0.924507,-0.3821869,-0.66542333,-0.38269866,0.1628035,-1.4866105,-0.8972157,-0.82998514,0.33885726,-0.890291,-0.4809322,-0.45937353,0.0626512,0.34911096,0.22622502,0.38386992,0.059340596,0.46924224,-0.2630891,-0.624871,0.46921185,-0.96272445,0.51137936,-0.15656346,0.9332235,0.004170894,0.16767478,-0.5102826,-0.35609245,-0.18752928,-0.1539299,-0.16177328,-0.2685864,-0.29748026,-0.46569428,-0.3914111,0.6682986,0.4214676,1.3522909,-0.5437458,0.16268514,0.36951843,0.236992,0.04373357,-0.4492174,-0.03546724,-0.3691845,-0.73359185,0.5107402,0.73709124,1.017625,0.09614096,0.69795454,-0.08600649,-0.66688186,0.21544975,-0.115658626,-0.28293306,1.097717,-0.07590896,0.028427558,-0.10871117,-0.6356701,0.4713112,-0.22607592,-0.12754738,-0.3814197,-0.1598006,0.3830017,-0.26131716,0.4805274,0.49884886,-0.9344123,-0.8476153,0.8904846,-0.09357562,-0.23652726,-0.15090375,-0.12766674,1.5841086,-0.765694,0.22439413,-0.5118208,-0.3209099,-0.2760723,-0.03279719
0.11939193,-0.58934534,-0.99365544,0.5845639,0.052792527,-0.50568473,-0.83870137,-0.22196323,0.38631338,0.3022655,-0.7097447,-0.42724302,-0.6096152,0.75670743,-0.93934697,0.2826505,-0.6240144,-0.4812032,0.3490843,-0.25199097,-0.1277302,0.78791714,0.43252668,-0.5252548,0.4110476,-0.83572567,0.26252675,0.49757037,0.27786097,-0.18064575,0.17345096,-1.1052396,-0.46300057,-0.33145592,-0.3927858,-0.42282924,0.75303376,0.1329693,-0.04850772,-0.43493393,1.105878,0.3610799,-1.1227306,-0.7109646,0.12887694,-0.27223006,0.032882202,-1.0447887,-0.058514733,-0.5386694,0.63280946,-0.73860955,0.40557572,-0.015295785,0.119526096,-0.2866543,0.48057744,0.1548051,0.07327222,-0.27736205,-0.38857716,0.5163611,-0.5769041,-0.05322707,0.25678053,0.19327676,0.8159793,0.5463423,-1.0802646,-1.7131368,-0.5979347,0.09949895,-0.7516189,-0.34325773,0.26771045,0.14413235,-0.5290746,-0.4180591,-0.45359918,-0.9689252,-0.30352542,0.7278298,0.06515009,-0.4777148,0.31881237,-0.35317272,-1.0895772,0.678661,-0.1666223,0.86401856,0.07615205,0.31710428,-0.9225186,-0.24295004,-0.23576345,-0.4274618,-1.3420455,-0.7242921,0.45650616,0.89725244,-0.7842524,0.2554351,-0.32960418,-0.4035365,0.11613635,0.50954914,0.117882036,0.72719413,0.6245269,-0.34853104,-0.58216584,-0.10611952,0.41675875,0.04229166,0.7232016,-0.4969244,-0.6854942,1.070566,1.4396682,-0.33669457,0.029908633,1.3580356,-0.60805774,-0.64761263,0.7711451,0.4313956,0.922949,0.7401882,-0.25742543,0.114736974,0.03397565,0.39529866,-0.6774493,0.91948146,-0.2801686,-1.9027146,-0.0006284032,-0.41569594,-0.6862131,-0.78129387,-1.8564671,0.55628836,-0.33004647,0.10758095,-0.36671662,0.05126585,-0.31835425,-0.4007667,0.57528436,-0.004830473,-0.24567918,0.34684163,-0.107384644,-0.06799129,0.91564834,0.26104808,0.61687034,-0.83288413,0.28825125,-0.9933554,-0.08581534,0.5234953,0.95184475,-0.2034922,0.56386036,-0.17128035,-1.0210013,-0.6258162,-0.0067132106,0.7500297,0.5265687,-0.18873411,-0.02348868,-0.3238633,0.8361182,-0.22471693,-0.15882576,0.20479299,0.3504631,0.6008384,-1.5877584,0.58224106,-0.719299,-0.15109693,-0.6613444,0.30622464,-0.57212645,0.46986565,0.2509088,0.39214218,-0.14276159,0.73660535,0.23087826,0.52097476,-0.25375766,0.9448204,-0.050663944,-0.4290141,-0.009694423,-0.6640028,0.18514578,-1.5509133,0.0566504,1.2212285,-0.060460925,0.79687315,0.92973876,0.65484995,0.3924241,-0.7963663,1.3575333,-0.043692004,-0.61339283,0.121486366,-1.5188082,0.057995476,0.1613661,0.5891987,1.0491018,-1.2253883,0.70248204,0.6280389,-0.38694796,-0.84031457,-0.14297926,-0.3101737,0.776922,-0.14691246,-0.4008233,-0.08096613,-0.9465192,1.441225,-0.036332853,-1.3792262,0.1715547,-0.05243875,-0.8553083,-0.15809178,0.21918654,0.32130364,0.35640588,0.34762534,0.14256816,-0.042343397,0.6198742,-0.88805825,1.7252389,-0.045111116,-0.29343796,-1.5070369,0.63400996,-0.31352976,0.06616644,0.29945487,-1.0246154,1.60577,-0.24012733,-0.7485433,-1.0117759,0.27313557
0.9183782,-0.020538706,0.81182206,0.38147485,0.093242414,-0.51886076,-0.13698544,-1.1807575,-0.25430313,0.9478918,0.25011086,-0.36237824,-0.9368488,0.006621902,-2.0439653,-0.8597795,-0.5918259,-1.4136024,-0.48627007,-0.8418739,-0.103432424,-0.31509078,-0.39944142,0.691275,-0.01579477,-0.6924822,-0.39913857,-0.58919173,-0.39811572,0.43911722,-0.06757475,0.23455329,0.4882167,-1.5398877,-0.46410254,-0.14811079,-1.5737206,1.1324933,0.6293491,-0.359483,-1.5306866,-0.5722084,-1.317656,-0.95697266,0.38949433,1.2147287,-0.57741725,-0.35780832,-0.1971564,-0.62708,-0.6990044,-0.48539934,0.1844297,0.15810601,0.67987174,-1.0367244,-0.298162,1.4556311,0.88203293,-0.18123244,-0.5742878,1.2312105,-0.66776663,1.0354683,1.1520104,-0.9484818,-0.4321543,-0.18932004,0.64572847,-0.41426396,0.034445,0.8251807,0.6678308,-1.4653344,-0.78586924,-0.22310701,-0.64470255,-0.2397289,0.531792,-0.29561704,1.0813615,-0.26747304,-0.29952046,-1.8706429,-0.062256843,0.25645527,1.577541,-0.12497596,-0.8039837,0.2514941,0.4597463,0.38183245,0.48004895,-1.2643169,1.6205468,-0.6215315,-0.035994604,-0.014093382,-0.7370922,0.52489036,0.17120792,0.7103323,0.71411973,-0.33773717,0.3905112,0.023654766,0.8529728,-0.20643441,0.2620191,-0.22251171,-0.46911803,-0.49795005,0.29375556,-0.57599384,-0.7263902,0.6109337,0.0044706645,-1.2918178,-0.01037535,-0.8878673,0.28097466,-0.4462937,-0.78590214,0.64598626,2.2848194,-1.0929656,-0.28672516,1.2771696,-0.61218905,0.8221737,0.25756055,0.058011692,0.27938312,0.7809915,0.45097363,1.1198273,1.5523382,1.3844059,1.9948026,-0.22211502,0.6937158,-0.36399496,0.27293795,-0.005945605,0.30966267,0.7833353,-0.33477542,1.8625736,0.2627117,-0.36644313,0.3137014,-1.592741,1.7024109,1.3514992,-0.69332695,0.6213184,0.10414177,-0.511227,0.4646545,1.1607543,0.738306,0.29629314,-0.2695796,-0.39560345,0.44401833,-0.28639877,-0.1180302,-0.7908609,-0.3287719,0.004017979,-0.70242476,-0.39320534,-0.26123533,-0.10279211,0.64295375,-0.08597308,-0.3224399,-0.72342277,-0.777262,0.0844369,-0.45932144,0.3788033,-0.023751982,-0.19443382,-0.12652399,0.02135607,0.09750349,0.3144805,0.66508627,0.3531988,-0.39311364,1.0903974,0.8836333,0.15178221,0.5894604,-0.27502146,-0.012942706,-0.15746406,0.35065773,0.3506677,-0.9668326,0.6210262,0.23277034,0.04955178,-0.114491045,0.58308893,0.91262823,-1.1609441,-0.8641225,-1.4573988,-0.03847247,0.4341464,0.4596768,0.15377957,0.9441782,0.23726986,0.27237308,0.59547657,0.553215,-0.20813891,-0.2830796,0.64147025,-0.32798755,0.25356436,0.3200458,-0.2186932,0.7779544,-0.20252912,0.56128496,-1.4158587,-0.5300288,1.2900946,0.20048721,1.5804111,-0.38514152,-0.115863204,0.9369009,0.8909694,0.8511702,-0.24623705,-0.8706208,-0.69384557,-0.16701,-0.85820776,-0.9120319,0.6353291,0.47990245,0.24131693,0.71088636,-1.4645969,-0.28546023,0.7599241,-0.11009421,0.43264917,-1.5476854,0.7925674,0.33551297,0.05932776,-0.3768194,0.51484555
-0.43188176,-0.6613735,-0.6432209,-0.08344712,1.2660294,0.28138128,-0.5265236,-0.3619336,-0.36239,-0.9652285,-1.0027213,-0.37164354,0.7498211,1.2048831,0.1811392,-0.5846755,-0.5465809,-0.19502598,0.6515009,-0.2651768,-1.9376788,0.47642836,0.39608595,0.8753139,1.1478328,0.8230369,0.4355857,-0.45718816,0.496503,0.25190374,-0.18023294,0.37123024,0.11464938,0.62571526,-0.6548762,-0.009366586,-0.55218947,-0.64992553,1.1009973,-0.09962259,-0.21742064,-0.096923865,0.051140863,-0.9398834,0.9154902,0.36676344,-0.45898765,0.5762437,0.07309709,-0.3726184,0.14541715,0.0076447325,-0.62291664,-0.34413525,0.8639568,-0.61596453,0.073887825,0.7184939,1.1096656,0.7762252,-0.5761971,0.49230757,1.1592467,1.3173668,0.53467673,0.7303562,-0.07018856,-0.63601214,-0.39187714,-0.7817864,-0.55447096,0.58784294,-0.29420242,-1.258402,-0.008547803,-0.22762045,0.08196478,0.15427169,-0.44513008,0.85570186,0.2684598,-0.21483617,-0.85362214,0.36695424,0.3014571,-0.15608113,-0.71173143,-0.20436418,0.30415177,0.114461906,-0.5280727,0.48259363,0.6009845,1.0574206,-0.10763133,1.2462846,-0.3215082,-0.20211406,0.7191786,-1.1078779,-0.54271865,-0.1959476,-0.910282,-0.6743991,0.4736256,-0.45065194,-0.755238,0.62832975,1.9196004,0.058121525,0.038133074,-0.60672486,0.057123728,-0.2601223,-0.31828293,-0.4350698,-0.2896384,0.9195054,0.67201734,0.40812445,0.20574087,1.3195895,-0.47518915,-0.15779027,0.46353695,0.33326897,0.97466373,0.33206168,-0.057472277,0.44759524,0.098535076,0.8607114,-0.97429115,-0.39710635,-0.4863723,0.22423775,-1.1525474,0.8922942,0.25610682,-0.3185127,0.2858213,-0.04230944,0.3963319,0.3393115,-1.6880413,-0.39018926,-0.71570677,-0.2786848,-0.4372082,-0.32023522,1.1280917,-0.32574007,1.1341753,-0.10441395,-0.5047348,0.17590852,-0.18819675,-0.81453544,-0.2776023,0.2639659,0.19833338,-0.9047106,0.16581188,0.6971809,-0.30775926,0.19809113,-0.70104206,-0.9436109,0.049360786,-1.778405,0.14664318,0.3299129,0.40379128,-0.18278252,0.5772583,-0.46030337,-0.28326264,0.22421673,1.4708247,-0.16840076,-0.041945904,-0.76643175,-0.6511755,0.36417222,-0.01963196,0.0017476336,-0.5597003,-1.3715563,-0.11784123,-0.94064164,-0.5413109,0.03706893,0.53851515,1.2369517,-0.035475083,0.8230622,0.022044338,0.05076428,0.11082673,-0.5892873,0.19824913,-0.65535736,0.053066183,-0.10147441,0.5335635,-0.5261755,0.5262736,-0.93585384,-0.5161332,-0.6979592,-0.2627702,-0.32730126,0.17999817,0.15230861,0.33230814,-0.4141507,0.14828849,-0.80609494,0.8344034,-0.09138088,0.37622505,-1.1820123,-0.0854017,-0.33662674,-0.0011426207,0.75466275,-0.041806452,0.6748917,0.7631199,-0.21547936,-0.43465066,0.7644741,0.5674527,1.4496094,-0.3741138,1.0095264,0.6158548,0.026004467,-0.48326018,-1.6233798,0.39594713,1.179758,-0.7428736,0.8965231,-0.64039826,-0.31453738,0.052984416,-0.24573143,0.0002533408,-1.7982864,0.2922819,0.8452185,-0.76594234,0.62494636,0.11978524,0.15557761,-0.9752934,0.047051698,-0.080867685,-1.1720617
1.2341082,-0.9496752,-0.56657207,1.7536036,-0.09335439,0.8636842,-0.5808573,-0.8492692,0.7760217,-1.4867947,2.0957584,0.73337215,0.44459346,0.6395587,0.13808408,-0.5264314,-0.34711403,-0.03579019,-1.2806478,0.3599473,-0.282741,-0.08531089,-1.1155558,-0.7971356,-0.43983987,-0.2185364,-0.5678598,0.19966258,-0.087366275,0.02121881,-0.2005289,-0.019293167,0.84140223,0.8768241,-1.1065655,0.8390956,1.1089886,1.6614573,-1.6769773,0.6972214,-0.12873018,-0.2991229,0.17877994,0.3229179,0.5594305,0.6974921,0.4029219,0.7190047,1.5831673,1.255029,0.0032471563,-0.21548377,-0.12209449,0.11156399,-1.4565632,-0.35101894,0.39076027,0.074274234,0.261153,0.07496402,0.23944063,0.46621212,-0.2914474,-0.17383611,-0.674355,-0.053882312,0.55181926,0.7504028,-0.10789775,0.03554082,0.12771001,0.6905797,0.56929183,-0.9362763,-0.85013795,0.80522394,0.17748974,-0.44405395,-1.3274658,-0.023652213,0.5706324,-0.70724493,-0.3071915,0.0606035,-0.032611005,0.9250449,-0.19601439,0.17143793,0.5493302,-1.2049636,0.69925946,-0.67354995,-0.0053112498,-0.62002635,-0.8050092,0.026238192,0.8154788,0.24066027,2.2154536,-1.2204506,-1.394454,0.17380418,0.052221302,0.08568376,0.27842402,-0.16730224,1.9633777,1.2723869,0.12232107,0.10421244,0.54628366,-0.6844494,0.06578897,-0.44572467,0.7452655,-0.9170954,0.07674094,-0.9118975,-0.69821715,-0.5095708,0.8713027,0.41028053,-0.45267287,0.32558662,0.41105828,0.8210051,0.8953532,0.3983884,0.19415937,0.2442416,0.4258359,-1.0975693,0.6867901,0.085571304,1.0232924,0.7319897,-0.110220894,-0.47500774,-0.3369538,1.1035023,0.60391116,0.85036933,0.35945544,1.0706091,0.97693014,0.43909615,0.29913643,-0.79895085,-1.0231534,0.27409202,-0.46384054,0.15438879,-0.47367018,0.29129678,-0.63510746,0.36744148,-0.53855777,0.72459817,-0.033686582,-0.4116108,-1.0367637,-0.21173267,0.4114963,0.113171674,-1.6767226,-0.99471444,-0.2532298,0.28723904,-0.48354292,-0.10362463,-0.3809118,-0.67681515,-0.7887837,-1.5417798,1.6503303,0.60952014,1.6397676,-0.57434624,-0.2938617,0.55562395,1.0411217,0.09323849,0.32140958,1.1598629,0.2937714,0.23285593,0.89254147,-0.4026022,-0.24690804,1.1287755,0.94990695,-0.23502144,0.9447582,0.3654053,0.653172,0.4635224,0.6708095,1.6917259,0.11744494,-1.5558984,0.44835535,-0.77860135,0.08780656,-0.028882412,-0.6843514,0.21315359,1.2087818,-0.77506363,-0.7599184,-0.27156827,0.33459577,-0.7888089,0.36179194,-0.4492113,0.027157007,-0.031339116,1.0084155,0.3387033,0.75884,0.28125447,0.7048942,1.282091,0.30543876,-1.6857139,0.5799798,0.14070664,1.1276593,0.40911457,-0.531348,-0.2835791,-1.0377805,0.27467033,-0.62036353,0.43346488,0.32666874,0.45277554,-0.46385288,-0.25856552,0.3757756,-0.47576177,0.5584492,0.41606906,-0.4429544,-0.70576936,0.07540307,-0.3941254,0.93619806,-0.83040273,-0.9896054,-0.19916703,-0.52791256,0.6614663,-0.2343668,-0.73294747,0.10315153,0.21706076,-1.0562202,-1.0964812,0.9779741,-1.1116877
0.9294008,0.2887097,0.9183776,0.66093355,0.10532083,0.35632867,-0.79480916,-1.4583449,0.73756766,1.376376,-0.6525211,-0.95105565,-0.02684767,0.042969584,0.04218309,0.7089203,-0.2549341,0.30708924,1.0650496,-0.46582198,-0.25092927,-0.08900782,0.041581444,0.33880594,-0.5635313,0.30633855,-1.1085745,-0.18914935,-0.44636142,0.3074729,-0.6401382,-0.11119292,0.4646348,-0.35529938,1.2035753,-0.12069718,0.43215972,0.21276622,6.003862e-05,-0.075982906,0.54195946,0.12841216,0.6292661,0.22722456,-0.31153956,0.45513204,0.6300903,-0.031570032,-0.255808,0.8335127,-0.66578585,0.83927083,-0.1847083,-0.16288467,-0.5723885,0.17664352,0.16091397,0.94037104,-0.074569725,-0.21832907,-1.025116,-0.81279653,1.7551843,-0.35458875,0.6260662,-0.963318,1.5107453,0.16428643,-0.10312811,1.0084755,0.18396783,0.549206,0.63956165,-0.49833232,-0.27649757,-0.63896734,0.5981348,-0.484416,0.45554653,0.7612921,0.04952161,0.1958178,0.07379821,-0.0749118,-0.68294734,0.43539485,1.1416421,0.037386384,-0.71325684,1.0527961,0.67888236,0.32352668,0.75753427,0.45464638,-0.42719916,0.5272879,-0.35754126,0.6469106,-1.0589869,-1.0977898,-0.35139284,-0.16149978,0.8302031,-0.36700252,0.723498,-0.17762242,1.1342529,-0.57355285,-0.89973396,-0.5843461,1.068019,2.0883348,1.1882674,1.4449902,0.96815467,-1.1410805,-0.76396126,-0.35781425,0.02798673,-1.2410935,0.22402796,1.0986679,-0.9775071,-0.7419549,-0.2722398,-0.42981848,-0.29579738,0.07156918,-0.15864074,-0.37563035,0.6698465,0.7713405,0.28433147,-0.08433426,0.30384117,0.67749166,0.5578218,-0.34327236,-0.32188898,0.90327376,-0.3839617,0.015481855,-1.0912107,0.4126874,0.7650064,-0.69350857,-0.8058795,0.3708275,-0.5080369,0.07395564,0.24728285,-0.09418064,-0.49516797,1.0009148,0.17394163,0.0088593885,-0.1547468,-0.32724607,-0.3271919,-0.16605322,0.14992182,0.8320157,0.16824958,-1.2639412,-0.73641944,0.45592973,0.37428373,-0.12877402,-0.017397972,-0.19617474,-0.33021525,0.7208817,-0.14975233,0.02702607,0.11702697,0.6170483,-0.05918132,-0.3130609,-1.0460039,-0.53604054,-1.7116247,-0.73924285,-0.75869226,-0.44977704,-0.004465854,1.2455174,0.6340576,-0.13027927,0.9152037,0.4741648,-0.30212566,-0.11550545,-0.7758967,-0.48427513,-0.037578728,0.99679613,-0.08296075,-0.29870492,-0.18717667,-0.29884133,0.56674004,-0.18777953,0.5165638,0.78505135,0.15453874,1.2122598,-0.35737252,0.9732718,1.3240176,-0.7979138,1.0280528,-0.42975178,-0.688075,-0.06406179,0.17452885,-1.7063302,-0.674183,-0.032453366,0.29644904,0.13897254,0.35072318,-1.2533238,0.14596634,-0.43178,0.40793964,-0.9588693,0.09212398,0.43322057,-0.13811938,-0.28221315,-0.30682337,0.9673712,-0.39431566,-0.87143266,0.20944358,0.5431705,-1.0036355,0.8462241,-0.36900204,0.23922996,0.84948397,0.8617788,-0.019123835,-0.29126275,0.5467268,-1.1639863,-1.3650712,-1.083513,-0.046794668,-1.4773302,0.815523,0.27253744,-0.67093176,-0.2057162,0.88949496,-0.87979674,0.13103057,0.12230348,0.22434765,1.2314974
1.1154146,0.9030834,0.75919086,0.17861384,-0.17347638,-0.7995208,0.15978995,-0.20435521,-0.6823622,0.8813335,-0.513695,-0.38489377,-0.4984716,0.8888756,0.02504957,-0.8011393,-0.21266252,0.52889556,-0.5075282,-0.33531362,-1.0706412,0.43030906,-0.46710104,0.679792,-0.18243182,-0.11243185,0.36939842,0.7608602,-1.2918553,0.43486124,-0.29836452,0.9056763,0.57000023,1.3385676,-0.6189981,0.29271814,0.3335831,-1.1748363,0.75938356,-0.078322835,-0.3548793,-0.59360576,-0.15630874,-0.34453952,-0.49137548,-0.24487421,0.39411914,1.0084314,0.06573272,0.63250506,0.6653471,-0.8240855,-0.6329689,-1.3196943,-0.1483218,0.50611454,-0.14009371,0.06641559,0.6802944,-0.14961942,0.38469753,-1.1119999,-0.8929754,-1.0601324,0.5432839,0.11883398,0.14766423,0.945382,-0.7763433,0.6286801,0.19790928,0.6614239,-0.9323541,-1.1987649,-0.550183,0.07996501,1.5756977,-0.04202644,-0.12979415,-0.24875462,0.3572126,-0.13652095,0.42023048,-0.27957052,-0.44762754,0.16392617,0.013328643,0.26864788,-0.5253076,-1.0468988,0.14326902,-0.06642173,0.38480833,0.79099184,0.8993693,-0.43676805,-0.017979847,0.88956916,0.14915688,0.2997243,-0.7838021,0.33412915,-0.1630406,-0.27947628,-0.105871044,-1.5343659,-0.77970713,0.9129801,0.0679638,0.47564444,0.36224958,0.25049525,-0.8856557,1.5459168,0.85487664,-0.58598316,-0.2004303,0.11984156,0.35304075,0.2450932,0.1361546,1.2033185,0.17281745,-1.2484148,-0.3656075,-0.08120472,0.43591937,-1.9954815,-0.7467127,-0.34141338,-0.8424634,-0.6526749,0.13876136,1.9214834,-0.5447576,1.7375277,0.16029587,0.024085367,-1.1291716,0.2886989,-0.3676303,-0.8067349,-0.019763403,-1.087473,-1.0462215,1.357518,0.78038126,0.9112276,0.8679958,0.0022916335,0.022145981,0.49880645,-0.3879242,0.60682523,-1.0155458,-0.47104347,0.19060528,-0.60293657,0.4865915,-0.012509196,-0.5102589,0.7520409,-0.6829114,-0.3065859,0.28248867,-0.4563584,-0.61333853,-0.7580632,-0.09687399,-0.42479184,-0.7962693,0.93529654,1.6667798,0.6771366,-0.2615486,-0.020453567,0.05677307,1.0997478,0.8673088,-0.5740907,-0.72027415,0.23951276,-0.31664547,-2.434201,0.15507378,0.34544602,-0.8271352,-0.35225978,-0.58526766,-0.21159185,-0.8919749,0.38110074,0.22793378,1.3927267,-1.6278446,-0.42240968,-0.58927345,0.8607731,-1.0632185,-0.42552507,-0.0627675,0.18119726,0.20036785,-0.30325276,-0.5505886,-1.477475,-0.7273325,-0.9648986,0.07400161,0.1664601,-0.33069226,0.43425444,0.00810821,-0.5254319,-0.7679846,-0.39839816,-0.78770757,0.23295906,0.9141876,0.28037718,-0.06585938,-0.0881091,0.6544478,-0.9358073,0.91426146,0.15014929,0.3099328,-0.41005516,0.12281871,-0.7719776,-0.4590488,0.09281789,-1.4478079,0.11034942,-1.6312277,0.6078952,-0.9425822,0.076037176,-0.30350783,-1.1164904,-1.6759365,0.7512724,-1.1175283,0.8949656,0.10429407,-0.9725796,-0.105609156,0.40499708,-0.41966057,1.7570993,-0.6176866,1.2972779,-0.58739364,-0.0908642,0.53993595,0.09408451,-0.026680298,-0.7104564,-0.3872964,0.3376648
-2.199062,-1.1389592,-0.96427786,-0.39881748,-0.8299817,-0.009689024,-0.978834,-0.3958405,0.64320654,0.2718172,-0.90660566,-0.06305298,0.6440452,0.11529849,-0.06686539,-0.8598165,-0.5154945,-0.6332048,-0.54641926,-1.0052088,-0.9468973,-1.7240906,0.21118215,-0.04744187,1.551378,0.052057818,-0.08854065,0.3042736,0.042839646,-0.33168375,0.10774988,-0.092552185,2.162666,-0.37289628,-1.9081742,-1.1581955,0.6697027,0.41939372,0.21767065,0.5885192,-0.14337793,-0.23150924,0.04666621,-1.0029953,0.52689725,-0.2948387,0.78206444,-0.14887209,1.2011571,1.1647179,0.6557812,-0.6179192,0.15665442,0.7323051,-0.17344622,0.47091812,0.7108688,-0.46294656,-0.124963745,0.34925663,-0.020369895,-0.6922356,-0.56460947,-0.15848894,0.34910437,-1.6076277,-0.04601558,0.35726866,-0.47673842,0.5769403,-1.6165185,-0.65477914,-0.6188431,0.16600664,0.68598247,0.032668516,-0.21779509,0.31815583,-0.099573046,0.9750111,-0.17660907,0.5022896,-1.356485,-0.1595741,-0.12550256,1.2118331,1.5178419,0.7326012,-0.5765374,-1.2643944,0.46843126,1.4319727,-1.6875553,-0.65174955,0.10028869,0.3209331,-0.00958808,-1.2706627,-0.6638484,-0.29604405,-0.1027191,-0.97530735,-0.44711512,0.023088565,-0.5676181,0.082408614,0.5778947,1.2340724,0.8143391,-0.37089548,0.23436433,-0.73173136,-0.39872825,-0.09515764,-0.9842658,-0.47355562,0.7039567,-0.27421522,-0.11080897,-0.75303787,0.19432949,-0.31899977,0.6627327,0.3614151,0.20487386,-0.25816187,-0.45777118,-0.7902801,-0.81264096,-0.42518595,-0.02026349,1.2052023,0.20840265,0.69855726,-0.014852164,-0.45036173,-0.3618877,0.08670266,1.5539427,-0.09940133,0.77390105,0.31064615,0.3139286,-1.0327809,-0.5508009,1.4127817,0.54985994,1.243277,0.2873248,0.15558007,0.7503799,-0.023026632,-0.48676884,-0.13279048,0.47862187,0.4082424,-0.93410045,-1.7374895,-0.17227674,0.044102646,0.5200652,0.5278773,0.7123052,-1.344491,-0.35654023,-0.22859684,-0.5938607,-0.6174769,-0.045403853,0.11438541,-0.6482383,-0.5668079,0.695759,-0.37011018,1.1253511,0.77473944,0.18406966,-0.5774377,-0.3716306,0.58376914,1.0032382,0.005296536,0.48691928,0.05212645,-0.3314595,1.2022107,0.6024548,0.12856516,-0.06578725,1.0115099,0.56023145,1.0836984,-1.3156312,-0.4616105,0.56667393,-0.61684924,-0.09529447,0.16694087,1.1804326,0.15216154,0.4013406,-0.37468427,0.52543104,0.5203094,0.19077295,0.029605096,0.1208165,0.66635525,-0.287432,-0.31436443,-0.21307415,-0.103280686,-0.5768686,-0.2600442,0.7058923,-0.78092486,0.26146877,-0.12525263,0.22227575,0.12155063,0.95350415,1.2816553,0.6173972,-0.88085616,-1.2760471,-0.34835583,-0.29491124,0.4940944,0.77351654,-0.7271526,0.11220442,0.103063524,-0.31199503,-1.5078561,-0.14460611,0.2946506,0.584946,-0.599976,-0.6400473,0.5731975,-0.974929,2.7353168,-0.95499927,-1.2204272,0.39960483,0.4635466,0.6590473,-1.3320428,0.5319116,-1.236046,0.06275343,-1.2728693,-0.93888444,-0.26422712,-1.2153674,-0.123899885,-1.3757122,-0.79504484,-0.25149366,0.039076746
-0.41740003,-0.18972449,-0.49367416,0.48763734,-0.07450989,0.7104837,-0.7714179,0.044775203,0.76821417,0.552457,0.2959463,-0.34226102,1.4348478,0.22160377,0.14240421,-0.59849167,-0.29527825,0.63525134,-0.8358635,-1.1500901,0.1593701,-0.5273868,0.66500825,-0.028452711,0.49728638,-0.52276874,-0.19690642,-0.013895828,-0.7123437,0.1238977,-1.241904,0.59894615,-0.30641735,-0.15193838,0.45362133,0.22300582,1.0776259,-0.5136375,-0.4126557,-1.2037106,0.42762116,-0.101093456,0.12431096,-0.18257004,-0.046340637,-1.5794437,1.1456012,0.8460214,0.5030128,-0.42056555,0.01896825,0.2679365,-0.49600077,-0.4241723,0.9479188,-0.87419784,-1.6352783,-0.03928967,-1.5587296,-0.2937185,-0.7352845,-0.44789597,-1.6263422,0.31135076,0.40184548,0.22798319,1.2547736,-0.55543524,-0.07732781,-0.89549667,-0.3506033,-0.5919614,0.0937728,1.2651349,1.5201437,-0.026816973,-1.2018638,0.22561647,1.2930354,-0.6537536,0.37883437,0.40339974,0.20510477,-0.5564026,0.51409435,0.48891282,-0.45590514,0.65257806,0.28168792,-0.027220856,-0.65583426,-0.73670787,2.1275368,1.4324925,-0.026500735,-0.8084512,0.7448447,1.1443856,0.44234514,-0.05389718,-0.9371049,0.42578974,0.31833103,-0.20902838,-0.022085272,0.6827238,0.3309124,-0.3053179,-0.74239844,-0.028014345,0.29854113,0.7537668,0.28307042,-0.87527406,-1.144999,0.13793288,-0.64073133,-1.149161,0.10038544,0.6140763,0.97852755,0.47431934,-0.5010813,0.0073644635,-0.06842107,-0.12711431,0.7738357,-1.1160915,0.05098135,-0.8612569,-0.030004673,-0.72530943,0.12263249,-0.17966427,0.030576816,1.1968669,0.5935089,0.37000462,1.4669394,0.09100696,0.16346955,-0.049043376,-0.8693715,-0.6109652,1.1406269,-0.44278482,-0.31943715,1.4781148,-0.13903558,0.25476858,0.23233905,0.89297837,0.5625544,0.49063033,-0.35739404,0.85935867,0.5796142,-0.24780935,-0.13075392,0.8333314,0.59382164,-0.7908851,0.3387313,0.33764678,1.0597438,0.18155602,-0.82875746,0.43138903,-0.29463464,-0.15706833,-0.9640871,0.65026146,-0.17425244,0.6006123,0.38192424,-0.851909,-0.56078374,0.43042475,-0.29517418,0.014982095,-0.14638533,0.0833468,-0.8184129,0.8999562,-0.33844018,1.3970203,-0.11867687,-0.6482003,0.5953002,-0.069798104,-0.2452433,1.1388379,0.22150154,-1.1509093,0.11871524,1.5405685,-0.21978109,0.17695187,1.5667256,0.18253541,-0.20682628,-0.40502897,-0.51178896,0.9185494,-1.0963548,0.32665607,0.40249977,0.1167655,-0.38416725,0.26173544,-0.14898866,0.68718857,-1.5061474,0.93686074,0.79346126,-0.9008802,0.28825504,0.430038,-0.9624895,-0.12288683,-0.23398387,0.1653354,-0.9386822,-0.82954866,-0.64799756,-0.4689451,0.6419671,0.30108923,0.10940166,-0.42452183,0.14887513,0.13305713,0.16196007,-0.0030394087,-0.256427,0.86947554,0.51497096,0.048559133,0.9490553,0.46279153,0.45948723,-0.8100773,-0.22557013,-0.5562581,1.0907923,0.37867206,-0.010543571,-0.030853704,1.3516054,-0.39221177,1.1225072,0.13318244,0.49423707,1.3492634,-0.73317343,0.13403903,-0.70307946,0.046202876,-0.117341116,0.74554354
0.36005545,0.6719028,-0.6895032,-0.10053901,-0.2297741,-0.7749812,-0.2634869,-1.1589197,0.43130475,1.1862003,-0.6957575,-1.399176,-0.09069168,-0.03109454,-1.1954889,-0.23515849,0.68659323,-0.13739786,0.016079701,-0.013616832,-1.0926733,0.7942419,0.3800662,-0.43353674,0.7237402,-0.15068577,0.06610959,0.3224393,0.49691933,-0.10295277,-0.1964175,0.17132342,-0.12981312,0.13554128,0.6586677,-0.122541755,0.4475184,-0.5900124,-0.47871166,0.6396348,-0.024709512,0.15078072,-0.033862617,0.37216824,1.5907176,0.07602796,-1.3192536,-1.6642756,-0.28822035,0.81347936,-0.9413867,-0.79278207,-0.762551,-1.0635408,0.35766205,-0.034668475,1.0042857,-0.030582946,0.46757147,0.5083698,-0.14724603,-1.2018623,-0.21495788,-0.40993252,-1.1999017,1.0614921,0.20625333,-0.21309781,-0.0401909,-1.3031795,-1.0152112,-0.2761303,-0.04763121,-0.20831604,-1.0186334,-1.2595253,0.12392733,-0.25546798,0.120601565,0.18105946,-0.22475444,0.31589803,0.45715898,0.32896382,0.07130194,0.67876536,-0.93414897,-1.0871547,0.13505799,-0.028959064,0.66655976,-0.40772745,-0.1774151,0.1888338,0.031590592,0.64125955,2.0540125,0.65283227,0.7891204,0.20211026,-0.11405378,-0.05379076,-0.63990414,0.7745316,-0.24230787,-0.30107573,0.61932343,-0.09847791,0.18505582,-0.7076634,1.0864,-0.29839277,-0.5495951,-0.81570214,0.102764204,0.68622726,-0.76912236,0.51173884,-0.51552147,0.077861704,1.0062249,-1.2241685,-0.27606267,0.050425295,0.26691565,-0.6837824,-0.7447753,0.29717937,-0.3392272,-0.19127564,-0.44833675,0.29536384,1.5066512,-0.35274488,-0.75613654,-0.6944261,0.0032382945,0.76049644,-0.552818,0.59367645,-0.22778313,-0.4334182,-0.7121697,-0.2927084,-0.27540383,0.040631015,0.1863148,1.1158644,1.159174,-1.1666609,0.42636532,0.7697974,0.27419165,0.46776968,-0.06270352,-0.17922997,-0.02526629,-0.027990142,-0.6736201,-0.39485568,0.8002885,-0.6398444,-0.21412125,0.34997,0.1240687,0.6638102,-0.9821949,-0.2470012,-0.053022437,-0.28469506,0.2955006,1.4024527,-0.80167776,0.7630813,0.064096905,0.02184331,-0.38875237,-0.3888716,-0.373058,0.99357456,0.5547701,-0.3813909,0.5620852,-0.5578268,-0.4183811,0.8437511,-0.5561099,-0.08813917,0.86749065,-0.5073183,0.37175924,-0.3532861,-0.11527057,0.040039502,-0.2484836,-0.35192817,0.060329508,-0.54721713,-0.70703596,-0.07098915,-0.45640486,0.70939785,0.4811862,0.41448382,-0.19098224,0.21610902,0.9624442,0.27111495,0.38195154,0.56322885,-0.28294075,-0.750954,-0.25698832,-0.8264544,0.17438573,1.1790946,-0.1400406,-0.79402083,-0.5312963,1.2567014,0.14329742,-0.43814465,0.4281846,0.2531947,-0.9830986,0.5172798,0.9334796,0.15501428,-0.66813964,-0.35885084,0.0023465098,-0.5082356,-0.11830747,0.036325444,-0.63406485,-0.6518863,0.607593,-0.39518958,0.5963206,0.32262507,0.025210902,-0.9847228,0.4804145,-0.13738379,1.2413151,-1.1827393,-0.32399422,-0.12628937,0.4452664,-0.40843472,-1.2815964,0.532468,-1.8962127,0.67394704,0.020076934,-0.5603257,-0.2890635,-0.31508315,-0.9601268,-0.78198296
-0.004591492,1.6103206,0.88651407,-0.22569291,-0.42309833,-0.18893856,-0.39614162,-1.2108457,-0.6454226,0.7222028,0.98090005,0.81245214,0.49577463,0.6273455,-0.9723088,-0.0045969104,-0.19267707,-0.0036410955,-1.3908429,-0.7848582,-0.32100087,0.43678042,1.289439,0.82966197,-0.77334887,0.6432233,-0.051876467,0.046309147,-0.5587723,-0.14248087,0.025723634,-0.19988833,0.026412547,2.4383924,-1.8067029,0.29346585,1.0070523,0.57979476,-0.56571573,-0.041824773,-0.06409051,-0.26745522,0.6263285,-0.08522415,-0.5346254,0.41184154,1.8553314,0.11417051,0.21442941,-0.21006835,0.03683779,0.48833418,0.51177,-0.47446445,0.11201527,0.48841274,0.5363322,-0.11921335,-0.78745127,-0.8557662,0.46017557,-0.31312293,0.5903411,0.8022356,-0.9886987,0.3608798,0.47365463,0.7432665,0.21603599,-0.68407243,0.34070304,-0.6130237,-0.083981834,0.21951698,-0.3843697,-0.49985057,-0.23885147,-0.50501245,-0.09106406,-0.11394043,0.2012894,0.020120759,0.46132028,0.44545537,-0.27430224,0.063766055,-0.5086559,0.26392192,0.2695994,0.38942185,1.0082765,0.17631376,0.3506572,-0.71319836,0.32657674,0.44918314,-0.38932037,-1.3020985,-0.22070174,-0.32738012,0.07386881,-0.09753236,-0.89570546,0.054623276,0.80821174,-0.019961283,-0.5686396,0.32362553,-0.09554277,0.3984974,0.3733149,-0.020376232,0.66372514,0.794085,0.5633015,0.04701744,0.04309124,-0.7965148,-0.14868586,0.6517942,-0.46962675,1.5782117,1.1755213,0.4169792,0.69176483,-0.10860101,-0.017770775,-0.24963209,0.5244323,0.031095125,-1.1780206,-1.3371825,-0.828381,-0.28335547,-0.15639634,0.4738303,0.081342354,0.5250388,0.08193196,-0.6905856,-0.18663292,-0.6537857,-0.99157625,-1.4997146,-0.056548927,-0.6336057,-0.43469128,-0.37101462,1.1880368,-0.9856178,-0.17362207,-0.031101214,0.2743028,-0.06325844,-0.2285019,-0.83722216,-0.0634031,1.0849553,-0.8500363,-1.0385253,-0.45721942,-0.4974049,-0.1910095,-0.45571923,0.20879824,-0.19978638,0.53044003,0.51210475,0.41454324,0.4223448,0.14389329,-0.25854063,0.592177,0.9397304,0.35064512,-0.66044664,-0.59857166,-0.77041453,-1.1107187,-0.5357381,-0.43624157,-1.0432816,-0.9392903,-0.065311514,0.1044601,-0.32223085,0.06182953,0.656224,-0.38359386,-0.40462098,0.07179251,0.20450927,0.38775194,0.79437,0.6832436,0.25383538,-0.664263,0.71912044,0.72780854,-0.6427996,0.12568483,-0.58735716,-0.32786572,-0.062657796,2.2601013,-0.38377213,-0.8687759,-0.6439899,-1.2220566,0.55125225,-0.8098598,-0.2768666,-0.23659936,0.01981111,-0.8080657,-0.2075744,0.39188713,-0.20433162,-1.18367,-0.5944278,-0.07935509,-0.22672531,0.29357156,0.8703521,-0.3749435,0.51639944,-0.47846285,-0.72820824,-0.12131428,-0.7379939,0.4437267,1.7208813,0.605164,0.3904213,0.45020157,0.32346514,0.20753919,0.99825144,0.3854048,0.92243046,-0.2390433,-0.44022548,-0.21293004,-1.9519287,0.32117808,-0.23869401,-0.9212741,-0.5748775,-0.050267637,-0.5320753,-1.0195589,0.23281763,0.9103581,0.5487375,0.40058097,0.36530986,0.37035847,-0.5267709,0.1732098,-0.13653709
-0.64515454,-0.2923024,-0.56702584,-0.47847676,-0.0023236058,0.9163883,-0.09166037,-0.81965894,-0.42635807,-0.66195804,0.63234615,0.43836865,1.0225353,0.29255262,-0.2305,-0.86307734,0.4798948,-0.07166555,-0.6157433,-0.10531599,-1.15519,0.2182724,-0.11395387,-0.34451595,0.11410179,-0.14025883,-0.41508517,-0.54031265,-0.11331818,0.25463843,0.27426946,-0.2847325,0.39834636,-0.14031284,-1.2900076,0.5330579,-0.842014,-1.3010318,-0.22781862,-0.2201927,-0.19616108,0.33533084,0.72641915,-0.7341231,-0.8244071,-0.37667146,0.23816666,0.21919385,-0.21364607,0.33156168,-1.015363,-0.5914707,-0.7353325,-0.07252514,-0.30927542,-1.0478945,-0.8420901,1.0956277,0.7196647,-1.9173014,-1.2204416,-0.9832444,-0.77048326,-0.744559,0.024228701,0.0007282059,0.20523772,-0.34662467,-0.4941951,0.3981896,-0.021189665,0.06716978,0.6188221,-0.13239066,0.38829577,-0.2039335,-1.2002776,0.72409767,0.05441447,-0.7391968,-0.32449245,0.26723146,-0.3300713,-0.81652284,-1.0902095,0.49608448,0.58764446,1.8906639,-0.92201877,0.21582405,-0.6736843,0.7865449,0.05656768,0.53225833,-0.69879293,0.24097046,-0.5519798,-0.69335383,-1.2210659,-0.50673777,-1.0215379,-0.05524511,-0.94297093,1.0037973,-0.30675033,-0.33269584,-0.4536793,-0.08667478,-0.104150586,0.19510615,-0.82123864,0.24227762,-1.0265902,0.22854145,-0.07045068,-0.45529333,0.5710196,-0.34824175,0.25658676,1.8368084,-0.8861587,-1.5862325,-0.74784315,0.8978803,-0.42101404,1.1750695,-0.7349538,0.34743136,-1.7077892,-0.3877023,-0.2853648,0.37566373,0.34569997,-0.5677623,-0.058549836,-0.2550967,0.19924545,0.12317896,0.41790617,-1.0948186,0.126096,0.9257414,0.22195134,-0.4873879,-1.054992,0.22852017,-0.68552464,-1.0634397,0.15967952,-0.45642442,0.0927786,0.16304989,-0.2555637,-0.5166071,-0.4692756,0.18295535,0.095456615,-0.707184,0.4646275,-0.006121673,-0.7458599,-0.27119425,-1.4495198,0.5700308,-0.45704308,0.20208669,-0.47665316,-0.8367386,-0.16757143,0.57623225,0.39567918,0.8335517,-0.20788164,0.55131346,0.16536206,-0.85376143,-0.0040732464,-1.4429946,-0.44427505,-0.4039699,-0.9032926,0.04720111,-0.15372124,-0.88745755,0.45314363,0.6065067,0.1709085,0.5491135,-0.784241,0.019563746,0.61544245,0.6387494,0.73361427,0.3775236,0.7256011,0.24180943,-0.047726013,-0.14042811,0.32674867,0.9127318,-0.20316063,-0.32776123,0.85513484,0.22906911,0.08813394,0.01754083,-1.0052427,-1.1002576,0.37435544,0.29268914,0.14741792,-0.6583159,-0.33689398,-0.07312644,-0.41756278,-0.77088076,-0.2575409,-0.26123902,0.273895,-0.16435814,-0.11904428,-0.8654741,-0.43827558,-0.30632457,0.1011026,0.0625249,-1.1112982,0.8761973,0.6197241,0.41942602,-1.0476665,-0.5014323,1.6150159,0.8284427,0.1323249,0.046563614,-0.34993428,-0.69465905,-0.012435219,-1.2815349,0.5366315,0.0034750958,-0.64338446,-0.515379,-1.1128303,-1.1785622,0.30028918,-0.07908779,-0.5518237,-2.1537595,-0.2924967,1.02833,1.432776,-0.14257903,-0.15816772,-0.8322577,-0.18039922,0.01629539,-0.5407374,0.026118552
-0.70571214,-0.30351007,-0.2403886,0.13203299,0.48603183,-1.5576782,-0.3747758,-0.1488577,0.029701456,0.15230215,0.117621824,-0.6883998,-0.8726026,-0.34530118,-0.769569,-0.59128755,-0.0010351749,0.21459694,-0.12387021,0.0080366405,0.19701904,-0.70028687,-0.48170206,1.0626928,0.20826228,0.9917611,0.24512947,0.5913962,0.12801144,-0.76882094,0.1434246,0.085240826,0.1343545,-0.7014537,-1.3673224,0.42494053,0.630886,0.7171388,0.12546152,-0.5262867,0.08706679,0.030223144,0.282101,1.3726281,0.65538406,0.14317133,-0.7357196,0.5591198,0.108587734,0.16638999,-0.022102313,-1.4973589,0.14039725,-0.5930115,0.50563127,-0.35957554,0.30719113,-0.2761793,0.09589922,-0.45768735,0.21782231,-0.48403898,-0.7737194,0.18247497,-0.028485203,-1.2484928,-0.21892625,0.023539152,-1.0245763,-0.11958641,0.99582666,0.6347439,-0.1514029,-0.36849716,0.9143279,0.414814,-0.8235542,-0.14975832,0.7448728,-0.56018025,0.31786856,1.3142936,-0.77415514,0.82381177,0.67786247,0.52917886,0.20748937,-0.2595602,0.34880283,-0.99906373,0.42405328,0.24160433,0.9227534,0.84294236,-0.44607663,-0.095798925,-0.7519086,1.0501865,-1.2248918,-0.67820585,-0.29778525,-0.18815596,0.045654424,-1.2298898,-0.03465126,-0.13333032,0.03231808,-0.45593616,-0.9461545,-0.031509545,-0.47757164,-0.9201249,0.39263046,-0.94834775,-0.512101,-0.13671467,0.13624665,-0.52644515,0.102781,1.3074591,-0.047701567,0.012683323,-0.9952363,-1.1259907,-1.0907882,-0.07432641,0.3998573,-0.2502922,0.78046894,-0.9492209,0.4081904,-0.52099603,-1.0730094,-1.3290905,-0.06766166,0.11574444,-0.003996918,0.52992094,0.2926394,-0.64312166,1.0210252,-0.29522675,-0.7765298,1.0452533,-1.0600842,-0.3323519,-0.3053699,0.085301176,0.9122149,0.45752972,-0.015370365,-0.8400571,0.0020971939,0.32313892,0.43118203,-0.020421661,0.6845971,0.8288119,0.44524238,-0.5090525,0.27660003,0.68520576,0.18749893,1.1353887,0.8055752,-0.38811576,-0.21569043,-1.1573505,-0.22736147,0.37715048,-0.3561705,-1.764548,-0.1838457,-0.713985,-0.4343863,0.14437447,0.2279043,-0.951028,-1.0231252,0.21055232,-0.7426467,-0.13852394,0.643904,-0.04316654,0.63843334,0.05520329,0.12673531,0.28650954,-1.2674669,-0.45207977,0.35089877,-1.3748187,1.0458999,0.49613115,0.65200436,-1.3785408,0.3321798,-0.7493146,0.5374997,-1.0024314,-0.054654818,0.8917167,0.08053887,1.1299642,-0.5662955,-0.5687455,0.10008416,-1.0158828,0.36909622,-0.6592658,0.3294319,-0.9908382,-0.41611964,-0.7282319,-0.46900034,-0.06806874,-0.62809694,-0.06496901,-1.2413546,0.32226682,0.4159233,-0.26105434,-0.07807053,0.9758351,-1.051676,0.10184415,-0.41600963,-0.0029038202,-0.26977277,0.28397182,-0.06475099,1.1231103,-1.3838362,0.20416531,-0.066964485,-0.060278744,1.0155795,0.06882353,1.3499268,0.99968934,0.74959636,0.1897478,-0.7141683,-0.17450671,0.70266706,0.18368934,0.38367406,0.97848773,-1.312271,-0.18125106,0.038851954,0.92893213,-0.41699645,0.8904273,-1.8264716,0.48543572,0.3219755,-0.21341214,-0.28089455,-0.5976086
0.16608706,-0.42607462,-1.5791103,-0.11593055,1.2404026,-0.35651374,-0.1629324,-1.4406768,0.4664708,1.3413634,0.56436557,0.40068236,-0.017274389,0.06867093,0.7433513,0.36673152,-0.05937993,-1.3721561,0.19647929,-1.3556286,-0.54911184,0.46526602,-0.45145532,0.24236949,1.0745306,0.9783673,0.5303827,0.8276646,0.6315598,-0.41438478,0.5960015,0.44018605,0.38766146,-0.2730571,0.33146617,0.050244708,0.16098255,-0.6508062,-0.9087361,-0.08487039,0.5785452,-0.14319874,-0.36893156,0.04036745,0.6571906,-1.0021985,0.4925059,0.22602639,0.44471866,0.44162425,0.8353625,-0.44324076,0.56504303,0.5815488,0.5279231,0.06602525,-0.010114178,0.63112676,0.13413744,-1.0062257,-0.08998464,0.6571271,0.24220644,0.28038996,1.5711995,-0.038505185,-0.36338508,-0.27027136,-0.1264155,0.11788011,1.4921421,0.055787627,0.3914937,0.095653474,-1.4159029,1.111187,-0.8074946,1.1546339,0.73741037,-1.3835282,0.16393477,0.04099772,0.36055908,-0.58495414,-0.92068464,0.5263596,0.3662245,-0.26601562,0.63461775,0.4105258,-0.13988616,-0.1314583,0.74567807,-0.82717526,0.09241703,0.12213253,-0.32032695,0.7245487,-0.48027292,-0.9399988,-1.0658498,0.36686593,-1.5192236,0.5144887,-0.51529056,0.023863105,0.54033494,0.15226018,0.4079705,-1.757516,-0.4736715,-0.9450865,1.0870439,0.27138552,0.20223852,0.17873894,-0.101353094,0.64613885,1.0000203,0.21553135,-0.84625757,0.016711406,0.019278219,-0.21770114,-1.007567,-1.537551,0.48053974,1.0259066,0.7493783,-0.73351985,-0.0084260935,0.44138524,0.4990732,-0.27484748,-0.16379248,0.4887507,1.3543011,2.4722776,-0.014987972,0.28136453,-1.2636938,-0.97493076,0.12193316,0.79272586,1.2134764,0.81769156,1.397642,-1.1895708,-1.3963286,0.066090696,-0.6967727,-0.24668773,0.29816067,0.056776196,0.6100678,0.45302868,1.5548475,0.0140313795,0.1452795,0.16563003,0.82391274,-1.1352872,-0.30713624,-1.5618517,-0.320531,0.46060222,0.67904675,0.46056312,0.1489629,-0.046158195,1.2719873,0.7850302,-0.2058284,-0.10399945,1.6698385,0.32384837,0.17143895,-0.180357,0.4667482,-0.86271656,-0.43662113,-0.13262792,1.3888751,-1.2102433,-0.034921292,-0.18711242,-1.4966495,0.35326794,-0.4572821,-0.6478395,-1.1144799,-0.42820272,-0.378086,0.016863957,-0.5860266,-1.0682552,0.018895969,0.15054442,-0.11955684,1.8261906,-0.38536182,0.65194434,-0.025051465,-0.19874363,-0.38447413,-0.01759033,-2.2974246,-0.5666061,-0.10378425,-0.22878022,1.0430328,0.051672544,0.97841424,-0.14186887,0.14202204,0.23432042,-0.3538771,0.09581655,0.32974574,0.9195555,-0.7104939,-0.41060826,0.37413692,0.09084165,0.31205252,0.7698528,-0.43491125,-0.24277401,1.1269349,-0.7759281,0.36781502,-1.085334,1.0315725,-0.53583676,0.6199051,0.31082687,0.1472362,1.7431401,-0.1807949,0.50823027,0.725933,-1.5027835,0.38291627,-1.0968909,1.6220956,0.6458124,0.11480903,0.22927956,0.0511392,-0.093207,0.035137657,-1.0273894,0.68129015,-0.25038296,0.07441431,-0.4761265,-0.038122755,0.1697715,-0.19723752,-0.11108711
0.19345085,0.17574537,-0.4467738,0.84032214,-0.40499756,0.029705599,0.48373544,-0.90567,-0.17684506,0.66586274,-0.6896155,1.0504196,-0.25737882,0.54125667,-1.3135259,-1.4449745,-0.30321348,-0.50797796,-0.7399203,0.13130485,-2.0885403,-0.002223542,0.61978716,0.62513655,-1.2638429,0.014375307,0.111850105,0.1606325,-0.6564327,1.4634738,-0.05402879,0.25127286,-0.44069055,-0.6282444,0.8737254,0.85529304,0.35265455,-0.890576,1.605942,-0.4093964,0.25916344,0.58890486,0.011476828,0.9696505,-0.30970088,0.63203555,-0.17025244,0.25458744,-0.43003914,0.8053661,0.98440266,-0.10804825,0.4139356,0.013970919,-1.1461765,0.5452394,-0.18624273,-0.17732376,1.0331118,-0.049007073,0.45516577,-1.3686126,0.14100903,-0.20519409,0.22229347,-0.44300172,-1.1751775,0.0958178,-0.476319,0.0006774875,-0.44572985,-0.9101506,0.3957533,0.62297595,0.59389615,-0.15704401,0.22046673,-1.2033612,-0.24254337,0.18123539,-0.36026242,-1.0032926,-0.54666257,-0.3525943,-1.8501214,1.1344057,0.15819535,0.54957294,0.5520015,0.2890974,-0.17968166,0.105441876,-0.8028042,-0.5173378,-0.5676709,0.32017866,-0.6990496,-0.18929367,-1.0112824,-0.21785837,0.1614052,-0.8048233,-0.004184414,-0.20104377,0.59290725,-0.33558795,-0.22659929,-0.29561132,-1.4107727,0.6924863,0.27525067,-0.42961556,-1.1662924,-0.07050372,-0.36709714,-0.5681761,-0.736926,-0.653958,0.17228523,-1.5620556,-0.48313737,0.5278919,-0.8093945,0.33797795,0.12211958,-0.34594232,-0.5298285,-0.5186963,0.2101334,-0.3199702,-0.35856494,1.057333,0.75338674,0.33917734,-0.6219695,-0.8153301,-0.26460418,1.2086227,-0.7446808,0.13382243,-0.44015062,0.9661176,0.79953676,-0.13340493,-0.9817117,0.27321103,0.40897122,0.09145324,-0.17818944,0.04275469,1.2771306,0.0064330343,0.029962024,0.3339554,-0.661752,0.054505467,-0.23215888,-0.06964276,-0.48461792,-0.6232509,-0.09165207,-0.33529443,0.11938039,-0.68982327,-0.17306744,-0.30768436,-0.044147883,0.9082084,-0.04995303,0.8135796,0.3764145,-0.58534485,-0.82249784,-0.38948032,-0.40485936,0.7718112,-0.21285346,-1.6019171,-2.2728953,0.20444617,-0.1654559,-0.22256006,-0.77850217,0.47706202,-0.16008429,-0.38624534,0.0032106386,0.39043736,-0.47325718,1.5231483,0.15776236,0.12628774,3.1525621,0.25577295,0.30788207,-1.3611,0.037348107,-0.25352025,0.2615826,0.38403675,0.3710653,-0.47271705,-1.3275236,0.019661378,-1.2980124,0.7167007,-0.29851025,-0.1536481,-0.17281798,0.09049987,-0.1458,-0.28042194,0.46732298,0.73909134,0.30588326,-0.33669573,-0.6731911,-1.0369138,-0.84648275,0.4588164,-0.46782795,0.78743106,-0.35289022,0.052979868,0.6638454,0.805016,0.41506082,0.24965662,-0.6509984,0.4359388,0.104922615,-1.671075,0.109503016,-0.5417655,0.010502826,-0.19328412,-0.31732467,-0.953761,1.2056042,0.5999268,0.6885906,0.34383094,0.44576097,-0.697847,0.7797693,0.18729809,0.32938147,0.34022483,0.8019035,-0.26792824,-0.85929495,-0.7752793,-0.04799092,0.03455073,-0.5067885,-0.15577447,-1.0807754,-0.9814104,0.05682036,-0.67040724
-0.26757407,0.82665867,-0.21019329,-0.8933617,-1.786816,0.071668126,-1.0217267,-0.6143579,0.011929772,-0.3573093,0.19749074,-0.8909726,-0.2103879,0.73806864,-1.2155205,-0.42512155,0.5566046,-0.15633166,0.021384142,0.11484347,-0.21654454,-1.2469227,-0.6405976,-0.021015923,0.75964916,0.16381401,0.63105756,0.6050949,-1.0851783,-0.011836564,-0.41839793,1.0042161,-0.038766745,0.6550168,0.802822,1.9203196,-0.78526574,-0.5433428,0.8597951,-0.5973872,-0.9955569,1.0958481,-0.29077193,0.047981802,-0.80387795,-0.75786906,0.07036623,-0.59356296,-0.25197873,-0.64315206,-0.96496713,-0.4009336,0.2310983,-0.19710197,0.83949685,0.18991975,0.25537854,1.3065164,1.2130408,0.42845055,-0.383147,-0.5448349,0.8375563,0.47875077,0.105290666,-0.6218391,-0.029855313,0.4708052,-0.5025819,0.3954013,0.109442145,0.5143426,0.14425613,-0.19505651,0.8396924,0.18960333,1.046667,-0.064666755,-0.8306315,0.9708679,0.29770687,0.9586736,-0.4257948,-1.1663823,-0.6181187,0.45379785,0.5876981,0.4034967,0.5149419,0.121992566,0.012131772,0.23835154,0.9105419,0.95348495,0.00010070616,0.33590987,-0.9066372,-0.30991966,0.3594701,-0.60832816,-1.16446,-0.9660231,0.025540814,-0.10220713,0.98515886,0.07604103,1.0931737,1.001611,0.091896184,-0.6274995,0.10143546,-0.023246914,0.16283107,0.817246,-0.24941485,0.39807782,-0.53167045,-1.4132589,-1.0446888,2.2361054,0.6060715,0.36934194,-1.12384,-1.1839463,-1.2956829,0.17943121,0.099459186,-0.19386254,0.50432765,-0.51045424,0.40253037,-0.0202337,0.04885211,-0.15804273,-0.11093582,-1.0894084,0.05160008,-1.4639204,-1.0832572,-2.0097213,-1.3138682,0.16693543,-0.9362005,0.97607255,0.083441146,1.1162289,0.5324569,-0.029631328,0.36310402,-1.4143567,0.019895995,0.814709,0.09966361,-0.46972126,1.1995713,0.098790415,-1.2920665,0.27645022,0.42245412,-0.006039714,-1.340127,-0.20335932,0.21160667,-0.6165959,0.23628987,-1.0056288,0.9682633,-0.4382787,0.79485595,0.62800306,0.530039,1.3483243,-0.8562571,-0.12731743,-0.9998571,0.40768814,0.9455727,-0.20056608,0.20407116,0.84989923,0.7527147,-1.7053193,-0.30205062,-0.17881553,1.2042406,0.15891339,-1.3368776,-0.9445308,0.8146012,-1.1671407,-0.08865224,-0.4036992,0.5706272,1.3066578,0.66586196,0.7828439,0.09153173,-0.07744684,-1.3758757,0.38701397,-0.46661016,0.49403927,-0.035282824,0.46411383,0.91715753,0.89169407,1.5131404,0.6947832,-0.21816602,-1.1061003,-0.28845882,-0.13636772,0.1789751,0.040648036,0.84883046,-0.048291814,-1.6403197,0.008842313,0.6758071,0.27657545,-1.057519,-1.2257966,0.8390407,0.30104086,0.016702538,0.42470947,0.19743882,0.9101165,0.6362758,0.031946253,0.29119802,0.24408072,0.34296292,0.21619545,-0.20407684,1.0457311,1.0148249,-0.3165354,0.16686839,-0.24183701,0.77517253,0.20098452,0.7752615,1.1221727,0.25929466,-0.029853817,0.35048547,0.93972754,1.3980268,-0.6271814,-0.6124369,0.6821995,0.21443458,-1.5717367,0.69617057,0.4369179,0.31025797,-0.018630838,-0.6197602,0.19646731
-0.16836315,1.851347,-1.1153387,0.772905,-0.5512675,-0.22247526,-0.64250416,-1.0916688,0.07982813,1.201011,0.85031474,-0.33955312,1.0607511,0.53967994,-1.5648683,-0.37525097,-0.34253937,0.44063115,-0.15891232,0.32278702,0.0016808248,-0.8823466,0.23491102,-0.08440194,-0.27775073,-0.4324085,0.48187295,0.15919578,0.41749504,-0.4957702,0.7807507,-0.53295356,1.1320333,-0.6643854,1.1008011,0.059351683,-0.09607561,0.5315472,-0.30039197,0.89637846,1.0356009,-0.23572859,-1.1836468,-0.07025542,0.16870351,0.6989378,-0.15144435,0.0048003867,0.9086049,0.13465741,0.58221596,0.33037236,0.012384918,0.5322239,0.93862003,-0.38307893,-0.83324325,-0.26679406,-0.37581035,-0.13801563,0.6002296,-0.31948173,-0.4631921,0.77983236,0.5718367,0.23932183,0.7775411,-0.6356205,0.42287073,-0.5788027,-0.039954867,-0.5937789,-0.2190717,-0.61720693,-0.53008693,0.05989914,0.2055117,-0.5503813,-0.58439946,0.19976915,-1.416812,-0.069807574,0.5161226,0.4742677,-0.37789622,0.21985275,0.14285229,-0.17697518,-0.40715995,-0.100918494,-0.66847026,0.99126714,0.5108641,0.13499127,-0.6637603,0.63513917,-0.26956338,-0.92632717,-1.1529018,0.055446986,1.2579998,0.6643613,-0.19852063,-0.4770573,-0.06530772,-0.7785176,-0.53646344,-0.8868105,0.26751727,1.4026712,-0.2532652,-0.7082086,-0.46785906,-1.054618,0.10007176,-0.5632125,-0.13405252,-0.8841364,-1.5846289,-0.0040167044,0.7151459,-0.5780132,0.4150287,-1.1799395,0.47504684,0.3815837,-0.098290876,1.3265458,-0.13156042,-0.39595816,-0.37404653,-0.34921494,-0.129503,-0.23715268,0.49330232,1.070186,0.615076,-0.3012793,-0.77851075,-1.357958,-0.46451834,-0.25237772,-0.6161215,0.5021068,0.09173267,-0.04133436,-0.3025191,0.7869912,1.6509427,-0.83778375,-0.60244995,-0.18521951,0.5842454,-0.682012,0.22159153,-0.51274496,-0.91612494,0.10355824,-0.59553367,-0.12373366,-1.4496454,-0.6160639,-0.41411185,-0.6515212,0.89123255,0.053291846,0.8857856,0.884219,0.013274169,0.618147,-1.0424997,1.5589448,-0.40711144,-0.3151423,0.25110313,-0.030306814,-1.5917151,-0.59668773,-0.87203425,-0.084116556,0.59313804,-1.5472637,-0.32992777,0.3410634,0.9578835,0.7517564,0.06322183,-0.4312824,-0.6905346,-0.9930768,-0.7709888,-1.1844064,-0.39998874,-0.24996094,0.5502093,-0.53221387,1.2982825,0.6932125,-0.09522642,-0.28317282,-0.8831159,0.7617048,0.6576855,-0.049882893,0.035253327,-0.40582553,1.3676933,0.69755447,-0.34475288,-0.33073574,0.024039963,0.1796069,0.33591977,0.114942245,0.8512574,0.82592803,0.7473017,-1.0389038,1.045923,-0.1863688,0.51181483,0.25524724,0.26719177,-0.80081064,0.3654518,0.11627312,-0.7674806,-0.11755891,-0.56352806,-0.08257406,0.002704442,-0.67400736,1.1431379,-0.5093556,-0.9742742,-0.57531595,0.9810971,-1.0083311,0.39440414,-0.33488813,0.55492574,0.9872422,-0.049743406,-0.9934934,0.6889974,-0.67821264,0.22085463,0.94914186,-0.17650913,-0.12472961,1.1163795,0.22697729,-0.06959006,0.6289875,-1.0007805,0.24125542,0.45061624,-0.9055867,-0.35967812,0.40249628
0.085214555,-0.41883752,-0.036927905,-0.6627543,-0.1113432,0.37388158,0.16612025,-0.018960403,-0.3359742,-0.22947006,-0.757194,-0.027425213,-0.9002393,0.13708045,0.1499344,-1.0866069,0.33868274,-0.14386365,0.59327215,-0.5358067,-0.36558816,-0.8755361,-0.047801435,-0.26358554,0.8010187,-0.060778163,-0.45719606,0.58789074,-0.07627447,-1.2389495,-1.104151,-0.43384552,0.5256436,-0.2235731,-0.41704303,-0.39732775,0.35418755,0.87728727,0.049181093,-0.2868393,-0.2212277,-0.27704546,-0.24965923,-0.38233414,-0.33563772,0.29912886,0.28242594,0.8492588,-0.84128416,-0.73667663,-1.0486066,0.08911608,-0.4279237,-0.44545153,0.5216611,0.755414,0.1698543,-0.085066706,0.45909056,-1.1153163,-0.70089257,-0.013458234,0.3732998,0.06266711,0.71851903,-0.21295153,-0.28753287,-0.7246573,0.15706362,-0.7745372,-0.1544933,0.5959637,-0.8500203,-0.6987056,-0.811198,-1.2356377,-0.7335982,0.30366617,0.06768578,-0.37344933,-0.48304924,-0.61632717,-0.5008783,-0.64468974,-0.17982826,0.8066718,1.0814064,-0.4785789,-0.07106085,0.14153592,0.32264936,0.20221023,0.227245,-0.2760275,-0.76162994,0.2283508,0.93525827,-0.45595548,-0.82913,0.021344922,-0.39890048,-0.5049553,-0.051350974,0.5311146,-0.16625679,0.23515923,0.55274045,0.5985177,-0.7117764,-0.71021557,0.47685248,0.6895723,-0.33274427,-0.041736268,-0.33804643,0.061816316,-0.27138597,0.39957255,0.5478777,-0.33778447,-0.53420144,1.023663,-1.3329504,-0.59505767,0.20570111,0.67321014,-1.0519682,0.88372934,-0.35260886,-1.1530975,0.16670243,0.41438687,-0.3569484,1.2186996,-0.99694014,-0.4232721,0.2550436,0.97299916,0.63508546,-0.17394505,0.15492745,1.0643251,-0.09408315,0.08714576,0.6960812,1.096081,-0.7844168,1.0341496,0.5887326,-0.32347187,-1.2562815,0.15519984,-0.7693399,-0.8644799,-0.16069736,1.0211489,-0.38150668,-0.26462445,-0.27187952,0.7862716,0.66553766,-0.1574355,0.04078733,-0.37226883,-0.3874945,0.87818205,0.3100674,0.48709658,0.5496124,0.20413244,-1.1131063,0.056280028,-0.2399537,0.08075539,1.323319,-0.48606214,-0.5064823,0.3575867,-0.3238325,-1.066016,-0.04557693,-1.1029261,0.03624229,-0.3724174,-0.5020686,-0.2942766,0.6223687,0.10764909,-0.19092578,-0.8630952,-0.3956861,-0.18594038,-1.0088978,0.1400161,-0.018230023,-0.21019281,0.15078586,-0.05570214,0.71636,-0.037132103,-0.45329472,-0.4474831,0.097726874,-0.3120254,0.15940103,0.5845349,0.90485454,-0.54548115,0.93208396,-0.2766292,0.3294799,0.33606187,-0.29402217,1.0189406,-0.47378454,0.5140216,-1.0999237,0.08644616,-0.056163386,0.09807562,-0.7919887,0.5838488,0.55319184,0.12856013,0.0951573,0.74143773,0.16220036,0.7801469,0.49834925,0.21184742,-0.17528814,0.5969338,-1.4002733,-0.29400107,-1.045123,-0.7717951,0.15579888,-0.10085557,0.13605124,-0.76346296,0.077132806,-0.5544651,0.48304042,0.83216536,-0.6561502,0.18517746,-0.3314714,-0.27459362,-1.0781388,0.7071648,-1.2336605,-0.27139044,-0.6330322,0.062151454,-0.29406834,0.7034077,-0.09927871,0.23649645,0.70770574,-0.37050232
0.49991417,0.67055225,-0.6492739,-0.22832137,-0.76879454,-0.5476745,-0.18585916,-0.22972749,-0.6227345,0.22884957,0.09268614,0.53016925,0.47099403,-0.30794945,-0.07630847,-0.21804376,0.32437527,0.2952113,-0.8756689,0.19491795,-0.37390268,0.28137758,0.49112722,-0.53214127,-0.5007124,-0.3597168,-0.9589656,-0.1774299,-0.16925326,-0.7443124,-0.3681868,-0.69795805,-1.3933508,-0.30867523,0.17981894,-0.85288477,-1.2820491,-0.12325123,0.9034755,-0.30868867,-0.85908574,-0.28140554,-0.31288064,-0.6356602,-0.11403181,0.23681867,-0.879275,-1.8895329,-0.4673305,0.0684247,-0.6665224,1.1556058,0.8076154,0.4866828,-0.9498065,-0.20803449,-1.0512089,-0.116789654,0.25258398,0.23120008,-0.40089673,0.66606826,-0.59894085,0.79719806,-0.29248938,0.31112087,0.41919845,0.050770283,0.7030644,-0.3338484,0.89202994,0.024339167,0.06638572,-1.016158,-0.8129093,-0.9011085,0.011530358,-0.18353762,0.6947648,0.6644247,-0.19280513,-0.36495784,0.17252707,-1.2142023,-0.12993635,-0.006999195,-0.7014451,-0.3254567,1.5657564,-0.5746713,-0.41908696,-0.26303744,1.3697666,-0.51816237,-1.3290294,-0.2774305,-0.07334172,0.11184745,0.30556747,0.49506548,-0.19845764,-1.4346386,-0.5177388,-0.22651125,-1.3704143,-1.7813542,-1.4442353,-1.8886312,1.3380183,-0.88313633,-0.4710681,-0.15702753,0.3233,-0.7804583,0.59221286,-0.59700686,-1.5836451,-0.88716996,-1.1317424,1.1229293,0.9727856,-0.015765395,1.0474778,0.8037513,0.55455494,-0.19343804,-0.070337474,1.803002,-0.13040046,0.4273011,0.4366799,0.61855954,-0.30485308,0.743426,0.042331077,0.24168554,-0.49719083,0.7368338,-0.64393663,-0.9412193,-0.002626113,0.35973558,-0.6949984,-0.27976027,0.6142104,1.1996453,0.16883339,-0.015619973,0.01787353,0.78657496,1.4491073,-0.4275414,-0.69239783,-0.22645447,-0.24629651,0.5939472,-0.9311659,0.037151918,0.6126382,0.45773223,-1.5301008,0.8260622,-0.340369,-0.661431,0.19373295,-0.13096192,-0.020834468,0.42528987,0.09639963,0.46638897,0.449708,-0.3114908,-0.6501019,1.1158321,1.6187657,-0.13360028,1.1548808,-0.6776051,0.90829015,-0.7159408,-0.1202133,1.1135975,0.51769567,-0.21197636,0.24401344,-1.241188,0.5969237,-0.063179746,-0.6251572,0.120988615,0.20253669,-1.3100572,-1.0891004,-0.0014269605,0.76909363,-0.2413327,-0.4863862,-0.052725114,0.34290123,0.73322946,0.6034326,-0.18028727,-0.67243963,-0.08339282,-0.07434351,0.12781145,1.2048831,0.73874027,-0.50206596,0.9251588,-0.6650831,-0.871558,0.750158,0.7307057,0.50264287,0.7441007,0.13429493,0.6809885,-1.4246824,0.5128488,0.30296698,-0.5304093,-0.24214153,0.9506098,0.07707942,-0.67321974,-1.584026,-0.85579664,-0.119788595,-0.7839546,-0.5308086,1.2740662,0.27744362,0.17688426,-0.6838585,0.528919,0.23323402,-0.7074338,0.5501649,1.1006824,-1.0098953,-0.70721114,-0.16763106,0.110566996,1.12621,-1.3654335,0.60618305,0.7574789,0.7642832,0.75717163,0.4928311,-1.8246537,-0.48445547,0.49061638,-1.2297751,1.8777173,-1.046219,0.9483823,0.26942876,0.037163172
-0.295972,-1.0263656,0.09969532,-0.032225125,0.04765393,-0.60058725,0.083345875,-0.1518189,0.43124232,0.20833337,0.9035111,1.0345985,0.5044937,0.45004326,-1.1904439,-1.0709387,-0.13505107,-1.2718216,1.6496753,-1.0736058,-0.5962648,-1.0299181,-0.20044148,-0.5237374,0.5361181,-1.042089,-0.9414081,-0.50901735,0.35857508,0.07842295,-1.2065291,1.0709398,1.610131,-0.16313526,1.9842163,0.77894753,0.549787,-0.004234861,0.048109736,0.49841502,-0.07319961,-0.7646326,0.28773296,-1.075132,0.9555215,0.29396757,-1.0812472,-0.91026145,-0.28507298,-0.22851169,-0.4405347,-0.78968936,-0.7214372,-0.27039424,0.54379535,0.34532225,0.55279,-0.09189101,0.18089306,0.073896065,0.6419233,-0.0048990017,-0.70814764,0.1361061,-1.0577974,0.20954898,0.6794563,-0.08244813,-0.30636278,-0.36797136,0.94684213,-0.5261919,-0.28567752,1.5089917,-0.35506696,-0.6460843,-0.8366346,-0.11493507,-0.391606,0.90459263,1.2057112,-0.20003255,-0.63508177,-0.37865192,-0.79346263,-0.36809722,-0.029392935,0.6967495,-0.4290581,0.29186413,-0.08051704,-1.6183527,0.174738,0.7465719,-0.018045254,0.16155127,-0.39624402,-0.5919428,1.2020763,-0.19827965,-0.8646692,-0.065999754,0.9929709,-0.62301886,-0.39969793,0.22066075,0.051617492,-1.3133068,0.17540815,0.22844367,-1.0712171,-0.3111723,0.58915085,0.22987773,0.015770024,-0.95002985,-1.5247649,-1.3610258,-0.99375623,-0.1860656,-0.54876244,0.16388658,-0.24238637,-0.8089813,-0.6228458,0.83571666,0.7975901,-0.2207412,-0.5767862,-0.9878563,-0.7851395,-0.24424447,-0.93714124,-0.5879441,0.20423739,-0.0857286,0.59446025,-0.40342888,0.52520573,0.23517667,-0.90224236,-0.06417191,0.4046997,-0.24678361,0.19877437,-0.43328923,1.0946205,-0.2539337,-0.55696535,-0.4518562,0.5412471,0.7677938,-0.037254363,0.2598354,1.3061515,0.59298503,0.7463817,0.67854327,0.3395068,-1.8851546,1.1819826,0.37656397,-0.761479,-0.24571054,-0.28351742,0.18326645,0.3639646,1.2212648,-0.07318461,0.19884643,0.34835935,0.8590435,-0.9426679,0.07466019,-1.2650354,-1.0518949,0.18068899,-0.08964926,-1.726734,0.19810009,0.08451157,0.06894394,0.18964203,-0.46947142,-0.033031676,-0.1660637,-0.9067363,0.58647156,0.16991834,-0.31375024,0.69392747,-0.67936444,-0.27551782,-0.24492769,0.19492558,-0.60767174,0.8732428,0.90932375,0.54691464,0.63835025,0.065629415,1.0923294,-2.0773823,0.09102845,-0.67013055,0.097912885,-0.78249687,1.3639652,0.2975012,-0.8647902,0.5554471,0.16626146,1.9211229,-1.195709,1.4557129,0.19882873,0.5350842,0.56563526,-0.41109493,0.12764275,-0.8833334,-0.2618054,0.43786258,-1.13306,0.14165816,-0.17864726,-0.26660976,-0.3011899,0.16657276,-0.16484939,-1.1903882,0.13486683,-0.34134242,0.03872001,0.7643453,0.26838285,-0.19654767,0.19371288,0.78593403,-0.3471026,0.16504227,0.64105314,-0.4077526,1.0628048,-0.079164945,-0.07730873,-0.71380675,0.93937033,0.23074867,-0.21104224,-0.30541393,-0.29773745,0.3057834,1.2353182,-0.8798619,0.29196662,-0.443892,-2.048216,0.26902074,-0.06058889
-0.2823094,0.2687898,-0.8798366,0.19783413,-0.5013102,-0.5608151,-0.3436372,-0.66877514,0.4211109,-0.6011203,-0.18087703,0.30360395,-0.09606377,0.096357234,0.16769227,-0.92882484,-0.47706047,-0.5797915,-0.7781947,-1.0183592,-0.12306757,-1.0348576,0.74457395,-0.13248587,-0.47140726,1.1224784,-0.3243049,0.2753868,0.35205594,0.33537376,0.010310919,0.020542478,0.86118615,-0.8254599,-1.0791235,0.87022555,0.75684154,0.78490293,-0.53536713,0.22757378,-0.06796001,0.63213587,-0.45331967,0.078954004,-0.40577307,-0.18854672,0.600927,-0.4613168,0.035581946,0.38533518,-0.06713629,0.31496266,0.5780954,0.9725212,-0.1084745,-0.07833714,-0.5135346,0.33987716,-0.8549506,0.087157235,-0.01777559,-0.5277178,0.15044282,-1.0211884,0.51439387,0.40164235,0.18487321,-0.21895973,0.76638705,0.6925436,-0.3438146,0.11734888,0.25408307,0.23949575,0.40804842,0.067391895,0.40551615,0.06538233,0.97520626,1.3147373,0.6237788,0.19477095,0.0068079904,-0.9977761,-0.55849093,0.6890467,-0.23633178,0.09682447,0.28398797,0.35705578,-1.073702,-0.95257634,-0.4704658,-0.65245163,0.21588746,0.3712519,-0.32735485,0.5671543,-0.80494666,0.3317081,-0.27876526,0.53120613,0.08305123,-1.1127956,-1.4044266,-0.9458417,-0.22487575,-0.2093341,-0.22625214,0.49981472,-0.62212086,-0.31694657,0.03557983,-0.7909895,0.12327045,-0.0024193688,-0.5031962,0.32670525,0.11080594,-0.5771388,0.13114326,-0.21350937,-0.18345462,0.5888395,-0.37685683,0.18961743,-0.21232127,0.7589129,0.38376015,0.13639365,-0.20052919,0.11149425,0.5911426,-0.44193885,-0.25971463,0.79759043,-0.1607223,0.47768033,-0.13097642,-0.35766032,0.25975925,-1.194572,-1.3895102,-0.2928437,0.15881899,-1.3347417,-0.58770996,0.35002825,-0.28412777,-0.37635508,0.5282636,0.43489403,0.026090868,0.053108085,1.0218207,-0.40044415,-0.2268967,-0.020512965,1.2555178,-0.23259453,0.9983802,0.40570676,0.076322734,0.64379245,0.10498759,-0.078492716,-0.79872465,0.5114433,0.15637328,0.060511563,1.0294063,2.862278,-0.38348985,-0.3486991,0.2809721,0.34471464,1.2914516,0.88397396,1.231327,-0.018052815,-0.75582767,-0.19317241,-0.18895023,-1.4191933,0.008622173,0.045307197,0.55164874,-0.08563269,0.5746919,0.808926,-0.80512154,-0.83983237,0.3728695,-1.1874664,-0.9138144,-1.1087177,-0.3750251,0.26544726,-0.24136671,0.1646842,0.54871273,-1.054565,-0.71587497,0.65145034,-0.14560269,-0.5843576,0.8218635,0.7886066,-0.5610491,-0.24901998,-0.69627,0.033378053,0.23141187,-1.4022875,0.6197497,-0.20843124,1.277169,-0.18279108,-1.498851,-0.14235869,-0.5222384,-1.0327189,0.39784905,0.57055515,-0.7291012,0.51337105,0.5246611,0.80760837,0.59661055,-0.2366127,-1.31656,-0.6552269,-1.0039021,0.17313284,0.31175113,-0.087715134,0.30877683,0.6561144,-0.199889,-0.5403272,-0.4382752,0.027460525,-1.3019933,0.041455965,0.3143403,-0.060136378,1.4268767,-0.42562005,0.21936055,-0.45458472,-0.16812404,-0.122012705,0.6498651,0.825845,-0.39753902,0.6087881,-1.0556586,0.19866279,-0.80517733,0.8778097
0.76676995,0.94571185,-0.11387811,0.2764267,-0.09166455,-0.38764828,0.5530121,-0.3410635,-0.46153957,-0.12564753,-1.572931,0.42978624,0.25623235,-0.91616696,-0.9084488,-0.83917123,-0.30276546,-0.44372833,0.15174574,0.006845129,0.32763848,-0.956642,-0.3687498,0.70645475,0.5617769,-0.41151476,0.65438247,0.44989455,-0.33208758,-0.079251476,-1.1583182,0.052258663,-0.68750376,-0.75571483,1.3885726,-0.9925304,-1.3575692,-1.3649559,-0.23167083,-0.6086328,0.6662167,-0.79908866,0.26673543,0.22968064,-1.2395002,0.12973082,0.105387226,0.9035667,-0.19936411,0.25083214,-0.34405148,-0.65376055,-0.09992718,-0.37318093,-0.009554971,0.5005669,0.75634706,0.3132961,0.509285,-0.87133735,-0.15700807,0.8631675,0.87794805,-0.8960865,0.36976025,-1.5287765,-0.29562664,0.4301907,0.30243924,-0.02089944,-0.5543486,0.13586766,0.15924996,-0.096392736,-0.5235454,-0.8671197,-0.4653278,-0.6006372,-0.6414797,0.63654035,0.3464992,0.42249873,-0.08337863,-1.0408654,0.20038824,-0.2616063,0.59372306,-0.8133228,-0.48911804,1.4448293,-0.34208268,0.8983614,-1.0886298,1.2912563,-0.5871686,-1.0370097,0.6323711,-0.21933681,-0.81239843,-0.029288309,-1.1125965,-1.1418954,-0.95618135,0.21504429,0.1326628,0.63296235,0.61147755,-0.053523242,-0.023654457,-0.123683415,0.90242875,0.2953844,-0.5357501,-0.2750568,0.35565624,-0.14507659,0.13194114,-0.043539423,-0.5362287,-0.038953137,1.190369,1.5351964,-0.21749097,0.41018182,-0.0005465095,-0.507541,0.2970073,0.019713202,-0.5926185,-0.06435334,-0.3935218,-0.39907926,1.0414646,-0.37445155,0.6373819,0.5312603,-0.3770013,-0.38360077,-0.4800555,0.7994569,-0.42555904,-0.6782037,-0.897169,0.79401106,0.3071777,-0.9416929,0.7801349,0.10995142,-0.05792479,0.60289586,0.9843989,-0.48577884,0.050182614,-0.27387848,0.87333804,0.1446713,0.7344537,-1.2823293,0.2800146,-0.077650875,-0.1331505,0.06459668,-0.41750094,0.028642893,-0.29531687,-0.8365087,-0.3083052,1.3745954,-0.6331667,0.96314424,0.21893623,-0.0628851,0.16519216,0.99982774,-1.143334,-0.42541054,0.18334122,0.09747209,-0.048847925,-0.40162876,0.1364378,0.749385,0.25715625,-0.18930395,-1.9745027,-0.060248695,-0.28559414,0.24413665,-0.1600647,-0.49562308,-0.56554633,0.21024726,0.4426044,0.32120603,0.030405853,0.5331595,-0.29775885,-0.7558425,-0.5173209,-0.36067078,0.13551673,0.0337412,0.5749899,0.9397299,1.4695626,0.077461265,-0.23860884,-1.2657146,0.94649804,-0.16538599,-0.14764792,-0.7180226,-0.49293974,0.15821081,0.044268522,-0.91868913,0.26460755,0.36243802,-0.5737214,-0.8212123,-0.71657544,0.11802092,-0.6804284,-0.036961164,-0.43505296,-0.47839066,0.22396183,-0.59561473,0.32325292,0.52713513,-0.4455438,-0.9335971,0.57847977,0.027484259,-0.33723655,-0.107863165,-0.7120292,-0.42219898,0.20237845,-0.21867876,0.06901179,-0.40063557,-0.16319829,0.7394169,-0.5949913,-0.5863378,0.29568508,1.0945003,0.11770304,0.025810933,-0.90810263,-0.41170853,0.07369517,0.33933356,0.48809645,-1.1185833,-0.97209364,0.5006992,0.1955522,-0.6119746
-0.1441192,-0.41075462,0.9294759,0.050488483,0.52976227,0.07599626,-1.3677247,-0.9291914,-0.34899265,-0.0661867,0.84096086,0.37400782,1.2840279,0.31416836,-1.5234301,0.7888386,-0.4919459,-0.5485006,-1.037699,1.2295086,0.8855475,0.56832623,-0.32223946,0.20515792,0.6491121,-0.17236705,-0.039378338,0.97240734,0.13238737,-0.11859346,-0.14274763,-0.36316532,-1.0373203,-1.8134227,0.8991995,0.9310212,-0.44471383,0.124413915,-0.46732953,-1.1557658,0.56382954,-0.031734865,0.43034548,-0.36414507,-0.78610325,-0.5701737,0.80152786,-0.8872513,0.56200093,-0.4786053,-0.33492127,0.33779424,-1.0473336,0.7168848,-0.6861211,-0.2675197,0.87052476,0.17116167,0.2225828,1.317706,-0.35973075,-0.0076666484,0.28136837,0.038067892,0.07376615,-0.14213942,-0.688054,-0.4205691,-0.20473666,0.99227124,-1.7362485,1.0479999,-0.42753416,-0.32903534,-0.35062495,-0.0381839,0.061740633,-0.970773,-1.3585285,-0.85290915,-1.2229036,0.5477123,0.56577605,-0.8148797,-0.4185079,0.17508028,0.3450131,0.73877126,-0.0071372017,0.863335,-0.11862445,0.8527878,0.41771442,-0.95911235,-0.28612393,0.12979986,-0.06914867,-0.032440238,-2.3624585,1.1023228,0.36592025,0.5626087,1.241205,0.06336163,-0.27626377,-0.6950298,0.36254004,-0.01576391,0.19031426,0.8749543,0.052947514,0.59065294,-0.018167006,0.94161314,0.42637882,-0.12886521,0.34734625,-0.11790425,0.5378717,0.40011898,-0.09014245,-1.8153082,0.091958724,-0.9840837,1.0900636,1.7254077,-0.086206794,-0.3381487,-0.38571838,-0.9073419,-0.22350526,1.962107,-0.06649199,-0.6435817,0.3333627,-0.0551683,-0.15674677,0.98564065,-0.4892053,-1.2494926,0.29908627,-1.3855759,-0.30045313,0.51538485,0.512697,-0.56729174,0.55005085,0.4018438,0.0059957975,-0.39456844,-0.8186304,-0.27370563,-0.5942489,0.83985525,-0.13130079,0.9788081,-1.2855424,-0.37095112,0.16619232,-0.8211542,0.15287869,0.13552544,1.0027624,-0.7862162,0.07818978,-0.2633267,-0.28868285,0.8732875,0.44478926,0.2877274,-0.29464287,0.27499738,-0.25017336,0.15726195,-1.4756517,-0.59163994,0.26308239,-0.16622588,0.9606084,0.98812914,0.6589849,0.38691235,-0.21829039,0.5321768,0.54263526,-0.41910943,0.29216933,0.26192743,-0.4325194,0.23516074,0.36259392,-0.11438958,-0.65374917,-2.15293,-0.18743761,-1.6509956,0.2571482,0.33248165,1.0133522,-0.04584326,-0.15438314,-0.07968769,-0.4936603,-0.19145258,-0.13923907,-0.76447403,-0.62863374,1.0743665,-0.09611019,0.3166412,-1.9661133,0.7093515,-0.5358037,0.23878358,0.40249756,-0.8280815,-0.65067196,0.21379767,0.2566619,0.18307208,0.3054533,0.6174968,0.6128367,-0.55515003,-0.39446196,-0.20948943,-1.501972,-1.1660628,-0.7575743,0.10221739,-0.088256635,0.89718896,-2.1279278,-0.82977206,0.14751437,-0.836006,0.5400345,0.12275111,-0.13358442,-0.7298488,-0.52195805,-0.21966588,1.3999637,-0.8859229,-1.3750967,-0.116220795,0.60456246,-0.39585295,0.056487847,-0.6509994,-1.0073999,-0.24578583,0.16773394,0.027702348,-0.6681524,-0.4186173,-0.7246424,-0.20518184,-0.022204556,-0.17839271
-0.4203261,0.29870227,-0.0645424,0.19026956,-0.19187088,0.07644325,0.3652659,-0.17711586,-0.09007144,-0.2016683,1.5023266,-0.25823802,0.3398319,-0.9812256,0.72981113,0.090913594,-0.4159302,-0.50041133,-0.06438251,-0.22750545,-0.17483796,-0.6864826,-0.20561449,-1.1123667,-0.18677987,-0.66692674,-1.3664935,0.36388958,0.008009452,0.09834851,1.462814,0.6863126,-0.6651131,0.11245644,0.7608529,0.7396805,-1.1561165,-0.66839725,0.68097144,0.893368,0.6450293,0.2775756,-0.25427595,-0.5895273,-0.26871216,-0.23929335,-0.5742945,-0.4953848,0.25672907,1.561549,0.3938256,-0.93827873,-1.3246056,-0.18257026,0.81626415,0.35692656,-1.359273,0.29624638,0.54110205,-0.9418158,-0.5659167,0.10367735,-0.9420145,-0.02765148,0.2151758,-0.6760429,-0.90407914,0.23919547,0.2601189,1.4491733,0.9267021,-0.9742351,-0.55071586,-1.1569988,-0.58650994,0.58323896,0.5382584,-0.23385057,-1.4132403,-1.4076004,-0.8679077,-0.30477563,1.29822,-0.42987472,-0.5021283,0.5871368,0.061229628,-0.8851947,-0.9661912,-0.33969346,0.46847022,-0.72686225,-0.22805162,-0.33177236,0.09654876,0.39347857,0.9911547,0.52776575,0.23500252,-0.9906094,-0.54916745,-0.43561292,-0.34590977,0.16406237,-1.0496906,-0.799118,-0.39153865,0.067475595,-0.5773036,0.011155883,0.2589921,1.5649395,1.8529097,1.2671685,1.0323726,-0.28510627,0.19491787,0.6462421,0.3678289,-0.4872179,-0.8960642,1.2015862,0.019705767,-0.46807268,-0.19420081,-0.033489842,-0.100163534,0.4160237,0.99877495,0.12859246,0.87085974,1.1251173,-0.4464591,1.7618599,-1.2408011,-0.4557228,-0.63606834,0.66890544,-0.06497307,-0.016827656,0.8020152,0.11431907,-0.82490134,0.81291753,0.98123926,-0.3808363,-1.2308564,-0.7596596,-1.0055946,0.23871931,-0.48949745,0.09094755,1.7849185,-0.08466027,-0.17139992,-0.4765508,-0.58834034,0.8661484,-1.6801562,0.6663352,1.169155,-0.3505169,0.7084009,-0.5914191,-1.1957586,0.5506757,0.22255553,-1.172118,0.8142446,-0.5308741,-0.8835874,-0.08657195,-1.0219086,-0.19560307,0.46086943,-0.88428146,-0.4321357,-0.02397737,-0.86465347,-1.1303986,0.16909768,-0.18543163,0.45906729,-1.3611256,-0.8658142,0.7067074,0.5069349,-0.3201519,-0.85395783,-0.38664073,-0.23463775,0.22785002,-0.18674532,0.23088683,-0.46275854,-0.46824345,-0.42294762,-0.31326035,-0.5332001,0.532034,-0.6546522,-0.16004579,0.56474143,0.20714456,0.43007833,0.40308452,-0.1987262,0.8593322,1.5792345,-0.8246906,0.11979391,-1.444911,-0.49113268,0.2620725,0.5910768,-0.26459762,-0.04441311,-1.0208671,0.34121388,0.0493669,0.11485316,0.647598,0.43844327,-0.09669288,0.27157715,0.4435592,-0.027987465,0.019305127,-0.02169629,-0.98726046,0.24305384,-1.3942894,-0.7719017,-0.8593534,-0.332021,-0.4154662,-0.668069,0.68560326,0.12267558,-1.3185049,-1.5168269,-1.3292418,0.35239774,-0.1256763,-0.64107114,-0.620508,-0.31681573,0.10931501,0.014597033,0.683813,-0.3419716,-0.16042885,-0.01725451,-0.65675217,-0.66713953,0.50222164,-0.40351054,-0.5037809,0.105736434,-0.5123659
0.28573108,0.7453224,-0.29122695,-0.049880803,1.5147702,1.200165,-0.93868524,-0.9130945,1.2596307,0.3317267,0.58189666,0.3192142,-0.49133524,-0.6529441,-0.062226087,-0.34672898,-1.265038,-0.8876029,-0.49186698,-0.65399355,0.20219232,-0.5817797,0.47303826,-0.006688762,0.34205958,-1.2062091,0.05923341,0.50475144,-0.4300786,-0.69382113,-0.24148074,0.27350613,-0.45228347,-0.35289225,-0.39277712,-0.2680934,-1.5476726,-0.9009273,0.7933769,-0.90910345,0.13416292,-1.038996,0.06926455,0.0018131923,0.18197487,-0.021635441,0.047770165,0.21608235,-0.43466946,-0.089980744,0.0054767,-0.97463465,-0.0018375439,0.62992275,0.1967553,-0.21622102,-0.35900202,-0.13010293,0.6986443,-0.47080204,-0.29426944,-0.6791617,-0.859695,-0.648365,-0.4409041,-0.13411863,-0.9209458,0.83180416,0.29807782,0.9846713,-0.9579883,-0.62980473,-0.43595514,0.3077087,-0.1500355,-0.2360862,0.33281067,-1.1035916,-0.66744524,1.2503164,0.90515107,-0.48353204,0.6083113,-0.8570901,-0.68751115,0.45191917,0.039726358,-0.79589826,0.35998994,-0.1380576,0.5705117,-0.62295425,-0.364116,0.4663964,0.16188152,0.63524556,-0.0882648,-0.7561557,0.4369989,-0.36247995,-0.7752204,0.21498677,0.6642379,0.54683095,-0.019419676,-0.94221586,-0.11178822,0.55597734,-0.39898568,0.051915497,-0.018382397,-0.13299917,-0.291223,-0.5003071,-0.95473486,0.29591835,-0.74280226,-0.27752563,-0.78301424,-0.86049545,0.7262783,-0.2725499,0.4872428,0.94135433,0.32839862,0.70956206,0.07763357,1.0186502,-0.7626643,-0.03024609,0.7699854,0.20477615,-0.31290582,-0.43067113,-0.42486417,-0.055298068,0.08375125,-0.39744547,-0.64664894,-0.45113927,-0.41220054,-0.11153337,-0.8665803,0.41794813,0.31904626,-0.737486,-0.3548639,0.37767488,-1.3832004,1.4251938,0.70601153,-0.2657063,-0.01736365,0.4420607,0.13746247,-0.7815835,-0.17815943,0.32219434,0.511552,0.5943952,0.64050084,-0.30365062,1.1006756,-0.3530665,-1.0420687,0.58776397,0.16270441,-0.14747195,0.13083282,0.8728764,0.07842165,0.014086083,-0.50485176,-0.40475956,-0.8149066,0.36214045,0.19877023,-0.64445275,-0.00770176,-0.72066516,0.7002646,1.0304936,-0.21115448,-0.865048,-0.621001,-0.27395886,-0.8895511,-0.82648414,-0.19289921,0.25266019,0.041275274,-0.44217026,1.3893802,-0.072217055,-0.682223,-0.8219428,-0.45445865,-0.17798112,0.11341587,-0.23629668,0.29418975,-0.13640673,0.15661252,-0.8991534,1.5122057,-0.30532506,-0.0076255864,-0.9584416,0.43669504,0.6235293,0.6425389,-1.7103701,-0.56042576,-0.009240578,0.28620866,-0.3897261,-0.24768154,-0.5998686,-0.4811457,-0.32559457,-0.9951753,-0.46781117,0.36570752,-0.040331367,-0.19210298,-0.1294754,1.0511756,-0.7263153,0.08540977,-0.44967696,-0.3743981,0.04732958,-1.093422,0.7896854,-0.394464,-0.08707345,1.0870743,0.0182279,0.50748837,-0.34955832,0.42098826,-0.45149848,1.9553787,0.18596452,-0.68548244,0.080155805,-0.38899285,-1.4188384,1.1050426,-0.076557584,0.98469317,-0.6764864,-0.82574683,0.9064118,0.03984892,0.482361,-0.20019968,0.339556,0.07493275,0.3910056
1.1676574,-0.49509022,0.29195246,0.15353628,1.0682027,-0.39966223,0.02259311,0.59175986,-0.21560167,-0.067443006,-1.0403216,-0.25668427,-0.15016444,0.18414482,-0.22572565,0.8846312,0.6256791,1.4102426,-0.23979731,0.22608788,-0.5684318,0.009785815,0.48860988,0.7039429,-0.33501616,-0.23354307,-0.37379447,-0.29965237,0.19433177,-0.3529981,0.34372702,-0.42460755,0.4185147,0.5852716,0.5753705,0.8522101,1.1950074,0.74939096,-1.2309226,-0.15277724,-0.286802,0.68357015,0.22899728,0.81304055,0.20717782,0.0350229,-0.030196907,-0.70122737,0.99874526,-0.72394747,-0.6261921,-0.7931776,0.36945772,1.1637815,0.40572944,0.19059281,-0.102758415,1.0859016,0.65926355,1.7130247,0.23781544,-0.04343374,-0.64220464,0.13720576,-0.2606028,-0.23319359,-0.7149997,0.7562704,-0.2788241,-0.2572687,0.30415648,0.30113012,-0.60497314,-0.91222817,-0.42037582,-1.7401493,-0.23080963,-0.19834071,-0.08793899,-0.1867548,0.6416367,0.019951023,-0.02996639,1.4210728,1.1302354,-0.031242728,0.8606014,0.44013178,0.9363874,-1.0390372,1.0360559,-0.12645687,0.45680028,0.2139217,0.30574772,0.8374054,-1.1971675,-1.2296135,-1.0596758,-0.38319308,1.0051073,1.1659707,0.6593425,-0.3374936,0.06495678,-0.0050007254,-0.077941634,1.575745,2.0380614,0.7882795,-0.4826054,-1.006754,0.26200324,0.43990374,-0.50688297,0.28025883,0.82699674,-0.2489383,1.3712294,-0.4444097,-0.8898492,1.591469,-0.006919328,0.7799111,-0.547509,0.597942,1.8440403,0.31649786,0.22431019,-0.82161117,1.0656506,0.1258203,0.893576,-0.24247178,0.6076815,0.069931276,-0.4281841,0.70209795,-1.050138,-0.83140975,0.17243691,-0.1931143,-0.75998473,-1.7911202,-0.5224453,-0.22722164,-1.6382731,0.653339,-0.0013758624,0.56421524,1.1306177,-0.31095412,0.54956007,0.5222756,0.093487546,0.9077591,0.37370288,0.60620975,0.8771251,0.4107512,-0.06091894,1.4228551,0.45102432,0.0011138328,-2.0490713,-0.1784567,1.4562995,-0.02541236,0.60863924,-0.20172061,0.20186153,-0.32302117,-0.4575211,-1.0741832,0.06704861,-0.44748324,0.097512454,-1.0055315,-1.413241,-0.1345833,-1.0359604,-0.84588456,-0.6570524,-1.2340337,1.2031045,-0.18930729,-1.0739326,-1.1884702,-0.23717088,-0.69673085,-0.5675658,0.71830857,-0.0072052605,0.98686016,-0.6250506,-0.54769814,0.7973784,-0.51020783,-0.42789832,-1.6530141,0.47339618,-0.5038102,0.6169106,0.30044988,-1.2766566,0.010631404,0.099057384,-0.54649305,-0.67425805,-0.73759925,-0.4628636,0.04012003,1.1096152,1.3770603,-0.45197427,-0.17790814,-0.1429398,-0.12107961,-0.5870036,-0.2471068,0.50193536,1.1172391,-0.33172908,0.033135753,-0.51723635,-1.3222535,-1.3487748,0.99383426,0.61499006,0.030106654,-0.17710005,-1.3542773,-0.41593787,0.5344137,-0.44325408,0.8564367,0.8055169,-1.1548151,0.5522403,-0.15352848,-0.24034442,-0.40460512,0.88437825,-1.1573755,-1.266129,-0.7520657,-0.84117234,-0.69126767,-0.4344026,1.0892427,-0.059553985,8.1789585e-05,0.9624046,0.19564559,-1.0649381,-1.9235737,-2.0808203,1.3265575,0.8650656,0.27924317
0.49244356,0.30368936,0.274924,0.2943346,-1.3927257,-1.0076416,-0.64038557,-0.47206375,-0.18502547,-0.11968259,1.0347912,1.9439903,-0.706558,0.60882574,-0.27474797,0.25418597,0.34964493,-0.37507245,0.1808254,0.17016043,-0.21061239,0.9864855,-0.3952381,-0.3865963,-0.53714544,0.23524357,-0.9613692,-0.7651956,0.060677573,-0.42887333,0.35344237,0.04774057,1.1004072,0.14854157,-0.38217485,-0.37886077,1.7498895,0.22265363,0.3144593,-0.35483572,-0.014785019,1.8153274,-0.4212897,1.3804742,0.48671752,0.014559682,-0.0003417335,1.0015137,-0.36479864,0.6514576,-0.35647812,-0.030698964,-0.2634768,0.5025444,0.07594445,0.24713138,-1.200672,0.16708633,0.3781806,-0.8899993,-0.7837487,0.1387484,1.3045182,-1.3093045,1.8672452,1.0520799,0.6608794,0.07197295,1.0298367,-0.43039948,-1.1676654,0.2906316,-0.38383123,-0.19788766,0.075090565,0.32699135,-0.16935316,0.52089983,-0.6196537,1.2854933,0.6284358,-0.09736123,-1.2619498,-0.29213652,0.24774964,-0.20548388,-0.25680593,0.04033319,0.28199902,1.32199,0.2913705,-0.5853704,-0.8305642,-0.2566962,-0.7669589,-0.5249456,0.11864716,0.23912397,0.7289811,0.6097798,0.45065343,0.14735954,-1.1587121,-0.39006037,0.7051379,0.49870062,0.1723258,0.8622998,-0.5421545,0.49306026,-0.3144139,0.3008781,-0.4706872,0.04964925,-0.18621726,0.9480754,0.5447901,0.07576783,0.32119632,1.4062718,-0.6508286,1.4301497,-0.8795138,-0.7342958,0.035480887,0.5164548,0.54581463,-0.25678483,-0.5462949,0.1707146,-1.2451568,-0.8373205,-0.53582126,0.7680185,1.8403289,0.50425565,0.6332229,0.37932116,1.146626,-0.661191,-1.0289077,-1.4173152,-1.7401288,-0.13154496,0.38127363,0.8595615,0.5739757,-0.5167651,-0.24152711,0.25619316,0.31063262,-0.084466584,0.8249816,0.58639824,-1.0644344,1.1069654,-0.23438443,0.98591363,0.773795,-0.070642665,0.3347146,-1.2316649,-0.015564146,0.72244114,0.601687,0.7544731,0.48565125,0.65224475,0.7376384,-1.8977779,0.31603768,0.83754754,-0.991096,-0.51160234,-0.011122799,0.19337037,0.39082322,0.30782288,-0.45759445,0.21389383,-0.30709913,0.2504389,-1.0557684,-0.3329428,-1.0740767,0.6485821,-0.68311805,-1.4174902,0.19040307,0.62907654,-0.12668842,-1.2348366,0.49384245,1.2860597,1.8675549,0.33365712,0.084700786,-0.899107,0.62263024,0.31351066,-0.36634013,-0.36957118,0.78040534,-0.071090855,-0.057943836,-0.24673493,0.44802794,-0.6750981,-0.23689415,-0.21478328,0.47069368,1.0775826,0.54314375,-0.8111578,0.0013927697,-0.27489236,-0.4341786,-0.5656425,0.42176625,-0.67271155,0.7900722,-0.5756425,-0.038767867,0.17765754,-0.6994637,0.8549365,-0.48195985,-0.8352933,-0.92129135,0.059485022,-0.7245436,-1.4409888,-1.6176201,0.45658824,0.44453838,1.4588153,-1.1225139,0.03653649,-0.80261207,0.94998074,-1.0244786,-0.07145598,-0.10739413,-0.7633192,1.2216567,-0.85088754,-0.45469168,0.46390492,-0.8606401,-0.54085076,-0.33133474,-0.81535566,-1.1620281,0.42568934,-0.18236788,-1.1521107,0.23294455,-0.36426902,-0.60317737,-0.123910986
-0.89948994,-0.19852473,0.37716842,-0.05629179,0.069504865,0.22596169,-0.7198939,-1.3165919,-0.058186688,0.29067492,-0.21958205,0.6348793,-0.76282084,-0.31310222,-0.43888205,-0.3911095,-0.7629162,0.7634354,-0.9111125,-0.42402166,-0.48112324,0.31879523,0.5331535,0.70826155,0.032586507,-0.3808784,-0.22500147,-0.22272801,-0.24906252,1.3311185,-0.7785843,-0.12256016,-0.2550732,-0.7609959,-1.5536017,-0.86477095,-1.1142617,0.2590593,-0.21964012,0.42149302,0.13583021,0.8483053,0.41459596,-0.40963534,-0.8382797,0.69497985,0.5389832,0.15056278,0.1150353,0.7881224,1.234717,-0.6086551,-0.02217971,0.123244226,0.2350516,0.9556846,-0.94505036,0.2278459,-0.58145994,0.02360487,-0.6047386,0.37812972,0.38363802,-0.4654705,0.36196992,0.3282037,-1.0040315,0.101702295,-1.0847373,-0.9267315,0.8294439,-0.39672083,0.23935337,0.36620912,0.5386423,0.53934526,-0.01128547,0.7888242,-0.032716043,0.5249889,-0.61753774,0.23736121,-0.19019462,0.74172705,-0.2871551,0.08699693,-0.3671094,-0.28528726,-0.5290753,-0.54731816,-0.5089125,-0.85787076,0.06839291,0.7135743,0.03622778,0.9476842,0.22191502,0.36361754,0.9346438,0.06773323,0.65344834,0.37838906,0.3546862,0.7383213,1.046204,-0.7103727,1.4423403,0.5165843,0.122537665,-0.36758304,-0.10951076,-0.10415143,-0.54059523,-0.20904198,0.105751954,0.21980743,0.052759755,-0.18995968,-0.11023763,-0.5552643,-0.7426327,0.06865348,-0.7914608,-0.96823263,-0.300208,0.9384337,1.0251122,0.61381686,0.6696256,0.6578932,0.40217158,-0.2965616,1.0646172,-0.41145477,-0.27870682,0.13902792,1.0660918,0.78149116,0.6036515,-0.89794344,0.33047467,-0.47219697,-0.6759807,-0.98756146,-1.1577835,0.37195158,-0.52743214,0.31274977,0.7150191,0.7044599,1.223162,0.17354144,0.48085263,-0.21507713,-0.7097534,-0.120435275,-1.0252372,-0.112879455,0.10963524,0.6209547,0.94792813,0.29536954,0.25146168,-0.44588047,-0.26090655,-0.85779643,-0.16396567,0.119375974,0.67756253,-0.15151785,-0.63536865,0.19714591,-0.34444156,-0.27083185,-1.5180016,-0.535391,-0.9833232,0.31395984,0.057654664,0.7401914,-0.6448086,-0.41507038,-0.97868073,0.062347673,-1.2785203,0.75510204,0.0014125669,-0.31560925,0.44171733,0.0664805,0.22557817,-0.58629763,-0.70363057,0.98342896,-0.2351723,-0.9208936,0.6137109,0.006660562,-0.6567943,-0.012551569,0.33573002,-0.27297226,-0.2454954,0.09235419,0.7889918,0.5560706,-0.3316253,0.47111553,0.3272911,-0.3813377,-0.07092692,-0.27949062,0.360314,0.40885997,1.089908,-1.134049,0.25605077,0.53076017,-1.0876412,1.1222291,-0.21850887,-0.96537566,1.2090898,-0.23097959,0.209101,-0.19060093,-0.8363299,-0.5631093,0.102328464,0.5247827,-0.019197775,0.049280636,-0.54213214,-1.9702042,-0.36145717,-0.19973795,1.4576329,-0.80688226,0.30630958,0.45485252,0.0864263,-0.90643054,0.06328615,-2.23245,0.52932376,1.1305736,1.0445174,-1.5353595,0.056415416,-0.55977386,-0.6820707,1.4429747,0.5206552,-0.0508091,0.053795133,-0.32513946,1.1963463,-0.8241867,-0.4230833,0.59235746
-0.41510174,-1.2314267,-1.7718647,-0.7874063,0.49977157,1.0032482,-0.1948535,0.62455744,0.48477355,0.39993796,-0.20551421,0.3000189,-1.2444897,0.18608825,-0.69912076,-0.1264112,-0.029779715,-0.6934033,-0.87300307,0.023149826,0.65965074,0.21488304,-1.6395383,0.046150245,-0.23855296,-0.26292795,0.090888284,0.012521536,-0.14219816,0.18243182,0.31363496,-0.31397408,1.6928513,-0.24474123,-0.0023290082,-0.74939233,0.69488204,-0.22030042,1.3354473,-1.068885,0.30969003,-0.57381237,0.4829761,-0.82815826,0.334494,-0.57108027,-0.15210785,-1.4138122,-1.4484158,-0.18124701,-0.058274515,-0.17738602,-0.07282725,0.5797571,1.0247343,-0.3329133,0.033992026,1.6570047,0.8854839,-1.0843761,-0.9059374,-0.10333049,0.3785892,0.25048965,-0.773383,0.9069984,1.09906,0.10494536,-0.6499427,0.3081811,-0.8047605,0.9089283,-0.781376,0.17900838,-0.26492518,-0.5073759,-0.3466968,0.051867653,0.75870204,0.1723564,-1.2337122,1.1245772,-0.46269253,-0.08487936,0.5851196,0.21685545,0.72212976,-0.8793036,-0.147038,-1.3717206,-0.3524349,-1.5351906,-0.2866303,-0.25104034,-0.07598452,-0.18022801,0.73310566,-0.966865,1.2954396,-0.26777273,0.16717039,-0.0025977264,-0.9247265,1.1085066,0.4670542,0.4122875,0.21508919,0.3038793,0.51263523,-0.2778166,0.3747927,1.093823,0.4337079,0.75621635,0.7259475,-1.2594135,0.4074194,-0.26381835,0.5402849,0.58490807,-0.002689953,0.46310675,-0.79665565,0.32439187,0.9827021,0.88325006,0.19375296,0.9971354,0.5992758,-0.39695543,-0.70574075,-0.792703,-1.3155736,-0.3348704,-0.28774324,0.1971829,-0.28565025,0.36540413,1.0979187,-0.53225523,-1.4481466,-0.6070064,-0.59147966,1.0104854,0.2602598,0.2819178,-0.021494467,-2.0108113,-0.07872258,0.86974156,0.010029391,-0.06478762,-0.41988277,0.53545654,0.019532358,0.031570125,0.09933388,-0.51411843,0.37202522,0.4572113,-0.8662765,0.20608868,-0.36093417,-0.35884827,-0.6825561,-1.0261495,0.28492457,0.23778816,0.9651349,0.35554942,-0.5045085,-0.5692209,-0.531298,0.2872277,0.68872434,0.09209037,0.71145743,-1.0561961,-0.23679145,-0.6473105,-0.005486192,1.5489318,0.8264901,-0.41961187,0.6027738,0.10638883,-0.7830869,-0.25947836,-0.21907629,-0.12627047,-0.4113161,-0.7555966,-0.70121443,0.9120527,-0.40193865,-0.24988075,1.3074383,0.4416013,-0.9703999,1.0185081,-0.45508918,-0.4042058,-0.9562163,-0.13283032,-0.39044666,-1.1043681,0.082743846,-0.95072097,0.6901338,0.34302437,0.00798934,-0.122760125,-0.18394853,-0.75260156,0.12507679,0.17733195,-0.45805654,0.48309416,-0.22114816,-0.07857519,0.20344847,-0.39097846,0.8700543,1.1906203,-0.14830668,-1.5918399,-0.46409446,0.34321558,0.3028056,-0.14100322,0.043208234,-0.59949267,-0.42988575,1.6266309,-1.1994275,0.41607568,1.0567669,-0.30345637,-0.73068255,0.60612017,0.9963885,0.61365527,0.7721016,0.16076154,0.18768434,-0.1333813,-0.8338941,-1.3223845,0.42661142,-1.4417468,-0.026139835,1.2207944,-0.8194447,0.22429729,0.957371,0.4407248,0.30768558,-0.90596944,-0.6462304,0.37243667
0.3678318,-1.0047379,0.51401114,0.17923924,-1.1531943,0.8724666,-0.34988314,-0.97554463,-0.34980428,0.18792371,-0.42148218,-0.6759197,-0.8030832,0.0065168925,0.019980092,-0.12685734,-0.96675205,0.29948014,0.6371741,-0.56063,0.12533107,-0.095466875,-0.39194828,0.70777637,0.26863578,1.6062145,-0.37192386,-0.95429623,-0.12892407,-0.14887199,0.5162328,0.58726823,0.4361608,0.35164943,0.03289368,-0.7444403,0.9362269,-0.60943586,0.8583362,0.3958309,0.536932,0.14111991,-0.3154411,-0.42723104,0.61334425,-0.22278097,0.25925693,0.20830859,0.33219898,0.081831634,0.6630933,0.10842518,-0.45681584,0.10009082,0.44704533,-1.0671537,0.13829343,-0.101697154,-0.8165696,-0.27838957,0.27368066,-1.0253693,2.0671167,-0.48374483,-1.8371277,-0.16941103,0.62288386,-0.012606694,-0.93673164,1.0974938,0.426856,-0.7388837,-1.1589369,0.4382923,-0.52127683,-1.826293,-0.92572033,0.09574788,0.82330954,-0.9555365,0.13125755,-0.46097293,0.7787197,0.12222669,-0.12891074,0.4307825,0.0415036,-1.1179526,-0.54639614,-0.33181787,-0.8574311,0.45872504,0.8631807,0.42674726,-0.5213397,0.07359769,1.1416824,-0.821233,0.52364314,0.68883646,-0.37323996,-0.19188416,-0.70314026,-0.31581858,-0.45170596,-0.5764134,-0.20008393,-1.5966809,0.49900922,-0.18277834,-0.3071572,-1.17578,-0.2043371,-0.45859936,-1.0030386,0.2390864,-0.55234486,-0.2096016,0.169996,0.25486,0.4206134,-1.3567309,-1.0256137,-0.47387725,-0.31163445,0.078576475,-0.07965525,-0.31890345,-0.6658369,-0.46901688,0.13004908,0.9522428,-0.82924664,0.0057068514,-0.61828005,-0.5982888,-0.07439717,0.6767109,0.777344,0.2205653,-0.2664977,-0.7966227,0.45639965,-0.40678182,-0.550295,0.78677,-0.8441374,0.78268147,0.76048535,-0.32879323,-0.53112966,0.36433452,-0.018293058,0.16264267,-1.4672642,-0.3716944,1.2896234,0.5516647,0.18495171,-0.5155381,0.24942188,1.321056,-0.8821264,-0.5464563,0.42233345,-0.089754075,-0.31061426,-0.33803836,-0.46410355,-0.33565897,0.3736476,1.6952935,-0.81135833,-0.4443006,-1.6993383,-0.6097051,-0.8965639,1.1492101,-0.06308433,-0.33207384,0.35349742,-0.907691,-0.20667526,0.7325403,0.11048848,0.7453484,0.3167221,0.84376913,-1.3033998,0.15936276,-1.5943236,-0.25422776,0.767303,1.2318124,0.83343995,-1.0741706,0.7996941,-0.06562328,-0.41223451,0.5764242,-0.42297807,0.36767828,0.4469461,-0.047805127,-0.20980696,-1.1044391,0.69852895,-0.5423359,0.022091124,-0.6272294,-0.067315824,-0.25596976,-0.7281276,0.07073605,1.400724,-1.4053508,0.805985,0.93292844,0.40579417,0.27473947,-0.5023628,0.9565883,-0.76824677,-0.184363,-0.34156924,-0.7229671,1.1296799,-0.8044006,0.26009044,-0.34288037,1.0910354,1.057938,-0.37325135,1.9312239,0.35421932,-0.079671696,-0.0597821,0.1307194,-0.9503829,-0.106291816,-0.74953985,0.02255916,0.071475185,0.6819901,1.4465482,0.27692452,1.731513,0.52547956,-0.24351814,-1.0269119,1.0303102,0.66661495,-1.6060681,0.90375257,-0.024461597,0.0671635,-0.25291952,-0.6872747,-0.47073746,-0.76995283
0.85523254,-0.18669282,0.21136965,-0.4131654,0.50294894,-0.20611668,-1.0817736,-0.32888067,-0.06803928,-0.5116094,0.19661091,0.430041,0.44983342,0.24514227,-0.09409127,-0.37191546,-0.211765,-0.19140694,-0.119360775,-0.8290785,0.03138322,0.9190676,-0.8654371,0.5867798,1.5747529,-0.4958116,0.69586915,0.7911505,-0.5583851,-0.3362604,-0.7183704,0.05258738,1.2665887,-0.73470867,0.37961024,0.6753448,0.22465402,-0.39819404,0.075543836,0.13971911,0.004503536,-1.4692672,-0.08371081,-0.58573884,-0.089781575,-0.4268662,1.1870513,-0.4252641,-0.040827096,1.5651509,0.28891072,-0.8932441,0.8632648,0.69308966,-0.4579933,0.46200264,0.24734856,0.11178408,0.21233529,-0.5691678,0.31310064,-0.04122979,-0.76193285,-0.8744417,0.15025371,-0.50610834,1.3044945,-0.5566231,0.16980419,-0.6425068,0.7894054,0.55760753,0.596083,-0.59906924,-0.25283444,-0.5222313,0.13869359,-0.6395937,-0.3472522,-0.34057122,0.19819674,0.017058674,0.030215656,-1.0861621,-0.5114383,0.4186379,0.332659,0.33630723,0.3008113,0.52634233,-0.21218756,-0.06499379,-0.27615127,-1.0564228,-0.94017994,0.7306265,-0.17862242,-0.14468902,-0.18310194,-0.12799968,1.3264319,0.7057083,0.08943044,-0.280651,-0.7419275,0.27433586,-1.0528821,-1.1494745,-0.8606703,0.35020775,0.38994676,0.31996995,1.3591287,-0.047820993,1.1363653,-0.50208235,-0.7121639,2.156146,0.51025903,0.2739056,2.1381166,-0.012817823,-0.79623514,0.67630976,-1.3298583,0.34313008,1.1492729,1.2876204,-0.3982146,-0.03720765,0.35293096,-0.29260844,0.24592918,0.5937112,0.10297493,1.0309238,0.4782115,-0.11882195,-0.34800404,0.21459432,-0.21082848,-0.044179436,-1.19101,-0.75525665,-0.87336063,0.7538189,-0.74345803,0.18980083,-0.88210946,1.5044321,0.16138813,-0.08883939,-0.38629797,0.19653687,-0.20493543,-1.4843584,-0.40064847,0.56494236,0.05155354,0.68025607,0.7041701,0.3912123,-0.2848752,-0.644712,0.2536952,-0.90918815,-0.30326873,-0.07398858,1.1565944,0.7546043,0.41008204,-0.04541915,-0.13334192,-1.4470595,0.43756482,-0.18184088,0.7384416,-1.004124,-0.37484276,-0.06096483,-0.040125404,0.5538416,0.8594014,-0.38620186,-1.8789014,0.18248738,0.23149084,0.1664828,-1.0646479,-0.2590933,0.37190986,0.24160267,0.8377645,1.1678325,1.1114322,-1.3792607,-0.5208506,-0.37856922,-0.90426,-0.018583942,-0.41293797,0.029194739,-0.037551716,-0.0756854,0.09554754,-0.4302039,-0.98347914,0.8910469,-0.69426674,0.31434375,0.21839282,-0.9714383,-0.7028806,0.042238932,-0.9821622,-0.076236576,0.4163014,0.7608398,0.1466272,0.75358236,0.35356295,0.2071376,0.23842515,-0.5973818,-0.23189718,-0.31285092,0.38923597,-0.5966292,0.3852108,-0.040495425,0.6909063,1.9094695,0.8200948,1.9936959,-0.33339295,-0.5071929,1.1930118,0.5145684,-0.7256594,-0.08372839,0.033035304,-2.422361,0.8411827,0.8632064,1.7679349,0.45177168,-0.31077042,-0.26067507,0.82072026,-0.13566896,-0.22840835,0.60661596,-1.1590617,1.0196317,0.5333723,-0.011357049,-0.65104246,-1.2951008,0.40588814,0.38999012
0.14099447,-0.6647641,-0.15120834,-0.7092861,-0.5775716,-0.26168013,0.25763306,-0.16156274,-0.65114814,-0.22898722,-0.74580544,-0.7465112,0.2680112,-0.4557869,0.3625726,-0.5210413,0.14639515,-0.24545375,0.26420146,-0.27269986,-0.4964046,-1.0341613,-0.028262528,0.72907346,0.13515165,-0.46292174,0.29404315,0.098934814,0.35530406,-0.7282754,0.79486275,0.067806445,1.0561057,0.17074718,0.75854313,-0.1972595,-0.669423,0.39324334,-0.3809275,1.1616812,-0.6851199,1.3517206,0.34382743,0.3957077,-0.10153605,0.49507725,-0.8727105,-0.34312752,0.9939997,-0.39299458,0.65451425,-0.3261731,0.2033626,-0.17809576,0.8787152,0.49852246,0.5348857,0.09196877,0.7824394,-1.2909093,-0.35617194,0.3463225,0.18103556,0.37719664,0.15520966,-1.1380205,0.3801928,-0.5358628,-0.49409387,-1.4598141,-0.38088405,0.46219817,0.52038527,-0.49110332,-2.0737092,-0.029836986,0.6328017,-0.65485793,-0.24665895,-0.46367916,-0.49810344,-0.56863415,-0.23820068,-0.332816,0.22483358,0.91765714,0.21085952,-0.35554805,0.40846208,0.50754595,1.3689779,-1.6494509,-1.3298208,-0.7255153,-0.9299171,-0.21851386,0.54362684,0.5348047,-1.064915,-1.2825584,-0.5679311,0.28388417,0.7194519,-0.3066783,0.007011968,-0.92850363,-1.1963394,-0.19294734,-0.833611,-0.105356425,-0.75103766,0.3330122,0.6546774,0.27207348,0.8781729,0.12997873,0.41168746,0.07011366,-0.71033937,-1.145722,0.27796575,0.2418772,0.022696935,-0.6833051,-0.5138589,0.045586273,1.28957,-1.3939507,0.27601254,1.2709965,-1.2527379,-0.40996218,0.7962483,0.7872556,0.21239012,-1.0418278,-1.2596277,-1.3752613,-0.0049643936,-1.2631763,-0.977799,-0.1336962,0.36188227,-0.075868465,0.033350013,0.17731358,-0.19479649,-1.2719439,0.4367101,0.22525856,0.50077987,-0.3787552,-0.38419348,0.42261422,-0.42488587,0.9907744,-0.1965942,0.17133343,-0.4622589,-0.33209023,0.029474054,0.880072,-0.98864186,0.031214548,0.5750105,-0.72294444,0.8665321,0.06431826,0.0011097747,-0.23789994,-0.66173273,-0.087595254,-0.27164626,-1.0952286,0.14081289,0.2648519,1.6707437,-0.931327,-0.05335918,-1.5525365,0.7456561,-0.59798044,-0.5519014,-1.0153208,-0.51305205,0.70160294,0.536443,-0.66362286,-0.33621415,-0.21888475,-0.75552464,1.7673432,-0.24724199,-0.34000197,-0.13445036,-0.60372555,0.086987436,0.1413048,0.14362799,-0.15453531,0.51750684,-1.4011847,0.08985988,0.3037983,-0.21495569,-0.2438932,0.1643363,0.52639043,0.9073429,-0.96687514,-0.25615603,-0.0939068,0.42131376,-0.2510307,-0.2523897,0.3337159,-0.256798,-0.17209738,0.98285985,0.1335651,-0.69069254,-1.4242117,0.18179736,-0.4357367,0.21467279,-0.02562413,-0.13815011,1.0063397,0.23270147,-0.58879226,-0.5630743,-1.6844554,-0.7272534,-0.589621,-0.47557697,0.4427075,-0.8646982,0.97232,-0.47634128,-0.51985985,-0.53459924,0.25903004,-0.83230203,-0.07758342,-0.5768417,0.11131871,-0.61254275,1.0443388,-0.7895604,0.082693264,0.8974059,0.1002307,-0.19906883,0.71105176,0.58649576,-0.06713675,0.83277404,-0.54550475,-0.4976814,0.010018802
0.09910809,-0.48465067,0.69116104,0.0049805753,0.9400774,-0.051910073,-1.0249525,-0.3099581,-0.17435285,0.28090554,1.3567159,-0.16188541,0.6983151,-0.52934515,0.04510467,-0.07372255,0.59306204,0.50344354,0.6432106,-0.27719286,-0.17170951,0.59455985,0.16090226,-0.75516254,0.40267777,-0.42498395,0.14643271,0.56331784,-0.3516783,0.8393763,-0.0009997641,-0.29725233,0.6395636,1.3837191,0.18927725,0.3945084,0.57119757,0.33603,0.58901644,-0.854761,0.0787923,-0.043624055,1.0875796,-0.20059697,-0.52855676,-0.5370989,-0.007383316,0.16863121,0.0048113144,-0.03654472,0.5817697,0.6691746,0.17647801,-0.55579895,0.5355971,-0.008235724,-0.49820888,0.05618721,-0.14919755,-0.058001917,-1.1229703,0.49511066,-0.13052322,0.28651315,0.06678267,-0.1217623,0.9490052,-0.03837732,-0.24045904,0.04800633,-0.039843153,0.39968425,-1.37586,-1.1131475,-0.7388959,-1.0881193,-0.9452232,-0.7201935,-0.343887,0.09292281,-0.11748058,-0.80803275,-0.43516746,1.1802702,-0.31305993,0.33427525,-0.4574682,0.80284375,-0.11871976,-0.39038473,-0.032941084,-0.52758145,0.31128177,-0.45843866,0.057364143,0.51916414,0.6351645,-0.4748868,0.6024451,-0.43003815,0.43192345,-1.9976418,-0.84723175,0.1605177,0.1666364,0.47295204,0.08559209,0.21598174,-0.17943871,0.494096,0.10480893,-0.22297624,0.0038925686,-0.56030405,0.092622176,-1.1902459,-0.05365911,-0.33089536,-0.72763455,-0.2434092,-0.07158324,0.2727568,-1.1434679,-0.78000003,0.5094073,1.7220014,0.51992005,-0.7624795,-0.4227554,0.1934188,-0.5624333,-0.5955184,0.35644612,-0.08953774,-0.5101253,-0.35464773,0.61008596,0.03799015,0.20974809,0.13518624,0.054203752,0.96703,0.26493263,1.1338673,-1.0806941,0.5641471,-0.63366187,0.45296323,0.03818781,-0.25558925,0.6328724,-0.100488566,1.1295363,-0.54053456,0.045946795,0.44250822,0.68804586,-0.16755563,0.5913399,0.18653004,0.45840093,-0.22970101,-0.8404806,-0.4767386,-0.0120352125,-1.3820463,-0.55624276,0.29890293,-0.21586332,0.6251632,0.23324116,0.13668501,-0.3385338,0.48090196,-0.327403,-0.5715058,0.15180387,-1.6326283,0.33850875,-0.692992,-0.10458645,0.20252192,-0.08821579,-0.46296698,0.87391275,-0.043072954,-0.07118491,-0.2460742,-0.3462394,0.31409213,0.4499725,-0.28957713,1.218879,0.3727148,0.34265935,0.36068165,0.16717903,-0.30895796,0.7574811,-0.11663461,-0.0016059278,-0.83417726,-0.21316278,-0.19750084,-0.98942447,0.45922872,0.28608868,0.20927319,-0.47267136,-0.14963478,-0.35494584,0.24085419,-0.671446,-0.5088804,-0.12197845,-0.65572125,-0.62649894,-0.4857538,-0.374879,0.37448952,-0.34055606,0.2931228,0.20343357,0.13255127,0.2830623,-0.33715907,0.7887625,-0.33564734,0.070957504,-0.8842042,-0.3922046,-0.596425,0.9417218,0.016278394,-0.073717445,0.8692634,-0.55371004,-0.45607686,0.732866,1.7901748,0.3693263,-0.009868869,0.61443794,0.6177784,1.3560659,0.22031987,-1.1544464,0.3369471,1.0935341,-0.011200078,1.2512271,-0.0898259,-0.6744676,-0.6206449,-0.09327797,0.7953506,1.1329261,1.5342815,-0.26321316,0.22975494
-0.8151424,-0.070215955,-0.4785961,0.045760654,-0.6805326,-1.021045,0.005576725,-1.2860394,0.8940067,-0.0027271323,-0.6084508,-0.6881909,-0.6214541,-0.3430715,0.40088958,-0.5172654,-0.13089171,-0.45171392,-0.62785953,-0.35870913,-0.8901056,-1.0074712,0.08899482,-0.25904724,-0.783109,0.2066936,0.5437072,-0.7648298,1.4230986,-0.31832793,0.39865983,1.1424214,-0.20368688,-0.5493543,0.3463696,-1.5628479,-1.578801,0.0643377,0.78870404,-0.23850398,0.10161121,-0.8041579,-0.51722383,0.22996926,-0.30263013,-0.6257708,-1.3388382,-0.6145133,-0.46762833,-0.102012955,-0.08663816,-0.12872225,-0.27655682,0.69027066,-0.25189194,0.9166739,0.43118757,0.30111423,0.7221075,-0.3843941,0.2512741,-0.566066,0.0036364286,-0.078391716,-0.47724876,0.14184168,-0.019415306,-0.48770884,0.03073739,-0.019129518,-0.7705228,-0.35035878,-0.4925894,0.50664246,1.0379744,-0.032222237,-0.95785284,-0.5188799,0.4133967,-0.13906997,0.63256204,0.592549,0.37063697,0.39552864,0.08863357,-0.12557791,0.030271823,0.49456975,0.6944935,0.48122734,0.4166817,0.068535954,0.02715182,-0.8233841,-1.1360694,-0.6228553,1.0386138,-0.6045496,-0.53483987,0.5122318,-1.1460779,-1.0455744,-0.6808769,0.6442543,-0.05633293,-1.065845,-0.03987183,-0.7877958,-0.13639194,-0.85067016,-0.6378114,0.438431,-0.64531475,-0.59629005,0.48632964,0.07753921,-0.98310775,-0.56695104,0.14999609,1.4607968,-1.0765221,1.1777657,-0.96626353,-1.0005103,-0.15544376,0.38313654,-0.17098494,0.25189424,2.8690834,-0.21078469,0.6475936,-0.096516356,-1.052655,0.66568094,-0.012209134,0.6192494,0.6368351,0.16349761,-0.5494736,-1.6951531,0.2883652,-0.24773309,-1.0141289,0.02962298,0.8203711,0.5823653,-0.05968929,-0.47698823,0.838834,0.6197057,1.1045831,-0.020580044,-0.053159293,-0.18567081,-0.22547421,0.547813,0.098256215,0.10221517,-0.47550517,0.47031572,-0.63987535,-0.12686072,-0.44088957,0.41320133,0.21312939,-0.2002363,0.46867636,0.35008022,-0.68353194,0.0038805422,-0.8752743,0.48819464,0.36504048,-1.3475877,0.4496676,0.66244394,0.41454828,0.14126697,0.8969697,-0.30289662,-0.0036334207,-0.17461246,-0.34519184,0.034488887,1.7416703,-0.4626947,-0.1938224,0.25321895,-0.19586796,-1.7087276,0.14131065,-1.6747979,1.065029,0.5227023,0.21719287,-0.015524992,0.73168373,-0.23554681,1.1891224,1.2577009,0.1263808,-0.035424367,-0.4790045,0.7007483,0.07168535,0.7253388,-1.0486119,-1.1535441,-0.46562958,-0.030828597,-0.90402484,-0.53886014,-0.6866327,-0.44536132,-0.93255705,-1.3441155,0.073354356,0.080409184,0.70911336,0.46139497,-0.09969143,-0.92121816,-0.09131707,0.88120633,0.028205724,0.1832663,0.77710915,-0.36457452,0.40488958,0.62572074,-0.2055825,-0.17531502,-0.69267035,0.8731339,-0.35677013,-1.0774174,-0.11471394,-0.6803196,-0.64335483,-0.3954643,0.02326489,0.9875062,-0.9096596,-0.47656533,-1.1327435,-0.2829491,0.18693648,-0.060093112,0.36580673,-1.1473248,0.20660223,0.709128,-0.3618797,0.4224447,0.41724813,-1.4773656,0.017548904,0.23114672,0.04483391,-0.0090684965
0.22295299,0.04199772,0.82737684,-0.1347469,-0.99546987,-0.35409537,-0.83334374,-0.11628013,-0.13637523,0.8069202,0.029057406,-0.4618565,-0.79068494,-0.14451088,1.1311233,0.074158065,-1.4544595,-0.70472085,-0.68418056,-0.07003494,-0.17886555,-0.08335339,0.5065681,-0.6954701,-0.06933091,0.4772095,-0.9619754,-0.41776562,-0.018968,-0.5718798,0.38512614,-0.49275258,-0.6039277,0.44758508,-1.4539545,0.4202198,0.13953622,-0.3262909,-0.042106133,0.2375348,-0.22498384,-0.31158385,0.81325793,-0.8902133,-1.3735558,0.2673477,-0.15623967,-0.109547794,0.7149883,0.06370302,0.735406,-0.80706435,0.71700805,-0.66492134,1.5446366,0.25503853,-0.25436822,1.3596616,-0.46553704,0.5479044,-0.5839444,1.8489846,1.0309607,0.87588143,-1.3877836,0.59279567,-0.92933655,-0.39247447,-0.2756942,-0.04312817,-0.109061465,0.40735683,-0.18880624,-0.06861292,0.24429688,0.02504065,-0.19519442,-1.0631815,0.32731706,-0.103248686,-0.44743344,0.51216877,0.35157138,0.096095234,-1.2014918,0.2727811,0.68101346,-0.047109343,-0.0020451322,-0.13605383,-0.082888566,-0.8597247,-0.3826297,0.33191687,-0.29941165,0.68232095,0.29191887,-0.6381126,-0.7205837,0.07929341,-0.39033514,0.36448008,-1.7187544,0.40289718,-0.14632978,-0.5178012,-1.144525,-0.7162602,0.67499727,-0.828848,0.2351955,-0.48701486,0.60913414,-0.77026516,-0.23835777,-0.59365016,-0.42617863,0.1483912,0.5622075,0.69467604,0.6641952,0.45305854,0.6863369,0.20362398,0.7461369,-0.20669314,0.025847282,-0.31956035,0.45724088,0.28199157,0.55754143,-0.58700925,-0.7220419,0.2345524,-0.52878046,-0.3050827,-0.113474265,0.47008705,0.6913733,-0.70314753,-0.17148201,-1.2095397,-0.30170855,-0.04089131,-0.36981052,-0.05210834,-0.453853,-0.19248945,0.029705925,-0.4013249,-0.3972433,-0.6262228,0.054857127,0.28553805,0.2940825,-0.60015637,0.3673208,-0.28241938,-0.1344113,-0.1676907,0.0460681,-0.6990683,0.04845713,-0.68435806,0.15158682,-0.8009682,0.14494923,0.7780446,0.4073064,-0.2022397,-0.45920593,0.035512593,-0.39955407,-1.1681108,-0.36955965,1.3672892,-0.59203917,-0.39962542,0.6521151,0.522819,-0.048734643,0.46806303,-0.5835704,-1.517546,-0.13950303,-0.019098857,0.26766074,0.13839348,0.58550423,-0.59456384,-0.73943144,-0.3884273,0.24638811,-0.9385749,1.3566518,-0.05089394,0.5753646,-0.015740147,0.34682155,0.58739686,0.73634547,-0.7135056,0.15200241,0.53160036,0.71927804,0.9280754,-0.24656741,0.4709976,-1.3148086,-1.3376548,0.3030714,0.60022795,0.5233851,0.5925967,0.6205016,0.08909365,-0.9503541,-0.61080414,-1.5723938,-0.3716096,-0.6993498,-1.0055276,-0.052039683,0.61887836,-1.6078986,-0.019954234,-1.0262916,1.2437102,-0.75266427,-0.13941775,0.37674758,0.24714999,0.41758558,-0.8222264,-0.91801405,-0.61324877,-1.0889336,0.24706405,-0.5634642,-0.11158052,-0.8348521,1.3843478,0.7077193,0.524072,-0.7512804,-1.2921202,-0.35472292,0.42196274,-1.4875463,-0.45171314,-0.325623,-0.5067804,0.76586777,0.67922777,-0.41676438,-0.13619305,0.39053893,0.15070687,-0.056034736,-0.21448757
0.33464316,-0.77346677,0.18992224,-0.25263438,0.14197308,-0.45469296,0.21426846,-0.1388037,0.07365673,-0.042792674,0.045053296,0.73171264,0.15351987,0.75764,-0.65330863,0.23507172,0.34664357,0.78833336,-1.3246704,-0.48303977,-0.3945237,0.28404734,-0.62378615,0.19226725,-0.50573856,-1.7321639,0.07918174,-0.33655113,0.26370037,-1.1145078,0.29687178,-0.51541287,1.0560714,-0.3120505,-0.017090762,0.025788682,-0.37449405,0.58158064,0.46805087,-0.612971,-0.46378195,0.1246277,-0.47536522,0.7407334,-0.40671384,1.3336889,0.27441704,-0.21151988,-1.5889282,1.2027707,0.7577468,-0.8672267,-0.2475311,-0.11986182,0.3632003,0.7297229,1.5226783,0.48594385,-0.09867106,0.066231914,0.099079855,0.12320446,-0.94402534,0.2972251,-0.36171836,-0.06264926,0.051093444,0.89380175,0.18673219,0.061662856,-0.46176642,0.3114911,-1.1675049,0.2646602,1.2737532,-0.53648645,0.046328973,0.00071322644,0.029286053,0.47623315,0.10287825,-0.33417436,-0.3496422,0.52891284,-0.09974739,1.6126429,-0.06266108,0.777613,0.1443016,0.5731297,-0.022846263,-0.17456913,0.109122686,0.044488326,-0.66549766,-0.40943286,0.62968,-0.31870535,-0.8909822,-0.4499614,-0.80842227,1.2023286,0.6949295,0.20724387,0.076324515,0.2060094,-0.8381236,0.8625788,-0.1684155,-0.37356418,-0.31286034,0.0750728,-0.2836803,0.8239904,-0.05350843,-0.29786503,-0.11937954,0.008093064,0.5389141,-0.23791559,-0.23608723,0.698874,-1.1706573,-0.9743725,0.3032894,-0.56226194,-1.4717984,0.65816414,-0.18188253,0.35184658,0.7575323,0.22846983,1.5077227,-0.7622481,-0.09403777,-0.35334554,-0.1611164,-0.093572415,-0.37545124,0.90959466,-0.28477696,-0.6775365,-0.88177747,-1.1441278,-0.052104115,1.8926228,0.78613806,1.1854619,-0.0031140135,-0.26103902,0.19496845,-1.4485897,-0.5556565,1.4041471,-0.810194,-0.08743725,-0.41535574,-0.32763946,0.4279962,-0.86348516,1.152478,-0.4887752,-0.31376,0.33425468,0.07456462,-0.38723087,-0.09427157,-1.1841468,-0.599534,0.2174112,1.1304913,-0.25551513,0.88521636,-0.12271091,-0.1784568,0.8408758,0.65574497,0.9723075,-0.8414236,-0.770301,-0.17865826,-0.97109264,-0.21369736,-0.13872948,-0.6399327,0.8668117,0.5109334,0.3728242,0.1618842,-0.13690834,-1.2161708,-1.2168167,-0.49241644,-0.19553739,-0.08570304,-1.2536796,-0.3251821,0.40361464,-0.09407486,-0.9001369,-0.6774663,0.33867022,-0.29044253,0.5090844,1.2681767,-0.91659784,-0.67963475,-0.31792265,-0.041570842,1.2534642,-0.25495175,-0.44916758,-0.24951276,-0.6855495,-0.34436283,0.28871974,-0.10323648,-1.0154759,0.3862987,0.10446192,-1.2990224,-1.2431858,-0.4872497,-0.85343254,-1.3855286,1.2375325,-0.016549002,0.43526536,1.3528359,1.3616306,-1.4638598,0.9272079,-0.53668755,0.14761983,-0.15679303,0.6931303,0.09928531,0.46224695,1.3621485,-0.32678187,-0.13771585,-0.20557694,0.26491734,0.6796743,0.07021946,0.3256162,2.4416132,-0.5201169,-0.5960442,-0.56039435,1.2922752,-0.46814197,0.16503231,0.11275842,1.079769,0.42035335,0.21346965,0.11868396,-0.4669839,-0.68471825
-1.0644497,0.5590044,-0.4799365,-0.3785905,-1.3432766,0.36332095,-0.56177646,0.7533459,-1.6280193,-0.036575943,-0.45052046,-1.1194791,-0.03660739,-0.49305838,-0.018864127,0.07080106,0.21335316,-1.5643532,-1.2743893,-0.3573223,-0.061011195,0.14007322,-0.07092822,-0.2579009,-0.31075758,0.21763994,0.18747099,-0.94181204,0.06337189,-0.5687687,0.3235925,-0.5559326,0.7187306,-0.22389458,-0.8250195,-0.93340206,0.10416662,0.3678248,1.0001428,0.16795206,0.56031555,0.40186724,0.55545014,0.16055253,-0.20032717,-0.7047681,0.25197712,-0.08341832,0.03322461,0.20191434,-1.0993614,-0.13656656,0.49206114,0.5181604,-0.8710118,-0.0050738845,0.32459426,0.9263755,0.5485974,-1.1581979,-0.6128327,0.5842452,-0.30182287,-1.8332925,-0.50622505,0.8554304,-0.91667634,-0.8819257,0.68504065,0.7348773,0.12236801,-0.3412961,-0.6769694,1.2669247,-0.07224896,0.1768681,0.6974785,0.20120035,-0.9559444,-1.1865346,0.58598775,-0.8010232,0.33579245,-0.6687192,-1.4523402,-0.3554357,0.6966735,0.58386815,0.22058836,-0.17680876,0.33541927,-0.71805024,-0.22883832,0.63045585,-0.5122748,-0.27218896,-0.8751339,-0.4417199,0.25095087,-0.2788611,-1.3085235,-1.189616,-0.83613837,0.3287829,1.7506051,-0.20659748,-0.30905995,-0.6124353,-0.5995863,0.45280677,-0.30821815,-1.1705974,-0.31102246,-0.3875503,-0.9257084,-0.09454521,-1.400064,0.13901064,0.6916069,0.8524223,1.703594,-0.08062126,0.57656556,0.17642513,-0.22730377,-1.8701402,-0.7634799,0.26698652,-0.57498145,-0.12580541,0.58125055,-0.047431365,-0.026381733,-0.9697253,-0.7880692,0.12929535,0.51555413,0.8966233,-1.3015528,-0.21064492,-0.40480807,0.059081353,-1.67694,0.7686967,-0.3765273,0.33348247,1.8371307,-0.6506738,0.96376556,0.81964,-0.5907004,0.4144038,-0.56625646,-0.68231124,1.8699796,0.49336442,1.5247113,-0.07351215,0.858483,-0.8140349,0.033817064,-1.4818751,-0.57768816,-0.35857162,1.029502,-0.22604796,0.028553408,-0.14470668,-0.3717836,0.12634382,0.7220356,0.9506116,1.19116,-1.0992397,-0.45615754,0.63831764,0.8648759,-0.8423271,-0.4379905,0.35523364,1.0415922,-0.9488492,-0.6563412,1.3192849,0.16812912,-0.34579277,-1.7957883,0.2089596,0.20609824,-0.0798447,0.57297456,0.72893083,-1.0321684,-0.85356283,0.031939797,-0.454731,-0.9715897,-0.6237406,0.95340717,0.55269635,1.106556,-0.37007913,-1.1743635,-0.52671796,0.8696541,0.69126266,-0.99810123,0.492221,-0.41306588,0.29838717,-0.5253711,0.23957647,-0.6507968,-1.6093663,0.5165883,-0.13024697,-1.5071034,1.4587227,1.0068038,-0.6467739,0.5044485,0.15618894,-0.55951667,-1.0075868,0.69804347,-1.0347912,0.11652807,0.47586304,0.40435028,-0.42547464,0.018962543,-0.66658425,0.032227095,-1.0222362,-0.07257207,-0.10532328,0.842362,0.17623653,-0.4543143,0.3990414,-0.08918493,0.15645455,-0.5903812,-1.0838165,0.5543019,-0.43621305,-1.6118853,0.7239527,-0.87081,-0.044280622,-1.047438,0.63741076,0.94019985,-0.35979834,1.0909609,-2.0812607,0.06897071,-0.07186509,-0.44132274,0.6187769
-0.17822236,0.05545791,0.4180303,-0.6269894,-0.9100183,-0.465429,-0.7533263,0.8241519,-0.042491294,-0.5355128,0.36138943,0.68732077,0.4867408,0.34863678,0.32189536,-0.010360097,-0.37498146,-1.2242144,-0.22532418,-0.5909457,-1.3202713,0.064954825,-0.20457233,1.0547947,-0.8262245,-0.12442262,1.0988524,-0.10242224,0.36572865,-0.21129842,0.49829918,-0.7857222,-0.22991553,-1.2604322,1.0675975,-0.7740244,0.2364463,1.1970847,-0.437763,0.24539742,-0.16804782,0.47376478,-0.263048,0.748954,-0.12596095,-0.044848192,0.26501802,0.3910605,-0.35356507,1.330208,-0.25232732,-1.1782548,-0.68446404,-0.029027766,0.32299557,0.7322575,-0.26824751,0.5904853,-1.6109892,0.17042404,-0.10020876,1.997811,-2.3254533,-0.5003499,0.40681654,-0.09900141,-0.4600205,0.3569336,1.2664865,0.07900605,-0.09164466,0.647339,0.95959246,-0.68620294,-1.074425,-0.5156696,-0.23443325,0.25119403,-0.8166063,-0.31146446,0.7527478,0.0060081026,-0.87947226,-1.2829424,-0.71986425,-0.10795051,-0.99571556,0.48422694,0.060064718,-0.2867228,0.19905235,1.4793185,2.2129407,-0.19187643,1.0368674,-0.34837347,1.1456264,0.13166916,0.852206,-0.15098391,0.26943067,1.1545752,0.202254,-0.3644956,0.2201862,0.62079155,0.458416,-0.2325872,0.2777405,0.31174517,0.28661448,1.3112044,1.4770283,0.6656141,1.074069,-0.7892363,0.22148007,-0.21142232,0.3344158,0.7551868,0.8259143,0.9229981,-0.16885449,0.5135418,-1.5358711,0.8405772,0.9630984,-0.14220166,0.4041133,0.26100108,0.48796153,0.3292792,-1.087621,-0.7663435,1.4030013,0.41159382,0.230936,0.21061106,0.49045804,-0.7825803,-0.073829524,-0.46933082,-0.54568535,-0.3334833,-0.46365762,1.6335233,0.68821424,-0.70640576,-1.1685251,-0.029265549,-0.8100423,-2.0640643,-0.58268386,-0.10136961,0.044808414,0.050196774,0.7382324,-0.46683204,-0.04253874,0.5606111,0.3565592,-1.1035838,0.41972676,-0.18874717,-1.2672492,-0.46183652,-0.7388187,-0.27730304,0.24800901,-0.9958037,-0.30812794,1.0312333,0.11876012,1.0348811,-0.72287273,0.51320493,0.6770346,-1.3578442,-0.29385784,0.037017662,0.22343838,0.22237004,-0.26194346,0.40347493,0.624397,1.1110103,-1.0696641,0.4067241,0.20419993,0.607507,-0.024986727,-0.37915453,-0.05917589,-1.4846858,-0.55902004,-0.81086546,0.6607318,-0.37462336,0.9234835,0.6968624,0.29634026,0.24115156,-0.4524467,0.44596,0.8859425,-0.7675977,1.4486035,0.16477151,0.1504073,0.21282844,-1.535315,0.7011157,-0.06769823,0.2983663,0.6507038,-0.5067003,-0.72961295,-1.303259,0.35830092,0.7501359,-1.7010645,-0.09252475,0.7152242,0.4568675,0.35156786,-0.24193022,-1.2888166,-0.19777024,0.61630666,-0.91431767,-0.58325213,-0.58993095,-1.4154936,0.50438595,0.09999627,0.45311776,0.7401331,1.328345,-0.28656057,-0.11427283,0.25460225,0.15176935,0.6570009,-0.5271628,0.28620967,-0.48598146,0.024380568,0.5792049,-0.20503862,-0.13838165,-0.8063415,-0.39024496,-1.2039675,0.118046686,-0.05631959,0.97746354,-0.1300953,0.4939674,0.748121,1.0065976
0.9218333,0.0031784892,1.1438632,0.52496433,0.4869421,0.032286067,0.7302035,0.2236413,0.37964106,1.5440775,0.22619268,-0.13878313,-0.5040471,-0.058250584,1.2978058,-1.0950979,-0.30468443,0.066323504,-0.21556605,-1.0102296,-1.4339223,0.55403465,-0.14906967,0.12516566,-0.47078267,-0.44165447,1.4572742,-0.02951306,-0.47372264,0.11244353,0.037942123,0.38039908,0.18497661,1.1226029,-0.48107612,-0.7442121,0.68681794,-0.50046265,-0.015321563,-0.7786409,0.75995904,-0.8496429,0.15619256,-0.68474233,-0.74398625,0.8877708,-0.9980583,-0.1075039,-0.22563826,0.13818395,0.22172447,-0.30496788,-0.6549835,-0.31861302,-0.57699525,-0.75304234,0.21787335,0.18951564,1.382622,-0.06584881,-0.37383726,0.68384355,-0.08864832,0.20141585,-0.77394766,-0.28468764,0.7588018,0.21091528,-1.3888501,0.055280875,-0.06083953,0.5161709,-0.8208833,-1.1092069,-1.407454,0.18578513,-0.01318119,-0.51960677,0.45083508,-0.7153447,-0.96160233,1.0970466,-0.15795735,-0.9041847,0.21661529,-0.5049289,-0.91811204,-0.053150058,0.36451468,0.29979888,0.6565942,-1.3255093,-0.5278322,-0.3819645,0.49161813,-0.80140775,0.20930113,0.18220986,0.1931659,0.2314213,-0.47189003,0.30461794,0.9125146,-0.3662423,-1.1121594,-0.5804707,1.5776483,0.41881892,-0.22459307,1.620985,-0.50414646,-0.97022605,-0.22342995,0.8848581,-0.3070164,0.24626794,-0.84840935,0.27097893,-0.44837436,0.7111219,0.019385,0.12760037,-0.08712423,-0.7170467,0.8174629,-0.388427,0.37214473,1.5925468,0.014609756,0.5927066,-0.1317916,0.60013187,0.3480864,-0.07439652,-0.4166341,0.33380616,1.7428576,0.5094433,0.6692526,1.2826636,0.738859,-0.1372568,-0.09870571,1.1606963,0.12833077,1.6738133,1.6965114,0.3496153,-1.2464178,0.1776491,-0.5117074,0.686391,-0.73248863,0.34037244,-0.28346688,-0.39896193,0.3293382,-0.92947143,0.13942063,0.14001532,1.8025554,-0.39351535,-0.034497544,0.45317146,-0.6078503,0.29915142,-0.57636154,-0.026093598,0.03918788,0.20178367,-0.13690451,-0.26595822,0.271978,-1.4851433,0.6071782,-1.0741658,0.3764987,-1.0325948,-0.6299126,-0.4456301,-0.24534829,-0.585067,-0.5615095,0.31933823,-0.7958146,0.96933466,0.326008,0.55815154,1.3674877,1.9222353,0.21780027,0.53845453,-0.2118399,0.497657,0.5307038,1.7306397,-0.05765736,-0.046542905,0.87684786,0.53501475,0.06654547,-0.151256,-0.34626755,-0.09898488,0.3311542,-1.0889621,0.4166399,-0.63914645,0.28581473,-0.42648664,-1.0449708,0.5838254,0.51072913,0.12919794,0.51515067,0.8627749,1.2177614,-1.5768621,-0.8036889,0.7025959,-0.16493393,0.36696336,-0.12426469,0.8304462,-0.3270126,-0.6955651,2.2520304,0.18013845,0.40997365,1.0744989,-0.38554353,0.30727684,-0.40984213,1.1255603,-0.3819289,-0.14086328,-0.09218455,0.34346533,-1.0506669,1.1029905,-0.26899862,-0.36326724,0.8004467,0.9155724,-0.63987035,0.4207685,1.5361238,-1.3668748,-0.1440782,-0.64787316,-0.3858289,0.7336565,-0.3557606,1.3542612,0.33760744,0.101844765,-0.78694594,0.2084067,0.14577849,0.7911305
-0.25269392,0.6586861,-0.25599253,-0.3783032,-0.61545575,-0.6740349,-1.0824243,0.019543612,0.41827777,-0.27151388,0.6747161,1.5791577,-0.056301232,0.08262272,-0.7073608,0.20983864,-0.4080345,-1.1020887,-0.4540556,-0.07466147,-0.21610361,0.44774032,-0.0805544,-0.6632447,0.36538795,0.7603406,-0.6148199,0.642254,-1.2067932,1.134154,-1.3172199,0.6971925,-0.9737212,-0.63728493,0.819428,-0.25533432,-1.0991031,-0.46922138,1.6248735,1.0234568,-0.2604721,0.19670527,-1.0965418,0.94859356,-1.2619483,-0.057332937,0.21790889,0.2628541,0.33889332,-1.2185025,-0.92603153,-0.053776816,-0.12617804,-0.88073593,-0.80110407,1.9749681,1.1827488,-0.5669734,0.31422406,1.2009531,-0.27567235,0.10931319,0.3722386,-1.152708,0.8744859,1.3417301,0.019914666,0.44506177,-0.51822805,-1.6514037,1.012927,-0.23122948,1.3641069,0.67082924,1.0434829,-0.67210585,-0.50150216,-0.06674167,0.7700215,1.4088684,0.38657558,0.13696116,-1.0162032,1.1659108,1.3381628,-0.2772393,0.4564992,-0.9344987,0.755195,0.4687046,1.2021939,-0.73739666,-0.9360261,0.20449868,0.1045249,0.89047116,0.07316271,-0.018466415,-0.21626052,0.1567399,0.33911598,-0.63807267,0.40734822,-0.63203144,-0.7850778,-1.1707424,-0.61430705,-1.091695,-0.38715303,-0.55122995,0.58434707,0.33270803,-0.43698058,-0.15405282,0.4299562,-0.0941764,-1.5673178,-0.20070796,0.36859056,0.22809917,-1.119459,-0.058249537,1.2510134,0.08197308,-0.23697996,-0.13473184,-1.9392464,0.40904015,-1.0967706,0.9312494,0.048441567,0.51297146,-0.9897775,0.36445025,0.25968495,0.0725565,-0.60360307,-0.1602805,0.013286008,0.8170606,0.72828835,-0.4950767,-0.96394396,0.30252683,-0.5720667,-0.6369665,0.015561641,-0.46338916,1.2466847,-1.2748209,-0.5700805,-0.5555154,0.42227858,-0.8174117,0.3288526,0.45446518,-0.08306522,-0.8965538,1.0734571,-0.09474633,-0.17793037,0.006352259,-0.39177236,0.55690634,0.48631406,0.5049619,0.16245212,0.3701176,0.13072734,1.2257735,0.38624957,0.74025303,-0.12574737,-0.22006646,0.21483625,0.062354915,-1.343501,0.79590034,-0.0905355,-0.81503636,-0.5415925,-0.78839403,0.47102532,0.62922704,-0.55011374,0.87709534,0.6285573,0.2636504,0.48984307,0.086702965,-0.5438003,-1.0801853,0.8772648,-0.79845655,-1.7038542,-0.44762594,-0.113257274,0.39806026,0.3101869,-0.9088167,-1.2574326,0.028979497,-0.5407535,-1.159247,0.51399267,0.7332389,-0.63339555,0.65517604,0.28538793,0.46982032,-0.515449,0.9405791,0.36653018,0.43979472,-0.8142329,-0.22175011,0.21240829,0.6440178,0.20120442,-0.19752161,0.71509653,0.7328773,0.5066723,-1.1730441,0.31088847,-1.3581301,-0.5288153,0.46017367,0.36529315,-0.745341,-0.81211185,-0.9049917,-0.635969,0.7956103,-0.5460007,0.3687927,0.4150425,-0.7560902,0.91769975,-0.41564533,-0.10344594,0.7511553,0.19885863,-0.031242216,-0.34642583,0.21185821,-0.3390835,0.9603527,0.29748398,-0.2000419,-0.5200101,0.22280493,-0.3253074,0.22916801,0.4461231,0.8947856,-1.3761178,0.055414148,0.061822463,0.9634751
-0.090431884,-0.30338,-0.70168704,-0.05844379,-0.48199165,-0.51055,-0.42524573,0.012343312,0.6240886,-0.8938987,0.6065796,-0.38433284,-0.6550737,-0.5972266,0.3781065,-0.3076164,-0.56365335,-0.6015223,-0.3581243,-0.123717114,0.016724624,-0.98047847,0.16195709,-0.20225047,0.04445262,-0.29034865,1.3917733,1.5457749,-0.9284959,0.051463798,-0.35329905,0.4323183,1.2455806,1.532874,1.608755,0.22715856,-0.14977323,-0.44243047,0.5146045,-0.75313574,-0.1944461,0.21515383,-0.3682096,-0.102317035,0.02304928,-1.0459057,-0.09205462,-0.24087743,-0.8420865,0.38113827,0.47305575,-0.4651441,-0.79597884,-0.4952127,-0.6222829,0.05816728,-0.17033008,1.2066122,-0.20703307,-0.21442191,-0.28853536,0.37506822,-0.84569603,0.74754936,0.40432703,0.6597404,0.06893684,0.055315237,0.011819096,1.859173,0.58136594,0.09667711,-0.74154264,-1.2788457,0.3185711,0.112321414,-0.28149372,-0.1338603,-1.2024244,-0.58078456,-0.9858584,-1.1182892,0.051696844,-0.35214436,-0.3117676,0.91346127,0.881955,-0.01339571,0.49691626,0.34921178,0.3210301,-0.0904282,0.0077332663,0.0583842,-0.21783474,0.722805,0.3137274,-0.028490746,-0.19819775,-1.0442339,-0.57148373,-1.5499444,-0.22062342,-0.5611515,-1.0868198,-0.32024443,-1.4095126,0.21170819,-0.51850814,-0.20801891,-0.06162513,-0.94170034,-0.23256807,-0.6363889,1.0706109,-0.15754263,-0.13488583,-0.12680987,0.24329403,-1.0271691,0.4831929,-0.4296406,-1.518627,-1.3849144,-0.22893995,0.32336026,0.44216654,-0.9707608,-1.3783686,-1.5389943,0.13674839,-1.4162756,-0.23673269,-0.0013570471,0.13035002,-0.114893675,-0.8344741,-0.19737811,-0.2669369,0.5787402,-0.2871258,-1.476253,0.2137951,-0.14563061,0.2920512,0.6644228,-0.6682408,-0.6441641,0.15603352,0.6226502,0.1797901,-0.4270043,0.8238619,-1.2158699,-0.0998991,0.7542266,-0.38299745,-0.46239105,0.25326303,-0.0829328,-0.2117579,-1.0367305,0.19157611,0.93729085,0.9180492,-0.61135906,-0.6781822,0.86593896,0.120973006,-1.4580187,-0.22263323,2.2496629,-0.823295,0.27995807,-1.0471548,-0.40125093,1.2829959,-0.7573199,-0.29883355,-1.5610653,-1.6280583,0.9650796,-0.0028605277,-0.641174,-0.66661143,-0.049315333,1.3414729,0.35995007,1.4818575,0.97894716,-0.5619175,-0.038249653,0.46582597,-0.20280643,0.19701432,-1.3850632,-0.7123884,-0.4108175,0.77976626,0.7552498,0.11814496,0.40529102,-0.15436073,0.11932454,0.5126383,1.4497997,-0.40765217,-0.31616977,0.13264494,1.269212,0.091518864,0.10252056,-0.51022303,0.075782984,-1.02326,-0.21565431,-1.1882821,0.4203041,0.033851556,0.23595336,-0.47252107,0.49098894,-1.2782371,0.033399697,0.035343908,1.1292669,1.2543889,-0.565964,0.81337535,0.39353773,-0.34458742,-0.27938098,0.9054177,-0.5925801,-0.92363775,-0.36271545,0.09198925,0.37777218,0.70027447,0.540965,-0.44614798,0.21656184,1.1358501,-0.21505374,0.6958834,0.39579588,1.1680597,-0.2503047,-0.92366916,-0.15197642,-0.2993853,-0.9809494,-0.09603562,-0.6949959,1.7830604,-1.1507286,-0.53839505,0.31250522,-0.44000304,0.3358485
-1.0274656,-1.0532987,-0.46197668,-0.8114958,0.17377208,0.8593046,0.10069359,-0.17192985,0.15942907,0.0752935,0.2760654,-0.5863443,0.12412703,-0.5840768,0.33331624,0.032318916,0.24309964,-0.3454021,-0.6391881,-0.3938985,0.45629385,-0.86579746,-0.023032347,0.3817833,-0.01558811,0.32279292,-0.40155122,-0.67724216,-0.25541258,-0.42975527,0.05863355,0.80343103,0.23336138,0.64158505,0.26152107,-0.7650394,0.13157248,0.9874939,-0.3478038,-0.3634051,0.03113144,-0.7747097,-0.35390398,1.3150363,-0.6496387,0.40181017,0.108599715,-0.3280495,0.080909714,-0.79427016,-0.06069068,-0.49196154,0.67751545,-1.0887456,0.20319961,0.3034457,-0.12493152,0.050224442,0.6201704,-1.3649094,-0.33000222,0.47698265,1.3850489,0.76667744,0.4510291,0.43679133,0.9316431,1.3707745,0.3947512,0.436191,0.68120253,1.0503217,-0.1012624,-1.1302361,-0.26981023,0.73353386,0.21424285,-1.5370976,-0.26361302,-0.3457669,0.6256224,0.19256778,-0.05435964,-0.6192362,0.860144,1.2971075,0.12387867,-0.37077117,1.6177154,0.2923801,0.3015419,0.1341849,-0.46501875,0.3232102,-0.27497885,0.7317626,-0.29294714,-1.2269571,0.17498818,-0.689299,-0.67266774,-0.0012750784,-1.360775,0.18758102,-0.5795972,0.21789904,0.17447707,0.41585317,1.0176829,0.21747242,0.7688384,1.2006127,0.20109864,-0.27395043,0.75975114,-0.4422736,0.54908866,1.102697,-0.74470687,0.5068237,0.96768266,2.3369606,0.6164089,0.07518964,-1.0188806,-0.17854528,-0.030033557,0.79721403,0.22036746,-1.3293653,-1.7151648,0.037353743,-0.187364,0.6045224,-0.7099093,0.04616247,0.108174115,-1.116347,0.12874083,-0.114401564,-0.44209814,-0.37628955,-0.2204362,-1.207738,-0.7590152,-0.6057455,-0.2627533,0.01340676,0.51227087,-0.36139917,-1.209063,0.23753332,-0.62884706,-0.24517085,0.10913355,1.6087375,0.87911123,-0.13684177,-0.27945438,0.27448633,0.3234999,0.7777315,0.86931103,1.1287454,-2.1780276,-1.2533356,-0.1896724,-1.3722013,-0.037984673,0.8741157,0.33842763,0.9246117,-0.16523777,0.5382946,-0.3110693,-0.658768,-1.242558,0.039050706,0.0058905454,1.3870896,0.53089,-0.9716457,-1.8648493,-0.28272527,-0.2586113,0.09492025,-0.8278832,0.44037682,0.42309144,-0.19691707,0.050658613,0.40257397,-1.0292008,0.123572275,-0.43458453,0.8939383,-0.4082674,-0.56470907,-0.35008323,-0.20160234,-0.1844061,0.020532705,-0.43607998,0.058438923,-0.6204887,0.890025,-0.3051042,-0.23508474,-1.6038076,0.7293479,0.5462408,-1.2934172,1.107613,0.06266292,0.12663648,0.09190382,-0.4696183,-0.64777476,-0.70086354,-0.69826865,1.0526607,0.6330279,-0.06661334,0.25783348,-0.52370363,-0.15267517,-1.3628985,-0.7338702,-1.6770215,-1.0009953,-0.0072870795,-0.24085668,0.5044237,0.07371116,0.10571574,-0.7291122,0.16468276,0.44511765,0.52449703,0.29795778,-0.29416034,-1.390585,-1.2815574,0.48053488,-0.10910761,0.69993085,-0.20424932,-1.4960362,-0.38953945,-0.17579074,-0.38262647,0.1787856,0.10675677,-1.279439,0.6493253,0.42353252,-0.4247858,-1.0608492,0.4113029,0.08108473
-0.122796446,0.038830955,0.23808451,0.27656385,-1.4940178,1.1961273,-0.26523215,0.099294126,-0.50527567,1.0706372,-0.9015944,0.38047716,0.44916585,-0.21727149,0.119705044,0.27858755,-0.13449703,0.53825384,-0.52359045,0.47945404,0.8783956,1.458355,0.10479805,0.5225398,0.5952863,0.6111618,0.25826263,-0.66741157,-0.45624056,1.1569953,-0.34734264,0.7616062,0.24450955,-0.015468778,0.22746004,0.070299394,-0.18685366,-0.5117002,0.42170888,-0.1755133,0.48447782,-0.5004044,-0.26327267,0.37290475,-0.97590524,-0.3666187,0.69490707,0.08953159,0.6090604,-0.6209459,0.8345033,1.052927,-0.8872419,0.6853025,-0.3121055,-0.4291451,-0.47992203,0.12229539,0.73454857,-1.6007355,-0.9634325,-0.6905198,0.2651439,-0.7423179,-0.5342318,-0.3933883,-0.5184679,0.34285685,0.36695904,-0.3287431,0.047999043,-0.8651429,-0.6074361,-0.75265896,0.4892535,-0.16027775,-0.27465573,0.08049457,-0.06043601,0.040553,0.9258987,1.1037942,1.6717918,0.012753839,0.5171412,1.5918317,1.4180659,0.45028213,0.32208702,-0.045732506,0.32698193,1.2319969,-0.605987,-1.1422678,-1.0778799,0.54822725,-0.0007727198,-1.8251321,-0.7473283,0.06501934,0.048172265,0.74766827,1.8132285,-1.1656111,-0.41777185,-0.64652324,-0.012943934,-0.46919397,-1.1577449,-0.2902154,1.3579043,-0.57018745,-0.46063456,0.44220266,0.5899644,-0.3947848,0.5785173,-0.34143326,-0.5377505,0.55760455,-0.6618422,-0.9486,-0.3787988,0.3332111,-0.55490106,-0.7368671,-1.2681069,-0.8851008,1.6445891,-0.8786081,-0.24230467,-0.55130666,1.0724468,0.22037782,0.270857,1.1045846,0.18490218,-0.12004399,-0.9927102,-1.2936105,-0.677589,-0.7480737,-0.75190985,1.0371076,0.3411596,-0.5064756,0.6677519,1.3941739,0.8246474,-0.0679868,-1.1537298,0.7332801,0.11968877,0.7954653,0.23245253,0.25503385,-0.97434783,0.3319652,0.5772257,-0.22005446,0.66336787,0.42512652,0.5092394,-1.4029939,-0.077208005,-1.0312127,-0.47111756,-0.3627938,0.42616004,-0.61888844,-0.2707529,-0.08121688,0.22536464,0.088239685,0.57466775,-1.572414,0.27973342,-0.063402906,0.41229224,-0.9912184,0.050893843,0.9958209,0.31793794,-0.82078534,-1.0580726,-0.45613706,-0.21229345,-0.6052853,0.22151785,0.1664498,0.76764256,0.4740441,1.3882569,-0.6229491,-0.7514322,-1.4871341,-0.35426813,-0.10578337,0.19852656,-0.32568938,0.6276824,0.1444626,0.1409398,0.8065545,0.40284428,-2.0508776,1.0804507,0.41501585,-1.473976,0.084450886,0.944334,1.8729986,0.20813276,0.42826322,-0.28232744,-0.8471366,0.23310828,0.012340048,0.88450414,0.72822046,-0.60315245,-0.73786384,-0.43493596,-0.21480916,0.085215196,-0.26757678,-0.43170163,-0.41926527,0.5487825,0.4677905,0.097850755,-1.352269,0.5123328,1.1103966,-0.74759376,-0.13630106,-0.69740117,-0.41825217,-0.52994186,0.21260118,-0.40479025,1.4723259,1.2471122,0.71097153,-1.954729,-0.1338724,1.0723103,-0.90263253,0.85930175,0.3759218,-0.3433545,-0.19079852,-1.5171248,0.821173,-0.1356493,0.30095237,-0.82439077,-0.62714297,-1.0209076,1.2765082
-0.6907511,0.4495829,0.08041753,0.8183075,-0.040063314,0.82360274,-0.46396887,-0.95054567,-1.1532975,0.21336475,0.27932322,0.09069173,0.7964814,-0.10518991,0.06029001,-1.8944435,0.017571203,-0.72780234,0.48897874,-0.30049556,-0.44760534,-0.38945183,-0.5831602,-0.49597013,-0.05972009,0.1792524,1.0537184,-0.034744147,0.2745096,-0.06654863,0.1571896,0.055233832,0.09842549,-0.4787966,-1.0484043,0.47720537,1.479992,1.2742468,-0.4627227,-0.35554245,-0.057975866,-0.6217959,-0.6899268,-1.1451366,0.039398156,-0.6118129,0.24997212,-0.8718661,-0.060992572,0.4942454,-0.06650507,-1.3690518,-0.4703293,-0.69364554,0.55189097,-0.097347185,-0.20065325,0.52188987,0.20649226,1.7342832,0.51178294,1.3162111,0.023340391,-0.78467,-0.095144875,-0.021837035,0.60070336,1.0317934,-0.8657522,1.1688068,-0.29416373,-0.25885886,-0.0970211,-0.17756303,-0.24880634,-0.6173081,-0.02463062,0.2199119,-0.4498806,0.1478666,0.42035666,0.2533736,-0.1003856,-0.64023656,-0.50479686,1.9171754,0.21544605,0.15651885,-0.064761944,0.41421586,0.5190381,-0.2716864,-1.194991,0.69876915,0.14593224,-0.015530806,0.2536279,-0.04030285,-1.185815,1.2927296,0.50960773,-0.7425899,-0.62392646,0.40908328,0.5494935,1.2885827,-0.41259512,-1.0262085,-1.1960052,-0.16025087,-0.4830361,-0.4702713,-0.61363894,-1.1195341,-1.5488666,-0.06518926,0.62919474,-1.2262908,0.023314523,0.26458317,0.99857855,-0.050525606,0.045118093,-0.42837453,0.041120496,0.5776481,0.6358529,-0.7878581,0.96426064,-0.48087248,0.30237058,0.28770036,-0.73376465,-0.87463534,-0.5194609,-1.1273082,0.22732677,0.08836246,1.1469558,-0.5887398,-1.4622353,0.552297,-1.2433668,0.3464852,0.046784427,-0.043113038,-0.19249907,0.84777933,-0.10040406,1.1545118,-0.4121422,0.20915471,0.08272405,-0.22270107,0.49772346,-0.27169523,-0.0075558797,-0.54774207,0.11201023,0.21081632,0.27007762,0.3647768,0.09677703,-1.0399704,-0.3563802,0.17992342,0.24114978,0.11081334,0.026660008,-0.76578647,-0.30747327,1.1988316,-0.19869381,-0.662994,0.5635765,-0.78390753,-0.7826851,-0.5168595,0.030734086,0.17998153,-0.28002816,-0.40286344,0.16312842,-0.54583573,-0.39739347,2.225287,0.49007615,-0.15682909,0.22562048,-0.0075574336,-0.12810615,0.70603746,-0.55133486,0.1996254,1.6793656,-1.8936692,1.2206643,0.39422238,0.35027248,-1.2309982,0.32450315,0.05804005,-0.12034148,0.03282736,0.9813455,-0.33145076,0.03533392,0.27983353,0.08116955,-0.2402034,0.84993345,0.32221714,0.7872572,0.22945715,0.49646527,-0.037224587,-0.09065359,-0.26397556,0.39017722,-1.1985143,0.6184741,0.5346117,-0.20276032,0.51356584,-0.93608034,0.35519165,-0.20019451,0.3024636,-0.46336636,0.08533776,0.052007936,-0.6395248,1.049531,-0.4078295,-0.8505104,-0.4625893,-0.57219034,-0.43508926,-0.9537121,-0.15655859,-0.08807386,0.69298035,0.37201777,0.017586088,-0.27266735,1.0610886,0.7431348,0.79652935,0.13359635,0.40531507,-0.05596907,-0.53863305,-0.50780386,0.092089005,0.99392873,-0.52805394,-1.0708443,1.4188175,-0.51247245,1.0355071
0.4569266,0.42176807,-0.33151868,-0.06892114,0.5697215,-0.40115887,0.7831348,0.7112769,0.9613091,0.5739713,-1.0410482,-0.3205215,0.08577434,0.46300998,0.23430139,-0.024974456,0.0009528727,-0.8944346,-0.76781225,-0.23446201,-0.58681095,-0.19162412,0.24949707,0.60677385,-0.1903787,-0.11851922,-1.1747638,-0.23951069,0.37765148,0.46181083,-0.116970085,-0.029040545,1.0598279,-0.28263104,0.62811273,-0.5402272,0.24430312,1.5629708,0.067337036,-0.48441124,-0.7506036,-0.10659665,0.067658365,0.09985334,-1.2391374,0.040829666,0.5229594,-0.11850861,-0.41287878,0.056814075,-1.0202531,0.32391974,-0.66643196,0.6192036,0.02003151,0.8818145,0.92526656,-0.98774654,0.97663635,-0.1801868,-0.10681743,-1.0945058,-0.5501513,0.49612916,0.41619715,-0.23092762,0.07304739,-0.76348203,1.1570977,-1.3208439,0.26555791,0.09726071,-0.24206193,-1.3326464,-1.0155443,0.62443435,0.5929742,-0.38224313,-0.8027494,-0.5504474,0.5199051,0.4810255,0.02235632,0.01631299,-0.71422243,1.3749028,1.005274,-0.26367724,0.13201924,-0.88234836,-0.43526933,0.26861563,0.4694381,-0.6743619,0.40918955,0.36378297,0.6155902,-0.1431777,-1.5099045,0.08108956,-0.3385041,-0.75788546,-0.1166079,-0.82687944,-0.8246711,-0.8196502,0.7957584,-0.1485481,-0.8906152,-0.9862485,-0.3785727,-0.323609,0.4284089,-0.41806114,0.45169812,0.24785498,-0.4263077,-1.2586482,-1.3362784,-0.45995614,0.46750593,1.1715227,-1.0265415,-0.18834664,-0.25302854,-0.15770428,0.073544934,-0.15142661,-0.08105671,0.41988006,0.42233473,0.51698095,-0.5396833,-1.1866016,0.3856489,-0.104241624,-0.28836975,0.19807217,1.3276169,-0.32522193,-0.7536924,0.23182121,-0.11942954,0.1651137,-0.57211107,-0.05792437,-0.4136723,0.78257155,-0.2645966,-1.0234388,-1.3439693,-0.43218374,0.43369636,-0.2866625,-0.5803934,-0.56867284,0.18705848,-0.2225032,-0.27725202,-0.1253975,0.010001139,0.019902468,-0.77906466,0.3809774,-0.5590761,-0.31192765,0.4103096,-0.9800083,-0.71712416,-0.17916815,0.6446572,1.0959196,0.32363683,-0.20547451,-1.8967057,-0.08198513,0.16296649,-0.40377894,-0.19938184,-1.0659603,-0.0056952294,-0.050718762,0.4910634,0.59491974,0.072818756,1.1941543,-1.1898861,-0.32528654,0.17726403,-0.2187901,-0.93527997,-0.20556645,0.60601485,1.286941,-0.634321,-0.66887,0.54114753,-0.32183954,-0.7025966,0.29934686,0.22293572,-0.042934496,1.1387571,0.24977984,-0.5490235,0.89318883,0.61129177,0.7406719,-0.6433007,0.38853163,0.76418495,-0.57864267,0.5246607,-0.4059255,-1.0423491,0.7269809,-0.014319644,0.006664261,-0.5612717,1.0162721,0.29338855,-0.44705644,-0.67188823,0.40360284,-0.44630033,0.58221245,0.66679144,-0.18046378,0.5541911,0.40319833,-0.30041334,-0.6026066,1.0305778,-1.773331,-0.11795866,-0.3408113,-0.9771115,-0.94935554,0.18197437,-0.26084137,-1.0789577,0.7042415,-0.8487098,1.3010683,1.2531697,-0.04157198,1.2002048,0.20377737,0.6341247,0.8004783,-0.2820329,-0.005770105,-1.093323,0.10931816,-0.69923735,0.4532222,-0.7766475,-0.49597982,-0.973313,0.9631626
0.121828325,-0.3409213,0.41443864,-0.31552947,-0.0650859,-0.113136,0.41369084,-0.005211596,-0.25349647,0.5218481,-0.52296865,0.5536658,-0.6943216,-0.3224039,-0.0068101613,-0.6761902,-0.586719,-0.023138765,-0.54261506,-0.9077543,-0.9425217,-1.4888737,-0.104687855,0.53779495,0.1385893,0.52149475,-0.85762614,1.2479147,0.53953344,0.30993205,-0.6331229,-0.3597108,1.5454471,0.98282546,-1.716523,0.04518051,0.3248403,1.9312658,0.105929576,-1.2745739,-0.20167473,0.51738036,-0.103207834,-1.4043405,-1.21491,-0.7303899,0.5544666,0.5822654,-0.087557726,-1.6399344,0.41601172,-0.13787927,-0.57442874,0.006358412,0.6718276,0.24919179,0.8335031,0.66130275,0.36416736,-0.06239124,-0.343899,0.9397725,-0.03512865,0.88685155,0.14451315,-0.17593895,1.2091845,0.5625301,1.0817482,-0.78701675,0.5576702,0.18643047,0.35470474,0.46877164,0.01585106,-0.22690366,-0.7664376,0.029671755,-0.6537229,-0.3776569,-0.6074,0.2563095,-0.75369024,-0.36282304,0.68291456,1.3496436,1.1455587,-0.6592485,0.13574713,-0.12727408,0.9507568,1.0587261,-0.18415627,-0.26162672,0.09297235,0.102368586,-0.37497652,-0.7204392,0.8470042,-0.43751848,0.39624012,0.56786287,1.6665497,-1.4999645,-0.36508095,-0.24986877,-2.31748,0.5538176,-0.48077047,-0.04105262,0.40646192,-0.39854407,0.16673082,-0.95193183,0.5382988,0.5162961,-0.3740025,-0.08269826,-1.5466146,-0.35546544,0.876923,-0.6230464,-0.30460417,-0.96132404,0.27548504,1.6722372,-0.114936955,0.038562078,0.69940037,-0.22760184,-1.1738169,0.25269777,0.56195384,0.46160766,0.1915017,1.0319337,-0.52432775,0.05637928,0.7942347,-1.1411599,0.49780816,-0.39209834,-1.7729125,-1.2045071,0.044233214,0.13627446,1.0888138,0.04735145,0.80293953,-0.66295314,-1.3498052,0.6247114,0.5958875,-0.15529081,-1.1694157,1.3522675,0.52942884,-1.1591419,0.15380351,-0.13010952,0.44415438,0.21238144,-1.2084439,-0.42145407,-0.08618913,-0.34643897,-0.5442745,0.66249764,-0.8193412,0.47616932,-0.49001375,0.03431296,-1.9324455,0.38450795,0.93534523,-0.11307078,-1.5923058,-0.06972543,0.07966288,0.026652437,-0.52377355,-0.58178467,-1.2253256,-0.9932859,0.44387817,0.78372437,0.5502856,-0.74342084,-0.11283654,0.40371826,0.55990195,-0.4118546,0.17785051,-0.06891747,1.4925151,-1.7309308,-1.2201822,0.21024767,0.10578727,0.22677681,-0.44280097,0.6801577,-0.785723,-1.7162634,0.35330766,0.27518645,0.050677903,-0.52915823,0.711082,-0.306915,0.3608612,0.80230206,0.5367198,0.65658164,0.44670177,0.05571764,0.9176765,0.25798965,0.8460286,-0.2343319,-0.21743438,-1.1266623,0.3888112,0.22282983,-1.1525409,0.55790967,-0.16029596,0.40356454,0.49833575,0.2950641,0.12824583,0.002804586,-0.19170062,0.43718144,0.48390394,-0.70833284,-0.6062985,-0.35773876,-0.06286794,-0.7304041,-0.40173402,0.44337714,-0.16474381,-0.93902636,-0.8565473,0.40066275,-0.4769509,-0.5814175,-0.3406001,-0.91943437,0.9701301,0.16868727,-1.2386976,-0.07770246,-0.31365702,0.29638603,0.037620556,-0.2637703,0.66638124,0.69553274
0.7625018,0.102342926,0.13369139,0.45890915,0.0549976,-0.19271436,-0.83970183,-0.16203092,0.37762237,-0.1833509,1.3798018,-1.3106341,0.024684403,-0.84375614,0.022968005,0.6672811,-0.9102359,0.0916516,0.12800981,0.5324804,0.26370433,0.56367767,-0.01743408,0.2377963,0.14154384,0.21136388,0.13652895,-0.1392972,-1.1533186,-0.10709484,0.3640185,0.48033783,-0.43563625,-1.0551078,0.4043036,-0.28550708,-0.80942553,1.3951756,-0.64960724,-0.27790514,-0.3463281,0.29594803,-0.21392119,-0.54359186,-0.029987399,-0.41938913,-1.3386703,0.43820837,0.0028185248,0.47590113,0.3961756,-0.34785214,-0.13043141,-0.34383324,0.0022942072,-0.6500739,-0.030634277,-0.7604785,-0.10456351,-0.62016684,-0.4572926,0.21996056,0.5133688,-0.28038874,1.5803162,-0.6027939,0.14597484,0.42618945,-0.22149001,-0.17419103,0.16040409,-0.45045257,-0.060433596,-0.24571592,0.2124498,-0.14291915,0.10714415,0.02657723,0.004268825,-1.0634017,-0.85865265,-0.023568843,0.15351489,-0.4192373,-1.0497352,0.4664756,0.92334175,-0.022292756,0.348281,-0.47452962,-0.3626616,-0.30680287,-0.1225538,0.28034395,-0.45341557,-0.5001511,-0.24584183,-0.033736177,-0.29651433,-0.05852305,-0.27011496,-0.0321798,0.5864948,-0.029308189,-0.8238341,-0.31617197,-0.61891174,-0.21283737,0.95710146,-0.18858097,-0.45561126,0.57746845,-0.9426472,-0.44814935,-0.36939225,-0.29914218,-0.54468095,-0.0077838106,-0.22005914,0.20689273,0.1915158,-1.352042,-0.043808684,-0.641303,-1.5911239,-1.0484703,-0.48691994,0.094197564,1.534185,-0.47609493,0.13000251,0.15627448,-0.17215239,-0.14443912,1.1235657,0.23906831,0.13577348,0.7609362,0.12755826,-0.24467194,-0.7041237,0.10814843,0.2619113,-0.48186675,-0.3638746,-0.34031683,0.23525864,0.54589134,0.9353011,0.67535496,0.35132557,0.619811,0.11109447,-0.38561687,0.94322157,-0.2046385,0.26164997,0.005641987,0.03471445,0.1912157,0.0953143,0.7602251,-0.3373033,0.5988285,-1.3328401,-0.061396353,-0.5495158,0.5128704,-0.8730831,0.35009998,0.55764806,1.0615904,-0.6080837,-0.07350035,0.2628822,-0.023531372,-0.32454345,-1.6332096,-0.5802098,-0.2558822,-0.79317784,-0.66260785,0.50560653,0.11308203,0.42981082,-0.69197017,-0.08460757,0.96338016,1.0071642,0.1429226,0.878567,0.4400787,0.36698166,0.63547033,0.18423171,0.30057535,-0.3768564,0.4075235,-0.6875028,-0.90476555,-0.20843889,0.4249342,-0.21357347,-0.47217065,1.0113946,1.7183306,0.25594625,-0.85028845,1.1282387,-0.4327772,0.13002776,0.9977501,1.0182177,0.7483278,0.7247624,-0.9827779,0.45883954,0.24082795,1.2794633,1.0173994,0.24846369,0.09058388,-0.49849975,-0.27166352,0.06617568,-0.2732019,0.46504626,-1.1398197,-0.5391567,-0.10898053,0.55126417,0.5124524,0.34265697,1.1276386,-0.46683004,-0.6425388,0.7550997,0.25728434,1.6360723,0.77847594,0.88000154,1.4587791,-0.28640953,0.72935826,-0.34400076,-0.4082729,-1.3789495,0.6699402,-0.4206261,0.0511601,0.6093147,0.23829351,0.82526314,0.39867318,-0.20015429,-0.44161606,1.3644177,-0.382522,0.99548143,0.21194044
-0.31919938,0.35640663,0.85268086,-0.36334804,0.33856216,-0.26440313,-0.024716778,-1.3565993,0.31661433,1.0788845,0.7464634,0.010675221,0.10909541,-0.21206596,-0.9865701,-0.52126616,1.0456579,-0.5372652,0.22300038,-0.6117321,-0.7118376,-0.29170346,-0.30201653,-0.0126898615,0.66485447,0.10416005,-0.93093103,-0.4089323,0.123649396,0.57733357,-0.45217016,0.8082794,0.6908917,1.108079,-0.24594694,0.5573349,-0.046558958,-0.23125027,0.3388114,-0.2916578,0.3533849,0.664901,0.42243814,-0.032588672,0.23102804,-0.12466399,-0.4878715,-0.21681507,-0.29647523,-0.644425,0.059397306,-1.4524796,-0.2918552,-1.0715839,0.27997637,-0.7978274,-0.41826552,0.43674582,-0.21899025,-1.4551431,0.33406878,-0.0021583927,0.7881652,-0.21174203,-0.080531366,-0.8603333,-0.9455057,0.07099928,-0.44604126,-0.37049368,-0.19892955,-0.99645275,-0.4894552,-0.06751242,-1.0563225,0.032857843,0.92629963,0.3673405,0.15034412,1.4130721,-0.5783142,0.32430074,0.1882956,0.43516713,-0.007265848,1.161202,1.0518044,-1.174377,1.3416531,-0.41111198,0.58456206,-0.8049958,1.1023022,0.15628822,-0.2506116,0.35678506,-0.10010162,-0.5836638,0.25731733,0.44032103,0.6864106,-0.09109568,0.60297096,-0.25881997,-0.2066768,-0.34036422,-0.2303205,-0.53906333,0.05579259,0.08183693,-0.33126867,-0.44167593,-0.10274976,0.0043106214,-0.13470434,0.5465428,-0.60591155,-0.3003336,-0.08652916,-0.15979134,1.2201777,1.9811304,-0.939114,0.6766524,1.6850351,1.5381144,0.506611,-0.49013603,0.014826504,0.44072,-0.28725514,0.1157215,0.03623325,-0.2885034,0.33023965,0.48749742,0.47802943,0.5991322,0.4412382,-0.048783153,0.044565346,0.08093851,-1.0115763,1.4133642,0.2730595,0.8804057,0.6176401,-0.45666254,0.9607712,-0.4036734,0.46469805,-0.24929762,0.8670694,-0.5634611,1.1131767,0.011378275,-0.013836848,-0.5009377,0.5892619,0.12085131,0.81707233,-0.84508216,0.12641966,-0.28111094,-1.2661012,0.21847367,-1.1899035,-0.10096077,-0.4639148,-0.5003577,0.5987783,-0.14535698,-0.93726915,0.14704539,0.97158617,-0.34575307,0.31958658,0.34575924,0.1285671,0.2819685,-1.1792672,-0.2120999,-1.1670305,-2.2441952,-0.95454484,0.17226012,-0.41522166,-0.69165766,0.57378083,-0.8000966,-0.5944449,1.1962688,1.9357228,0.28792503,-0.9765563,1.027209,-0.20281807,-0.42674506,-0.070821896,0.35562173,-0.5403715,0.35143507,-0.4080929,-0.1131269,-0.87315226,0.17683257,0.5759042,0.1651568,0.7802077,0.35982013,0.44961518,-1.1605088,-0.43331748,-0.11829132,-0.2208453,-0.27276525,-0.93092465,-0.85583866,0.082067944,-0.62902445,-0.6161268,-0.7613082,1.1278287,-0.15658453,-0.43655944,0.797515,-0.111136936,-0.6489508,-0.6378339,0.19542718,0.29580414,-0.1311446,-0.10149213,-0.116613396,-0.17243508,0.25627935,1.133536,0.004166022,-0.03396205,0.44354925,0.5958006,-0.12950796,-0.68095416,0.14503066,-1.2340466,-0.12934883,-0.43086407,0.9571271,-2.0964649,-0.09539299,-0.09162019,-0.45509112,0.056678537,1.8828946,1.0367247,-0.5299958,-0.059664086,-0.40687618,-0.683891,0.4165663
0.68818,0.9779757,0.068738595,0.1326588,-0.42705444,-0.31485632,0.01119517,-0.44815126,0.2860027,-0.21282959,0.08926538,-0.57933426,0.4180421,-0.2949995,-0.29138556,0.07782079,1.1850498,0.5433915,0.24967141,0.04246602,-0.4671436,-1.2619162,0.12817141,0.5072032,-0.41867635,0.6856416,-0.7854811,0.5282073,-1.1826403,-0.2930886,-1.2374454,0.31592432,-0.0041964343,0.6976706,1.2298719,1.4189045,-1.0580904,-0.54457814,-0.064351805,0.25054702,-0.4381906,1.2405195,-0.0019291121,-0.78714675,-1.0606897,-0.6974959,0.5769354,0.09305534,-0.81758857,0.830309,-0.58912164,-0.42763603,0.115061864,-0.036871966,-0.45728326,0.084102646,-0.10615609,-1.6144651,0.32047534,0.39302656,0.39643943,-0.35555455,0.6945317,-0.43786174,-0.27175727,0.8031432,0.12484622,1.072661,-1.1547335,-0.4845784,-0.14219163,0.7217695,0.9244529,0.55110735,-0.47526705,-0.12138427,-0.7167179,0.3431143,0.22562993,0.80201674,0.2773443,0.061677236,0.08955088,0.3199125,-1.6417673,0.03570926,0.95994765,-0.45290792,-0.39622056,-0.5258046,-1.1481867,-0.82341045,-0.5268196,-0.6956608,-0.6489227,-0.5463982,0.32654238,0.79043764,0.07836171,0.11329359,-0.36934552,0.87898827,1.4099547,-0.16812629,0.2786628,-0.9556577,-0.42653203,-0.3232207,0.8680815,0.7391704,-0.30845165,-1.734716,-0.41509673,0.21014327,-0.65093356,0.42462835,-1.4084092,-0.1539377,0.0832801,-1.1871929,0.39072925,-0.47194102,0.8871073,-0.005048337,-0.40679345,0.19501156,0.53404176,0.75321907,-0.46113923,-0.59146756,0.58717644,-0.1768925,-0.31839943,-0.4568594,-0.29332438,2.394583,0.1408332,-0.33702302,0.33678985,-0.586206,0.06921005,0.2481818,0.43388143,0.94824964,-0.120246045,1.5628557,0.79122376,-0.33480412,0.15535721,-0.2579334,-0.14240326,-0.24558827,1.4194746,-0.7929533,-0.050976075,-0.02081206,0.050285075,0.5408947,-0.6042155,-0.15270849,0.17030294,0.37525,0.9652988,1.2228405,0.08348324,-0.2453237,-1.2792987,-0.13548993,-0.18536755,-0.63085353,0.89104986,0.22667661,-0.2370102,1.0068228,-0.57442564,-0.25890929,-0.10538887,-0.54297227,-0.12479059,1.5589132,0.76787245,1.12993,0.40799665,-1.3753952,0.39515996,-0.12500568,-0.23687233,-0.37438762,0.5985883,-0.18376815,0.08712389,-1.3190601,0.28178176,0.13975763,-0.52252215,-0.58935803,0.079789594,-0.4580854,0.016337145,0.09083573,-0.24549799,-0.1284305,-0.6751755,0.86444205,-0.25756517,0.23330602,-0.51927215,-1.3570831,0.013664926,1.1088175,-0.6462128,-0.06635786,-0.44444302,0.56944364,0.426739,0.87753695,-0.3163696,-1.1282312,-0.94385904,0.31521988,-1.1535507,0.23576875,-0.30502096,0.46851963,1.0980175,-0.85698694,1.4392297,1.0427765,-0.7673713,1.0044053,-0.38996598,0.985471,0.7106132,2.962493,0.24579142,0.029258613,-0.15761317,-0.38061115,0.27145478,1.7178113,0.11667144,1.0705773,-1.2074136,0.7059196,0.71540844,0.24809793,0.7673554,0.45319378,1.0072079,-1.578493,1.3354682,-0.7152595,-0.4693141,0.79033816,-0.72702265,-0.21132109,0.369907,-1.0714973,0.0779219,-1.1183368
-0.10752699,0.15123944,0.6365328,-0.43591654,0.5727056,-0.52144456,0.36720362,0.37014723,-0.37094977,-0.29018092,-0.60924137,-2.2471654,-0.25154796,-0.9894297,0.22222881,0.30082986,-1.4567016,0.82843035,-0.027671052,0.42765263,-0.12202856,0.19521934,0.5419587,-0.14489582,0.6326673,1.2595431,-0.41997585,-0.6470708,0.49150065,-1.1826468,0.20597321,-0.10483622,0.9093171,-0.65893495,-0.9062244,-0.7579074,-0.0966309,-1.2245221,0.49185577,1.2356046,-1.1034279,-0.3017269,1.334479,0.9450916,0.113991216,0.8094157,0.8646173,-0.21588548,-0.81899244,-0.06697578,0.3843165,-0.5122517,0.26541534,0.8797029,0.6217419,-1.178481,-0.5165322,0.15689892,-1.2222463,0.4349825,-0.5256386,0.17980516,-0.20788436,-0.5664758,0.7308499,-0.49518403,0.75151974,0.4729096,0.025125569,-0.1767949,-0.29634014,0.23393738,-0.16743791,0.16297288,0.27186865,0.031370167,0.17150916,-0.19318698,-0.41487998,0.38663346,-0.27988544,0.22973758,-0.7779484,0.43000767,0.8544859,0.35850856,0.8585343,0.66731215,0.46705922,0.08183917,-0.03892578,-0.22801164,1.0399958,-0.17351452,-0.9138114,0.567703,-0.4408805,-0.26828292,1.0616033,1.3221675,-0.40293345,0.050770223,0.8525923,-0.08680053,0.08573028,0.31702876,-0.7844871,0.18042587,1.0153271,0.8196138,0.5715914,-0.030264707,0.7530667,0.6881678,0.8932418,-0.08567293,-0.059867583,-0.51948076,-0.5636163,-0.91990525,-0.6009763,-2.3147557,-0.15826836,-0.24766326,-1.231695,1.538187,0.69519323,-0.5462213,-0.37231255,-0.050379172,0.88805115,0.11161925,-0.29341036,-0.64708126,0.20593143,-0.23614113,-0.2367046,-1.5874915,-0.6549891,-0.15780136,-0.1551704,0.44056076,-0.43555182,0.84729713,0.57868654,0.5323869,0.48234475,0.25409916,-0.2977556,-0.18191598,-0.83853775,0.39191362,-0.7390507,-0.17950742,1.1622139,-0.08524714,0.07960366,0.5381724,0.68230355,-0.7357424,-0.42517936,-0.71380794,0.44054925,-0.7420984,0.23760772,-0.48292285,1.1835433,0.17841052,1.333073,0.6828699,0.35409155,1.0767756,-1.0812792,-1.2203802,-0.9842998,0.3948438,-0.33920076,0.70888686,-0.9024612,0.09148271,0.3952389,-2.197136,-0.7354909,0.4215975,0.01208329,-1.0309982,-1.3054156,0.85644114,-0.0008760434,0.63588667,0.073611364,-0.48634547,1.1336142,0.107364625,0.3882925,0.33799285,-0.3304392,0.519101,-0.44283465,0.037730243,0.11966621,-1.4931726,-0.7359246,0.34833884,0.3587364,-0.18977521,-1.4183563,1.5511221,0.33401847,-0.27273008,0.67593735,0.46512625,0.9241499,-0.4745658,-0.9517739,0.051690135,1.2315162,0.7181891,0.0041020717,-1.2677889,-0.16331948,0.2186793,0.8508928,-0.30713043,-0.82290524,-0.045501877,0.5847253,-0.3863156,-0.42495438,-0.09164012,-0.5185771,-0.2082456,-0.9961272,7.6961835e-05,-0.30548787,0.1664965,-0.36169666,0.7201949,-0.33690435,-0.68425566,0.35925785,-0.80134106,0.24166971,0.27808902,0.15035775,0.8513305,0.5592695,-0.7423416,-1.3678582,0.20486085,-0.63179845,-0.22027919,-1.1400418,-0.10317407,0.20940939,-0.5665931,0.33765262,-0.043209173,0.7930506,-0.022202818
1.0123714,-0.7354424,0.15219526,1.0126543,-0.0811668,-0.35591644,0.1533731,-0.7410495,0.6027442,0.28499246,0.98295635,0.28242126,-0.5784456,0.45670363,0.45326352,-0.86833864,-1.1990638,-0.05610283,-0.94189924,-0.42467222,-0.39066884,-0.7674039,-0.29238456,0.2909107,0.2378013,-0.4975919,0.13450865,0.7716386,-0.09307913,-0.66234064,0.086908795,-1.2351333,0.40809548,0.7243032,1.0007694,-0.02827318,0.09951729,-0.47461364,-0.85790753,0.09403999,0.5874285,-0.34824306,-0.56423867,-0.19168621,-0.8276325,0.6552534,-0.27491957,0.6752769,0.10895885,-0.5264327,-0.658278,0.18718675,-0.8868548,-0.25494093,0.5198889,0.091960885,0.20758504,-0.0575661,-0.6818605,-1.0101432,-0.35293344,0.1635812,0.03557025,-0.02348818,-0.5442184,-0.6004951,-1.0097905,-0.32284653,0.9374811,1.03594,-1.0186424,-0.6448154,0.087881066,0.12006314,-0.25525984,0.34939247,-0.35696253,-0.08547031,-0.60355324,0.16981296,0.174365,-0.5774832,-0.287852,-0.23431079,-0.9801938,1.0796459,1.8590097,-0.41817772,0.8517582,0.79301983,0.3396722,-0.112565145,-0.6839536,-0.15782233,-0.40464723,1.2274911,-0.30997306,0.25123915,0.1798626,-0.50839967,-1.3100275,-0.5219655,-0.44823873,1.4087107,1.0620309,0.66456527,1.4028974,0.67457986,-0.40543786,-0.4493036,0.49913016,-0.67566776,-1.6469439,-0.38219112,-0.47880363,-0.04897508,0.23937522,-0.08576757,-0.30097562,-0.30565995,0.22730063,0.07361881,0.66449505,-0.54959023,1.5318907,1.7642848,-0.6936724,0.20747171,0.8976615,0.5092122,1.0049102,0.90761733,0.08628296,0.13619739,-0.3730016,0.0016026729,0.16208585,0.30536702,-1.0147315,-0.3174622,-0.6955886,0.28976676,-0.29702464,-0.9105815,-1.3364679,-0.10131454,0.22862962,1.0857064,0.45975524,-0.287391,0.46218663,0.19483556,1.4903518,-0.7215713,-0.42444423,-1.089199,-0.5590314,0.60823345,0.22329704,0.08169605,0.7128548,-0.3108551,-0.10923448,-1.1510938,0.58281606,0.669009,0.05014228,0.012454328,-0.06947629,-0.9657261,-0.9670357,0.39018223,-1.0376223,-0.53308696,1.3354162,-0.57635325,-1.1261718,-1.385931,-0.42723766,-1.2087997,-1.1526272,0.64751345,-1.1630074,0.5656386,-0.35155112,1.3561902,0.399286,0.60410273,-0.51995194,0.030530578,0.38459563,-0.07452894,-0.0050644083,-0.80414575,-1.6073728,0.043291375,0.6974627,0.22019617,-0.89197737,0.11901808,-0.16150935,-0.3060609,0.3212164,-0.5673086,-0.115103915,0.5496894,0.46340227,2.4181957,-0.23388636,0.077306636,-0.0068307957,0.52737457,-0.02166091,-0.55082005,-1.3771609,0.13456951,0.586767,-0.64317375,-1.3092842,-0.061321195,-0.105654255,0.30966824,0.04465828,-0.50798786,-0.77454364,-0.36305916,-0.40849173,-0.012906093,-0.2314607,1.1219548,0.66295654,1.3266637,0.8198313,-0.12751912,0.032440018,-0.13384171,0.76782274,0.6301821,1.5215243,0.093859985,-0.6299824,1.2601875,1.2785944,0.44156772,0.45851043,-0.18639582,-0.9482576,0.62177867,-0.22502673,-0.22194931,-0.28416172,-1.5658946,-0.48494917,-0.44833902,0.8061655,-0.6737963,-1.136416,-0.057108987,0.26737705,-0.4847563
0.16588731,-0.43397418,-1.5353979,-0.017495818,-0.32848755,0.6660976,-1.1802531,-0.20672576,0.25735974,-0.49750826,-1.3409433,-0.8932815,-0.9089025,0.7838384,-0.4725393,-0.23292412,-0.898592,0.28718823,-0.6892868,-0.97514457,0.25432628,0.529579,-0.34649056,-0.17073001,0.3900403,0.89900106,-0.055728436,0.5691109,0.14398295,0.8002558,-0.66787726,0.16443706,0.19186541,1.151247,-0.5053779,0.64653856,1.309908,-1.3539412,-1.0400616,0.948332,0.9351746,0.38417098,-1.2233763,0.051503066,-0.22108461,-0.033704642,-0.11597563,-0.080814876,-1.0059825,0.07859557,-0.2363421,-0.37933162,-0.512569,0.3906139,0.10472771,-1.1756661,0.0003866102,0.3088628,-0.8411944,0.014982213,-1.0309948,0.7826677,0.44145998,0.7085773,0.030652551,-1.4051781,-1.4368684,0.28985098,0.3711123,-1.34284,-0.87927556,0.24873081,0.601861,-0.10403636,-1.527262,-1.3212777,-1.1056268,-0.05279044,0.45014474,-0.0019140368,-0.11765379,-0.13297077,-1.0079716,0.083588436,0.15342215,0.4470088,0.9233386,-0.080625735,-0.27086955,0.5359436,1.0456773,0.820056,0.84630007,0.050182026,-0.35762426,-0.29228193,-0.39037773,-0.5148028,-0.8705683,0.4466826,0.43525273,-0.12974489,-0.50058407,-0.016621236,0.59188175,-0.47279647,0.79917955,-0.85255903,0.23839658,0.2185233,-0.49430567,1.060753,0.27732283,0.10718399,0.16091862,0.55507094,-0.009242626,0.97526467,-1.5644488,-0.99103236,0.08172441,0.5949157,0.97869897,0.7900915,0.27190852,0.6848228,0.41376778,0.99693745,0.31900918,-0.3878497,0.99914354,-0.12343409,0.40121844,-0.6682573,-0.36571482,-0.7272087,-0.7179106,0.22813222,-0.069381654,-0.4388129,-0.17389646,0.16240501,0.8143143,0.6228712,-0.5039136,-1.1440289,-0.34110335,0.093413964,-0.6457067,-0.5275339,0.28092805,0.16722049,0.44354427,-0.2474103,-0.36778995,0.056709144,-0.2963681,-0.3806405,0.45556438,0.48509786,-0.50506103,-0.36090675,0.86291635,-0.26206946,0.5986534,0.17377573,0.6433565,0.36094669,0.6108322,0.01475258,-0.45577058,-0.08192365,-0.55618465,0.5595838,-0.23854007,-0.1868067,0.022756333,0.18882015,-0.2617193,1.0932537,-0.3285234,0.3637788,0.855229,-0.30186868,0.41299748,0.34855315,-0.12703145,0.3799071,0.6037809,1.1616862,0.79820836,0.9054622,0.21437724,0.014129376,0.25449127,0.9519937,-0.599444,-0.033380482,0.23518606,0.23740539,-0.37957907,0.19423427,-0.0019349616,-0.39527884,-0.68703395,0.20009075,-0.031387478,-1.0378474,-0.6004818,0.5165739,0.23296449,0.16533828,0.15917467,0.031991154,-0.91669834,-0.45377672,1.0458817,0.3332376,0.066416085,-0.5635099,0.23250808,0.5010607,0.6435041,0.08270522,1.0096511,-0.87343365,-0.18695585,0.4455952,0.109073706,-0.24475434,-0.47230202,-0.021475343,-0.058450945,2.3432982,0.22180319,-0.22067925,-0.55455005,0.10103326,-0.061220597,-0.91020226,0.6001384,0.97977376,0.5868476,1.0792521,-1.7339946,-1.1732283,1.4220374,0.2651413,-0.49327162,0.18092756,1.1427997,0.02712815,-0.75345045,1.6094522,0.9207928,-0.73687494,0.7082308,-1.1525707,0.90986013,-1.1488358
-1.2736796,0.48619986,-1.0464547,-0.14128703,0.6736267,0.43232426,-0.26152167,1.1982982,0.3145899,-0.77994335,-0.14204079,0.7933181,-0.41380197,0.62208444,-0.43984208,1.3933907,-0.17794734,0.5335892,-0.7350823,-1.499607,0.019673377,-0.11595549,-0.5084777,-0.4371543,-0.3816965,0.17373863,-0.16079293,-0.32455784,1.4818621,-0.6132909,0.13108754,0.47207582,0.3103626,0.76572067,0.20163475,-0.07857082,0.9715221,1.5531458,0.022346154,-0.34605512,-0.80724555,0.004430633,1.4073333,-0.4990741,-0.6977141,-1.0451634,-0.008171385,0.77400565,0.060878847,0.15780167,-0.53736645,-0.8435913,-0.4386079,0.3940408,-0.92495793,0.7781513,0.2237276,1.115133,-0.0929411,-0.5367772,-1.4027175,-0.8950809,-0.8921031,-0.3929654,-0.386252,0.25289428,-1.1234257,0.80952495,0.26074737,-0.47036314,-1.0998127,1.2896975,0.15137012,-0.5144899,-0.4500024,-1.1303141,0.110889494,-1.0115441,-1.3109751,-0.5090026,-0.028132956,-1.1956587,0.074508406,0.1408259,0.09969518,-0.24521379,0.38490006,-0.10443389,-0.7670287,-0.6457692,0.76904,-0.74273926,-0.018654972,0.44706026,0.50583804,0.0864905,-0.6611991,0.23575115,0.23796593,-1.051339,-0.4978642,-0.24386682,-0.8286642,-0.1463756,0.11459485,0.0049756225,0.0233254,-0.22438928,0.351103,0.46331808,-0.55891776,0.21549949,0.03310408,0.26902628,-0.40245038,-0.5735013,-0.76839566,0.3072445,-0.2503244,0.75096625,-0.6687572,-0.8439485,-0.88072944,1.1438583,1.2420902,0.3537803,-1.4728991,-1.2747048,-0.23457304,0.2608525,1.2528297,0.2730456,-1.009175,-1.5911895,-0.5353363,0.3334259,-0.52886057,-0.601671,-0.9525163,0.25819445,-0.10306442,0.47933257,-0.42990205,-0.00058429554,1.2608225,0.028687326,-1.285861,0.1437643,-0.19773328,-0.78125274,-1.6164988,0.58127683,0.33765355,-1.4430797,0.49650705,0.3044342,-0.6432995,-0.32800955,0.19810712,-1.1142478,0.16682795,0.0726204,0.52105886,-0.21273103,1.014023,-0.53938746,-0.041789006,-0.46640828,-0.15210952,-0.4270951,0.61843455,-0.913611,-0.35651043,-0.52894574,0.4730962,-0.41057226,-0.91129696,-0.041825432,-0.8169725,-0.7668504,-0.12507872,0.67023677,-0.017323207,-1.5013705,-0.9117981,1.1490691,-0.08288037,-0.6839724,0.75064045,-0.014431393,-0.6523961,0.081300005,-0.18498924,-0.025934994,-0.44461757,0.028422236,0.78197247,0.08944074,1.400142,0.08464868,-0.24658297,0.28944105,-0.3181948,-0.25421685,0.5981219,-0.2957454,0.047265805,0.31953028,0.92032814,0.2931401,-0.56742346,0.3305311,0.40579394,0.80310833,0.46045038,0.10222154,-1.4151142,0.49187115,-0.10570745,0.4518346,-0.086106196,0.805079,-0.59312725,0.7105432,-0.64545697,-0.24879436,0.76897144,-0.063875325,0.025513401,-0.3155342,1.1640613,0.5179084,-0.46708816,0.30932504,-0.12836385,0.85341483,0.08119639,0.5051466,-0.5161104,-0.11418497,-0.12610771,0.9644643,-0.41768402,1.1036212,0.9993089,0.36507317,1.2795073,0.69447654,-0.19336975,0.57972664,0.061016645,0.097685985,0.8063269,-0.33736372,0.09879771,0.5364799,1.5041467,0.71749717,1.0461648,-0.21502432
-0.75942546,-0.88418317,-0.35139874,-0.4828076,0.19215755,-0.22558618,-0.86509603,-0.5785052,0.27948838,-0.9285746,0.46151015,0.662669,0.3862762,0.6152369,0.21581466,-1.6262308,0.31245765,-0.6772739,-0.1868583,-0.5215542,-0.9988723,-0.85630697,1.1252567,0.76100856,-0.5084952,-0.39174497,0.3356468,-0.8697767,-1.0152119,0.49157897,1.1491752,-0.9022389,1.0489506,0.6754759,0.656769,-0.7029115,-1.6005739,-1.1976364,-0.52224326,-0.53890556,0.055495027,0.07034016,0.005710638,-0.6826726,-0.0210653,0.01369258,-0.5601411,0.5903336,0.58157,-0.21912837,-0.73090196,-1.0289237,-0.055509456,0.020349624,0.036647577,-0.10534307,-0.35077867,2.028003,0.85306484,-0.8039859,-0.27520934,-0.562268,-0.23650044,-0.031862393,0.21413349,-0.40222317,-0.3553904,0.28882748,0.8061561,-1.0903934,-0.3915908,0.268535,-0.4252108,0.2073801,0.3767825,-0.6316266,0.24954586,0.2754483,-0.74437034,0.065613486,-0.37092665,-0.27049503,-0.0451547,-1.1635315,-0.2726629,0.14374071,1.6481087,0.37283823,-0.30044645,0.68614936,0.22585578,-1.2601906,-0.18027978,0.10082444,-0.15429793,0.32933527,0.120198846,-0.25518125,-0.27006605,-0.9159091,-0.27394772,0.07491178,0.48537368,-0.23783891,0.9797438,0.27722877,-0.5115906,-0.74722785,-1.4937959,-0.041257054,0.42121992,-0.36256614,0.035838272,0.03097916,0.5628455,0.20830373,0.23830742,0.15107286,-0.24563149,-0.9692353,0.26499614,-0.2906398,-1.2308115,-0.8175857,1.217551,0.83115035,0.7193868,-0.7669736,0.4058234,0.7749031,-0.4776107,-0.04309157,-0.22550066,0.14778861,-0.11548293,1.3750769,0.90739405,0.95827824,0.7422686,-1.0890752,-0.8528622,-1.6874096,-0.88002396,-0.22376326,-0.44154996,-0.56756896,-0.3381806,-0.7129574,0.2758516,0.08395755,0.15878205,0.4573434,0.53275967,0.38789284,-0.046816885,-0.6294928,0.39745656,0.053743325,-0.59969,1.0887946,1.3812395,1.0195048,1.1551386,-0.5895199,0.70504093,0.30651402,-1.0364273,-0.980475,-0.6896822,0.3570226,0.40594256,1.0614821,-0.48427323,-0.68462914,0.058444854,-0.27899143,0.44386128,0.39438778,-2.0285113,-1.795669,-0.0010412829,1.941963,0.09684149,-0.49061447,-1.2340814,-0.06447142,-1.2937618,-0.16617723,0.15547386,0.357242,0.09086697,-0.329186,0.014415663,1.6833786,0.9175911,-1.4871973,-0.6366307,-0.4106551,1.4265815,0.4009639,-0.28436422,-0.20526074,-0.1762704,-0.41202834,0.18157549,0.3470224,0.61799425,0.8609609,-0.5496568,-0.44500852,-0.8282923,0.78805566,0.7376517,0.26330766,-1.0443478,0.019877104,-0.54568976,0.30779082,-0.6755231,0.73100924,0.58814216,0.71108234,-0.22118719,0.65961564,-0.87984514,-0.42164898,0.5447044,0.30650997,0.9688999,-0.19726661,-0.16305494,-0.9935197,-2.0180876,0.616265,0.469904,-0.1637719,-0.19840321,0.14990461,-0.03948066,0.3648025,-1.2957823,0.22332107,-0.30793536,1.6357698,-0.15857509,-0.6213548,-0.12838808,-0.7887089,-0.4174418,0.75525534,-0.1283118,0.29582796,-1.6735499,0.028046627,0.83389455,-0.7934434,-0.35796043,0.35587147,0.13258897,0.11596148
1.070238,0.39376906,-0.7426466,-0.8857301,-0.69792205,-0.15333657,0.10349526,-0.11254176,-0.54796654,-0.68907905,0.12414062,0.59496653,-0.05021115,0.34028813,-0.029542776,-0.27141824,-0.11154684,0.543692,-0.3471319,-0.61377835,-0.033917848,-0.49331495,-0.08234679,-0.15694314,-0.40264556,0.48613778,0.30524242,-0.47490484,0.20180698,-0.78949237,-0.70718586,-0.5513603,-0.11454202,-1.2657763,-1.1052048,-1.5939331,-0.33947605,0.24527292,0.049865544,-0.14644824,-0.52167857,0.109074496,-0.30349693,0.11523228,-1.0520861,0.24524212,0.06725129,0.03168292,-0.23137619,0.6814523,1.388947,-0.3699457,-0.15688354,-0.053689715,0.8911433,0.57538074,1.1262417,0.26888758,0.18612349,-0.19665757,-1.0104321,-1.012334,0.9965202,-0.4951833,0.2570645,-1.6388327,-0.2427338,-0.52027214,-0.4294746,-1.1945088,1.042257,0.5956442,1.0022656,-0.6391044,-1.3716391,0.65407574,1.1536624,-1.4018738,-0.5655328,-1.4662259,-0.18809168,-0.0937571,-0.069948785,-1.3006324,-0.7231664,0.5789822,0.07584517,0.40821984,0.20873353,-0.27261302,1.7602897,-0.18716285,-0.59831226,-0.0564499,0.23851775,-1.1975033,-0.8938311,0.42022496,0.13800324,0.19102973,0.053349268,0.13881372,-1.701549,-0.17626898,-0.002733638,0.9878472,0.4811878,0.56250554,0.90604854,-0.67930686,-0.17572756,-0.45127764,-0.4839761,-1.122018,-0.7955283,-0.19510543,0.6526551,0.11362316,-0.1392001,0.5485925,1.3735887,0.850795,-0.5408907,-0.3874205,-1.4657984,-0.12593254,0.32451558,-0.047948353,0.5133973,0.08559363,0.28534093,-0.7895999,-0.4718627,0.41740713,-0.5183557,-0.4272228,-0.7996671,-0.2854619,-0.43468156,-0.7138369,-0.39088395,-0.14144692,-0.29919234,0.3631655,0.09339942,0.06394735,-0.36175126,-0.11042897,0.5538156,-0.5097158,-0.5212679,-0.8788848,0.6194399,-0.3262437,0.59722865,-0.042434216,-0.889853,-0.7655022,-0.99332434,-0.7143813,-0.41629624,-0.9477256,-0.28555855,-0.17949414,-1.5861069,0.3352348,0.8143743,-0.26669562,-0.1852926,-1.3785564,0.47544307,0.050150443,-0.35289642,0.8381884,1.1968511,-0.8920169,0.32318398,-0.65715224,-0.22698408,0.83301234,0.68235594,-0.8905518,0.7402911,0.91480607,0.65488464,1.4991769,-0.7204311,-1.2134396,0.4084306,0.3664338,1.3013014,1.4752345,-0.99272233,-0.011796026,-0.94786745,0.30106807,-0.09510369,-0.41689265,-0.16723506,-0.18657464,0.6045686,-0.37459153,-0.1275152,-0.5796721,-0.017875638,0.901643,1.3439914,0.8764456,-0.13606127,0.52435505,-0.06711824,-0.38872647,0.3468611,-0.07295615,-0.11616451,-0.2865551,0.16223574,0.9152747,-0.15626866,1.4486544,0.600037,0.3156787,-0.03030047,0.8992889,0.6018658,0.4745534,1.7592492,-0.42401698,0.97985977,1.0849098,-0.63043314,-0.34080708,-0.18263026,-0.636075,-0.9499335,-0.76949584,0.19065088,-0.10921352,-0.57090527,0.038680363,0.17329241,0.7726552,-0.98102474,1.1909324,-0.46296984,-1.1620417,0.074283466,0.8785595,-0.5585245,-0.21719949,-0.49231628,0.9306554,1.0840032,-0.53965354,0.91580933,-0.74262416,-0.79919595,0.81314194,-1.0593327,-0.7678945
-0.49368426,0.3975872,0.61580455,1.3878543,-0.34603366,0.33029664,-0.20493004,0.25506884,-0.4907632,-1.3972607,-0.9192268,-0.0025493708,-0.011310399,-1.1627935,0.2663636,-1.2529352,0.33887318,0.99252284,0.3706818,0.40538803,0.74508226,-1.1212336,0.2357629,-0.2676535,0.71049225,-0.28835702,-0.16704276,-0.6571579,0.038570162,-0.18761419,-0.27843952,0.695728,-1.1587261,-0.20798568,0.08022648,-0.9818809,0.99077475,0.6008259,0.5910323,0.4179275,0.739199,-0.046064764,0.68011165,-0.3088588,-0.27365103,1.0897985,0.19833791,0.50100183,-0.806668,-0.14915472,1.4032285,1.0240049,0.056555413,0.013428161,0.676427,-1.4886206,0.33963022,0.46211162,0.1724252,-1.1076084,0.6084038,0.68324673,0.54984874,-0.7591647,0.5033315,0.38372758,-0.3023704,-0.11927677,-0.3904527,-1.0939926,-0.4411943,0.37171972,-0.82543975,0.7388565,1.2313968,0.24108753,-0.7655771,-0.93411744,-0.058623943,0.7448609,-0.57019246,0.44613332,-0.26377764,0.4171062,0.59905297,-0.90426356,-0.91371644,-0.47634643,0.26821792,0.19802509,0.17778923,-1.2893072,-0.7559141,-0.4343987,-1.0061228,-1.1829541,-0.37731156,-0.26414844,0.68986243,0.5034328,0.14990632,-0.123216614,-0.8372763,0.3651855,0.8005997,-0.20559508,1.442932,-0.5481531,-0.7449048,-0.9532736,0.83620685,-0.52483433,0.43066198,0.21390046,0.14034946,-0.60473794,0.6341253,1.33266,1.9713175,-0.43285316,-1.298501,1.9183904,-0.39423957,1.7129939,0.24037778,0.89286274,-0.0771953,0.59716994,0.03781402,-1.100782,-0.19476035,0.14581977,0.377841,-0.7195486,-1.1896579,0.44035083,0.79883116,-0.67325723,0.40811774,-0.17001006,-0.23221955,0.7237439,-0.9337293,1.7318728,0.32581693,-1.479028,-0.69367903,1.8712431,0.72448695,1.1745805,0.21904866,0.4938735,-0.039378088,0.7770308,1.3981164,-0.29003966,0.08676712,0.5019309,-0.1339666,-0.90776813,0.04426842,0.755649,0.76936305,0.010399247,0.993524,-1.0722251,-1.0274743,-0.5416579,-0.41733864,0.043527953,0.21689951,0.57725674,-1.0689044,0.37938693,1.3235939,0.42465988,0.3862122,1.0155587,0.35293204,-0.5556385,0.54790264,-0.9755454,0.4672709,-0.11750174,0.8094049,-0.96008086,-1.2755303,0.47925532,-0.4104282,-0.21929081,0.14954285,-2.0059564,-1.0148801,-0.20543858,0.3423176,0.40495017,0.4069265,0.41479275,0.46224594,0.72631687,0.40395758,1.2410148,-1.0286068,-0.51829827,0.6508099,0.89734346,-0.92530054,0.35060972,-0.71731836,0.24956103,0.81882334,-0.14683752,0.59836864,0.20582639,1.0218713,-0.45799232,0.7908008,0.39819944,-0.20264277,-0.08269709,0.47674745,0.30476606,-0.13326411,-0.28259844,-0.6587906,-0.236505,-0.6837122,-0.37456533,0.07855224,0.28723562,-1.2716913,2.0928438,-0.1894461,-0.04755035,-0.46968648,-0.22472437,-0.7702484,-0.26315778,1.2030722,-0.54617137,0.22057375,0.49132675,0.03321691,1.0721043,0.23563488,-0.1182608,-1.1890517,0.16237253,0.12888639,1.2567837,-1.0042044,-0.39044258,-0.13229586,0.113794625,-0.0075076288,0.21343341,0.68202984,-1.5783149,-0.77237016,0.1082437
0.49381176,-0.026994387,-0.9913499,-0.10703881,-0.84859395,0.027917998,0.7551831,0.040499374,0.38352874,1.5672617,0.5296136,-0.4307219,-0.36622626,-0.4026832,-0.33678657,0.69684684,0.17217448,-0.67773837,-0.7194618,-0.89272803,-0.9357006,-0.052979566,-0.22536437,-0.06321505,-0.20827971,0.36452475,0.27886802,-0.74002796,-0.17438516,0.4849864,0.26683617,-0.4838765,0.3119215,-0.5378725,-0.21964681,-0.006588417,0.7658819,-0.00807742,-0.68268675,1.0376834,0.46039885,-0.7126261,-0.36605078,-0.109195724,0.783974,0.34859684,0.8941469,-0.44425863,0.44831234,-0.4209381,0.62359744,0.7226635,0.16335918,0.03449111,-0.08432126,-0.21243505,-0.5814973,0.030463,-0.01120617,-0.77108604,-0.5624756,-1.2026268,2.1386576,-0.08764073,0.93199205,0.47391874,-1.2988682,-1.1638019,0.9364854,-1.41319,0.8990832,0.09514493,0.028820416,-0.18856588,-1.1431454,-0.35239077,-0.5257626,0.81429726,-0.4794392,-0.45133623,-0.67803395,0.15749107,-0.20183662,0.27281216,0.46077174,0.05312667,0.40158334,-1.4160728,1.1000787,0.88319194,0.15340753,1.3793787,-0.34434226,-1.4752798,-1.0926071,0.04641868,-0.025436709,-0.05350325,-0.06281672,-0.43113244,-1.0227282,0.07747582,0.28370646,0.858444,0.4616595,1.1550909,0.72804993,-0.08416281,-0.78353494,-0.6563215,0.30708474,-0.018213285,-0.052172057,0.13821934,-1.5278052,-0.8626572,-0.17800733,-0.3539301,-0.41265583,0.99322957,0.31456384,1.184552,0.7307744,-0.70729387,-1.2799355,1.6101476,0.7615741,-0.5698383,0.32043484,0.83897775,-0.662394,0.71032816,0.367999,0.9707364,0.3055896,0.43264827,0.39798504,-0.7589,-0.32081354,0.0632725,-0.57595503,-0.77377695,-0.34107685,-1.4519053,0.59492517,0.13107462,-0.28824958,-0.21021324,0.6734884,1.3208516,1.3925056,-0.4837727,0.1835754,0.16965029,0.00043120811,0.022213928,0.7209986,0.42231286,0.76118416,0.82856256,0.54123414,2.2752998,0.40722102,-0.19973573,-0.4184562,-1.0323893,-0.14640732,0.44918007,-0.5651894,0.34293598,-0.3305144,-0.5368792,-0.42551532,0.6890449,-0.42819157,-0.3506975,-0.21139137,0.7613927,1.0654777,-0.5611339,-0.48135617,0.027165769,-0.34635827,-0.25794983,0.16082667,1.3046502,-0.023226677,0.022723,-0.13976882,-0.12481272,-0.68531346,-1.0558453,-0.2794081,-0.06720394,0.11441091,0.3869567,0.17602395,-0.63324755,-0.55571926,-1.1326464,-0.026082639,-0.37988195,-0.8324024,-0.2843463,0.635815,-1.4050113,-0.09875907,-0.73855114,-0.5925568,-0.22870831,-0.04463338,-0.21688993,0.7601621,1.138556,0.012018163,-0.09120105,-0.33544636,0.10222768,0.93950933,0.7002791,0.09261034,-0.17788394,-0.7055462,0.33892307,0.2687013,1.3198383,0.22989382,0.25338623,0.36238223,0.23013231,1.1066178,0.29346046,1.2401103,-0.6417433,0.8381024,0.039305218,-0.07798024,0.03324993,-0.4703476,-0.4188147,-0.27619222,0.7771446,0.42095798,-0.035514213,1.2698729,-0.29563856,1.8566718,0.18478207,1.0983851,-0.48668674,-0.60474324,0.62969166,-0.5511786,-0.1972739,1.4158126,0.37569654,-0.40631032,1.3242921,-0.6050658,0.519057
0.24321419,0.41130665,-0.3526196,-0.17337957,1.475782,0.8302861,0.030479716,-0.18506639,-0.42788222,-0.7826546,-1.764935,0.21153553,-0.11075228,-0.5438877,-1.3524984,-0.5757552,-0.28528044,0.9781778,-0.45825335,0.41604432,-1.4169215,-0.14599255,0.17844203,0.24367444,-0.77446127,0.49378985,0.4227893,-0.32439893,0.058581352,-0.20026301,0.02360696,-0.025061253,0.095887795,-0.3397444,-0.717828,-0.7853439,-0.6841126,0.99878114,1.0357893,0.12894261,0.9750889,-0.80510306,1.4908812,0.591994,-0.41840497,0.26386365,-0.7017137,-0.4620466,0.118797004,-0.83011067,-0.54720557,0.5774313,0.6138293,-0.15527046,-0.27097344,-0.5161051,-0.9097072,0.10324773,0.13272399,-0.6489148,0.27454552,1.031836,1.7575259,0.21523575,0.027997356,0.57049155,1.3313688,0.5374192,-0.114341155,0.84995836,0.031208444,-0.6006882,-0.67958164,-1.2644426,-0.30057034,-0.1308699,1.2042375,-0.5088028,-0.45717058,0.7115033,0.45514068,0.018115256,0.017983569,-0.23896453,-0.26123774,0.49251947,0.048661895,0.3534665,-1.6092143,-0.30476204,-0.4424766,-0.44467205,-0.5156148,-0.3889067,0.2519722,-1.3144058,0.2885548,0.03337477,-1.0465829,-1.0415844,0.31625974,0.840496,0.0020493185,0.03808803,-0.78303546,-0.66797435,-0.21635614,-0.39756826,-1.222634,0.388136,-0.19176966,-0.6591242,-1.1990032,-0.835901,0.059268195,-0.8104589,-0.98457974,-0.28502652,-0.0077135228,-0.49302194,-0.51232725,0.8899568,-1.7711188,-0.30575135,0.54594487,0.021263005,0.48692667,0.602987,0.02930866,0.55208945,-0.24050073,0.21140899,0.5341773,-0.4360544,0.6192676,1.3979404,-0.45097739,-0.63333917,-0.6750036,0.56070054,0.7380495,0.59505165,-0.39682317,-0.27982426,-0.35528713,0.5761352,0.416077,-0.8498676,-0.058060043,0.28162247,-0.1563356,0.13023062,-0.29298747,0.42652532,0.6323473,1.5633457,-0.45568672,0.51733524,-0.44718543,0.63644695,0.6850512,1.8018265,0.14238,-0.18168794,1.1829493,-1.5418854,0.5958792,-0.32453045,0.09182034,-0.27030495,-0.18674457,0.54743624,-0.3676561,0.102266185,-1.9875692,-0.3470415,-1.0398312,0.8091808,-0.46507588,-0.14331932,0.44866967,-0.44867775,-0.6066468,-0.5265052,-0.5778827,0.31202367,0.78597015,-0.039625064,0.390088,-0.29399142,0.85827655,-0.10029188,0.5127008,1.5574018,0.5601959,0.66535443,0.58823645,0.018188488,0.22114801,0.27358395,-0.86749065,-1.2246057,0.3076047,-0.8386688,-0.25166008,0.047332,-0.6616503,-0.008003219,0.7588964,-0.2867358,-0.94733286,0.38173538,0.88722557,-0.9044512,-0.11411652,-0.45348307,0.8709571,0.09473916,-0.9607267,0.9992169,-0.90683234,-0.9905077,-0.027560439,1.2315592,0.080565974,0.6219754,-0.14749557,-0.40307316,-0.092595905,-0.9484399,-0.477318,1.5389131,-0.5920569,-0.7365306,-0.37635514,-1.012648,-0.6436733,-0.24538499,-0.03709959,-0.9430002,0.56490993,-0.0060602822,0.43621752,2.1571143,0.12340982,0.30275616,-0.32684672,-0.018900383,0.8074336,-0.9943401,1.0134126,1.1421615,1.4634176,0.54201823,0.30556676,-0.27824527,-0.40337753,-0.7565114,-0.6752975,-1.0190592
0.4798602,0.3562265,0.9934797,0.76011574,-0.27421117,-0.7962079,-0.61832076,-0.22185916,0.12798737,0.7444729,-0.61055076,1.1618005,0.2554557,-0.05247423,0.59514654,0.06790215,-0.9426937,0.22709809,-0.9746476,0.722358,-0.03993756,-0.06452926,-1.0716975,0.537757,-1.0438037,-0.48114637,1.1678468,-0.19307302,0.13531831,0.9583132,-0.029131245,0.82233655,0.31395373,-0.14954473,-0.21007863,-0.90746284,-0.57828546,-1.9760994,-0.45294645,0.11874511,-0.2654478,1.0763485,0.48571825,-1.3451,-0.22216566,-1.3335073,-0.41849548,0.7320675,-1.6231831,0.43343303,-0.32399836,-0.07973196,0.104234785,-0.54162794,-0.121057495,-0.91082144,0.26898256,0.040187724,0.49395972,0.3142416,0.20438111,0.38267702,1.6579039,-0.28515765,-0.2348483,-0.024875406,0.79975986,0.040135782,0.05548445,-0.63307405,-0.087723024,-0.19966969,0.11764136,-0.75832176,-0.9677855,-0.4541245,1.0710819,0.78242826,-0.1488161,0.14172758,-0.3227281,-0.73138547,-0.6026482,-1.1497742,0.11085346,0.45059064,1.3341281,-0.21999748,-0.044688396,0.14139752,0.20379744,-0.4083817,-1.0901985,-0.53959286,0.7707194,-0.9375252,0.5116065,0.32538182,0.020134777,-0.18618059,0.92181134,-0.5367567,0.20597962,0.892422,1.4249219,-0.33140445,-0.49375898,-0.47597227,-0.3148776,0.05999412,0.5457629,-1.2718068,0.39039224,-0.60021895,-0.4327732,0.7735991,-0.47664732,-0.35840398,0.4025033,0.314474,0.17553954,1.1595932,1.3734813,-0.3979829,0.87015194,0.6871575,0.7304844,0.51459134,0.31967294,-0.5492977,-0.3924663,0.680717,-0.0069300206,-1.1309825,0.29419002,0.57466525,-0.74636596,0.59884816,1.008994,-0.5354179,-1.2192507,0.27343187,0.0730191,0.6566475,0.102613196,0.7516417,0.8546696,0.225025,0.12426037,-0.98168117,0.0641615,-1.0285864,-0.13197106,-0.60745734,0.6992691,1.2338691,-0.22723816,0.50102895,0.05958612,1.0764666,1.0358224,-0.5613864,1.0042707,-1.1521772,-0.35554698,-0.69312614,-1.8438613,0.67203087,0.12181255,0.23099214,0.002982905,0.30566356,-1.044711,0.6077742,1.2063143,-0.34360215,-0.0041547725,0.20352185,0.39402878,0.43842366,2.022732,0.45580357,-0.83249366,0.12024835,-0.6958989,1.95881,0.82365274,-0.073385626,-0.11967503,0.29197067,0.0035307005,0.049016483,1.327945,-0.70641696,0.70209825,-1.5765829,0.26675272,0.5960203,-1.0838274,-0.9713432,-0.22230606,-0.24487756,-0.20883782,-1.1561565,0.28385258,0.8137355,0.49116758,-1.1124096,0.5565042,0.37226313,-1.1071784,1.804021,0.5162234,-0.63576424,-0.059041012,0.88043183,0.4635215,0.41822577,0.6733218,-0.27951843,-0.09492812,-0.7811278,1.1705796,0.26405632,-0.44844103,-0.3272284,-0.089933835,-0.5220948,0.046335742,0.07817963,0.3930818,0.4212808,-1.2620584,0.52892584,-1.4357148,0.38099188,0.07230797,0.15561652,-0.0028978765,0.30013332,-0.020327032,1.490675,-0.9283006,0.1525505,-0.614751,-0.3210059,-0.70100915,-0.86508834,-0.72057366,0.72993594,0.1197194,-0.74973905,-0.7425231,-0.26436284,-0.4497341,-0.26493442,2.1270442,0.89861196,-0.9239803,0.009736712
-0.7871067,0.0948929,-0.23809697,-0.107873574,0.7644856,0.27589616,0.3946735,1.0400677,-0.26684657,0.19427617,-1.2552707,-0.20375685,-0.17903048,-1.4007088,-1.2006689,-0.9879877,-1.0180441,-0.161994,-0.35313568,-0.52612185,1.063128,-0.32578722,0.2856459,0.012460105,0.7381212,-0.44258827,0.527753,1.0206413,0.6993224,0.29218227,0.16023739,0.40372634,0.081003584,-1.0002764,-1.0187992,0.19868633,-0.3044145,-0.08713504,-0.79318994,-0.032194715,0.0895046,-0.1900839,0.32036895,-0.83149827,0.9914622,-1.1773005,0.3601061,0.3846516,-0.24639006,-0.88029075,0.65812093,0.1623987,0.30405456,0.40678445,0.071220025,-0.2389807,-1.0248783,-0.017664567,-0.10234939,0.29878768,0.21261771,-0.9694139,0.5351828,-0.98885643,-0.18548909,-0.14039046,0.95747924,-0.28595117,-0.9254479,0.8330887,-0.25500527,0.23375282,0.7265389,-0.80950785,-0.14956766,-0.8194607,-0.5252663,-0.49832156,0.2442183,0.025690641,0.77759904,-0.31922942,0.35105345,0.6122274,0.2989049,-0.7087208,-0.39851665,-0.40642366,1.4388515,-0.62501466,1.0575054,0.20913003,0.39470726,-0.096775465,1.2379417,0.2259298,-0.4982503,-0.3107946,0.34437183,0.040067222,-0.97381973,-0.5461234,-0.20807216,-0.0025469493,0.7515166,-0.50612986,-0.70270365,0.49346828,1.1573551,-0.10633642,0.4643186,0.43842667,0.37412226,-0.24491094,-0.7388176,0.4834739,-0.5195512,-0.11181828,-0.006933235,1.0915933,0.56004304,0.44704437,1.018763,0.5226425,1.3763133,-0.3312901,-0.46373463,-0.50092447,0.24528888,0.6709877,0.7232385,0.07620265,-0.30253285,-0.8884815,-0.12399155,1.0770937,-0.7164014,0.8960195,-0.0060635633,-1.2746294,-0.9818997,-0.8814645,-1.1421418,0.71496993,0.49108648,-1.2766726,-0.6514121,0.6691341,-0.42947093,0.4511134,0.10179681,0.48199818,-1.02834,-0.17587052,-0.7006891,1.2015275,1.4394773,0.16629364,-0.84921443,-0.81903034,0.14136182,0.38157246,-0.35914427,-1.084031,-0.5536303,0.23202313,-0.526491,-1.1106418,-0.5781977,-0.0677682,0.45566362,1.227499,-0.67971116,0.57112163,0.470537,-1.1535622,0.35328797,-0.09762167,1.4906852,0.81492364,-0.17404959,0.8876985,-0.8982201,0.18269758,0.2180986,0.46401507,-0.6495873,0.3286228,0.14339061,0.12453971,-0.2917528,-0.5331558,-0.42847,2.0712016,0.14171846,0.6627121,-0.56855685,1.1829174,0.13161102,0.9642753,0.63966066,-0.8765134,-0.036870264,0.44821835,0.30762237,0.28402147,0.16714644,-0.5767722,1.4980649,0.32740116,0.4442471,-0.08711946,0.16383697,0.3416902,0.24586245,0.31595945,-0.17215061,-0.6196856,-0.91197485,0.23052621,0.09496426,-0.5088411,0.09179479,0.06504664,-0.14373933,-0.70684105,0.34915623,0.76048326,-0.7971342,0.34666032,0.5908025,0.46605173,0.1109646,0.18491864,-0.65615666,-0.5055859,-0.7667319,-0.6137371,-0.35171264,0.5800976,-0.24198589,0.15632045,0.6868982,0.43141967,-1.3674084,-0.011039175,-0.09046324,0.4899135,-0.94192594,-1.586254,-0.6171912,-1.3941785,-1.164765,0.10381874,0.3040966,-0.46062332,-0.20073289,0.7698011,-0.9405047,0.53730106
0.5641017,0.11892047,0.15669249,1.4747713,-0.6126527,-0.5357348,-0.56234485,-0.027547086,0.69315225,0.5806576,0.06014137,-0.6855702,-0.89319843,-0.66116685,-0.050819818,0.83475626,-0.11330558,0.122530386,-0.6727686,0.39395294,0.19428574,-0.5372745,0.393929,-0.19312078,0.2845077,-0.6775097,-0.41902506,0.6159186,-0.3946995,-0.92890036,-0.15592569,-0.089257985,-0.08997642,0.21196836,-0.8683627,0.84881437,1.1038979,0.24709284,-0.09131642,-0.08258198,0.71654797,0.6041053,0.7523767,-0.35441288,-0.9916563,0.0443304,-0.538733,0.48010072,1.3923807,0.641483,-0.22420366,0.27055198,0.55925715,-0.66147,1.3632518,-1.3042334,-1.7805396,0.36413544,0.25816044,0.9240529,-0.22311181,-0.66938174,0.16924667,-1.53779,0.54344815,0.33865696,0.44423753,0.2624804,0.122687206,0.3330257,0.7538619,0.9941152,-0.49298534,-0.33388823,-0.032682918,0.007286656,1.7682997,-0.9785071,0.79307675,0.3451056,0.728848,-0.23059553,0.56266207,0.03407091,0.009797447,-0.915973,-0.09315556,0.49491802,0.1270686,0.11639737,-0.84629697,0.17504369,-0.120530725,-0.083193466,-0.6018814,-0.44258827,-0.6087101,0.07901654,-0.068461984,-1.0863531,-0.6342892,-1.030934,-0.27585778,0.32511643,-0.008448674,0.4518757,-0.7599508,-0.6103508,-0.32916343,-0.4181134,-0.030348457,0.5831722,-0.4830325,0.29860178,-1.3285303,-0.21392196,1.0968784,0.082617216,0.8073076,0.2800179,0.61457354,1.3031503,-0.0695549,0.046433102,0.27380908,1.9550183,0.45387483,0.37136847,0.59237355,0.6581726,0.6053119,-0.9218348,0.66509575,0.23161863,-0.026195664,-0.6569108,-0.02695984,-0.9547584,0.40292403,-0.4347291,1.0991193,-0.72928613,-0.31656545,-0.34703264,0.6206142,-0.9667996,-0.33981964,-2.0761821,-0.10479255,0.2880694,0.19502586,-0.74699515,1.0604132,-0.20018959,-1.2381809,-1.1570063,-0.24828868,-0.22329365,1.088202,-0.25256795,0.2984312,0.30653727,0.50785404,-1.1587679,-0.21014994,0.51160026,-0.8219882,-0.1789162,-0.33423015,-0.5568754,0.95365465,-0.06639766,0.1506736,-1.3068173,-1.945345,0.34918183,-0.6871998,-0.11119696,-1.3483194,0.24116506,1.6039225,-0.4064011,0.12501658,0.6590153,0.31728768,-0.4645398,-1.775756,-0.09859356,-0.25457415,0.37255362,-0.069659635,0.10364237,-0.4193121,0.48119512,0.7556364,-0.272457,0.7274272,-0.2630377,0.8849468,-0.6422238,-0.6002947,-0.09536499,-0.37137178,-0.33055636,-0.23075029,0.26088658,-1.5220965,-0.23918375,1.154985,-0.29598916,0.3712011,-1.2876072,-0.88921916,1.040264,0.48828676,0.4487012,0.21088944,-0.24064818,-1.1140903,-0.16612625,0.3149771,-0.9098957,0.592517,0.2538622,0.910649,1.2019325,-0.23840785,-0.16094555,-0.6988105,-0.62340194,-0.37085593,-1.0542141,0.68062335,0.11935308,0.13147306,0.56847835,-0.83148605,0.07208229,-0.73210275,-0.21009076,-0.4721156,-2.1804535,0.8339715,-0.42250842,-0.741699,-0.21687889,-0.44461456,0.18079527,0.33883312,-0.86394143,-0.41591984,0.10845002,0.19303764,2.3285728,0.9777245,1.2071878,-1.1758932,0.6636902,-0.6713117,-0.59607714
0.7404218,0.36284643,0.8221985,-0.026228057,-0.364719,-0.7558,-0.93937504,-0.80917054,0.46373653,-0.9888329,-0.5457981,-1.200562,-0.5957814,0.10280457,0.37681085,-0.123064026,-0.5724697,-1.1255332,-0.6160373,-0.26323435,-1.3821287,0.7797655,0.62220365,-0.4887863,-0.3216006,-0.70889974,-0.022666782,-0.13166349,-0.028237117,0.55656385,-0.45965186,-0.3588197,0.19471855,0.69156533,1.4019362,-0.8553366,0.37659317,0.8541974,0.7385245,-0.8631924,0.20858237,0.75239325,-0.08693968,0.53070134,0.08226584,-0.047321644,0.17667064,-0.016616298,0.27255568,0.07023282,0.4630836,-0.5889104,-0.37994364,0.5885602,0.06400905,-0.22016814,0.18246496,0.16858849,0.37365365,-0.07332388,-0.12569602,-0.5242613,0.8923824,-0.5693467,0.5023769,-0.31514493,-0.28723937,0.4021741,-0.0018582876,-0.97015315,0.3006683,0.027065089,-0.38206136,-0.6698181,-0.044640392,-1.2286506,-1.0193577,-0.04363797,0.16384761,0.0810864,-0.3915112,-0.07681172,0.2790787,-0.9567832,-0.8514599,0.42219862,-0.2663203,-0.11735643,0.22335573,-0.18454437,-0.15225357,0.046914235,0.5541527,0.9578301,0.8545429,-0.48859528,-0.7345717,-0.022310175,-0.70775646,-1.1163886,0.009939558,-0.1942534,0.10306098,-0.3709344,-0.109332755,-0.11195268,-0.83408445,-0.60533035,-0.43928945,0.5043879,0.15455684,-0.19114643,0.5617748,0.3004467,0.6776471,0.1254694,-0.32078055,-0.5123329,0.41360775,0.30838543,0.09923694,-1.0594842,1.3465611,2.2331462,0.43722,0.35384223,-0.034841347,0.5285781,-0.6368035,0.02255008,0.13317817,1.0157671,0.04197984,-0.17422073,0.69710207,0.4472998,-0.47750297,0.581964,-0.25456846,0.4585895,0.6925422,0.11747163,-1.0288113,-0.5840655,0.40486687,0.01885346,0.37209895,0.2666059,-0.59207696,-0.83591163,1.0632986,-0.42591923,0.16711128,-0.518551,0.278382,0.7236514,-0.44983846,-0.017216703,-0.5010184,0.3364153,0.8166924,1.0633548,-0.15966743,-0.35017592,0.4913312,0.64823705,-0.71257883,-0.120568946,-0.009158835,0.34879613,0.49499974,0.9324488,0.644708,0.1285389,0.16136742,0.22469458,0.60385543,0.33672395,0.029615678,-1.1853323,-0.04449976,0.06780705,-0.08556152,-0.52320313,0.8790519,0.5288934,-0.8448692,0.015906591,-0.097776555,-1.1166489,0.24845505,0.29167303,-1.1181635,-0.28675348,-1.0824416,0.06975396,0.3891367,-0.6199068,-0.24367611,-0.257248,-0.7541414,0.29345894,0.50111234,1.1290741,1.026413,-1.1538597,-0.6061328,0.78985786,-0.1692804,0.5285554,-0.43179554,-0.35191444,-0.8769722,0.18084788,-0.8185216,-0.18453662,1.2829195,0.43186113,0.39020994,0.3127561,-0.5595513,-0.8424733,-0.050422456,0.3029137,-0.31166154,0.50628036,-0.03320995,-0.37680915,-0.32009104,-0.45615736,0.78615,0.54255223,0.30520993,-0.13616642,-0.26928377,-0.9233793,-0.6478914,0.49484053,-0.76776576,0.123747006,0.005785277,0.57572484,-0.20678632,0.66472226,-0.9205808,-0.26164785,-1.3143226,0.48152536,0.45952073,0.63693327,-1.8292931,0.7235903,-0.34072906,0.36623594,0.7836254,-0.13366327,0.17499676,-0.37924755,-1.3822043,-0.03084688
0.044461347,0.040231533,0.3934551,-0.17564669,0.22762229,-0.051518615,0.807959,0.2580011,0.21363679,0.0614673,0.095808305,-0.026822316,0.018321268,-0.09126994,-0.3135641,-0.033859447,-0.45388368,0.18820432,-0.15320492,0.18101218,-0.19870903,0.22543125,0.073914714,0.35533747,-0.93228555,0.35838726,-0.68864226,0.44486228,-0.046675317,-0.18433563,-1.0082194,0.47884768,0.7755595,1.2874887,-0.20066555,-0.3244967,0.6055008,-0.090856455,0.55790484,0.18511286,0.42920908,-0.28161916,-0.054847885,1.50755,0.11274228,0.22103505,-1.0071063,0.60136783,0.22306809,-0.7772214,0.85576206,-0.10587298,0.23846565,0.9529119,0.5151553,0.6593594,-0.47119814,0.47963968,0.15143143,0.5257928,-0.8506728,-0.5355193,0.6866874,0.11346121,-0.6369015,0.21620257,-0.49974674,-0.54476374,1.1325585,-1.3652043,-0.7361741,0.096525565,-0.41218647,-1.872752,-1.630728,-1.0710189,-0.18740395,0.102102384,-0.84461576,0.14554484,-0.07813502,-0.90128666,-0.543283,0.21982747,0.37737143,0.3899378,-0.016561685,-0.517141,-0.1129659,0.6097908,0.31120792,1.6900828,1.1453679,0.85581297,-0.3133777,0.7239323,0.11929935,-0.30272844,0.9162475,-1.348586,-1.7519746,0.43054435,0.37723398,0.4111027,0.29967052,-1.2297161,-0.81354237,0.021867802,0.5841634,0.0539976,-0.33902293,0.8541664,0.21738124,0.7056266,1.0305115,0.02654708,0.25908256,0.77767205,0.10798817,0.9063146,0.3683025,1.2071632,0.5610832,0.7244749,-0.56798416,0.16408035,0.8875393,0.2621537,0.72989124,-0.60900265,-0.04112287,-0.48320982,0.6579909,-1.0929136,-0.6123963,0.47351307,-0.55005103,-0.7484776,-1.0307629,-0.10815472,-0.39236656,-0.71003515,-0.93358296,0.64979345,0.6945483,0.31366903,0.62424237,-0.087071285,-1.4559338,1.3342557,0.2406917,-0.4268799,1.2111703,-0.22411707,-0.2880559,0.76017547,-0.19257069,0.43948802,-0.84764075,-1.2479347,-0.4416874,0.35521904,0.95776564,-1.1490767,0.74047387,0.003761611,-0.7842515,-1.0541989,0.7273264,-0.34085602,-0.5962675,0.20870006,-0.34758812,0.41577923,-0.4166703,0.43527943,0.33356574,-0.4902978,0.20056602,-0.34426925,0.46078083,-0.3126992,-0.31329525,-0.21445853,-0.6722961,-0.04681785,-0.718519,0.18083453,-0.51402086,0.50400513,-0.13596581,-1.0251248,0.39915612,0.13601698,0.096895084,-1.9237775,0.112521134,0.6871582,0.786689,0.3099909,0.76979524,-0.3014426,0.39406723,0.3841903,-0.58499885,0.70661247,-0.49659652,0.66007173,0.28347832,0.46408305,0.26380247,-1.6647938,0.70162505,0.3826732,-0.107562296,-1.0367522,0.36786416,0.16793148,0.43688485,0.47682306,0.15882488,-0.5886911,0.11490626,1.4963623,0.041300166,0.17631578,-0.42177144,2.0510538,-0.68833506,-0.10279916,-0.6246902,-0.13095842,-1.8427076,0.5113372,-0.21601962,-0.25438333,-0.18011536,0.19275759,0.7304124,0.36499715,-0.37885636,-0.793467,-0.63946706,0.40040907,0.2553136,0.3950954,2.2435908,-0.7957957,-0.10234459,1.1324859,-0.45768878,-0.01823593,-0.31758845,0.3279609,-0.26609007,0.20592824,0.2834853,0.18940412,-0.57026094,0.82549495
0.40568143,0.44226217,-0.43388706,0.15645987,-0.44733348,-1.1224142,0.6999326,-0.121044874,0.63386536,-1.2372686,-0.0630893,-0.09612065,-0.040141948,-1.0835607,0.37148884,-0.59992105,-0.81397784,-0.0035774002,-1.1395475,0.41147897,0.17691699,-0.63969624,0.7929976,0.43366718,0.002733138,-0.41464478,0.60713536,-0.2603448,-0.34100538,0.09485164,0.37550896,-0.8237972,0.11197036,-0.43063825,-1.2527556,-0.21891476,-0.5216944,-0.20073435,-0.7827996,-0.036500476,-0.32990137,1.1079043,0.34394416,-0.018247763,-0.06180619,1.1420238,-0.96102256,0.3371265,-0.3682173,0.80724335,-0.7698383,-0.5620514,-0.26855645,0.15692106,-0.052238405,0.6751838,0.21144396,0.4035617,0.6366065,-0.85885286,-0.21743062,-0.8392913,0.8708798,-1.7462109,-1.5412558,-0.119084865,-1.1806183,0.5607922,-1.0447527,1.1135466,-0.41997454,-0.18852118,-0.13559501,-0.7052065,-1.2922282,-0.8318837,-0.453936,-0.9943995,0.8404118,-1.2707392,-0.23502919,-0.7096026,-0.4354813,-0.30002618,-0.9813783,-0.21295276,-0.21483624,-0.0009896823,-0.15850629,0.7178567,0.22184727,0.576635,-0.68166614,0.11454331,-0.28496814,1.0796638,0.36021334,-0.7824103,1.2371395,-0.5383885,-0.15396914,-0.96804214,-0.77088535,-1.2699318,-0.05791738,0.790086,0.54714227,0.78607726,-0.056594957,-0.042419787,-0.53365165,0.6178435,0.80139345,0.38945436,0.32321194,-0.98097837,-0.6247124,-1.1507573,-0.35440224,0.56148124,-1.1794424,-0.595573,0.18158527,-1.0113803,-1.118896,0.3106167,-1.2410754,-0.66857004,-1.3145213,1.0101868,-0.45007795,0.84719574,0.7211046,0.0793609,-0.0382347,0.15387543,1.0521213,0.82779425,0.19785014,-0.4076643,0.20005774,-0.44041723,-1.9207388,-0.5441514,-1.040918,-0.11271765,0.34096932,0.04204117,-1.1958591,-0.3767538,-0.30918974,-1.0852727,0.3247034,0.3399607,-0.15171477,0.55192727,1.3247792,0.14084451,0.20424525,-0.13165613,-1.7095455,-0.8718795,-0.121083796,-0.21091472,0.9509322,0.46390545,-0.47000206,-0.13576698,-0.38683012,0.7844764,0.56237775,0.87836456,0.85448307,0.229307,0.48096207,0.9485826,0.027348561,-1.0327281,-1.5342906,0.43504077,-1.458403,1.1132547,0.47297162,-0.6843018,0.18000858,-0.11448001,-0.17762455,0.14761549,-0.3970523,0.05825338,-0.629107,-0.8880116,0.801223,0.052807942,-0.48986396,-0.41593063,-0.053836122,0.11981646,2.0960832,0.50259584,0.09712121,-0.15192671,-0.9389518,0.092769355,0.014202815,-0.22417448,-0.10930049,-0.057369165,0.23910756,-0.49969885,0.6077785,0.9972821,1.3867848,-0.74533045,1.124024,-0.36098555,0.8550857,-0.83117205,0.40252548,-0.3859084,-0.42624745,0.05454508,0.17561184,0.2921166,0.41120946,-0.6988157,0.02906462,0.12118783,0.091897234,-0.5881886,0.06725041,-2.109387,-0.78095084,0.35295925,0.30801424,-0.39420322,1.1042553,0.3703275,1.4374036,0.35203338,-0.034312543,0.59657156,-0.82537764,0.5730033,-0.25928134,-0.41378602,0.3295844,-0.27229458,-0.6786525,-0.6300807,-0.5634921,1.0055954,0.19804712,-0.31305194,0.29357213,0.7944663,-1.3408452,0.46214497,-0.07037506,0.41865468
0.057718918,0.7400676,-0.9837251,0.5231352,-1.0547508,-0.43268523,-0.14879152,0.5336773,-0.7995951,-0.5260814,0.048147906,0.38428152,-0.01796457,-0.46350712,1.0439857,0.6726612,-0.29881388,-0.15956254,0.66013217,1.1214378,-1.0035431,0.57785183,-0.2392329,0.1394323,0.4953067,-0.9571603,0.8586226,-0.09175505,0.2530332,0.25831452,0.38039994,-0.18869308,0.28525522,-0.15111004,0.19189452,-0.118903205,-1.0688673,-0.55679864,0.3380066,-0.2487394,0.2641603,-1.0073471,0.22483341,1.021436,-0.27365375,0.07801187,-0.8792754,0.89479995,-0.29172269,-1.1219323,-0.7690374,0.4854121,0.10773075,-0.99735713,1.0592867,0.8069885,0.04404875,-0.7030448,-0.80667627,1.2574271,0.16842814,-0.72567797,-1.0238968,-0.50875324,-0.53304493,-0.8353009,-1.8544776,0.5986473,-1.0560132,0.14445797,-0.51701546,-0.77198786,-0.21942139,-0.23030293,0.8018041,0.23423879,-0.71225643,0.13095161,-0.11454801,0.26510787,1.1186899,1.3790925,0.21247438,0.20893797,-0.8467988,0.3657184,0.106005825,-0.05677905,-1.0071373,0.48119092,0.081150845,0.33747014,0.10880899,0.15547112,0.2569307,-0.36846402,-0.006196928,-0.7917306,-0.82610434,1.0193702,-1.309185,-0.7470864,-0.24101563,-0.5301429,-0.6713032,-0.27928016,-0.3354198,-1.3008648,-0.5821954,-0.46818033,-0.23589404,0.19320637,-0.36051813,-0.22569665,0.1270686,0.31728554,0.17846338,0.09301888,-0.52195996,0.45809337,0.20218086,0.42204836,0.5693943,-0.24612258,0.07943958,0.640759,0.38895327,-1.1518719,1.1392832,-0.17286958,-0.36306846,-0.03680317,0.5796488,0.39190915,0.023045162,-0.19683312,0.64252365,0.21165024,-0.065382354,0.5596864,-0.6254313,-0.7599022,-0.1627884,0.13279545,-0.9125642,0.29515982,0.6539497,0.1490174,0.16944435,0.17042522,0.25466165,0.06657991,-0.042766303,-0.39549628,-0.4233813,-0.8410147,-0.8148772,-0.7224357,-0.4497189,0.7521141,1.146448,0.9969171,0.09146508,-0.866473,-0.67241275,-0.5103222,0.8653514,-0.48402506,-0.85179794,-0.35987025,-0.58194625,-0.22843853,0.03661419,-0.07767384,-2.4235287,-0.37180158,0.00014900907,0.22663577,-0.34883702,-0.29662448,0.72047716,-0.21252719,1.2750067,-0.16074398,0.46045268,0.46339408,0.15345666,0.25115952,0.09113673,0.017484784,-0.02853066,-1.1402164,0.4950222,-1.9547297,-0.56203735,0.6112527,-0.6299611,-1.308094,0.8871903,0.88002604,0.043037813,-0.057729233,-0.035100855,-0.23765582,-0.89362776,1.5006868,-0.28803164,-0.10039588,-0.3924829,0.5288394,-0.14504653,1.2292802,1.0174022,-0.5613153,0.5920173,0.12187158,-0.10542536,1.332013,-1.0181888,-1.5525495,0.2981969,-0.9109673,-0.21142949,1.1360722,0.4835615,-0.034580227,1.9866747,0.708826,-0.9750524,-0.92855483,-0.51941717,0.070424646,-0.73014104,-0.567575,0.64508295,-0.21594618,-0.0022445202,1.1382048,0.024899768,-0.7888358,-0.72350776,1.0449395,-0.95232147,-1.1992536,1.5647613,-0.995557,-0.89793503,0.18880296,-1.8095495,0.004532141,1.7875224,0.61556923,0.54701865,-1.4131073,-0.35283026,0.30671847,-1.2343366,-0.118910134,-0.6686268,0.8046455
1.4661043,0.821409,0.90221584,0.32873017,-0.16210459,-0.36998487,-1.0641053,0.10304451,-0.20167504,-0.23108949,0.5301312,0.20449577,0.15965852,-0.20544584,0.51477677,-0.68873554,-0.059467413,-0.41684374,-0.9461874,0.17279454,-0.068581454,-0.17967644,1.2783022,0.23260975,-1.339166,0.11553065,-1.0596594,0.5490146,-0.07393257,0.04788882,-0.4190697,-0.1784375,-0.6286397,-0.4421735,-0.5123887,-0.16257101,-0.19816795,-1.6472346,-1.1382052,-1.0275682,1.0726372,-1.2185572,0.85001177,1.0322739,-0.45412692,0.56008667,-0.059897583,-0.3539941,0.43561333,1.112913,0.6734149,-0.15235354,0.88998264,0.51317817,-0.9140338,0.07156351,-0.20949264,-0.38606676,-0.42275798,-0.06360308,-1.5228621,-0.5079588,-0.8924761,0.28865635,-0.9646456,1.3413976,1.5296057,1.6622912,-0.38952884,-0.047715906,0.62706035,0.41736865,1.2348456,0.02489752,-0.22216469,0.027272075,0.019606406,0.070681706,0.28044018,0.5264343,-0.81199354,0.16442145,-0.03434797,-1.5957894,-1.055852,0.23749664,0.7187462,0.42662564,0.048783407,0.039550923,0.0828131,-0.97320765,-1.4478998,-0.14318413,-0.4366557,0.27468973,1.2453798,1.00455,-0.25848576,-1.6362878,-1.3112804,-0.190923,0.11814411,0.030227184,0.7277822,0.84244555,0.6565576,-0.4850253,0.19527382,-0.7294739,0.12322787,0.5635098,-0.85917485,0.42632052,-0.33681545,0.776777,-0.50557446,-0.3098152,0.3425593,-0.89119595,-0.1855672,-0.02468042,0.75414765,0.61490536,-1.5824257,1.0380996,0.11972548,0.0348069,-0.030844996,-1.326936,0.62194467,-0.88763285,0.053627737,0.2420831,0.35698706,0.039726935,0.52638865,-0.046018753,-0.11876987,0.37074542,0.6032686,0.3781322,-0.3674173,-0.4369167,1.1064245,0.89976704,0.9718615,-0.101998806,1.1142529,0.73412555,0.09331823,0.4849401,-0.04637136,0.076176524,-0.24408911,0.3452446,1.3381875,-0.54364884,1.2145972,-1.7330444,0.47474462,0.9256907,-0.25364867,0.36414254,-0.088158816,-0.66492194,0.53658026,-0.23615326,-0.046603832,0.4543962,-1.1516185,0.8667447,-0.50390875,-0.17890376,1.2293602,1.3610306,0.13198648,0.758092,0.44707045,-0.6296095,0.20031208,0.80308,-0.67378104,0.63602793,0.09611113,-0.3291483,0.22004639,-0.15461348,-0.1524099,0.43307635,0.33354312,-0.6837764,-0.5820039,-0.7012572,-0.011852516,0.38410756,-0.5888442,-0.01097367,-0.16440819,-0.5483699,-0.29131436,0.136258,-0.33170435,0.062825486,-0.45357502,-0.19004564,-0.38828027,0.71592104,-0.44730932,0.25679478,0.568153,0.76543385,0.26408032,1.1066345,-0.20053974,-0.32114288,1.0418057,0.93170834,-0.71588147,0.063361794,0.22892272,0.119688764,-0.5393537,-0.066951014,-1.2203805,-0.6600313,-0.3620628,1.0565064,0.07095654,-0.6271133,0.810232,0.08040561,-0.5132761,-1.0218635,0.21516274,-1.1798394,-0.035505354,-0.17298691,-0.25898948,0.024704497,0.6526493,1.6531522,-0.6457785,0.66240776,0.51452357,-1.7040558,-0.31735846,0.031141719,-2.191364,-1.1866232,0.383807,-0.03537878,0.31976593,-1.6550306,-0.7096964,0.68160564,0.8206061,0.24489869,-0.72887826,0.5737215
0.3692869,0.2422881,-0.6076926,0.16742688,0.35360554,0.060062524,0.045831792,-0.599122,0.07364829,-0.11521453,0.56528014,1.7661887,-0.5863106,-0.4650135,1.209651,0.05237335,-1.7094362,-0.14557959,-0.6172645,0.34066692,-0.20255965,0.7889367,-0.6677573,0.4414387,0.1890885,0.25615102,-0.0054817395,0.85174376,-0.01957236,-0.7828431,1.4201592,0.5757091,-0.11484726,-0.16920239,-1.1147491,-1.5634843,0.7112957,-0.31877437,-1.1325384,-1.0498556,-0.081625864,-0.5795458,0.32386136,-0.37213925,0.50661254,-0.05423556,0.432796,0.51490444,-0.45162368,-0.47060183,1.2008698,-0.5645199,-0.74258524,-0.16134878,-0.9246888,0.93608713,-0.13632488,-0.5766036,1.069292,-1.2329477,-0.7254468,-0.06192652,-0.7926688,-0.218894,0.5971415,-0.4513007,-0.16199288,-1.1863937,-0.6941655,-0.2823471,0.46787545,0.098456174,0.18745442,0.20021701,-0.24579628,-0.1314321,0.9530415,-0.864888,-0.2180589,1.0399125,-0.4840604,0.050977364,0.6807711,-0.85841393,-0.35904226,-0.08976488,0.6592251,-0.12209469,-0.19715203,-0.5542997,-0.706243,0.36385557,0.08292381,-0.25338805,-0.5460698,0.7396816,-0.35431072,1.1624869,0.31418526,0.5985859,-0.313437,0.6350058,0.75544083,0.33551028,-1.1789623,-0.51273173,0.03744114,0.044463247,-0.5782792,-0.75685304,-1.2846625,1.1362753,0.36483282,1.0278779,0.5838108,0.41162863,-0.34645808,-0.501859,-0.24581657,-0.2806763,0.09909072,-0.6110525,-1.058194,-0.08517162,-0.4398709,0.02807568,0.48559794,-1.1009293,-0.083833806,1.3221288,0.6760214,-0.4144682,-1.0009286,-0.42523462,-0.41089433,-0.6740905,0.0003909194,-0.15974973,0.8401957,-0.8862911,-0.45944792,-0.77743125,-1.6901197,0.058946222,-0.04925564,-0.44586292,-1.5731382,0.3290644,-0.577235,-0.25020456,-0.21900092,0.19690004,0.45020553,0.18776402,0.39592552,-0.39772698,0.21198945,-0.038151946,0.0068754633,-0.5162126,-0.027329115,1.2221246,-1.3093883,-1.4031038,-0.17153893,0.14499646,0.18094869,0.42277324,0.4360919,-0.08055096,0.6908902,1.1870941,0.04518333,-0.23302059,0.08365997,-0.58483267,-0.04281588,-0.51544225,-0.7248979,-0.87149704,-0.6529236,-1.4659615,-1.473011,-0.4074393,0.21850109,0.98105437,-0.06700817,0.5099511,-0.4783046,0.40315774,0.6095944,-0.7130923,-0.023122726,0.90932864,1.1010294,-0.19801801,-0.02286538,0.1690874,0.35956302,0.10861922,0.111903034,-0.3829984,-0.5320403,0.05237609,0.5321867,-1.1053463,0.9329722,0.0178526,2.0101087,1.1331353,1.0451634,-0.25468108,-0.3024068,0.5726303,0.37533498,-1.3258519,-0.19476186,0.6000265,-0.7633548,-0.60618675,0.38349226,0.40584195,-0.029531008,-0.22287482,-0.3813987,1.4541358,-0.33604947,-0.7228524,0.34261048,-0.24456325,0.7036651,0.015771125,0.13428546,2.1906393,0.34196773,-0.32609344,0.31082186,0.16035722,-0.28252035,-1.0718964,1.2109336,-0.36947745,0.24885839,1.0746849,-0.24174447,0.09587231,-0.39010745,-0.107031986,0.28907883,0.20955682,-0.031526595,-0.146319,-0.3569462,0.033916008,0.1653648,-0.11064558,-0.01839209,-0.028553996,0.47992408,0.50621474
-0.12864527,0.42384982,-0.31214172,0.22855729,-0.56576806,-0.15401399,0.028902365,-0.17320049,0.15535043,-0.652935,0.54072934,-0.185138,0.5767027,-0.31705123,-0.4252315,0.623613,-0.52623475,-0.27790543,-0.7565108,-0.42238665,-0.25224575,-0.88811266,-0.49112296,0.29967692,-0.5922105,0.42157242,0.46787858,-0.048433248,-0.56161445,-0.6712818,0.6002898,-0.24144627,1.3440884,0.29933184,-0.08941705,-0.39764756,1.2485383,-0.5857142,0.5047204,0.11666915,0.31858698,-0.5731991,0.051513556,0.6467053,-0.1515288,0.54312295,0.24762791,0.7807681,0.080934376,-0.3435579,0.2687773,-0.08239637,-0.509489,-0.55978024,-0.7680325,-0.3443927,0.17015605,0.043051716,-0.014966645,0.7675636,-0.91086125,-0.96537024,-0.41040152,0.27130607,0.9138663,1.6144097,0.06503097,-0.3845849,1.3743967,-0.29481143,-0.013707768,-1.1829443,-0.49063262,-0.5731524,-0.7417604,1.1753224,0.29780442,-0.020389566,1.1659886,-0.037187126,-0.19621912,0.5653887,0.43943682,-0.79542226,-0.31010154,1.1347466,0.7498765,-0.03588824,0.34525576,0.13146938,0.7699207,0.5234703,1.1818882,0.02284465,0.019809607,0.008816646,-1.2240787,-0.4010075,-0.014522361,0.70467985,-0.1753173,-0.3060415,0.012508666,0.19168559,-0.8268544,0.33889136,0.15236965,1.3591055,0.7891441,-0.38556668,0.6667638,1.026959,1.9617248,0.65376014,0.91215116,0.022050688,0.73198795,-0.8801513,-0.11405246,-0.024427034,-0.07114329,1.7284267,0.19515274,0.7401759,-0.37904435,1.461019,0.3188169,1.2715598,1.2255018,-0.8146894,0.2742244,0.73796415,0.9750356,0.43505147,-0.09790595,-0.4115595,-0.38891786,-0.9584689,-0.95415044,-1.2019855,-1.0900296,-0.00051300094,-0.17403145,-0.14411393,-0.5025086,0.3328956,0.28597945,1.0914488,0.7603405,0.38683242,0.3624387,0.20567039,-0.407456,-0.41144094,0.035527818,0.025627945,-0.81601286,-1.4785447,-0.39554617,0.25333503,1.4489485,0.5600754,1.4649886,-2.2003164,-0.59223264,0.3217472,0.7943506,-0.8754739,-0.067796834,0.13154122,-0.13489197,-0.20317404,0.2949148,-0.25304446,-0.25493324,0.6361773,-0.5372215,-0.79672486,-0.47049165,0.7045851,-0.0018433697,0.21837157,0.43576384,-0.06627275,-0.35181323,2.5048268,1.4103684,0.06302231,-0.4241537,-0.1597793,-0.0052032056,-0.13242504,0.18314157,-0.19113944,-0.22664241,0.92484003,0.36526033,-0.12957788,0.15653002,-0.02670518,-0.9583722,-0.7188622,0.08515606,-0.03445993,-0.87046355,0.7283493,-0.12385985,-0.28130686,-0.14451905,-0.0696299,-0.61921865,-0.423513,1.144833,-0.95199823,0.38562536,-0.6499341,0.3499892,0.97290754,-0.90215415,0.49867183,1.2119894,-0.15321387,0.88024145,0.40807626,1.0004703,0.71754825,0.17889847,-0.21635243,1.1113961,0.1177186,0.11532094,-1.6167027,-0.5632825,-0.99898,0.29180813,-0.06140247,0.23494923,-0.30713442,-0.82397556,-0.034257177,-0.75308096,1.388875,0.7755939,-0.73307943,-1.4739182,1.0906972,-0.6951124,-0.41701674,0.99047893,-0.32455593,0.5827533,0.009708419,-0.11948418,0.4036305,1.3382441,-0.7301624,-0.8872406,1.1457294,0.45480493,-0.26571953
-0.22227657,-0.4533066,0.1765166,-0.13425067,0.28887954,-0.28803962,-0.18403138,-0.28695863,0.29489216,-0.16744612,-0.7812928,1.435018,-0.6528819,-0.05945612,-1.1582438,-0.59231544,-0.63694084,-0.20524079,-0.07126867,-0.42174077,-2.4437861,0.5196415,-0.46123007,0.06270389,-0.13998918,-2.2586772,-0.16685064,0.54606235,0.12567486,-0.12204013,0.17520967,-1.1947644,-0.29649472,-0.24124075,0.90769076,0.59256005,0.5799735,-1.037578,0.016031485,0.4503096,-0.29835844,-0.041185997,-0.24591705,0.21465647,-0.2219898,1.2634206,0.95011365,-0.31114647,0.3921323,0.14692798,0.093130045,-0.702072,0.23858698,-0.35278845,0.2865026,-0.3292673,-0.34943092,-0.083752476,-0.31352133,-1.3936665,-0.7150255,-0.3163216,0.12556337,-0.088453226,0.061198365,-0.035059527,-0.14493915,1.1847638,-0.16617519,-0.15587984,-0.045567594,-0.26902097,-0.017519044,0.3576805,0.07977867,-0.14998436,0.5792502,-0.70551354,-0.027535554,-0.5854057,0.6428414,2.113371,0.03193145,-1.1160207,0.09112133,-0.10498273,0.4705646,0.5467484,0.5069816,0.6310684,0.7987867,0.20158389,-1.1068738,-0.9167551,0.13108161,0.025478104,0.41439104,-0.36480376,0.037776493,-0.24476178,0.6094076,-0.610951,0.40203315,1.114012,-0.5826985,0.28652945,0.4405688,0.08873543,-1.2525885,-0.19423953,-0.20305015,-0.65244335,-0.81243837,-0.14493331,1.2018448,-0.6612233,-0.21523426,0.5368662,1.1239637,-0.24574876,-0.89442337,0.60186565,-0.21428362,0.93610054,-0.27656034,-0.5248568,0.114725135,-0.20162837,-0.24006079,0.13171557,-0.6977979,-0.2764273,-0.24177076,-0.964834,0.41264293,-0.6337308,0.115337275,0.96905065,0.7690776,-0.059973888,-0.5034431,-0.15754564,0.41927367,0.19926122,0.07209447,-0.105549976,-0.23332168,0.085074395,-0.45788857,-0.1382877,0.36888355,0.66056925,-0.41787088,0.056970328,-0.27437124,-0.46247995,1.078147,-0.16492964,-0.46173838,0.6950931,-0.45866325,-0.104222625,0.6075978,-0.09398544,0.24665403,0.9529337,-0.48909783,0.5637131,-0.98188925,-1.052973,0.4586228,-0.32109174,0.93316805,-1.1217124,-1.2353971,-0.43099385,-0.51070005,0.4032246,-0.07032529,-0.8726702,-0.597814,-0.8034988,-0.26970512,-0.695237,-0.603975,-0.38600197,-0.12349201,-1.0075983,-0.0456256,-0.03348085,0.4659463,-0.09090959,-0.21774033,-1.3596348,0.39063123,0.97925943,0.6141708,0.25594577,0.18119764,0.12796707,-0.6536756,0.48004252,-0.09125338,-0.17505251,-0.60014826,-0.1670515,-0.06385451,-1.105702,-1.7548136,-0.15049492,-1.039243,-0.27554232,-0.6256672,-0.47665313,0.16945222,-0.16509528,-0.3827661,1.3412018,-0.16490197,-0.14355157,-0.45782676,0.11901371,-0.36786482,0.3675277,-0.7155318,-0.4607429,-0.18338126,0.5113656,-1.1067662,-0.44619018,0.18746296,0.4106315,0.42535567,0.19451238,0.81714535,0.24901547,-0.5272521,0.13391958,-0.29534185,-0.22191289,0.09640891,0.8550943,0.72693163,-0.86472523,-2.0856626,-0.38044184,1.3620989,0.15381896,-0.04510251,-0.5318252,0.91373354,0.010209116,-1.2333639,0.009645748,-0.15255535,-2.0090077,1.0598481,-0.7117036,-0.25341693,0.5962462
0.23870726,0.21811402,0.07725755,-0.21724485,0.8849419,0.61440915,-1.8750273,-0.23453557,0.17077965,-0.18641356,-1.1355224,-0.599622,-0.7794276,-0.28292048,-0.19885789,0.065266564,0.07102948,-0.58891606,-0.11474928,-0.25092825,-0.3550128,-0.34896767,-0.53807276,-1.1145401,1.0350232,1.0414277,0.46831563,1.1933508,-0.48052815,-0.04086201,1.3241975,0.6011031,-0.9029969,-1.1304264,-0.26381186,-0.21935868,-2.0839772,0.9368229,0.7973969,-0.24702018,-0.8125217,-0.13951401,-0.3459929,-0.94258124,1.3318613,-0.23268147,1.1749882,0.34449008,0.30712402,-0.4648534,0.44450784,-2.1142569,0.40387025,0.58949697,-0.026021672,1.3357865,-0.96680975,-0.84935534,-0.71791226,0.3850359,0.20293526,1.5525556,-1.4761821,-0.7138402,1.9425758,-0.6490601,0.47500372,0.10813296,-1.1988226,0.19353306,-0.1483347,-0.39858606,-0.9077317,0.04536819,-1.114199,-0.07673191,0.03669523,-0.851435,-1.0948937,0.122852445,-0.47084042,0.16031313,-0.73996526,0.26072383,0.97155076,0.49405083,1.9811934,0.925366,0.07096812,0.39944822,-0.30857927,0.5209899,1.2888658,1.0232525,-0.8199462,0.30677146,0.45549694,0.54199225,-0.01352143,-0.9057047,-0.72134,0.15528262,0.10974124,0.3920338,0.56298417,-1.1640673,0.32652214,1.013375,-0.4439225,-0.08884913,0.6549511,-0.7768105,-0.44755837,-0.56129706,0.16665843,-0.5062758,1.4113486,0.3473937,-1.1202648,1.063396,0.8494434,-0.017424714,-0.32226288,-0.82668936,-1.7497032,0.30102175,-0.47087848,-0.564867,0.22425762,0.81958014,0.7674301,0.14047945,-0.76541305,-1.3394341,-0.5054651,0.6252453,1.0925395,0.60615516,0.04758407,-0.56239086,-0.75339186,-0.59751517,-0.6167106,0.7272886,0.6456665,0.1775895,0.66444165,-1.1623299,-0.64788705,0.24009699,-0.20985675,0.27334252,-0.4924259,1.2107148,0.12170037,-0.9336854,0.25899753,0.2872004,-0.0580235,-0.19677268,0.81709504,-0.71359193,0.04219696,-0.9033068,0.41599214,-0.6386302,0.031360697,0.3207194,0.119314104,-0.25342962,0.35168388,0.77599394,0.78494257,-0.27655742,-0.11583782,-1.0486138,0.7788712,0.02712573,1.0312616,0.9026682,0.67840123,0.90430176,-0.7962133,-0.054152243,0.049117386,-0.26183602,0.17610852,0.15179771,0.86762255,0.3919519,0.63128066,0.24019283,-1.0227851,-1.4543839,-0.020523278,-0.5452574,0.7332272,0.48500156,2.1627727,1.4142748,-0.18160175,0.63525736,-0.928836,0.5728766,-1.0086063,-1.5196685,0.4007573,0.43944752,-0.9086319,0.878423,-0.9491601,0.93911266,-1.4112003,-0.8402662,0.16293998,-1.397742,-0.063263215,1.1133727,1.3574746,-0.54562944,0.9617887,0.027721975,0.4472089,-0.07700311,0.10113856,-0.680726,-0.1208439,1.4574305,-0.32868183,-0.09520898,0.99089575,-1.0010062,0.95807654,0.4013865,-0.2848358,0.69776,0.47974116,1.4726785,-0.3888262,-1.0601215,0.031022605,1.0739537,1.1545087,0.33152035,-0.3132624,1.2674745,1.7246187,0.55775654,0.4651722,0.23257294,0.49633893,-1.245435,-1.3946874,1.101033,-0.45213464,-0.566929,0.04007558,0.9868401,-0.5246313,-0.63702154
0.3469163,0.10284083,0.8336895,-0.17865713,0.28114113,1.2482393,0.62312573,0.52794653,0.087216355,1.8368467,0.030128699,0.36992383,0.9724011,0.1392739,0.6115952,0.041441195,-0.34754908,-0.66164666,-0.29668668,-0.13991684,0.5249261,-0.59678555,0.414224,-0.07510892,0.47494248,-0.37655336,0.6614579,-1.0556554,-0.86033255,0.2518854,0.36186758,-0.25097832,0.17359674,-0.101428814,-0.8576174,0.17225009,-0.6894017,-0.39481726,-0.012884823,0.14817563,-1.3212215,0.89591116,1.3985924,-0.029626612,0.43351215,-0.7796248,-0.44800356,0.6563996,0.7471322,0.16853984,-0.9390066,-0.7186428,-0.17676853,-0.41017824,-0.4151816,-1.8819556,-1.0270721,-0.052222278,0.492701,-1.4208224,0.42578384,-1.0831844,0.5453787,0.82422376,-0.030827427,-1.1921759,-0.05001852,0.52057886,-0.36188486,0.28917998,1.0122784,0.07162959,-0.4452501,-0.5930054,-0.88073444,0.2984248,-0.9553814,1.2629892,1.331693,0.07709059,0.73947555,-0.7927907,0.15746874,1.0726806,-0.93368846,-0.06365183,-0.07590778,-0.09012601,-0.5409128,-0.14194024,0.11929068,0.20489982,0.9843978,0.5156826,-1.032695,-0.7363434,-0.52865195,-0.28381905,0.019305399,-0.18419331,-0.69845986,1.3422974,1.3777261,-0.40130916,-1.2212083,-1.3450093,0.52678704,1.123216,0.6325702,-0.39457536,-1.4090338,-0.24819459,-0.31760684,-0.89524275,-0.28622568,-0.8762272,-0.62018573,0.1365892,-0.42775834,0.2508328,0.26642972,-0.466656,0.6857724,-0.19796541,-0.11978836,0.04486382,0.26678303,1.2808384,0.27179778,0.16646503,-0.85134256,-0.8640888,-0.4725354,0.17007537,0.022627437,-0.20386998,0.29438087,0.63487446,0.26503405,-0.36993465,0.7466368,-0.23675506,0.33103988,-1.0621222,0.2427513,0.14422236,0.017949942,0.8171435,-0.69884163,1.1556361,0.6875206,-0.4953799,0.48793042,-0.25859326,0.6927439,0.28740424,0.068086796,0.3620981,-0.27038747,1.0032617,1.3190514,0.12293097,0.8732849,0.47891742,-0.5812971,-0.052926335,-0.20107794,0.4268605,-0.41137582,-0.5521282,0.5023231,-0.31973952,0.25401536,-0.64400756,0.4437622,0.19520083,-0.5711205,-0.8308311,-0.15275201,0.3341329,-1.1288316,0.9490455,0.90087014,0.43476135,0.85051423,1.7833104,-1.0554482,0.29910102,0.38732022,1.7064549,1.4265057,1.3513827,-0.04723746,-0.8466423,-0.10730188,0.51508576,0.3915631,-1.0043616,-0.8891399,-0.89545184,0.12104056,0.7767473,-0.0925425,0.6908248,1.1753367,1.1049922,0.3527245,-0.36215964,-0.09083953,0.08649024,-0.44641078,0.3358471,0.91737545,1.0491039,1.0566094,0.09545783,-0.08608608,-0.6478454,0.48905745,0.6714385,-0.6106818,0.5780091,-0.060340483,-0.10370306,-0.113638714,0.30468473,0.12899561,1.1123573,-1.2686502,0.1483648,-1.2484394,0.5503577,-0.5670331,-1.1399305,0.6710839,1.3634847,-1.4434905,-0.3863681,0.55672985,-0.03545559,0.7508407,0.13765894,-0.62016404,-2.314514,-0.37741897,-1.940114,1.6036824,-0.6543601,-2.0617452,0.5751603,-0.2203747,0.11133274,0.19686326,1.495559,0.7726996,-1.031444,0.009149675,0.17625488,-0.12441245,-0.5698882
-0.6486787,0.048720244,-0.2179171,-0.68070513,0.7570866,-0.4155597,0.070832476,-0.19133268,0.8354038,-0.019186314,-0.18782078,-0.519319,0.46251845,-0.7956065,0.6461311,1.0607038,0.73279864,0.055728596,-0.9330725,-0.24187721,-0.48007593,-0.7348092,0.21923369,0.71587044,0.25838125,0.63006836,0.2562475,-0.1716536,0.72470397,0.11465264,0.13314147,-0.13844958,-0.21178983,-0.69712985,-1.6896744,-0.25863868,0.47704548,1.4431713,0.53503966,0.012573263,1.496475,0.16716374,-1.0251075,-0.18663634,0.026517054,-0.3278886,-0.7898387,0.793221,0.6036887,0.106584325,-0.1185747,-0.5353962,0.10408403,0.3234368,-0.494891,0.955524,0.40439597,0.16925663,-1.1959884,-1.069666,-1.5412105,1.4521105,-1.599968,0.41083735,1.7442354,-1.8187971,-0.12503089,0.26647562,-0.18990137,-0.81825054,-0.48256516,1.6308343,0.756911,-0.10435814,-0.21568818,-0.70075,-1.0958422,-0.8526117,0.6777572,-0.28256893,-0.9001634,0.14182211,-0.22083993,-0.14092134,-0.94547284,0.40553868,0.26570642,-0.18373756,-0.15867756,-1.2859137,1.2516915,-0.06436885,0.036795694,-0.46705902,-0.70261747,0.26668644,-1.3843062,-0.33930057,-0.07412366,-0.18680657,-1.0921514,-0.48616597,-0.37084225,-1.0690615,-0.45553762,-1.1890785,-0.8539761,0.016423801,0.053648505,-0.060283225,0.34985882,0.4600176,-0.3066384,-0.6711515,0.63867223,-0.76918006,-0.3950009,-0.65915734,-0.70054734,0.6222917,0.49220186,-0.68125683,0.4632991,-0.026569998,-1.2724514,0.9580313,0.02340279,1.9955688,1.2904835,0.11427669,0.5659721,1.0943618,0.94601035,-0.3964945,-0.4370367,-0.842969,-0.31045872,0.21762611,-0.6642299,-0.8431752,-0.11192467,0.84543604,-0.39426306,0.50228083,0.7316608,0.63336045,-0.8979679,-0.24757375,-1.773342,-0.5296248,0.9714132,0.37677824,0.33481833,1.0020969,1.6112189,1.4282787,0.5156659,-1.0712162,-0.8649922,1.82748,1.8803431,1.7151358,0.23894379,0.15793642,0.110568814,-0.49465275,0.57547075,-0.3620245,-0.476731,-0.9596915,0.2286379,0.95633984,0.44864988,-0.3667817,1.907762,-1.526719,0.62317806,0.47558728,-1.5683758,-0.36801136,0.6271923,0.7227014,0.12592407,-0.7270066,0.16083644,0.40232414,-0.61032397,-0.32418603,0.11206463,-0.06181045,-0.20266865,-0.21919794,-1.432188,-0.066308856,0.017803635,-0.0984129,-0.9213362,-0.10571918,-0.79834676,-1.1042128,-0.39206743,0.08433228,0.03210163,-0.16927353,0.19664377,0.06261066,-0.19381121,-0.21921849,-0.075510465,1.4218843,0.24700674,0.5908477,-0.6115202,-0.28871158,-1.1643778,0.55021536,0.028835874,-0.95124435,0.8732351,-0.8966196,0.47080016,0.015608162,-0.87398696,-0.10249382,0.16613199,0.7858747,-0.00053806213,-0.585035,-0.21391952,0.9834512,-0.8805697,-0.019013615,0.70198184,-1.0583671,-0.2802163,1.6353278,-0.42560613,-0.092544794,-0.74023026,0.62869596,-0.51768744,0.031174794,0.044691075,0.11750609,0.3943035,-0.28626597,0.7017564,0.19268411,-0.047678575,0.41062897,-0.22180569,0.09525838,-1.2422682,0.6192449,0.41334265,-0.27680725,-0.13615653,-1.4287229,-0.5393978,-0.35759532
-0.7840333,-1.0489843,0.22529285,-0.72673744,0.60801023,0.44933408,0.39345285,-1.1917589,-0.38533124,-0.04915421,0.60436314,-0.3274612,0.9053366,0.7729257,-0.5751062,-0.14083257,0.5416473,-0.20718375,-0.017236196,0.002243775,0.09699664,-0.7277982,-0.0011003923,0.07319359,-0.7234414,-0.5063655,-0.6662419,-0.6761611,-0.05547819,0.10195314,-0.39765853,0.08547463,0.46422935,0.18550077,0.8837401,0.66292924,-1.9833467,-0.66354567,1.5217607,-0.54150814,1.1553559,-0.063317694,-0.4071058,-0.45688638,-0.0905796,0.49623019,0.4692494,1.0092883,0.7345203,-0.18365432,0.48083186,0.71141094,-0.78573716,0.49885672,0.09783338,-0.050102632,-0.14321397,0.5417114,0.7658973,0.37185806,-0.35058144,0.5626228,0.5549706,-0.8356473,1.2529637,0.028193574,-0.86007994,0.9993717,-0.24770287,1.0869718,0.5483262,-0.41564494,-1.0865407,-0.022888694,0.6196782,-0.74257046,-0.17052662,-1.6460977,0.69737345,-0.26879135,0.48684746,-0.24558663,0.8071074,-0.19831434,0.24703008,0.2076582,-0.92430806,-0.8236497,-0.10194826,-0.6907952,-0.6149144,0.8924191,1.2581407,0.42609853,-0.2616081,0.015626376,0.18525593,-0.7602153,0.16778025,-0.22046885,-0.71635085,-0.5116549,-0.50583965,-1.0900238,-1.0511656,0.03990935,0.65312105,-0.9142152,-0.21733738,-0.83255136,-1.5803221,0.66839683,0.433658,-0.5565636,-0.21507138,0.4939829,-0.5053908,-0.8931893,-0.52429676,1.1474985,0.16691396,-1.6229995,0.54790056,0.3612701,-0.012908879,-0.071623646,0.14985904,-0.5440641,-0.24076737,0.79113966,0.012650135,1.1136069,-0.53556377,-0.361028,0.70539284,0.14763175,0.011266384,-0.35736063,-0.8202016,0.2344378,-0.9486717,-0.029232759,-0.5229652,-0.7973319,0.032221057,1.6462517,0.3294894,-0.8129985,0.5429587,-0.12875055,-0.25046626,-0.8744115,-0.8759305,-0.6227078,0.94404477,0.6039794,-1.282208,0.7021611,1.1094267,0.15956287,0.8016012,-0.13759908,0.08294785,0.90545774,-0.0038635996,-0.417782,-0.73856974,-0.43035474,-0.6946718,0.007872908,0.12642708,1.6998035,0.85817397,0.57202494,-0.25333023,-0.015663596,-0.649643,-1.3562123,0.41175842,-0.8039636,-0.26234183,-1.740916,-0.5563924,-0.863814,0.91913486,1.2942418,0.98333055,0.0004878464,0.2942468,0.6507262,0.010236415,-0.95123893,1.0427328,0.21292807,0.86944675,-0.56652653,-1.4368081,-0.6928694,-0.03335213,-0.2778275,1.1637082,0.7181321,0.25808215,0.100335106,0.122405924,-0.35404932,0.5329442,-1.2096838,-0.18135168,-1.6660409,1.3990808,-1.3063867,0.8316059,0.38226444,-0.05225456,-0.16975826,0.5342429,-1.2778742,-0.11351565,0.07110372,0.41368675,-0.3912213,1.1446639,-0.9727452,-0.17050794,1.0062869,0.0048208754,0.35552657,0.06865898,0.8503291,-0.13933747,1.4594042,0.070553884,0.76828074,0.9324314,0.5226295,-1.80074,-0.84506893,-0.15088095,-0.2512312,1.5929753,0.9136875,-0.931952,0.7864413,-0.98632747,-0.34606475,0.14974126,1.0641742,-0.77156484,0.6116432,0.35012037,0.81785816,-0.6841885,-0.10094869,-0.80077034,1.1390227,0.98662007,0.89935315,0.020842863,-0.02604653
-0.096833944,0.9503426,0.7955462,0.28476492,0.15837537,-0.08402234,-0.546055,-0.5176758,-0.7821868,1.0359802,-1.501245,-0.08403059,0.36449727,-0.17651439,0.33072355,0.34034702,-0.50420994,0.4506851,-0.55666405,-0.047041256,0.4271357,-0.017639019,-0.2431582,-0.7495987,0.8094597,0.15467562,-0.013149574,1.2336106,0.17926894,-0.022859236,0.7957578,0.0742038,0.70642585,0.30051038,0.24420998,-1.0571065,-0.3997741,-1.0850557,0.471738,0.6086535,-0.84038633,0.2113413,-0.31416687,0.43409705,-0.77475727,-0.5569301,0.40143803,0.6950655,0.42258182,0.6367612,0.0017657818,-1.1157206,0.7885365,-0.69711393,-0.53370196,0.4953805,-0.16336647,0.9425728,0.18547864,-0.47390115,0.37415648,0.27228773,0.82337236,0.13805243,-1.0718738,-0.2410397,0.28896838,0.09369955,0.6240357,-0.49704063,1.2063348,0.28019956,0.048193265,-0.093806796,-0.64879274,-0.101423085,-1.0821546,-0.40557346,0.14188758,-0.7062828,-0.5486568,0.66893595,0.30099127,-0.12007282,0.5856683,0.020038437,-0.17795101,-0.34470332,0.43886444,0.32331678,0.94669545,0.10944849,-0.8459941,-0.28090683,1.0482247,0.82409,0.9492669,0.8190836,1.8481475,-1.0877731,-0.7329367,-0.38675073,-0.0058145924,0.1511767,-0.95854515,0.41521785,-0.33953583,-0.41479218,-0.590442,0.07438446,0.12933181,0.18027188,0.20921722,0.3729104,-0.5674987,0.27407527,-0.83433515,-0.36997795,0.39873374,0.0020615319,0.06616969,0.233062,-0.67260885,0.8347234,0.19473557,0.058516078,-0.14692606,0.104217574,0.5301685,0.19939502,0.17184433,-0.53201234,-0.476899,0.26218688,0.19364645,-0.19252892,0.7074665,0.5046603,0.12534423,-0.58116645,-0.66362023,-0.72924477,0.7820332,-0.4075865,0.6034005,-1.2926499,0.021342602,-0.032384243,-0.2805419,1.09482,0.17968957,-0.33847952,0.65019614,0.5942372,0.2605322,0.17529286,-0.09280505,-0.50024134,-0.07572273,-0.9436061,-0.470141,-0.8480122,0.05255069,0.11610175,-0.17689082,0.5723943,-0.47467643,0.3203756,0.3467104,-0.9294393,-0.036188856,-0.60679275,0.5210076,-0.21725109,-0.3876314,-1.3084903,0.123380624,0.29786086,0.07772934,-0.49526516,-0.70291424,0.4570064,-0.26155636,-0.08683867,-0.097313955,0.23731877,-0.8304653,-0.24972378,0.6461109,0.35844678,-0.51065284,-0.28881785,-0.5541076,-0.78550494,0.6384303,0.59454054,0.4554364,-0.37179008,0.9477503,-0.10537636,-0.26297775,0.2791169,-0.38452297,0.15140471,-0.25413683,-0.10766938,0.7876465,0.3821566,-0.048854757,0.8577977,0.27335507,0.030767832,-0.3409855,0.5107468,-0.015565529,-0.25235194,0.28050604,0.24376214,-0.39444813,0.6336194,-0.9310931,0.5710588,-0.3073043,-0.3020766,-0.7669831,-0.375262,0.55565697,-0.046614084,0.24748747,-0.04341601,0.52142835,-0.0005963442,-0.37972474,-0.71153563,-0.15311928,0.8898463,-0.63578546,0.45953506,-0.23816442,0.7714924,0.073981725,-0.118841246,0.016952356,-1.005802,-0.16702425,-2.0274098,-0.083535075,0.28841662,0.3804774,-0.9729918,0.023738837,0.24797885,0.43495777,-1.3184935,1.4297974,0.9105172,0.5794848,1.0557536,-0.3710528,-0.5271954
-0.16945945,-0.39715493,-0.511856,-0.18679516,0.096277796,-0.37546068,-0.102166004,-0.15802968,-0.70033526,0.6372556,0.049437188,-0.21497029,0.4839942,1.0710431,-1.0675008,-0.9940931,-0.16724932,-0.87401944,0.600929,0.22321305,-0.7163411,-0.68749785,-0.65054655,0.17049937,0.544419,-0.21506843,0.15002668,-0.4849379,-0.037645344,0.04594949,1.3615263,-0.15251008,0.5938926,0.8779277,-0.9113705,0.46458843,-0.536211,-0.82198375,-0.11370389,0.5370826,0.49782476,0.038880285,0.41031697,0.16342933,0.5847615,-0.1070232,0.014938069,0.38497445,-0.11431702,0.69626415,-0.04535076,0.27721417,0.045083024,0.66419333,0.4080995,-0.8884118,-1.1668189,1.0282025,-0.19532359,0.9002224,-0.769295,-0.79625195,-0.40449807,-0.077800415,-1.11758,-0.37813008,0.2206087,-0.5374067,0.8278095,-0.9759715,-0.5161671,0.5349362,0.07939857,-0.45932928,-0.34884077,-0.08738477,0.060428925,-0.46187392,0.30633187,0.14420734,-0.12164737,0.5979682,0.06581585,-1.0619776,-0.42304647,0.2623725,0.50533885,0.84090805,-0.14518265,-0.10130439,0.057794496,0.043118317,-0.07415519,0.16975784,0.8352231,0.8311111,-1.0667526,-0.2697696,-1.4722954,-0.16152139,-0.4427618,-0.40027517,-0.2617327,-0.26131174,-0.47626302,0.41627538,0.1339751,-0.31959274,0.34536886,0.16535695,-0.86976445,-0.6551188,0.21483529,-0.8389955,-1.1564403,-0.23933712,-0.09389126,-1.446353,0.1079852,0.4834323,-0.8361433,0.69976574,0.552904,-1.0552727,-0.7096627,-0.82589555,0.6514909,1.3093905,-0.18565325,0.38120043,-0.18882433,0.94780415,-0.9698216,-0.6194459,-0.31435657,-0.26743203,0.10454811,-0.2928778,-0.88338995,0.020314118,-0.88857275,-0.1472144,0.41923502,0.3499853,-0.57061964,0.313076,-0.20393082,-0.5201229,-1.0680745,-0.24493288,-0.5008404,0.29011515,-0.4324636,-0.30960444,-0.09809951,0.89283353,0.08647484,0.39918274,0.7996985,0.18131192,0.52407473,-0.6767135,-0.3022618,0.20467903,0.2579889,0.46131003,-0.56852514,0.6072928,0.016605115,-0.98940045,0.53359026,1.3697693,-0.105437875,0.8663291,-0.2124204,0.65891165,-0.6704039,-0.31099266,-0.7030515,-0.6590062,-0.45175728,-0.7526701,-0.28401986,-0.8328231,0.9698983,-0.7154246,0.39058158,-0.063365705,-1.3242722,-0.6025961,-0.7363472,0.064623736,-0.86804754,0.09317501,0.59750855,-0.61319345,0.45643526,0.30177262,-0.3979411,-0.48022556,-0.3903341,-0.51395667,0.31818938,0.0061018644,-0.08395956,-0.45319957,0.14525911,-0.58856356,-0.47901583,-0.30230826,0.49505058,0.04345656,0.650823,-0.44309273,0.09949781,-0.84030944,-0.31457576,-0.07114252,-0.67759,0.0075213206,0.6564875,0.45775425,0.18503955,0.7893264,-0.014174257,0.9684666,0.042333465,-0.39637262,0.91266227,0.23575705,0.12999062,-0.4411155,0.5343088,1.4298353,-0.18648623,0.72322494,0.24427067,0.2094241,-0.16886894,-0.01431553,0.84381557,-1.5979398,1.4961942,0.53856814,0.65844727,-0.847054,1.6546583,0.43012428,0.41139624,-1.2568886,0.4467326,-1.1427083,0.43959534,0.4516061,0.523865,1.1007888,0.4983378,0.48729458,-0.081197664,-0.36991164
0.57763976,0.11204292,-1.671753,-0.00887657,-0.14744535,0.43332258,-0.25402197,0.9945546,-0.109687805,0.7799179,0.4474053,-1.8947166,-1.6449234,0.7797834,0.060767807,-0.30896872,0.6251252,-0.6524206,-0.6175798,0.9461945,-0.32959408,-0.059431773,-0.37641495,0.12143276,0.2895012,-0.70916,-0.42498073,1.2253054,-1.4452308,0.2816719,0.22604306,-0.10615704,0.3485757,-1.0752015,0.0056756493,-0.022263505,-0.93050694,-0.59846044,1.0781357,-0.28836203,0.0058232956,0.24654424,0.09330001,-0.6482554,0.66931546,0.44231474,0.66363066,0.71082115,0.19311051,-0.04748547,-1.1616888,0.048179783,-0.29604962,-1.0353224,-0.2747477,0.70884037,0.9006827,0.8649266,0.48766604,-0.24433431,-1.103506,-0.9459666,0.15717354,-0.61908597,-0.6711713,-0.5782123,-0.28504398,0.5470725,-0.36049718,0.5542078,-1.9991603,0.022794515,-0.3298889,0.0007774097,0.34957105,-0.33153224,-0.5003901,-0.28380504,0.01862328,0.7657072,-0.77515435,-0.4944629,-0.3495948,-1.1961259,-0.48680735,1.1677763,-0.1772991,-0.0023826452,-1.2800342,0.6392195,0.07384299,-0.36890608,-0.40050223,1.0342449,0.5245199,-0.7496448,0.44350496,-0.07215049,-1.3238838,-0.4043875,-1.3846859,0.5178513,-0.9078254,-0.21197051,0.26344684,-0.76883835,0.008693205,0.31495452,0.021854475,0.23223373,-1.2120132,1.912541,1.9645871,0.5151812,1.2251875,0.49924618,-1.2533262,0.3577467,0.083239615,0.30026683,0.3771373,1.0330625,-0.15649623,-0.24470094,0.6304785,-0.6731721,0.44056877,-1.5863354,0.19808719,-0.04993828,1.0605922,-0.28297016,-1.0183196,0.24609484,0.33479044,-0.2639118,-0.46787733,0.3415697,-0.023353843,0.036492676,-0.9057253,-1.4933653,0.0023395817,-0.26782304,1.2994823,-0.2764457,-0.58085316,-0.6998896,-1.1939327,-1.105977,-0.07218866,0.42464262,0.7405406,-0.97403866,-0.08897513,0.06282927,0.09821276,0.8582982,-0.2543961,-1.3938597,-0.789146,1.4032657,1.122395,0.27310103,-0.077048,0.026527757,-0.63261074,-0.22318538,0.29247674,0.3499047,-0.07248979,0.5838725,-0.33713457,-0.18018737,1.3736398,0.031875823,0.23714542,-0.31206834,-0.72999066,0.6343344,1.1901851,1.2142273,0.24496964,-0.48648745,0.18726239,0.9372998,-0.58434117,0.6971325,1.0195801,-0.34784645,0.16411568,0.48304805,-0.08444721,-1.7225912,0.5159495,1.2412175,0.35460898,0.38662267,2.1697066,0.12907992,-0.46938655,-0.7930247,0.51071995,-0.048049465,-0.34165275,-0.23532902,0.102138415,0.13931784,1.238489,-0.91355526,-0.5710981,-0.581108,0.16773853,-0.86048335,1.4325306,-1.1035519,0.6650992,-0.25344086,-0.35017687,-0.0686145,0.4495805,-0.033053815,-0.30787325,-0.25710735,-0.2568117,-0.24888633,0.66091293,0.41564277,0.1478737,-0.75066555,-0.47798228,0.14581987,0.23084573,-0.79272044,0.6736033,-0.25593662,-0.7132147,0.10240568,-0.36571285,-0.11438386,1.188506,0.18104185,-1.8979696,-0.9583963,-0.12362552,-1.1176527,0.15372826,1.6215211,1.2287184,0.6845004,2.43357,0.2083206,0.92253995,-0.5626354,-0.6579025,0.49423528,-0.82573956,-0.30253193,1.2328986,0.27216968
0.288204,0.80627096,1.9316305,0.31135347,-1.0846466,-0.7597847,0.80641234,0.33178246,-1.3137536,1.1224798,-0.3274354,0.51678735,-0.8348005,-0.14962567,-1.0303936,0.34490073,0.6565536,-0.81097734,-0.7234843,-0.17134,0.7843844,0.004978065,1.2680829,-0.37289232,-0.6258531,-0.05244897,-0.12219788,-0.5230025,0.42140356,0.49160895,0.3340092,-0.6591289,1.1178682,0.2123395,-2.39591,-1.2357565,-0.58053446,-0.19552724,-1.1441972,-0.27418074,0.3784381,0.74379104,-0.5913363,-0.8062067,0.43335328,-0.552508,0.4459642,0.23979202,-0.6573322,-1.0282428,0.5613604,-0.6616028,0.91629785,1.2946404,0.26148716,0.18778451,-0.69758755,0.27978,-0.16962387,-0.40665588,-1.022558,-0.13121587,-0.3964323,0.26484638,0.23037234,1.4906645,1.870804,-1.4718897,-0.19857109,-1.6886413,-0.9814003,0.033077497,-0.058240283,-0.712881,-1.2489041,-0.19657493,0.38670594,-0.20138249,-0.68080074,1.3037759,0.80292535,0.35124707,0.42461875,-0.5362443,0.9011425,0.7196025,0.27902958,0.66911143,0.9380492,0.07921939,-0.21193478,-0.08893958,-0.24239698,-0.8946377,-1.2375704,-1.6777714,-0.25539315,0.4501332,0.27632692,-0.58559567,-0.42524967,-0.7025417,-1.214214,-1.0203582,0.5528898,0.13117824,-0.5263328,-0.3037566,-1.1433716,1.0765921,0.4719244,0.2730454,-0.587899,-0.56986254,-0.2573099,-0.48055723,-0.24967706,-0.50827444,-0.31782094,-0.17206673,0.27104986,0.23070683,-1.4758967,-0.054932304,0.34433395,-2.3979592,0.2643361,0.62621295,0.15794419,0.6850012,0.07649776,-0.32384172,-0.6473059,-0.6574629,0.6290809,0.98190165,-0.6588719,0.58845186,-0.65319,-0.7410008,0.5604453,-0.9868223,-0.43962198,-0.41539344,0.6091177,0.15761791,0.37489244,-0.6066658,-1.3302711,0.12388209,-0.014759325,0.5124258,-1.3491154,-0.9804886,-0.666439,0.20047121,-0.13737333,0.13992578,1.4688683,-0.23352939,-0.10203398,-0.84829384,-1.7738075,-1.4148657,0.39588216,-0.38782167,-0.1730491,-0.6259833,0.26623896,1.1134441,-0.6900932,0.29267707,-0.69202787,0.74019885,0.44891444,-0.8318645,0.6039158,-0.56874263,0.881081,-0.61308235,0.5836367,0.77616626,0.04250018,-0.5343306,0.07509674,-0.04664458,-0.39899734,0.11197659,0.72648066,-0.23445094,0.050954748,0.3472184,0.30722612,1.9061896,0.49403918,-0.91785645,0.58120173,0.69956154,-0.31770033,0.2769719,-0.3115839,0.27509135,0.7287929,0.6880312,0.008357601,0.15660253,0.8586359,0.026262978,-0.46211427,-0.16092314,0.5474335,-0.6885724,0.33053833,-1.0572479,-0.5589285,-0.0820064,0.92000175,0.28887436,0.461855,-0.26365104,-0.09248511,-0.31914267,0.087600276,0.7218459,-0.14135358,-0.10260111,0.27416518,-0.6527615,-0.009785668,-0.63415956,0.48924077,-0.21225332,0.58342874,2.5957043,0.7364087,0.14710332,-1.4780036,-0.90654266,-0.74670506,0.1393812,0.13047361,-0.79990506,0.21911553,-0.18955126,-1.1527907,-0.13145462,1.7661775,-1.2841791,0.33012864,-1.1554917,-0.1296847,0.4899436,-0.008704984,1.383811,-0.33904725,1.4850893,-0.8544621,-0.46769637,0.6597253,-0.12665105
0.6399894,-0.4312082,-0.22654499,-0.45481378,-0.8646773,-0.7566515,0.5805006,-0.39852968,0.87164533,-0.039695777,0.37932172,0.7753342,-0.14111286,-0.15542829,-0.15037979,0.15696,-0.596876,-0.005282734,-0.1467264,0.23745877,0.37263918,0.24291207,0.60110325,0.39989907,-1.452205,0.8583591,0.50790215,0.09360542,0.48588714,0.13494042,-0.39868143,-0.44623628,-0.304492,0.702774,-0.67668337,1.7884982,-0.86864066,0.49954385,0.043076202,0.66223353,-0.36164412,-0.54242396,0.43542308,-0.47914833,0.13828707,-0.22594148,-0.43565887,0.59071434,-0.30845597,0.66326565,1.109734,-1.451469,-0.82214934,-0.41513753,1.309894,0.88491446,-0.49106702,-0.99274325,0.059758086,-0.46323952,-0.38876745,-1.9338638,0.18098846,0.38383213,-0.21036273,-0.6353133,-0.31637132,-0.29802474,-0.41446996,1.1254168,-0.06628374,-0.40611508,0.1562341,0.09438282,1.205036,0.3031907,-0.19230463,0.2242227,0.35907206,-0.08230217,1.7329655,-0.76627064,-0.067311175,-1.0128828,-0.20235394,0.064025,0.84397066,-0.27109328,0.03192069,0.564965,0.20577715,-0.6917084,0.86520004,-0.023010239,0.34857142,1.4358286,-0.08678337,0.22013627,-0.3149136,0.58435243,0.7533939,0.8788385,0.50342876,-1.5306168,0.12552528,-0.32912368,-0.4851557,-0.20869441,-0.30093828,0.6668683,1.341438,0.26103684,-1.2859644,0.45158812,0.6715711,-0.055680607,0.25155663,-0.2635843,-0.06850975,-0.7050044,-0.6899297,0.17422803,0.49095884,0.65675765,-0.015590673,0.60214686,1.0885837,-0.62588423,0.048615288,-1.1088852,-0.40312693,-0.14608075,-0.83500874,-0.11766422,-0.5029921,0.77122897,1.3388164,1.0655077,0.33535555,-0.3215504,0.22514455,-0.6935838,0.25369906,-0.62397957,0.13402732,-0.30955255,0.45584244,0.6112218,0.81493807,1.4959556,0.5646471,-0.06679909,0.80937123,0.36820614,0.4764865,-0.32911295,-0.17157623,0.49002892,0.374189,-0.046435893,-0.5653393,0.8381515,0.8685702,-0.0383811,-0.7998232,0.3405158,0.7588943,0.14362438,0.10153541,-0.7142589,-0.052469637,-0.28554136,-1.5213556,1.4616354,-0.07951591,-0.34242472,-1.6985755,0.65937096,-0.71597624,-0.6317871,1.317684,0.56151164,-0.085226126,-0.61088663,0.555055,0.30308065,0.017677173,1.2320538,-0.9062643,-0.15264684,0.47182432,-0.9164453,-0.034975715,0.19244038,-0.50923014,-0.2916647,-0.5042699,0.6392021,-0.3282779,0.66315204,-0.18871726,1.1693742,0.33859137,-0.2170192,-0.68729585,-0.42757523,-1.5919505,-0.6391174,0.65017074,-0.32565612,0.36547336,-0.77121794,0.5411738,-0.08729023,-0.1636815,-0.19819768,0.2895805,0.24828227,-0.67573756,-1.0020545,-0.62760925,0.14727327,-0.33043125,0.24021234,0.1275852,-0.48406136,-0.19512141,0.8906921,0.34148937,0.71679175,0.20533726,-0.52328795,-0.9691297,0.10135833,0.31172824,-0.4284759,1.9528062,0.5974002,-0.21558489,-0.41977775,-0.8871692,-0.12241531,-0.053560987,-0.2991307,-1.2402714,-0.6134244,-0.86115205,0.2785636,-0.03297022,0.04776385,-0.05621982,0.15102464,-1.0004827,0.9127331,0.41803676,-0.034708627,-0.05191756,0.21985358,0.3069236,0.72306955
0.5548755,0.645663,-1.8479145,-0.47230545,-0.6083372,-0.7223832,-0.9516914,-0.75408316,0.32789466,1.724426,-0.8925136,0.0020831688,0.29428235,-0.29886773,0.2621626,-0.27838036,-0.31503105,-0.011357765,0.7841452,0.30890414,-0.04691295,0.1292168,-1.4498786,0.056804378,-0.01533498,-1.6085788,-0.23856081,0.7742559,-1.3001858,0.5318099,-0.22080371,1.1290363,1.2144129,1.4044477,-1.4558954,0.14522077,1.831403,0.9531072,0.25230122,-0.01400698,0.57527846,-0.17599006,0.108941406,0.03342725,1.6790847,-0.22894357,-1.2510142,-0.5467965,-0.2290099,-0.3320938,-1.585781,0.9066614,-0.6203548,-0.7221357,-0.30319175,-0.23125598,-0.60989684,0.47265434,-0.0018900315,0.936764,-0.62087023,-0.4861764,-0.6707702,-0.1947221,0.46577165,0.59970844,0.40604126,-0.052500203,0.42477888,-0.8732294,0.4752249,-0.06290229,0.016417563,-1.3068056,0.1541214,-0.49483633,-0.6028658,-0.9560959,0.61245954,-0.13000482,-0.04573818,-0.25740573,0.18515304,0.053936455,-0.49132857,0.32699674,0.51574343,-0.030623965,-0.44990602,-0.6193854,-0.17879774,-0.090363845,0.6567265,-0.535503,-1.5121268,0.22077914,-0.97836745,-1.0476325,0.118787736,0.7340939,-0.1775269,0.9587932,0.61713094,-0.31530258,0.19466984,-0.870709,0.07125122,-1.3083804,0.07046253,-1.3703561,-1.5101725,-0.32094845,0.1508802,-0.37006658,-0.64093244,-0.39708734,-0.22346678,-0.19875334,-0.5469584,-0.16604681,0.17775358,-1.2288077,0.6124413,-0.51915693,-0.6069394,1.6651366,0.46308452,0.017984759,1.3525765,-0.3236127,0.2662206,-0.47028175,-0.89891094,-0.54391414,-0.36801544,-1.1372616,-0.07989031,0.4772741,-0.9368639,0.8403509,-0.5076394,0.15296856,-1.3165722,0.6030117,0.8223269,-0.1258705,0.49902734,0.5465791,-0.4734489,1.0304545,-0.17612639,-0.45509732,-0.57428914,1.1778218,-0.5851129,-1.287634,-0.89863896,-0.4124589,-0.37311742,0.49228677,-0.33122742,0.7210973,1.3676819,-0.36670423,-0.026672276,-0.37590474,1.7556281,0.25469315,0.2213286,-0.45563924,-0.029733699,0.93110764,0.2185403,-1.0683793,1.4396536,0.069123685,-0.312459,0.29637903,-0.17119089,-1.3832892,0.46814018,-0.85449904,0.052279428,-0.33806294,-0.6234651,-1.6283563,0.1355193,-0.10011537,0.5402415,-0.018530995,0.0439429,0.21568228,0.4316294,0.93189514,0.6444722,0.17382371,0.29783577,0.31863713,0.07345498,-0.81227946,0.20614247,-0.93161297,-0.19080546,0.48776275,-0.29015315,0.33502418,-0.2833901,0.046976496,-0.15239824,-0.15444688,-0.834044,0.055944175,0.1340111,0.19478008,-0.3724168,0.04801691,-0.09116603,-0.026343584,0.45681855,-0.701525,-0.13626175,-0.106261864,0.58762974,0.56992036,-0.5664936,0.13150848,0.3071228,-0.24789529,0.33168015,-1.1630946,0.06841201,-0.5959052,0.569766,-1.2681744,0.22623828,-1.7371783,0.79244256,0.1845016,-0.322065,-0.40119052,1.3781859,0.053888943,0.28147832,0.54975206,-0.13151148,-0.72427267,0.21783772,-0.5440649,-0.537073,-1.450377,0.2701725,-0.5357783,-0.5308073,-0.526593,-0.79735506,1.875791,-0.8129056,0.5155339,-1.1373384,0.6069365
0.14781593,0.35222366,-0.27630872,-1.1788592,0.731181,0.09588012,0.19251184,-1.3140986,0.26080588,0.21156399,0.96325517,0.5623599,-0.3125907,-0.6423862,-0.7092262,-0.44610807,0.24975356,-0.32803062,-0.51700324,-0.2873997,-0.91533935,0.6125597,-0.36551568,0.23081443,0.9956495,0.5380207,-0.12064572,0.8366827,-0.08510291,-0.778239,0.06319942,-0.22793546,-0.9813779,0.74524987,-0.4304717,-0.42143127,0.08095825,0.054991484,0.22898929,-0.8369534,-0.5562463,-0.5048338,0.18521167,0.4861441,0.07254944,0.1045337,0.0739716,-0.07663654,-0.38662204,-0.026419202,-0.067340665,0.49334955,0.25825977,0.35248813,0.1894873,-0.60652655,-0.06893921,0.24156275,0.9906285,0.01567465,-0.30313322,1.111797,0.29124916,-0.055243533,0.65560144,-0.11641049,-0.45810372,0.5730156,-0.18210962,-0.41137764,-0.4906756,0.36757854,0.30505845,0.44172335,0.40030062,0.45887145,0.11730236,0.7055452,0.49751824,-0.58107865,-1.4533166,-0.08326435,-0.7830986,-1.0592462,0.11565491,0.69117236,-0.94208705,0.4775098,0.15938254,-0.51889426,0.067137785,-0.08091553,-0.22906245,-0.37407798,0.8506018,-0.2556803,0.90196,1.467669,-0.5895907,-0.36008945,0.36568844,-0.2864146,-0.7395073,-0.15775733,0.6260974,0.85048854,0.65367395,0.972614,-1.0798529,0.589739,-0.34463596,-0.004124234,0.1822609,0.4741019,0.3476132,0.7345075,0.38240722,-0.8468128,0.59020483,0.5714055,-0.83171487,-0.21682166,-1.0400974,-0.5401551,-0.07924963,0.9172602,-0.20063074,-0.21103288,-0.76895446,-0.27453578,0.12891881,-0.48549274,0.41309458,-0.14049664,0.69734675,-0.15491623,0.34459046,0.45415235,0.9199367,-0.78569716,-1.2905202,-0.606459,0.08785879,0.089766264,-0.11644837,1.0701598,0.39425775,-0.31028375,-1.074304,0.5295748,0.015744975,0.18857376,-0.45100424,0.64846396,-0.33013907,0.16195506,-0.5328454,-1.2317585,0.13775939,0.3024774,0.25551,1.0821726,0.31376037,0.15414818,-0.62831414,0.20780493,-0.9137638,-0.5537226,0.69572496,0.5141647,0.23533179,0.77549464,-1.342087,-0.33161923,0.21451877,0.31748286,-0.11087241,-0.5465547,-1.3765072,-0.47039035,-1.012785,1.516737,-0.6948804,-0.6146884,0.5623903,1.8270955,-0.49111137,-0.077957645,0.61962986,-1.0532123,-0.30654213,0.09211637,0.29907927,0.62949616,0.896981,0.33442295,-0.49836183,-0.07978136,-0.14511299,-0.008342825,-1.0491681,-0.36691624,-1.0686493,-0.2562875,0.32896855,-0.92427564,-0.056204163,0.638659,-0.29636806,-0.22404857,-0.3346793,0.90791595,-0.32324424,-0.4270585,0.1336782,-0.47346747,-0.52758485,1.2226206,-0.283189,-0.17482528,-1.595691,-0.028109295,-0.7037965,0.5621217,-0.5245535,-0.29191884,-0.49578857,0.9111619,-0.45092213,0.23716913,0.0108519625,-0.053974904,-0.32548755,1.1347085,-0.45983,-0.12970182,1.2548366,-0.89792603,1.0296903,0.15488142,-0.5097995,0.88906354,-0.8456938,0.30287206,0.63861823,-0.23667453,-1.4672586,0.10876933,-0.03998134,0.43288884,0.8146324,-0.7154812,0.92542577,-0.26604494,0.5673,-0.35113576,-0.2823479,0.025601856,0.38320968,0.68612033
-0.78216845,-0.9533983,-0.14685433,0.08430176,0.01725789,0.22808099,0.8374272,-0.4536242,0.07007912,0.11821898,-0.60180146,-0.45509192,0.049582873,0.11255591,-0.4810204,0.40975076,-0.42846835,0.90067303,-0.49197707,-0.732066,-0.5488469,0.34061226,1.057679,-0.15683787,-0.42284122,0.42390642,0.5077468,0.23191175,-0.053468928,-0.2839175,-0.31633317,-1.6826568,0.09848961,0.607972,0.9169825,-1.4410733,-0.89204264,-0.47252816,-0.21592657,1.3832449,0.094999634,0.14017072,0.9103711,0.13691068,-0.8291657,-0.30262598,0.6039398,0.05084652,-0.042704236,0.66524035,0.8487913,-0.15659578,-0.2378967,-0.26510978,-0.037038893,0.7088436,-0.27843547,-0.5103339,0.098134845,0.6384598,-0.4350661,-0.8474584,1.060691,-0.17949401,0.14294195,-0.06361177,-1.5714828,-0.048441254,0.7525603,0.11449289,-0.8617285,0.19926094,1.1195307,-0.08376874,0.2530804,-0.21694498,-1.2509004,0.075136356,-0.6196036,-0.29381397,-1.0467637,-0.38055748,0.67682874,-0.826378,0.17464305,0.28814992,0.24591367,-0.46360475,0.2633069,-0.6102724,-0.8314884,-0.16364498,0.36431417,0.07475664,-0.46352583,-0.62214833,-0.14006919,0.1766044,-0.19547193,-0.60379136,-1.2973958,-0.34998298,-0.2298463,-0.23109019,-0.07217173,0.24938606,0.82869524,0.52076113,-0.033815186,0.34012377,-1.848736,-0.5391741,0.091221415,0.4981403,-0.4355933,0.115338035,-0.81723064,-0.20857994,-0.2420893,-1.0505623,-0.3047334,0.57823706,-1.0645927,0.36398557,-0.11325252,-0.0033110566,0.10490396,-1.6536763,0.25559884,0.14032678,0.39270627,-0.46108758,-0.23094375,0.55981326,0.8359456,0.22219096,-0.41827816,0.791706,-0.29307663,0.43982968,0.45571077,-0.38587317,0.3510791,0.5294645,0.8775309,-1.3508545,0.06740939,-0.18657154,0.5322139,0.7787549,0.078299254,0.48300466,-0.3544253,-0.082225226,0.5827239,-1.196498,0.2762954,0.8518468,-0.5401886,0.7761587,-0.31075004,-0.19325773,0.6706794,-0.13702598,-0.07172337,0.5027577,0.2549379,-0.37569857,-0.51827866,0.593539,-1.5615419,0.7718797,0.437152,-0.9063739,-1.472658,0.124884784,0.75966364,-0.35939547,-0.28071022,-0.5750773,-0.9172261,0.06730837,-0.5644953,-0.8858859,0.09844437,0.66217107,-0.86257625,-0.374558,0.3496928,0.09373526,-0.3786483,-0.65775186,0.3348385,-0.0907873,-0.250786,-0.38329867,0.2507874,-0.8114147,1.4352255,1.7405626,0.12399869,0.43872583,-0.94448423,-0.042303294,0.2401819,-0.11804383,0.38537544,0.22703545,-0.21082605,0.94322705,-0.95903647,-0.49102002,0.09185867,0.37353072,0.30253568,-0.9979508,-0.004186121,-0.11166407,1.0723028,-0.71653813,0.22192375,-0.35767204,-0.046647966,-0.3848871,2.184506,-0.50063664,-0.21006064,1.0980409,-0.5126954,-1.0243169,-0.24156763,-0.55769163,0.310343,-2.8436701,0.12934501,-0.7983074,-0.48437482,-0.34042972,-0.50677747,-1.0741502,0.43628764,0.37180197,0.20191582,-1.5508417,-1.3470869,0.31419328,-1.198527,-1.5868703,0.25263414,0.83651555,-0.8250786,-0.19819228,-1.7198608,1.1426125,-0.7292955,-0.61841536,-0.104380034,1.274511,-0.14695367,1.2864999
0.09171637,0.43639776,0.4334114,-0.2889888,-0.46826294,-0.094165176,-0.6837175,-1.0718538,-0.4389914,0.09534598,1.5460054,-0.813988,-0.7553653,0.6946168,0.09873199,-0.7555058,-0.9546545,0.01999605,-0.053922825,-0.5829317,-0.37848,0.26180568,0.32208803,-0.35776627,0.072010756,-0.21339834,-0.15318958,1.3539367,-0.14980997,-0.1984266,-0.42368293,0.5508645,-0.34190822,1.2859817,-1.3260514,-0.5338539,-0.9522685,0.27522054,-0.107388265,0.37661937,0.20304021,0.5044723,-1.3787589,0.28627872,0.0942614,0.6446783,0.8310902,-0.2562373,-0.5507944,0.3385411,0.20506753,0.13889532,0.06630004,-0.20696698,-0.20161614,0.47647768,-0.0046651703,0.38818166,-0.59275883,-1.6474925,-0.22561702,-1.7783452,-0.43504372,-0.16032551,-0.12148034,-0.5385316,0.35147685,-0.7359924,0.06768354,0.36767954,-0.70229506,-0.28451616,-0.15886083,0.26414835,-0.031517617,0.26603827,-1.5725107,-0.48390174,0.055644564,-1.1008497,-0.6347573,-0.06406584,-0.09080357,-0.0623714,0.20106328,-0.0831646,0.36583218,-0.16805589,0.6227641,0.048143957,-0.6128702,1.1401774,0.73349,0.15212849,-0.14394747,1.037468,0.30725724,-0.55602974,0.25871477,-1.030892,0.32195675,0.83394194,-0.07214429,0.6361954,0.47575837,1.5485348,0.45492736,-0.78280866,-0.9920185,0.4097646,0.6514058,1.1689521,0.9222609,1.1455213,0.86434764,-0.089675754,-0.056911636,-1.4736793,-0.08648978,-0.82698405,-0.5517988,0.20383325,0.49960113,-1.1432822,-0.24473979,0.5090061,-0.8822891,-0.11888022,-0.5717421,1.6062587,-0.33760443,0.6968173,-0.5304414,0.37385076,0.49428147,-0.065242864,-0.2632842,-0.050937347,0.31533346,0.718419,-0.99431413,-1.5871624,-1.2477924,0.53875035,-0.3123047,0.10707983,0.20367652,-0.3382715,-1.7978007,-1.93244,-1.0260948,0.060578607,0.09198959,-0.22633061,-0.11301697,0.14974229,-0.79885215,-0.51058877,-0.6469286,0.8638192,-0.63713664,-0.57543087,0.06231101,-0.12088129,-0.35311544,0.5796421,0.85858446,0.38536167,-1.0187591,0.58786416,0.17299913,-0.6572614,-0.92334473,0.18952462,-0.66648626,0.4303396,1.1584764,-0.47002235,-1.6895448,-1.0177951,1.134546,1.8070387,1.2824056,-0.61313343,-1.1036698,1.6229734,0.05506344,0.17873494,-0.3695753,-0.31729358,-0.35406974,-0.5740228,0.413074,-0.2837483,0.4410462,0.23103768,-0.33660445,0.18656074,1.4142746,0.8050847,0.69793904,-0.19486679,0.36624226,0.28720957,0.36805207,0.11677905,0.43929547,-1.2248396,-1.0318552,0.14614728,0.44439656,1.0452619,0.10577723,0.28966063,0.4242136,-0.71273583,0.42681056,0.041955512,-0.30181226,-0.57174057,-0.21960783,0.9045208,0.967165,-0.14234138,0.28704593,0.33333838,-0.37585586,-0.286388,0.3049839,-0.7814606,-0.059992,-0.021168472,-0.6815976,0.84963715,0.051292256,-0.053287,0.3559923,-1.0893579,-0.08487375,-0.6515598,0.3482169,-0.2867387,0.34697136,-1.0893341,1.2317103,-0.4889576,0.6930275,0.54765576,-0.08410661,-1.7362643,-0.0070682326,0.9520757,-0.680762,0.18574052,-0.5496335,-0.76734316,-0.06338762,-0.34930068,0.5579269,-0.7540328
0.11444003,0.038186472,-1.4352137,-0.4399074,0.01876102,-0.30736274,-0.0626745,0.102312915,0.08269928,-0.8413706,0.43795878,0.84749144,-0.67351896,-0.7830508,-0.09515317,0.8615326,-0.8937192,-0.6214857,-0.7672929,-0.37859848,-1.1975136,-0.10993526,-0.27033958,0.6958718,-0.097454496,-0.90891457,0.35048464,-0.054579765,0.55341214,0.121279165,-0.32402244,-1.2663625,0.35237488,0.7445837,-0.52400917,-0.56159765,0.23240729,-0.6407569,0.8535544,-0.9539494,0.98706514,0.4594565,0.11768455,0.9650894,-0.29410958,0.27495968,0.48795855,-0.11502676,0.29469687,-0.72443545,-1.3320192,-1.6153636,0.5920528,-0.29368255,-0.05883053,-1.196231,1.3134682,0.047816854,1.1190994,-0.10379599,-0.25205827,-1.4234263,-0.8052816,-0.15918718,-0.59833807,0.21140443,0.11845785,0.9227689,-0.67993754,0.23935229,-0.0031258157,0.1327294,-0.3714291,-0.98036003,-0.4798816,0.8517828,0.078231834,-1.1987917,-0.51589006,0.3360651,0.3016951,-0.7848434,0.57786953,-0.87918085,-0.98776466,0.7176181,1.2444379,-0.0057153143,0.97977495,-0.5757459,-0.97727185,0.71660864,-0.05918356,-0.3877991,-0.33815232,-0.36550012,-0.36930647,-0.2649266,-0.5666293,0.0802988,-0.051188983,0.7964739,0.12187157,-0.67257303,-0.35940036,-0.79002297,-1.0801105,-0.6774207,0.44443086,0.29658493,0.06264402,0.8433646,0.79693615,0.2370952,0.9221257,0.1760372,-0.48004577,-0.5623404,-0.6949472,0.5336123,0.56145203,0.89758766,0.21312025,-0.51767975,-0.04881673,-0.13010788,0.68738735,1.1939654,-0.4626745,-0.13716437,-0.004059406,0.25242186,0.07436123,0.9843341,0.1535838,1.5249109,-0.47780728,-0.033307917,0.45274934,0.28059903,-0.575543,-1.9006326,-1.0526074,-0.17910053,-1.6039553,-0.34167528,0.80790585,-0.22166932,0.008812055,0.66233295,1.4990885,-0.19090243,-0.61743486,-0.31316078,-0.09086224,0.38217503,-0.6660963,0.27921394,0.47398037,-1.6543236,-0.50536287,-0.8011802,-0.05769184,-0.6659845,0.02256869,-0.1488527,0.5002876,-0.7513897,-0.2610215,0.6566396,0.1915371,-0.22140162,-1.0062999,-0.5407291,0.31405106,-0.32546794,-0.443344,-0.23498653,0.16509141,-0.81249565,1.169093,0.73832744,1.6467774,0.123407215,0.114787884,-0.26008287,0.11768928,-0.11036601,0.7797978,0.39361554,0.004349299,-0.81961226,0.063443296,-0.4422084,-1.1727796,-0.7945789,-0.7581635,-0.65920377,-0.32579967,0.08157245,0.8431233,-0.8973191,0.32006577,-0.06561622,-0.680174,0.62011606,0.4364989,0.83334315,0.39562994,0.37677273,-0.40186378,0.180579,0.3304234,0.7497846,-0.041216373,-0.6846093,-0.43564728,-0.14319439,-0.47636274,0.21293439,-0.4209262,0.42744744,0.21167594,0.5423914,-0.6576453,-0.9807381,-0.11510487,-0.38772133,-0.50206393,-0.14230782,1.047113,-0.4666209,-1.2940964,-1.1339693,-0.07831948,0.50397515,-0.6421364,-0.0028744184,-0.7631319,1.278026,-0.39624903,1.5736212,-0.6977134,-0.7108664,-0.6979453,-0.7468052,0.14107767,-0.2919557,-0.46605292,-0.1013286,0.30846658,0.03764791,-0.031192314,0.7013353,0.045953836,-0.9858528,0.8529356,-0.38878968,0.57369834,1.326091
0.1681278,0.99037445,-0.84143746,0.1322263,0.6462208,0.12938017,0.73787254,0.93277586,0.30301318,-1.0512506,-0.34351048,-0.49711534,0.005053992,-0.61649877,-0.45842192,-0.19679947,-0.42025092,-0.806903,0.47424886,0.20132726,-0.5584227,-0.5019272,-0.67403585,0.30226344,-0.31078994,-0.1251327,-0.007967559,0.4620017,-0.0063783024,0.04806629,-0.046049125,1.1579422,-0.61304605,0.29869375,-0.31383866,0.09900119,-1.1935712,-0.3202914,-0.4586088,0.8383193,0.1587363,0.47397748,0.48606604,-1.3341067,-0.09870544,1.2318739,-0.8146975,-0.1465849,-0.15686014,0.13131943,-0.7233221,1.437793,0.7950079,-0.52141386,0.6963548,0.02589981,1.024709,-0.123105936,-0.9101781,-1.0597807,-0.29954326,-0.32521453,1.0156068,0.7470769,-0.19399083,-0.7671698,0.111584365,0.50627625,0.64707845,-0.32585433,0.59649,1.5100532,-0.9384529,-0.31850022,-0.11333301,-0.042499542,0.6902459,-0.7962933,-0.21541697,0.412429,-0.61102074,-1.0842174,0.99387604,0.06172241,-0.6299784,-0.52095395,-0.088498935,0.03443197,-1.0297998,0.6243705,-0.8000209,1.2212099,0.08885353,0.456427,0.4922671,-0.5352614,-0.24788852,0.33042347,-1.0638571,-0.23684242,-0.0033698936,-0.4836762,1.023289,0.20243615,-1.1198424,-0.9802367,-1.0149902,0.37316576,-0.16567281,-0.1528702,0.9593522,0.6425484,-0.56728494,-0.11105292,-0.18597877,0.90679574,-0.014872019,0.64044595,-0.2636171,-0.03125003,0.13188793,1.4717014,-0.3560201,0.011097829,-0.2023402,-1.5684704,-1.8906542,-1.6759661,0.46595275,0.65072584,-0.24929799,-0.22074896,-0.1161889,1.1936799,-0.37953484,1.0656123,0.32126275,-0.25371802,-0.9767013,-0.7683261,-0.5615828,-0.5831933,-1.2458137,-0.1274383,0.9164322,0.55344707,0.92379904,1.0615938,0.057145275,0.95885813,0.77683014,-0.45415035,0.5408966,-0.18401903,-0.79268426,-0.003655176,-0.18023862,-0.64167625,-0.061778307,-1.2184031,-0.057767,0.95828485,-0.6874819,0.16670753,0.9389723,-0.3973521,-1.0973204,0.080068745,-0.13242058,-0.3353282,0.8358131,-1.6794353,0.7220418,0.19001445,0.43719333,-0.91162944,-0.43822366,-0.22346157,0.7216978,-0.08585398,1.0667797,0.33434606,-0.49613327,-0.3474537,-0.31372178,-0.94868386,0.93961054,0.38241485,0.9639551,-0.28060138,-0.7928302,0.3696186,0.1085752,-0.1123049,-0.6439897,-0.9194463,-0.1238713,0.396872,-0.77731967,-1.9306662,0.15080345,0.014504949,-0.5464651,0.3240775,-0.1857293,0.08331566,0.11157342,0.28569648,0.3063326,-0.13084035,0.65549594,-0.100700006,-0.36457953,0.15407966,-0.30451787,0.7620185,0.1396066,0.0365132,-0.5682117,0.033133756,0.956998,-0.4457326,-0.49726704,-0.651087,0.156638,-1.4145643,0.6362432,0.9165385,0.31648147,0.60788053,-0.18322645,0.5487648,0.11599666,0.91829675,-0.80575097,0.73679197,0.7444767,-0.18291056,-0.4171501,-0.39222425,-0.21910207,-0.6399688,0.94826055,0.9903446,0.11417206,-0.22884086,0.60827506,0.52243435,0.49095622,0.4091063,-0.23565452,0.8722108,0.3259101,0.010263493,1.6621499,0.7171533,-0.25545412,-0.29190817,0.22441044,-0.46435657
-0.58955264,0.39807978,0.41250074,0.4053725,0.7835938,0.8228507,-0.08107345,0.45959446,-1.4441495,0.9586285,0.75661963,-0.25857735,0.2933933,-0.18798979,0.20232087,-0.8005075,0.9924476,0.0011837698,-0.24930654,-1.1158482,0.6071502,0.49724403,0.59709424,0.64875054,0.50762594,1.0761489,1.2767452,-0.39488092,-1.1810296,-0.4365088,0.03549017,0.29781336,1.0079812,0.6666729,-0.5743286,0.24352974,0.53228766,-1.817404,0.17317556,0.5994779,0.14543074,0.7379661,0.19590844,0.32594487,-1.0022768,0.54425216,0.33535218,-0.015212559,-0.84783375,-0.054815847,0.6069622,-0.27470228,-1.4406798,0.71629226,-1.0156387,0.7557667,-0.08111625,1.4363962,0.6023642,0.56120265,0.27177,-0.51734865,1.7857459,0.12704419,-0.16650763,-0.5558816,-0.21345744,-0.16872789,0.37468064,0.55070525,-0.75599223,0.5621337,-0.52151287,-1.0446407,0.60999507,-0.34756216,0.032760046,-0.113516316,-0.7357976,0.5307659,-1.2741079,-0.5365893,-1.5303496,0.00573014,-0.428703,1.7961773,0.32816643,0.11561609,-0.5894478,0.1795169,-0.88680196,0.3207298,0.09636786,0.8922474,0.6991158,-1.4641755,1.0337399,0.060799103,1.3342952,-0.8086173,0.37031165,-0.035002057,-0.0039975047,0.08015266,-0.5701881,-1.3120836,-0.5588577,-1.160919,-0.93539006,-0.71971136,0.7783146,1.1382536,0.85142905,0.035049032,0.2601782,-0.34613562,0.27179664,0.5406822,0.6004091,-0.5431962,-0.2620014,-0.041106872,-0.9261774,-0.53085077,0.9146427,-0.16510215,-1.1887898,-1.2492437,0.25589618,-0.49601206,-0.33619767,0.6398221,-0.90701747,1.0884438,0.23637949,-0.6110295,-0.034213185,-0.23308022,0.32597193,-1.541245,0.89984655,-0.412242,1.0834926,-0.5220384,-0.29050884,-0.4552372,-0.41044825,-0.7176441,-0.04428496,-0.2691045,0.7638302,-0.5160717,-0.57363695,0.3841048,-0.427777,1.2003199,-0.56325537,0.3330857,0.15370104,0.5815794,-0.24427578,0.38912863,0.61979055,-0.6020834,-0.27000582,-0.7383556,-0.6960085,-0.41694626,-0.32314876,-0.43960088,0.17492568,0.715477,0.011748318,-0.87319773,-1.4938279,0.20309354,0.44302794,-0.34912267,0.5001641,-0.038853347,0.2076595,-0.45634302,-1.29145,0.14457287,-1.2470812,0.5948662,-0.6669708,0.53199154,0.41672257,0.19407867,-0.3996424,-0.40732962,0.653398,1.0795043,1.3989365,1.4355751,0.044420965,-0.46611613,0.21080266,-0.03743527,-0.9179361,0.09181833,-0.3081454,-0.38224566,0.20838384,0.34485653,0.6487126,-0.16981573,-0.054709453,-0.50207406,0.8608025,0.5990386,-0.53573126,-1.0832964,-0.3406251,-0.69301873,0.054545708,0.5715189,0.084557794,0.25038135,-0.15409969,-0.14719337,-0.25929737,1.2573198,-0.39499328,0.6749366,0.34119135,0.44792056,0.28472447,-1.0650036,0.2886633,-0.91423804,-0.33591822,0.15408528,0.86584806,1.2563826,0.21007743,-0.5630041,0.10165399,0.687742,-0.8242318,0.42426106,-1.6227999,0.12523891,0.21366172,-0.5407798,-1.7644893,1.0120943,-1.2534897,0.44597486,0.9357598,-0.7269021,0.54036814,-0.067897975,0.32340083,0.930835,-0.5210623,-0.9765306,0.064664155,-0.20276512
0.8275443,0.16172606,0.40338063,-0.41816798,-0.20907307,-0.7974602,0.22622254,-0.7155973,0.20300113,-0.27628407,0.25134727,0.06796313,-0.33881217,0.280039,0.2813797,2.1612954,-0.45216876,-0.8433688,-0.16805878,-0.045354724,1.1983626,0.17462718,1.0502392,0.11949954,0.24134578,-0.7709,-0.24725978,0.47672018,0.6939934,0.5536669,-0.5434382,-0.27750644,0.9493278,0.5199713,-1.1167859,-0.17266868,0.5649861,0.26349768,0.1822793,-0.35439053,-1.0241462,-0.7827815,0.16252266,-0.019365503,0.29179114,-0.70110136,-1.3495677,-0.37330917,0.31340334,-0.46426615,-0.34268957,-1.0403365,-0.16115874,-0.023348872,0.007226731,-1.5156406,-0.15877548,0.22531739,-0.13553937,-0.4822191,1.0796993,-1.1480873,-0.78917396,-1.2212774,-0.147602,0.6803218,0.77274984,-0.38479924,-0.2203693,-1.1964978,1.4199028,0.9055154,0.07006233,0.056383766,-0.26918188,-0.017902153,-0.149592,0.06524788,0.725148,-1.0309466,-0.45276195,1.1243843,1.7309734,-0.31822288,-0.047573045,0.24447726,0.44815964,-0.29124984,0.96589595,-0.30764642,0.095573254,-0.6168453,-0.22249767,0.10543652,1.2509165,-1.2307899,-0.8001349,-1.3436999,0.9529659,0.49848568,0.73502505,0.49308655,0.5860093,0.798159,-0.92671627,0.39524764,0.080916464,-0.12237287,0.39663458,-0.22421548,-1.1773863,0.54027104,-0.6339899,0.12705514,-1.1047683,0.2863526,-0.2606866,0.60079646,-0.075686775,0.87202525,0.9183367,-0.2011891,0.41289267,1.0908378,0.71569675,0.8889448,-0.38741896,0.9173464,0.6257265,0.24738176,0.940151,0.46387357,-0.34665093,-0.52711666,0.43477184,-0.12312449,0.12619276,1.5817953,-0.302428,-0.82788783,-0.3729167,-0.6673945,-0.2967475,0.66927934,0.21432973,-0.6753078,-0.3278019,0.76631874,0.18117552,0.3699647,-0.4543529,-0.32149836,0.31002808,0.41513628,-0.16494402,-1.1165396,0.6069435,0.19393042,-0.40897456,0.47122204,-0.10258481,-0.05254039,-0.18643133,-1.3904666,-1.0445726,0.051340673,-0.31166002,-0.23155335,-0.5108575,-0.12525141,-0.4028877,0.6041862,-0.11307603,-1.8655993,0.8690906,-0.630947,-0.011661677,-0.13376045,1.3351178,-1.570324,-0.86740077,-0.91865945,-0.16333306,-1.2915648,-0.33267364,0.37180355,-0.9184322,0.026188355,-0.5920106,-0.9942946,0.54171205,-0.29178756,-0.8489949,2.6424944,-0.6263404,-0.813866,-0.7901622,0.57001543,-0.8092673,-0.046643376,-0.10232906,0.47800475,-0.66509074,0.97602206,1.0165493,-0.20876825,-0.95690584,0.23281391,-0.5346287,0.2968728,0.19354069,-0.73608595,-0.39085707,-0.16336744,-0.37819546,-0.11140533,0.90647346,1.1655984,-0.67238075,-0.20544437,-0.7424282,0.08878575,0.44021657,-0.4862214,0.18944456,0.6215875,0.15957989,0.03413052,0.97744113,1.2101425,-0.12987213,1.7073189,1.2115476,0.6053581,0.27323762,-0.25622255,0.81159866,0.3719956,0.8360722,0.24991694,0.58369,-0.8742567,-0.28779685,0.36024442,1.1557201,0.115997955,0.4595155,-1.0393347,0.3877612,0.3074252,-0.35105816,0.5518611,-0.7976746,-0.030736336,1.2401257,-1.0278792,0.9105136,-0.18464634,1.2255743,0.14950834
0.47842953,-0.84976983,-0.41996515,-0.53581756,0.35419494,1.0528406,0.3718926,-0.7164681,0.05704585,-0.051351752,-0.62704134,-2.1159341,-0.3156242,0.7832582,-1.2017554,-0.8467217,0.16127042,-0.83768725,0.7308524,-0.33924192,0.042794246,-1.4262972,0.11047379,-0.32186338,-0.32987776,-0.49209252,-0.111784406,-0.4712616,-0.39933988,-0.49883685,0.19933042,0.11273806,-0.24148524,0.5047924,2.4773324,1.2444092,1.5069497,1.0219402,-1.975961,0.85377675,-0.016996894,-0.95886576,-0.37020224,-0.14161707,-0.05480592,0.11209257,0.4739931,-0.56507635,0.36722982,0.7004331,-0.13748945,-0.20230412,-0.2032766,0.43615416,-0.49707565,0.32756433,-0.29898116,-0.6476653,-0.60681313,-0.3163516,-0.6717375,-1.3348005,1.3100067,-0.8979174,-0.30801183,-0.62705946,-0.07578378,0.12590455,0.36173034,-0.10422048,0.15370978,0.07874313,0.30015796,-0.43081895,0.32760286,-0.368652,-0.16076091,-0.20487913,0.8711789,-0.5239546,-0.338836,-1.2488443,0.09039632,0.37140885,0.19917881,-0.20335028,-0.19824599,0.5718582,1.4463269,-0.29463607,0.54196775,-0.005983945,-0.4213634,-0.2582436,-0.06372664,-0.116546124,-0.81495756,-0.34811467,0.24159305,-0.263838,-1.1412172,-0.71503836,-0.18510792,-0.22853231,-1.3018097,0.478043,0.6757952,-0.20757264,0.2164258,-0.86308825,0.19086443,-0.6013765,-1.1662785,-1.1817877,-0.052656632,-0.3855908,-0.025582599,1.0491438,0.8254022,-0.34823328,0.44804332,0.06982384,0.28382048,-1.5474569,0.079423875,0.6801458,0.5056348,0.97861385,0.20608015,0.19968107,-0.32644966,0.88262916,0.07848097,0.28663263,0.49658185,0.071520455,-0.2062433,-1.0013105,-0.46829072,1.2392894,1.2748395,0.5532272,0.55722386,-0.31709868,-0.033039656,1.2112932,0.66270936,0.09102376,0.07599055,-0.39696303,-1.7003484,0.088617764,0.7447504,0.7493071,-0.3350705,0.5383377,0.013711023,0.5980312,-0.13967294,0.26269123,0.5825127,-0.08834378,0.4589498,-1.1725241,-0.029814323,-0.9181198,-1.5410295,-0.10728901,0.50754625,-0.18055287,0.27874976,0.53218496,-0.6410077,1.6717839,0.18817371,-0.034067586,1.0164944,1.4630612,1.1068678,0.18768284,-1.1196445,-0.21741967,0.21711938,0.73081756,0.121705495,1.0152786,-1.3417054,0.4158278,0.7492309,-0.3124453,-0.6901385,-0.9889413,0.32870483,0.897189,-0.6744848,1.7822032,0.66413856,0.025175668,0.59505934,0.746764,0.16036743,0.3331,-0.2829607,1.0655992,0.5393955,-0.4327457,0.28484344,0.17472571,0.26873496,-0.19936885,0.14162117,-0.50677466,0.14771628,-0.25380453,1.9329903,0.3869367,-0.68554056,0.42567638,0.61762506,0.7031361,0.55541384,-0.8831013,-0.013839797,-0.3711097,0.6023628,0.10644618,-0.24627276,-1.0132465,-0.043105822,0.112927094,-0.25166577,-0.20753217,-1.1052475,-1.2107866,0.69631314,-0.26953658,0.6433033,-0.32119513,0.83174515,0.67394286,-0.41489545,-0.71130776,-0.618851,-1.8413473,-0.24310036,-0.18945277,0.2800929,-0.25701472,0.5724019,-0.26679176,-0.3589449,-1.0622338,-1.2604543,0.8943486,-0.12596874,0.8042677,0.8763456,0.2599089,-1.345615,0.26849952
0.15502752,-0.5996599,-0.2407118,0.9581353,-0.041795213,0.74002814,-1.1182116,-0.4805876,-0.15838052,0.1373072,-2.6395435,-0.2163313,0.14017574,0.6954478,0.10380678,-0.1306142,-0.16727374,0.23690203,0.2029812,0.24921244,-1.1819533,0.056126274,-0.116891704,0.091304556,-0.6452993,0.17214262,-0.89093584,0.500316,-0.68589425,-0.008672975,0.0521055,0.36385226,-0.32437727,-0.4101247,-0.2731711,-0.8420923,-0.2513886,-0.41676226,-0.5026268,0.53738546,0.2658319,0.20701574,-0.031347044,-0.45065153,1.1512022,-0.9707724,-0.41622004,-0.3685476,-0.86411864,-0.59153765,0.28263116,0.70790774,0.33347923,-0.10992407,-0.0036405206,3.0831244,0.5122987,0.21689093,-0.45041916,0.24659249,0.5127162,0.2476985,-0.67962533,-1.0426537,-1.3475416,-0.058193,0.18616031,0.4388327,-0.54318064,0.44998083,-1.0861869,1.2070692,-0.4762587,1.2571986,1.1467581,-0.21350177,0.7481126,-0.7777864,-0.18109798,0.22960812,-0.08048375,-0.417718,-0.36518174,0.7065506,0.6038207,0.24790797,0.38601655,0.6065655,-0.118994705,0.3128409,-0.8039371,-0.19209927,-0.8741722,-0.36368197,1.153232,-0.69902015,-0.20614794,0.46415994,0.84718764,0.6302794,0.5395785,0.38592932,0.55834335,-1.0575978,1.528783,2.5377111,1.1035897,-0.12685438,-0.72388077,0.3293638,0.08148191,-0.075709164,0.47972885,0.101269424,-1.3902944,0.7041238,-0.21016783,-1.2191651,-0.56818527,-0.042522103,-0.30512008,0.7458113,1.0408998,-1.2617468,-1.2418879,-0.28641874,0.6449652,0.66271734,0.8452216,0.2922536,0.8120207,-0.71992004,0.7037834,-0.34928033,0.3490839,0.43746397,0.7021991,-0.689179,0.29278097,-0.02051057,-0.83949614,-1.1012834,-0.6788275,-0.4902835,-0.08028053,-1.2015824,-0.8857157,0.7821299,0.015193592,0.18013342,-0.80163175,0.9738021,-0.3195412,-0.5076114,0.6561112,0.23007865,0.88367563,-1.3121694,-1.3559813,0.47329837,0.7635805,-1.0307404,-1.2912956,-1.0390023,0.6361096,-0.630054,0.36361274,0.4703929,-0.018032523,0.5150692,0.55557525,-1.7044244,0.5100334,-1.2333372,0.51881707,1.0673776,0.95503616,-0.05173651,-0.15860929,-1.2850901,0.021013005,-1.3880864,0.2947142,-0.24516967,0.5190802,0.8915435,0.19060236,0.33701968,-1.6892562,-0.95746225,-0.32533607,0.92117435,-1.537137,0.05627078,1.2797832,-0.48023334,-0.046652254,0.023484996,-0.5523021,0.1111986,-0.52806854,0.67463773,-0.7903109,0.41099307,-0.79681915,-1.0346897,-0.14291961,-0.11028319,0.2225524,-0.006220102,0.3732925,-0.37296936,-0.8102719,0.89370304,0.74570686,0.6583918,1.3218868,-0.52212274,-0.09787996,-1.5752608,0.5432193,-0.48665088,0.37596104,0.21551304,-0.3048284,1.2797633,0.33464444,-0.05416769,0.027537119,0.8908954,0.6933948,0.3075928,2.79206,-0.4337029,-0.7134272,-0.57032514,-0.50022936,0.6909915,-0.3162124,0.034145482,-0.030963346,1.0515295,-0.26281372,-1.2806067,1.1748935,-0.43441895,-0.71953285,-0.37423977,0.110671975,0.6176636,-0.54676795,-0.859759,-0.93904424,1.1027615,0.34512028,0.67266345,-0.8370109,0.2750082,0.3063719,0.9794725
0.837154,-0.23033583,0.852575,-0.21546857,0.074362904,0.08384886,0.12793079,0.09158018,-0.4523851,0.7147123,0.6398385,-0.10930659,0.18635641,0.10642511,-0.17808695,0.1292745,-1.0748245,-0.35638326,0.3220956,-0.3412348,-1.0480907,-0.11506466,-0.080677,-0.45016846,0.9548416,0.1300752,-0.8637152,-0.11597767,0.13247457,-0.19114453,0.93515474,-1.0042728,-0.8389116,-0.33664274,-0.70648307,0.39658222,-0.19797552,-0.36940205,0.19776483,-0.5594175,0.78416616,0.41272426,1.0864173,0.5767666,0.22555782,0.63453484,-0.59865206,0.36298978,0.4932997,0.021272019,-1.1659223,-0.18148513,0.4677423,-0.44491145,-0.8731615,-0.41723922,0.1846385,-0.6437059,0.12548175,0.8329332,0.0048209406,-1.6672963,-1.0427531,-0.9838831,0.29301038,0.46919104,0.6654343,1.1919575,1.0957241,-0.3921741,-0.32045522,-1.0241151,0.40701827,-0.9671064,-0.60766345,0.06857212,0.197139,1.2701203,0.5734673,0.06880945,-0.5066832,-0.28371033,-0.6974144,-0.6954497,0.605499,-0.8353023,-0.15116446,-0.5431797,-0.82032645,0.4698811,-0.4703846,-1.2826464,-0.13868071,-0.30774602,-0.64461076,0.2856299,-1.0534874,-0.24934994,-0.15535969,0.4102813,-0.28775597,0.5887174,-0.3544374,0.7107682,0.15878966,-0.56744415,0.14055046,0.238524,-0.0167869,-0.6245236,-0.41744348,0.32423213,-0.4094599,-0.13795245,-0.93613064,-0.17080843,-0.0701756,0.7536692,0.47861636,-0.42576465,-1.1583557,0.7981109,0.79467237,0.088260904,-1.0078242,1.8248606,0.59272385,1.1903027,0.5990606,-0.21497369,0.10474271,0.31244817,0.33335683,-0.60850346,-0.31415924,0.9750133,-1.2773576,0.23435694,-0.10149923,-1.0460534,-0.08354672,-0.023138845,0.30443087,0.43140328,-0.28297424,-0.25214124,-0.10082519,0.4870074,-0.77778643,0.68119735,-0.5654264,1.0704852,-0.66723514,-0.5460829,-0.18530495,-0.58322346,-0.7762526,0.8709338,0.4547469,0.84272105,0.202377,0.8126068,0.78849286,-0.30568582,-0.6623101,0.47779292,0.996852,0.46963975,0.18309003,2.1713774,-0.08984631,1.2997122,-0.6515383,0.55215555,0.6002735,-0.3991534,0.35826963,1.6935811,1.4118285,0.62524647,0.23100416,0.34890866,-0.54020303,0.027405089,0.6816946,-0.6149595,-1.0677047,0.42721072,-0.6774791,-0.11483271,-0.57579345,-0.059117056,-0.04967619,1.0901326,0.41506696,-0.098483615,0.49597287,0.59171253,-0.23536357,-0.1344096,0.184292,0.7453883,0.6677244,-0.3074605,-0.48983374,0.61263484,-1.149331,0.093118414,0.118535146,-0.3483614,-0.25589097,0.72634864,-0.35004154,-0.5955135,0.8191039,0.084909536,0.6140744,-0.7383076,-0.15108238,-1.0958205,1.0251728,1.8064867,-0.4279567,0.23413421,-0.7657676,0.18256707,-0.30221954,0.24220772,0.12504481,-0.80592895,0.52199894,-0.84530056,0.4809219,-0.95568854,0.2971253,0.011855761,-0.5046265,-0.85081077,-0.20736781,0.5604953,-0.18163656,-0.050167255,-0.39940935,-0.4702406,-0.625153,-1.1972535,-0.16159011,-0.620596,-0.56688064,-1.0379776,0.58774406,0.06645118,-0.36280677,0.18070146,0.5602449,-0.8332743,0.5082973,-0.10733903,1.5421573,-0.2002172
0.62896955,-0.16769747,-0.033569988,-0.09296674,-0.6986122,-0.34030318,-0.33504334,0.56154585,-0.5667495,-0.22654647,0.9072685,-0.69961303,0.45315403,-0.28359652,-0.5907766,-0.5398641,0.47290128,0.012669828,-0.38141915,0.41351148,0.56980276,0.014698593,-0.6863683,0.5313375,-1.228663,0.34748098,-0.094587974,-0.27000138,-0.12017041,-0.83982706,0.98584837,-0.91773087,1.3895193,0.26379356,-0.79716134,-0.34594738,-0.7738654,-0.050778348,0.13130376,-0.54794216,0.02875138,-1.0409863,-1.3834038,-0.9725599,-0.5182475,-0.33494824,-0.52943134,0.32776055,0.5067672,1.557259,0.6321366,0.20557177,1.9392662,0.46115172,0.4955155,0.59173685,1.8696147,-1.1788028,-1.16631,-1.2203381,1.3806658,0.7080636,0.09392599,0.15520217,0.83392215,-0.7959758,0.4802275,0.23776434,-0.015779357,1.0986122,1.4259382,-0.11334346,-0.46991497,0.02847706,-1.5241778,-0.5103769,-0.26064917,0.69523853,-0.052487057,1.2677054,-0.46820688,-0.8300431,0.11403003,-1.9478918,-0.5712238,0.534524,-0.408701,0.19347863,0.4805267,-0.77441645,-1.0921195,2.0366802,1.5712467,0.7909835,1.8655668,-0.4270245,0.04545712,-0.67037326,-0.11296952,-0.2651538,-1.0602354,-0.20461363,0.008236992,-0.091298416,1.2731576,0.42609027,-0.40280184,0.40860152,-0.038383543,0.52619684,0.42445654,-0.59947073,0.50560284,1.3644643,0.8752747,0.27378416,-0.39167354,1.0700222,-0.09883747,0.17038763,1.0336226,0.26081568,-1.3833505,-1.4204977,0.9577698,-0.08067016,-1.1933901,-0.15674646,1.1941541,0.66004425,-0.46265706,-0.5318956,0.29131222,0.55253947,-0.37670183,-0.21854801,-1.1563759,-0.7451398,-0.77448195,-0.4967538,-0.2560497,-0.06495301,-0.37652457,-1.6837114,-0.31866905,0.7712138,1.4701114,-0.07943944,-0.7623292,0.213944,0.15662168,-0.17887576,-0.7832951,-1.1033417,1.5555395,-1.1589261,-0.10842752,-0.36985543,-0.7795125,-0.7531019,-0.94332194,0.3081679,0.4181861,0.57283884,0.7021293,0.58635485,-0.06447813,-0.14279774,-1.0565518,0.36926916,-0.9596461,1.2959332,1.3601652,-0.217434,-0.14669862,0.08808005,0.12827204,0.54302967,-0.4458051,0.5385036,-0.51389855,-0.2883384,0.87297344,0.8726819,0.91881347,-0.65057427,-0.34247825,0.36521858,0.22587083,-0.3187377,0.6626578,-0.5558791,0.5792981,1.3124223,0.4937584,-0.75458896,0.70366937,0.7048658,-0.54337066,0.011450292,-0.38967243,0.457309,-0.21449086,0.22177851,-0.34509972,-0.081442624,0.565986,-0.6140681,-0.7760836,0.69633496,-0.77400887,0.9955226,-0.6355872,0.026639242,0.3850071,1.4142492,0.70057034,0.8431825,0.51515436,0.0028904988,0.077425145,-0.87022275,-0.10330862,0.40205413,-0.30953997,-0.48164165,-0.17238764,0.12030185,-0.8941881,0.21356295,-0.68326604,-0.34256485,1.1225337,-0.4416923,-0.7261294,0.9811408,-0.22178794,0.61342806,-0.6639671,0.26583335,1.3638358,-0.48451728,1.8484292,0.8823954,-0.30305433,-0.61624753,-0.2562809,0.575896,-1.3496388,0.630837,0.726746,-0.61699045,-0.8025626,-0.8585976,-1.0519993,0.28337702,1.65777,0.2951598,-1.2191477,-0.5436954
0.09583069,-1.0261426,0.13146076,-0.52810943,0.7629006,0.5156251,-1.3498764,-0.87314034,-0.44239774,0.5027988,0.13604622,0.91987425,-0.4257671,0.0874985,0.113065355,-0.4846037,0.33849224,-0.53411573,-0.58031696,-0.36491057,-0.582443,-1.4109551,-0.36697933,0.2732731,0.6859831,0.67489433,1.3645755,-0.67359394,-0.16546938,-0.9711286,0.32084322,0.5307516,0.42881253,0.62591934,-0.9011831,0.13990904,0.13536786,-0.8892915,-0.38967067,0.13498221,0.48984164,0.5663013,-0.96467745,-0.28087723,-0.10745857,0.8933238,0.75152117,0.70917493,-0.39256784,-0.29259938,-0.69709945,0.67014235,0.18532966,0.15625216,-0.59910977,-0.26318544,-0.1837402,0.018081566,-0.28866664,0.5728531,0.40156308,0.0026272188,2.5074868,-0.99316096,0.9348763,-0.436153,-1.1677755,0.052165948,0.19246212,0.041667644,-0.2903136,0.28339693,0.6942034,-1.1615382,-0.99946886,0.40429264,-0.50398636,0.30749607,0.38910988,0.938921,0.15524499,0.16803111,-0.83611417,0.99949133,-0.28079927,1.1350354,0.9059414,-0.6044977,-0.8764862,-0.22559237,0.52276486,-0.85730183,0.7696752,-0.2334866,0.7294074,0.22822267,-0.29679027,-0.19783603,-0.4431299,0.46101522,0.37947237,0.33441734,1.2552148,-0.9524645,-0.90136284,-1.7145958,-0.4379161,-0.4492891,-0.6049723,0.2853423,-0.87366885,0.37786916,0.2757575,0.6826916,1.0038939,-0.044062603,-0.119117975,0.014654301,1.622957,-1.1203192,-1.440661,1.2373848,-0.09180591,0.6097343,1.6177038,0.27825394,0.51320165,-0.5658238,-1.6971182,-0.83723867,-0.49654704,0.73797345,-1.1291238,1.8132306,0.51178205,0.3762136,0.46940753,0.12498293,0.06336194,0.471228,-0.39751288,-1.3007065,-0.6327557,0.9409823,-0.71449524,0.13537788,-0.15742868,0.9597105,-0.036508407,1.4957893,0.073661745,-0.10007559,0.8056474,-0.82854664,-0.37452284,0.7495636,0.17503437,1.1757848,0.08780314,1.5590686,1.3885611,0.64181954,-0.35494778,-1.5217553,-0.9092302,0.53326064,0.0641276,0.9544421,0.43000513,-0.2195599,0.4708891,0.9186677,0.010484318,-0.17024648,-1.3745492,0.9122085,-0.91637766,-0.7949501,0.07355428,-0.5516881,-0.14166272,-0.044942744,-0.4089238,0.2896408,-0.4441116,0.65689254,-0.87494105,-0.71747017,-0.54610556,-0.3066417,0.24548835,-0.03745795,-0.90366036,1.7121001,-0.7699747,-0.8051263,-0.4892045,-0.921847,1.0180211,-0.44384676,1.1875747,0.56813383,-1.2801398,-0.18882743,0.6530013,0.64425653,-0.025484296,0.23214966,-0.3011339,-1.7121222,0.9119136,0.72812486,-0.23956195,-0.26012427,1.2373406,-0.78063625,0.23225139,-0.84664834,-0.76938677,0.088225044,-0.7356713,-0.92816913,-0.42441136,1.2497606,1.4399568,0.1422674,0.30356437,-0.35484642,-0.4320792,0.49755007,0.4131972,-0.48590297,0.66804403,-1.1743294,-1.9888117,0.7308592,1.3695353,0.22079106,0.7821298,-0.25449723,0.23724034,-0.32404125,-0.5732956,0.3544831,0.28080353,0.77700555,0.15371826,-0.5194895,0.90494823,0.109227344,-0.9461313,0.15347259,-1.5402924,1.0495356,-0.76345634,0.08548478,-0.096979916,0.8279474,-0.13471109,0.36524725
0.58677024,0.30739588,0.9412126,0.35420734,0.2940375,0.24280046,0.23596081,-0.50884855,-0.3909458,0.82989126,-0.25298288,-0.051943872,-0.8927818,0.40432584,-1.6028305,0.3035581,-1.3977077,-0.04691485,-0.3788428,-0.3290796,0.49574712,0.04727459,-0.023021007,-1.2480309,0.6083211,-0.5062375,-0.23002379,-0.4921257,0.779725,-0.31523,0.57046956,-0.07425203,0.33538303,-0.30533937,-0.1620925,-0.3466305,-0.9075135,-0.30365363,0.4360448,-0.70999116,-0.5343345,-0.7703675,-0.8920427,-1.2243763,0.10548221,-0.01691918,-0.25159478,1.2515317,0.54683834,-0.5364903,-0.7336593,-0.6459071,1.113647,1.0131809,0.09586521,0.40474024,-0.025426462,-1.0194707,0.9469967,0.37991065,-0.05456416,-0.16706072,-0.61158454,0.08072813,-1.7684041,-0.47695407,0.2043596,0.18348484,-1.1420687,0.7533643,0.7562356,1.0130825,-1.0087008,-1.0728362,-1.62821,-0.14715466,0.53289163,0.7459985,1.408983,-0.44997787,0.45064822,0.32172036,0.54811263,-0.80713767,0.8505375,0.8952203,0.86894786,-0.13789871,0.31539407,0.74432415,0.19672938,-0.31803757,-0.5262359,-0.7548153,-0.62311625,0.00096693635,-0.30262783,-0.36746106,-0.5172928,-1.1084911,-0.5108865,-0.81332964,-0.9852257,-1.0495094,-0.054001942,-0.54282206,-0.80631804,0.32196864,-0.1862233,0.44703975,0.486295,-0.16082323,-0.8935459,-0.10128118,-0.23257083,-0.49565592,-0.6200777,-1.5768573,-0.21905193,1.1032385,0.09313117,0.25975257,-0.28345686,-0.647213,-0.30449542,-0.082041025,-0.61493427,-0.60515684,-1.3335578,0.15391193,0.50133175,-0.67337024,-0.2600207,-0.32044107,-0.08018079,0.22250663,1.0983428,-0.42910737,-0.8614399,0.760499,-1.0478866,-0.5393131,-0.047224216,-0.025045136,1.0514768,-2.1026323,-0.8928414,1.0477313,0.78160214,-0.1755397,0.08613043,0.36699367,0.19228296,0.28537735,-0.52059895,0.6548598,-0.106996946,0.9718663,-0.9963564,0.5611033,-0.35014814,-0.46785322,0.25142217,-0.9063316,0.62659585,-0.22285537,-0.08586321,0.8318688,0.70614195,0.5476985,-0.28746164,0.062077865,-0.083491474,-0.8521254,-0.33803922,-0.2596316,0.16178931,-0.22605658,0.5684128,-0.0022108012,-0.8502174,0.36621895,0.31573144,-0.13499066,-0.64173627,0.28166378,1.5739701,0.21129858,0.36128324,-0.44147563,-0.36475402,-0.599836,0.80298126,-0.856968,-1.0579214,-0.54443234,-0.50708026,-0.26122233,1.3603611,0.73807335,-0.8444103,-0.64969033,0.20362486,0.8369192,-0.8487102,0.6020615,-0.091058895,0.775022,1.2478017,-1.1496283,0.52281576,1.9176854,-0.38999894,0.75892955,0.8826467,-0.04528653,-0.29156968,0.19490668,-1.0528481,-1.1575077,-0.21396841,-0.035820987,-0.38049275,0.22317967,1.3367832,0.7880959,-0.7034299,-0.76473546,-0.64596146,-1.1094348,1.1569945,0.7773408,-0.66284645,-0.12175279,0.03985745,-0.983965,1.1742858,-0.52777016,0.043182258,0.0016408379,0.30527982,-0.43932208,0.9942007,-0.3835542,-0.07985439,0.4394715,-1.099069,-1.4203874,0.3749659,1.4335806,-0.09964819,-0.43874136,2.0294144,-1.2143793,-0.9117712,0.98706573,-0.46524075,-0.44559416,-1.4416348,0.4966286
-0.55935764,0.067876235,-0.3669355,0.21884368,1.0635601,1.6553628,-0.56574005,-1.2417134,-0.53316605,-0.7182397,-0.35005683,-0.4396884,1.0970076,0.84198827,-1.5609561,-0.037769906,-0.51542944,-0.9465915,-0.5651053,-0.044794656,0.3096196,-1.4623312,-0.6082143,-1.0727665,-0.30294466,-0.61975,0.33729675,-1.1137753,0.852042,1.3481842,-1.5684813,-0.25511435,-0.45921427,-0.35560414,-0.28343225,0.91002184,0.0517778,0.6999417,0.0139540685,-0.4059185,0.33063716,0.21000686,1.1332479,0.8446728,0.27039695,-1.1783665,-0.5258182,-0.62708336,-0.104461335,-0.19939756,0.20747855,-0.9231407,-0.54079777,1.072854,0.18985346,1.3352841,-0.12912697,0.06482813,0.62516105,-0.6956651,0.70599467,-1.0316539,1.2170546,-0.57231086,-0.32177007,0.0816124,-1.1646798,0.0138965985,0.20805614,0.40744036,-0.56222695,-0.16111712,0.25416237,0.32274395,-0.4107764,-0.38154852,-0.38635916,0.58551085,-0.20943734,0.31420213,1.7949497,0.6344333,-1.5616224,0.6968297,0.056598973,2.0114484,-0.5330968,-1.2833033,-0.21596377,-0.69033515,0.41216612,0.18864815,-0.8218997,-0.97540843,1.3194242,-0.2475739,1.1609501,-0.18743573,-1.3192258,-0.11210931,-0.23983641,0.5707583,-0.53157973,-0.047179937,-0.26646525,0.36751556,-0.3549172,0.9238066,0.14434308,-0.26835346,-0.2830742,0.77253735,-0.57894415,0.15616266,0.077943906,0.27590308,-1.5769317,1.1560526,0.99497014,1.1461498,0.4792377,0.011769888,-0.41326866,-0.32521543,-0.4776591,0.2028345,0.7965818,0.82825357,-0.6567453,1.5583923,1.0511452,-0.7791973,-0.9015131,-0.20657277,0.6296543,-0.11413964,0.6937009,0.82931197,-0.27661827,0.78181666,1.4564946,-0.57844085,-0.12361715,0.07439386,-0.23618223,1.9602368,1.7790204,-0.4039303,-0.45364726,0.1874154,1.1548119,-0.050194226,0.23011011,-0.92154235,-0.60789853,-0.12551649,0.4453606,0.6890773,0.1047434,-1.7708468,2.0544407,-0.9791957,1.1631347,-0.5671461,0.66787905,0.66242313,-0.9805369,1.1128603,-0.1340356,-1.758252,0.5114945,0.120760135,-0.32847017,0.4976322,-0.29772702,-0.010705469,-1.0272884,-1.1131592,-0.9183903,0.15776324,1.1647714,-0.4976312,-0.15354973,0.74059623,0.37893596,0.78828484,-0.8404687,0.36596468,-0.78764844,-0.82442737,0.99729455,0.43298712,0.34531346,0.6099582,1.364051,-1.0928978,-0.39408234,0.8892054,-0.8553819,-1.0227845,-1.8463145,-0.27983025,-0.49197417,-1.0709313,-1.3957032,-0.7929094,0.9474861,0.49760413,-0.4020098,0.8131708,1.5174973,-0.37271172,0.37802967,-0.35149005,0.4536191,1.2391886,-0.77897686,0.40485406,1.3653609,2.8439453,-0.40916178,-0.1612863,1.681033,0.2982309,0.4889315,0.1870805,0.037076768,0.8130394,-0.12583335,0.23995423,0.8332921,-0.9817325,-1.1154821,0.6910672,0.7587073,0.6878498,-0.14938824,-0.08734036,-0.5632772,-1.7261918,1.1514045,-0.5333039,-1.1401585,0.07098845,0.26659498,-0.035241682,-1.7647074,-0.16199096,0.78734994,1.0523225,-1.8017334,0.86931723,-1.9080309,1.083228,0.31463555,-0.38300064,0.15805997,-1.144474,0.38279077,0.3020831
0.4908852,0.43163255,0.35246515,1.1783847,0.44868135,0.8906656,0.5477488,-1.3587426,-0.8926172,-0.0030308557,-1.7012396,-0.23543465,0.10793601,0.365925,-0.48298186,-0.69498444,0.20788935,-0.12741156,-0.019537041,-0.6678581,-0.6374852,0.7193697,-1.4890819,0.9397945,-0.77466017,-0.4129656,-0.015959747,-0.62498534,-0.67903197,-0.7388044,-0.39213914,-0.7071988,0.4028192,-0.26088628,-0.74727684,-1.1238794,-0.40922526,0.28015167,0.16053997,0.7418748,0.04647959,0.38860625,1.1492596,0.48824224,0.19021362,-0.58668494,0.14598796,0.34477916,0.086192414,0.12090878,0.06511834,-1.2743922,-0.562508,-0.63559306,0.10192262,-0.13303249,0.037217893,-1.2962984,-0.2904528,-0.22819339,-0.45107314,0.3542052,-1.0457242,-0.15858875,0.6518133,-0.7500796,-0.7339976,-0.6966651,0.650429,-1.7174623,0.119741164,0.18796383,-0.16565274,-2.0814078,-0.815737,0.34616253,0.49079207,0.62663835,-0.82568264,0.32144958,-0.7181823,-0.5284551,-0.31679562,-0.54007405,-0.6202558,1.2157601,2.1188369,-0.12536244,0.94405663,0.6378824,0.12508789,-0.32818195,-0.71082896,-0.38332096,-0.19227101,-0.34272885,-0.48979667,-1.4905597,-1.5696955,-1.0088456,1.7335129,0.21677862,0.023826364,-0.037623473,-0.70837516,-1.4787368,0.2456967,-0.46777624,0.8078954,-0.41127735,-0.14166784,1.7516593,0.7708984,1.2769114,0.6841303,-0.5613853,0.46053946,-0.60265076,0.0417477,0.18650416,0.34065455,1.0892552,0.28587356,0.97961956,0.5471891,0.6307282,-0.29657203,0.2933861,0.8253133,0.47085503,-0.47471812,-0.016923372,-0.505395,0.4850221,0.14221205,1.3421468,-0.7080372,-0.3538928,-0.2918354,-0.058563564,0.3543099,-0.7940772,-1.2820154,-0.3097408,0.73046774,-1.6158537,-0.42869607,-0.036221784,0.4679637,0.6003081,0.36809972,-1.1843413,0.97615415,0.20275638,0.43526682,-0.41988847,0.49630427,0.39942467,0.85195494,0.76364064,0.23308791,0.6269105,1.0583376,-1.3013058,-1.7683142,-0.28062508,1.3237149,-0.058566418,-0.77540267,0.24023217,0.3440186,-0.21823464,-0.54448503,-0.53966415,-0.18648382,0.3864861,0.4921922,-0.47418517,0.878107,-1.1616442,0.5904832,0.14182968,0.3095065,-1.6857381,-0.2876856,1.6261468,0.4661494,0.29491585,-0.5399891,-1.0351032,-0.3234139,1.3539357,-1.0493312,-0.37895966,0.085606635,-0.59835875,0.427344,-0.91395235,-0.3234031,-0.008048665,0.9046828,0.09309455,1.2940671,0.7270116,0.4643856,0.3967709,0.1194604,-0.20022357,0.58966005,0.21873206,0.2777962,-0.87039906,-0.062878445,1.2203422,1.0563722,0.11270343,1.1784487,0.030209595,-0.75743943,-0.49275327,0.68882996,-0.24075569,-0.021665365,0.88757765,0.33504683,-0.048162792,-0.22459334,0.19931091,0.5495475,0.27295357,-0.3635278,1.1461319,-0.8016148,0.62555474,-0.6194892,0.35981923,0.29243878,-0.66786927,1.9301996,0.88883185,0.3174422,-0.6524703,-0.71795094,-0.43481687,-0.90338457,-0.15241101,0.25969812,-0.9888761,0.110933736,0.5002497,0.1439432,1.1744483,0.3578125,2.8000448,0.7406302,-0.53251004,0.2075755,1.0167081,0.6279138,0.15287502
-1.2204369,-2.2399268,-0.39308092,-0.7851943,-0.23498207,-0.8223151,0.70010155,0.32571545,0.36815423,0.6671389,0.58176666,0.57135653,0.7009368,0.9446973,-0.91924864,0.39913276,0.9719826,-0.43433535,-1.0086902,-0.48726705,-0.5738416,-0.017333217,0.36182287,-0.9462807,-0.04608426,0.5158277,-0.8310904,-0.21745498,-0.4421708,0.794919,-0.18772663,0.18843395,-1.1753247,0.50474334,-0.15538882,-0.9212328,-0.23429178,0.7697687,0.67910504,-0.08657956,0.049604267,0.39804628,0.024240654,-0.4600619,-0.28283325,-0.10199628,0.8238336,-0.12362975,-0.23036557,-0.90908706,1.023075,-0.17830718,0.14755315,0.31784502,-1.019316,-0.51455474,-0.5301437,1.3246586,0.22990955,0.627328,1.2939054,0.95878947,-0.6382231,-0.7367617,0.4029212,0.0165365,-1.0013543,1.086139,0.29803848,-0.3171252,-0.0040461174,0.41643733,0.19155507,0.23881324,0.15293555,0.28660658,-1.3485637,-0.36733845,-0.24114601,-0.8144442,-0.30731797,-0.25084198,1.4987649,-1.3009685,0.18672134,0.5000036,0.38155898,-0.52416146,0.59528786,0.06430024,-0.3966552,1.7209972,0.37128228,1.0666994,1.1005645,-0.2673882,-0.61173916,-0.3214702,-0.6403931,0.10863951,1.053318,-0.17183793,-0.30957377,0.9954623,0.69261706,-0.42763212,-0.02800283,-0.0061163483,1.3027353,0.34942347,0.0308435,0.53421944,-0.2564041,0.3613857,0.19700891,-0.7612124,0.01260861,-0.023123635,-1.0507728,0.854239,0.919599,1.89196,0.11402707,-0.090310104,0.7421449,-1.3161083,-0.66496664,0.044252057,-0.66043466,-0.47859794,0.2846973,0.3322975,-0.9221588,-0.34937915,-0.22224285,0.57144594,-1.6313714,-0.5465859,-1.151088,0.5098077,-0.77149814,-0.143204,-0.68227625,-0.15413672,-0.7770583,0.24459948,-0.41898528,1.6052821,0.74038416,0.1736876,-1.0488112,-0.76460123,0.16289625,-0.63124925,0.39134637,0.33166942,-1.0985422,-0.2251361,-0.19445965,1.0463864,1.4553747,0.5574712,0.7493034,1.2495824,0.1809869,-0.6923468,-0.115674004,-1.1201341,0.51008886,-0.98492646,-0.72411686,-1.7298944,0.45544893,-0.9389851,0.5989913,-0.619423,-0.55428755,0.1995957,-0.42035496,0.15461804,-0.27207887,0.57348603,1.4527628,-0.4981405,-0.15168534,2.2967243,-0.4763464,-0.29915425,0.12459313,-0.9642811,-0.3532112,-1.0375507,0.7809415,-0.15320337,-0.55027026,1.0168959,0.835508,0.7102069,0.6128852,-0.22885938,1.0202798,-0.6574713,-0.43663985,0.23079374,-0.31075034,-0.15126465,-0.6498326,-0.09347604,-0.8314683,-0.109419145,-0.5959552,0.067185365,-0.027461758,-0.3144523,0.24249798,-0.23536737,-0.00113701,0.4310584,-0.060446408,-0.14420755,0.0345487,0.18595089,-0.7558377,-0.07470173,0.9040133,-0.044535417,0.3118932,0.22265719,-0.64162534,0.106569834,-0.17331325,0.5119763,2.1498656,-0.37240455,0.73283094,0.40896678,0.049254484,0.3503128,1.3485101,0.4279061,-0.5993464,0.73215795,0.17285803,0.21542299,1.0270919,0.078914456,0.12477689,-0.28634438,0.606575,0.102923244,0.15214035,0.37347603,-0.3589653,-0.118566744,0.38035792,0.7854327,-0.61802167,-0.10702232,0.5445293,0.13241489
0.25537226,-0.52102864,-0.31965455,0.15823434,0.30920556,-0.19706236,0.102802925,0.029794129,0.92924273,-0.12716268,-0.06217916,-1.0164866,0.34462368,-0.18351279,0.37641725,-0.37834942,0.030222729,-1.1908692,0.9575676,-0.83341897,0.38533628,-0.24353768,0.0113123,-0.92229617,0.075878754,-1.1732084,0.6451777,0.42337453,-0.8266747,0.30414465,-0.0461296,-0.3668864,0.52695155,0.88825923,-0.052619766,0.25318977,-1.006465,-0.5141949,-0.3609521,0.6298681,-0.019273493,0.3950813,0.27542815,0.05129801,-0.37495083,0.6138818,0.10151087,0.4901689,0.033984706,0.28096545,0.42161974,-0.7506798,-0.34637347,0.5094146,0.097883455,-0.6920582,-0.6166522,0.10060938,0.03095387,-0.44465283,-0.3370365,-0.9537212,-0.4091135,-0.21949145,-0.8179066,-0.61820173,-0.14277516,0.48806033,0.46343544,-0.27400178,-0.37630415,-0.30906102,-0.6480302,0.19256921,0.46416783,0.849022,-0.31321618,0.14472212,0.07064999,-0.26660416,-1.04833,-0.10996217,-0.33606648,0.012338967,-0.31936306,0.6534378,-0.04672429,0.16617791,0.27379397,-0.29776326,-0.6004148,0.28877544,0.03229024,0.59208506,1.3596369,-0.4355357,-0.87922066,0.7134659,0.48209062,-0.92240405,-1.3975616,0.66372,-0.3645823,-0.9151676,0.42826575,0.83207524,1.2897024,0.2103287,0.29472038,-0.20825444,0.4961277,0.7311895,0.5388741,1.0634125,0.5164104,0.7257246,0.26682317,0.03901839,-0.40501234,-0.08960483,-0.6670855,0.35514173,-0.24573258,-0.24809043,0.8869595,-0.10095193,-0.05129658,0.37967804,-0.25262275,-0.21566337,0.23499963,1.4512881,-0.09881889,0.6715356,-0.6481981,-0.56086814,0.0017080453,-0.2555074,-0.51238394,0.2834576,0.39474878,-0.08280058,0.16826425,0.41782627,0.3189065,-0.43575794,-0.71251214,1.0749516,-0.57629126,0.0959672,-1.0694997,0.45936096,0.38702658,0.2898846,0.34571123,-0.47605652,0.1235574,-1.0352765,1.0355577,0.5269867,0.39799094,0.3983993,0.6805831,1.3514711,0.49251786,-0.27421418,0.108756475,-0.011174595,0.8267323,0.3782767,1.0039437,0.11550582,-0.09978575,-0.19256465,-0.88376296,0.11171814,0.72787696,-1.0458808,-0.35388508,0.1019485,-0.48334146,0.4536822,0.66136295,-0.32872,0.40119782,0.035352204,0.67575663,0.03186525,-0.101563714,-0.12598099,0.27290058,0.5966605,-0.08706696,0.85821295,0.5459051,-0.45289484,0.0057190126,0.8374093,0.6305354,-0.20537001,0.16394876,0.6485876,0.8854389,-1.0405675,0.11402064,-0.42995042,-0.01263921,-0.37385276,0.09246192,0.15663691,-0.333388,-0.69117635,-0.079478584,-0.9470136,0.9598158,0.017083736,0.4394817,0.5708617,1.3026664,1.1378776,0.19706984,-0.29748094,-0.7015671,0.41736057,0.17441013,-0.18434922,0.16768372,0.25060603,0.1253139,0.26575738,-0.03484885,-0.04880128,-1.6439657,-0.4313595,-0.32476795,-0.05108724,-0.7459802,0.030411918,0.19266564,-0.6242231,-0.23899974,-0.9449707,-0.91182435,-0.78307456,0.58321077,-0.2530785,0.36952657,-0.2517098,-0.19950607,-0.37256658,0.26480272,0.13568667,0.8115339,-0.6051289,0.9313391,-0.124659106,1.0100734,-0.6568354,0.2226027,-0.074930236
-0.67460066,0.2989218,0.18593846,-0.20552716,-0.052801922,0.7128281,1.1393813,1.0091537,-1.5311178,0.5562612,0.15879665,-1.4070437,0.022271665,-0.38127893,-0.34274486,0.36323622,-0.08418898,-0.4445194,0.78593445,-0.08576116,-1.2275314,-0.53800005,0.13971637,0.26300913,-0.57823527,0.8051253,-0.5803074,-0.2786145,0.083870485,-0.46795058,-0.18632196,-0.98162186,-0.8491725,0.23289089,-0.22636507,-0.52322406,0.28851646,-0.626486,-0.12039752,0.39288098,1.34535,0.43380073,-0.39678505,0.24345522,-0.1980148,0.90564513,0.42990392,-0.71405435,-0.95329446,-0.88873833,-0.39307344,-1.2074914,-0.09933237,0.8560824,-0.31853053,-0.5918137,-0.9817536,-0.34670943,0.005747546,0.43397635,-0.16171728,1.1055357,1.5712048,-0.57062185,-0.61359906,-1.3451875,-1.3696222,0.767399,-1.0960463,-0.19264162,0.3224355,-0.14050595,-0.13528226,-1.057374,-0.4089762,-1.8316864,0.3142016,-0.2648307,-0.7541348,-0.48307148,-0.25399476,0.66233265,-0.66629654,-0.66255265,-0.14615102,1.2975435,0.22226183,-0.43681884,-0.16815534,0.3996366,0.31157213,1.3300894,-0.016911058,0.47678822,1.6488005,1.0995655,0.54050785,0.33679098,-0.45775822,0.5857838,0.06273157,0.121172555,0.64176166,-0.23318844,-0.21626246,0.5786607,0.16310813,-0.33191758,0.24039067,-0.121010594,-0.37495548,-0.026963016,-0.24241818,0.9804642,0.5934951,-0.80424356,-0.76168096,-0.4343432,0.36268145,-1.2862401,0.5048364,0.23118246,-0.36902487,0.47343042,0.5568769,0.0063867443,1.0580422,1.5335985,0.3813696,0.2131629,1.4095982,1.2689198,0.7364552,0.37650982,-0.85690933,0.3875439,-0.4126007,1.0312794,0.2825684,0.13359576,0.0643467,-0.62850344,0.7494322,-0.41212335,-0.5498608,0.4880515,-0.18404321,0.18201761,1.2434417,0.2949789,0.543115,-0.865438,-0.7610642,0.062563226,0.5566436,-0.22184284,-0.927678,0.30375805,0.32313994,1.1923052,0.9791466,-0.21426335,0.38746098,-1.5553418,-0.0007011664,0.11730752,0.17631024,-0.029329939,0.15193099,0.7691373,-0.29675025,1.8756217,0.98557305,1.4310092,0.6179796,-0.19379513,0.37140295,0.6457537,-0.20364949,-1.3292421,-1.038692,0.1298345,0.3808641,-1.4373817,0.050994936,1.4805809,0.044339016,-0.5533821,-0.3201881,0.5150241,0.27113557,-0.8085551,0.40923285,1.9090174,-0.31189153,0.61752534,0.87477547,0.3914382,-0.49214894,0.3969426,-0.52432925,0.97080487,-0.51213825,-0.088416465,-0.84485173,0.2773329,1.047653,-0.04152635,0.6828766,0.3929668,-1.5536904,-0.43881375,-1.0182261,-0.09416159,-0.06848793,-0.07711061,0.52785796,-0.5947614,1.194343,0.741239,0.42321998,0.7883587,0.2898011,-0.6211128,-0.89938354,0.14976417,0.6372738,0.59531283,0.15698393,-0.17700674,-0.08618318,-0.5484149,0.18378265,0.6830227,0.7397933,-0.43011847,0.81554866,0.10122393,0.44739056,-0.005985156,-0.40332848,0.3201807,0.8383873,-0.45995128,-1.5739154,0.51381546,-0.45570636,1.4596467,-0.23009516,0.07988029,-0.10705941,0.68152565,0.3731991,-1.3310422,0.96306753,-1.0565834,-0.34170154,-0.3327517,0.33385992,0.8628748
-0.32309932,-0.5328838,0.4036109,0.24656425,0.5874578,-0.7683392,0.1854594,0.9834778,-1.2133572,0.25342104,-0.35788566,0.011213301,0.5223276,0.64434767,0.09702152,0.2901928,0.2839513,-0.8274275,-0.877501,-0.6516891,-0.35252833,-0.5193403,0.75438654,-0.04272949,-0.53881204,0.37489972,-0.3524217,0.29062858,-0.30671605,-0.5901296,1.1775372,-0.9737471,0.08811362,0.050820597,0.37760958,0.16222182,-0.073151074,-0.27648818,0.20977736,0.045251187,0.14954874,-0.17789613,0.098293394,1.0840316,0.27583373,-0.873724,0.9085193,0.13017015,0.57223415,-0.17653884,-0.8258783,-0.118883446,-0.029741967,-0.42884567,0.41749045,1.4700234,-0.32674176,0.75089204,-0.15022458,0.015148219,-0.5135438,0.2556046,-0.15904185,-0.19279322,0.61721057,0.022900973,0.109424554,-0.9265196,-0.57523626,1.3137258,-0.82190394,0.62107867,-0.37922642,0.010880631,-0.5146378,0.18495215,-0.28476468,-0.036322683,0.48616228,-0.11114464,-0.98269695,-0.5793877,0.544771,-0.7818727,-0.8321377,-0.57693493,0.9501184,-1.2020959,-1.0845009,-0.24205048,0.10574944,-0.89518434,0.46333647,1.0872265,0.9080951,0.6909749,1.3665318,0.22744137,0.7122434,-0.14367086,-0.5627536,-0.47162697,-0.4702464,-0.61821747,-0.4676615,-0.2070231,-0.90756834,-1.0126586,0.17140293,0.025985505,-0.05225535,0.3179714,0.3314935,0.47967815,0.70407015,-1.766223,-0.62548774,-1.3195689,-0.016947152,-0.29653046,0.021415854,-0.21165563,-0.7209989,-0.58074826,1.0292628,-1.2421048,-0.22720143,-0.79066235,-2.581684,0.6005695,-0.14834203,-0.130547,-0.5378097,-0.8803038,0.034048844,-0.80483735,-0.182163,-1.2083157,0.78469735,-1.4242499,-1.0729262,-1.070281,-0.48364165,-0.9231842,-0.62739456,-0.22891001,-0.18969256,0.79179454,0.38852397,0.41877943,-0.03819569,-0.0030929015,-0.17710422,-0.59667593,0.08826337,0.63467383,-0.24308921,0.061527535,0.5664765,1.0015527,-1.5167032,0.1686166,-0.61522454,1.0758623,0.4194368,0.35837704,-0.34871313,0.66444737,0.814659,-0.5429928,0.3052212,-0.90911776,-0.5148665,-0.3649702,0.8741739,-0.37718707,0.6229815,1.0679289,-0.9853021,0.5879777,-0.63819176,0.70855945,0.7421557,0.40190962,0.76155335,0.41966072,0.8238002,0.6270414,0.5354887,0.6908996,-0.6694719,-0.83031577,1.0576731,0.49004966,-1.0579431,0.38051248,0.0009373705,-0.58559275,-0.34838888,0.3463477,0.5928768,0.11222772,-0.20010002,-1.1409149,0.46254703,0.29707286,1.1550357,0.06509701,0.23897113,-0.82581556,0.13215934,1.2462802,0.0726808,0.5902465,1.4677631,-0.52210677,-0.7807983,0.12534522,0.33044815,0.27522445,-0.19907527,0.393175,0.7690639,-1.7849272,0.088319644,-0.42660937,-0.3713663,-0.31338608,1.0743779,-0.46791497,-0.8790874,-1.3165236,1.1765735,-0.1963001,-0.10668578,0.46204168,-1.4597081,0.20927261,0.0084783835,-0.5530475,-0.18034494,-0.16905464,0.075254,-0.70380133,0.5119714,-0.24021335,0.033011355,-0.6146952,0.88046145,-0.31234556,-0.38692623,-0.7206911,-0.8185922,0.08279614,-1.6745057,0.3374658,0.7593334,-0.34008685,1.3654066,0.3614991
0.22892581,-0.077327356,-0.0047870846,0.64227176,-0.3256089,-0.5847817,-0.7231919,-0.31229088,0.03431921,0.46147782,-0.10883648,0.5984989,1.395753,-0.10356144,-0.35516438,-0.06851525,0.25579125,1.0817502,0.7446664,-0.44993526,1.0696918,-0.20426491,-0.33005238,-0.21907684,-0.78411734,0.121074,0.5192738,-0.45367885,0.43624017,-0.6940556,-1.1954682,0.41276026,0.22429821,-0.33282778,-0.53193617,0.2889819,0.9607296,-0.41791096,0.07366059,-0.14565203,0.9753596,-0.08210839,0.09911536,0.6048396,0.020472452,-0.24971534,-0.027424935,1.3636211,0.6542423,0.111961566,0.046282697,-0.11681692,0.18766466,0.83606905,0.15194164,0.61318046,-0.5972202,-0.09988055,0.50894487,0.121042736,0.8325437,0.31232223,1.2393154,0.23237847,0.31904092,1.5805105,0.0331435,0.21391523,-0.019692434,-0.69159186,-0.27228698,0.60252154,0.21482417,-0.007246044,-0.57943684,-0.093216084,-1.346476,-0.5592733,-0.5361484,-1.3602616,0.32404557,0.8359322,-0.26585174,-1.0392654,0.50701886,0.14653875,0.2415786,0.26354426,-0.5113914,0.16333964,0.16061327,1.000359,-1.1908395,1.1259015,0.7811087,-0.51261014,0.23235704,0.48633555,-0.18454559,-0.9268339,-0.34873378,-0.49962896,-0.2553057,-1.3364161,-1.7885271,0.06050775,-0.009422221,0.38756514,0.4310733,-0.049795747,0.15547185,0.5535291,0.33799043,-0.28587115,0.69717187,-0.27462408,0.23312992,-0.20042251,0.31319392,-1.1205812,0.7878675,0.53750104,0.6886703,0.015309412,0.021058459,-0.14809448,-0.04148503,0.8785516,0.018360913,0.3247789,-0.059426844,0.377459,-0.08384163,-0.12100057,-0.4656921,0.6791612,0.56327426,0.6982554,-0.25368544,-0.73928165,-0.037080057,0.17310373,-0.7991677,-0.9078054,1.0133522,0.91674036,0.4790954,0.50238866,-0.78728503,-1.4817241,-0.4478919,-0.34887516,0.52872974,0.9431497,-0.23732395,0.2724327,-0.36349005,0.2599624,0.53139293,-0.18843314,-0.44526732,0.13501981,0.2809981,-1.0868076,0.20523211,0.49141914,0.12917854,0.49061373,-0.7481231,0.24019071,-0.15759729,-0.97718626,-0.06639178,-0.23741421,0.18174693,0.52770144,0.09147536,-1.1494477,0.15114343,0.10682344,0.13598493,0.54319507,0.29525635,-0.3945417,-0.36485377,0.08822633,0.36254612,-0.47017246,-0.1934653,-0.56454766,-0.06432366,-0.41535446,0.8444949,-0.98147345,-0.5450638,-0.42766616,-0.16449046,0.7487024,1.2749605,1.5258057,0.9910447,-1.1885722,0.3204579,-0.18989472,0.7172823,0.4792316,-0.01871886,-0.4875561,-0.65707755,0.21804486,-0.37818792,0.16225818,-0.67694575,-0.6043132,0.16697049,-0.76045257,0.5699167,-0.44430006,-1.0144995,-1.2856724,0.12639019,0.8207897,0.69870704,-1.0923423,-0.19700462,-0.5313138,0.48196843,-0.83469754,-0.2999019,0.07710661,0.20761292,-0.7148019,-0.04190389,0.16177166,0.27792755,0.80708855,-0.25088674,0.4711291,-1.4887868,-0.73555124,-1.5546005,1.5015851,0.97843033,1.064523,-0.360471,0.045604367,-0.18159539,-0.9228111,0.52570933,0.5570854,-0.8900731,0.82475495,0.3496827,-1.6243944,-0.798954,-1.4841628,1.0322124,-0.8002142,-0.56904954,-0.07807691
-0.37083918,-0.6119796,-0.6531553,0.13372602,-0.42536756,-0.013553564,-0.8751654,0.004099557,-0.12908386,-0.81878746,0.03778016,1.2844162,-0.1534986,0.2845163,0.30319244,0.10644915,-0.8038425,0.011297241,0.23712717,-0.0101197,-1.0634458,0.9275566,-0.06577606,-0.26494253,0.38740787,0.17199995,-0.80328405,0.97280294,-0.92815554,0.61970824,0.17978254,0.1899358,0.31702653,0.11423795,-0.5351802,0.75509495,-0.9501897,0.06310678,0.64454895,-0.21941034,-0.07640281,-1.4658347,-0.46913224,-0.5865143,0.6394055,0.23708624,-0.20437512,-0.482309,0.15361145,-0.35451683,0.4192661,0.057883687,0.5803301,0.88391894,-0.0021247016,-0.13215303,0.50163424,0.00011635689,-0.46329752,-0.4303669,-0.39608812,-1.0868253,1.6310188,-0.124097385,0.574398,1.531888,1.5653003,-0.81494415,1.489798,-0.029712757,0.013878765,-0.87639713,0.84244806,-0.35537273,-1.2971396,-0.77305555,-0.34621063,0.09281337,-0.36994216,0.26958176,0.4523365,-0.038734455,-0.7075702,-0.11550698,-0.39381018,0.09359442,0.03601008,-0.85999763,-0.81961435,0.6360209,0.03928477,-0.2365663,0.031399943,0.10638928,-0.6022385,-0.09663313,0.7200887,-0.49989223,-0.14450072,1.2450824,1.6510007,0.57169527,-0.079188235,-1.4153742,-0.80081046,-1.3157444,-0.5096183,-0.26719752,-0.70372975,-0.430133,-0.036934253,-0.13885026,0.00093465997,-0.21708854,-0.2265711,-1.0662462,-0.3074999,-0.92040986,-0.5530803,0.6684418,2.5248282,2.8311052,0.60049975,1.0809754,-0.91378224,0.8112342,0.81285053,-0.15087052,-0.24227653,0.4867032,-0.048410974,-0.0018823276,-1.1757944,1.3553556,-0.18515646,0.089393646,0.071434624,-0.2930692,-0.17468458,-0.3597402,0.5991589,-0.41222903,-1.2089295,-0.6683929,-1.4920408,-0.18107417,-0.32847762,-0.72784513,0.15396991,1.02055,0.09042421,-0.16471352,-0.27532333,0.080694474,-0.39455986,0.30607307,-0.46986222,0.9889605,0.49995416,1.6801542,1.1231343,1.0433439,0.1911134,0.82554084,-0.16144279,-0.45985156,-1.2154399,-0.88104427,0.70333624,0.12400878,0.0062626507,1.1651742,-1.1670618,0.08298341,-0.39628762,0.19824536,-0.94815624,0.94638234,0.64010924,1.682183,1.1535587,-0.7263428,-0.79672056,0.9267141,-0.10548586,1.1136382,-0.9510186,0.26316008,0.0429203,-0.14207591,-0.08544363,1.0979382,1.729759,0.8513491,0.7294151,0.22833666,0.5029391,-0.026271125,-0.24251798,0.37542677,-0.18733072,0.33791623,-0.3682392,0.677356,-1.2264997,-0.3738022,0.42318857,1.6348379,-0.78314924,0.682067,-0.94770527,1.140645,0.46068054,-0.11889343,0.03643817,-0.9423387,0.79090244,-0.07708764,-1.0442455,-1.135357,0.85068864,0.08810943,0.6998027,-0.13703552,-0.6740379,-0.5855313,0.05370092,1.2385828,0.041650742,-0.7905549,-0.89316976,0.5030654,-1.504955,2.1328084,-0.3445432,-0.72584355,-0.029231522,0.168203,-0.41407833,-0.8958643,0.6186664,0.2681216,-1.2283751,0.20732383,-1.2381539,-0.5672045,0.53968155,-0.7907477,-1.2118393,-0.35042036,-0.6062023,0.18272975,1.1728903,-0.3819389,-0.52859014,-0.5635089,0.5838041,-0.74205315,-0.1397643,-0.53111976
0.082055196,0.60158086,0.6845522,0.5613571,-0.40884846,-0.340087,-0.89527994,-0.41268048,0.27179533,-0.3464757,-0.20182417,0.6316568,0.767498,0.032934062,-0.85111684,-0.1212797,-0.61377734,0.49701706,-0.5115399,-0.015991895,0.17978063,-0.12312486,-0.31812721,0.25092956,0.1386159,0.14835845,0.3278765,-0.09690669,0.37760332,-0.471941,0.364126,0.16166842,-0.85839844,0.071270004,0.70217717,-0.28149155,-1.5306821,-0.05042218,0.6103071,-0.009591472,0.4509993,0.5815153,-0.3849284,-0.8224705,1.573748,0.49998462,-0.23462833,0.5053942,0.44150594,0.88824123,-0.09111861,-0.56498724,0.49523777,0.7849158,-0.62200075,1.190954,-0.6551534,-0.4287086,0.15240185,-0.7694902,-0.5014897,0.95257616,-0.17206305,-0.5934435,-0.28562304,0.56218684,0.27966788,-0.13798138,0.45672697,0.8327639,-0.25854802,-0.4956557,-0.05813325,-1.0042769,-1.103573,-0.707137,0.23565215,-0.6758057,0.2873351,-0.46608967,-1.1323373,0.28484562,0.53593445,-1.3761075,-0.30610833,0.5763387,0.26643607,-0.6982646,0.2692841,0.05833128,-0.27187377,0.18234128,0.3537352,-0.664304,0.5118161,-0.6284259,-0.23266695,0.17524073,-0.107095286,-1.1772217,0.002927946,-1.0127451,-1.7516326,-1.0048479,0.2967464,-0.67336947,0.21388094,0.6218372,-0.7363614,-0.7241702,-1.3565143,-0.3084696,-0.13599661,0.7736731,-0.21906675,-0.5701835,0.52042764,-0.772516,1.1717354,-0.6915691,0.40784416,-0.9805435,0.3657394,-0.9475542,1.8231063,0.13496478,-0.03406702,1.5251921,-0.6543334,-0.09442555,0.22464083,1.259707,-0.81085384,-0.01328562,-0.56589913,1.1387485,-0.62917215,1.7476153,0.623211,-0.40872854,-0.22552158,0.09051922,0.13097832,0.36140177,0.7636398,1.0761441,0.24387358,0.8335881,2.1317086,0.13772933,0.21435726,0.14349508,0.61910063,-0.12176024,0.8859923,0.29570106,0.07532505,0.18775654,-0.6834809,-0.39267713,-0.37078473,0.39419726,-0.50366026,0.06918003,-0.19235086,0.028661065,0.92018235,-0.75379914,0.8117628,0.156646,-0.826418,0.99411017,0.6918915,0.2136108,0.23687878,0.15713516,-0.703592,-0.022853656,0.7371758,0.40243116,0.41670573,0.046968188,0.587225,-0.4700808,0.3200423,0.39853606,-0.065256424,0.49021167,0.84307665,0.7414453,-0.08648979,1.6096866,-0.62199724,-0.77952343,0.539103,0.2519969,-0.22614293,0.05056271,0.49109828,-0.51630336,0.3448839,-0.36849284,-0.19938841,-0.14125551,-0.025421899,0.17516157,0.19018324,0.6774329,0.6621642,-0.4430862,0.49894553,-0.3282399,0.45873064,-0.1589537,-0.4964824,-0.29777426,-1.2467268,-1.259319,-1.7247137,0.3331734,0.829672,0.605313,-0.7251268,-0.030375555,0.10031642,-0.69392395,-0.45191842,-0.55576044,-0.37750977,-0.29678622,-2.1972897,-0.9322175,0.34115556,-0.3235921,0.09993075,0.47753435,-1.6170794,0.46689147,0.50526905,-0.2352619,-0.2649986,-0.423405,-0.35548848,-0.2888561,0.31782544,-1.2407176,0.7568477,-0.72724795,-0.53974074,-0.18328902,-1.1195153,-0.14411287,-0.64090616,-0.81658673,-0.30547768,-0.6315587,1.2696944,-0.3806759,-0.35756987,0.18477792
0.5579167,0.17497449,-0.44868904,0.033792485,0.11928196,0.12633224,0.03776952,-0.06495255,-0.12800704,-0.43975136,1.0174497,-0.4099372,0.22545569,-1.0874166,0.15792064,0.5440039,0.26622936,0.4912403,-0.26250613,-0.23859812,-0.5174783,-0.30665442,0.43591067,-0.42411485,-0.57451946,1.2237823,-1.3664526,0.56150913,-0.7110745,-0.96415615,0.68693745,-1.477841,0.3975095,-0.93010193,2.0823574,0.63862056,-0.8420725,0.5315865,0.237767,0.61614835,0.18714173,-0.8843599,0.31662837,-0.22332968,0.60402477,1.5884193,-0.47301164,-0.9298898,0.46202913,-0.56640214,-0.7248005,-1.0748508,-0.64329726,0.2605532,0.3292927,0.7996699,-1.8760936,1.2630938,0.61599255,0.27326682,-1.2076621,-0.23652117,-1.4617139,0.4267766,0.06443825,1.071263,-0.81353873,0.38185385,-0.15608436,-0.08075757,-0.8974509,0.124935046,0.26118603,0.06100607,0.17321032,0.1978163,0.33103055,0.14032635,-0.55096185,-2.128323,-0.43973854,0.48868173,0.2011112,0.17767397,0.46702138,0.07005985,1.06079,1.1679478,-0.9935844,-0.89439756,1.1123555,0.54880565,-0.23050755,-0.53913677,-0.6952475,-0.12837966,-0.092187025,0.57601064,0.17627753,-0.6972386,0.8060653,0.3442442,-0.48416498,-2.3683405,-0.2328076,-0.91177493,0.2909054,0.6663349,0.35076544,0.288465,0.05698424,-0.4312668,0.16364859,0.92388904,0.50637716,-0.47613165,-0.4483039,0.42058486,0.13233034,-0.46065554,1.1580439,0.29240307,-0.68842363,-0.27233845,0.15348151,1.3423837,-0.008172875,-2.2125494,-1.1062653,-1.0173929,0.2594729,0.3215321,-0.64751655,0.122764,0.11249324,0.7610481,0.12660035,1.9351462,0.21124335,0.4285598,0.57168835,-0.2916995,-0.19781612,0.31529808,-0.53009015,0.2640913,0.50671184,0.20896764,0.5722346,0.41082188,-0.77448004,0.19128193,-1.2030859,-0.1808323,-1.0733722,-0.76630014,0.21313822,0.78735775,-0.8399882,-0.21962093,-0.5334768,0.2547316,1.2908504,-1.5061373,0.034021202,0.27906445,-0.48370257,0.039756645,0.26318553,0.481163,-0.5732385,0.9174734,-1.0842818,-1.1579236,-1.143251,1.6117036,1.1560137,-0.65934974,0.1376651,0.51011205,1.5726324,-0.36460876,-0.6824874,-1.6671373,0.62573415,0.31917557,0.41181043,-0.7277332,-0.38209978,0.7171748,-0.16974896,-0.8255834,0.8656871,-0.9878471,-1.0989015,-0.07510161,-0.63823795,-0.613027,-0.26322195,0.096492425,-0.18086074,-0.06977732,0.4133344,0.847234,-0.040504884,0.95768934,0.50829124,0.31733355,1.0278401,1.1696854,-0.28722125,-0.8105751,-0.1574352,0.07683493,0.70520586,-0.5757697,0.3095478,0.9735396,0.06662191,0.8360977,-0.08294057,-0.009085135,-0.56672305,-0.75804144,1.6087959,-0.08950684,0.44899416,0.9266052,-0.13939852,-0.022423765,-0.38114622,0.77785254,-0.3158551,1.0680395,0.20316765,0.6132386,0.3550251,0.012707998,0.041203503,-0.40497646,-0.11330446,-0.3743473,1.7301295,0.112486936,2.222016,0.40019277,-1.0908196,-0.03672349,0.44994178,-0.14760941,0.27023682,1.1484056,-0.25029457,0.5231658,0.29790935,0.9444939,1.2336009,-0.30950573,-0.5259878,-0.84749186
0.37721127,0.50156885,-0.36241034,0.3957516,-0.5268718,0.25198293,-0.098953255,0.20738278,0.2846274,0.14287113,1.5227576,0.094397426,-0.18864466,-0.75908315,-0.43874428,-1.0182575,0.9664576,0.35993698,-0.43079132,0.08912046,0.66694105,-0.36332262,-0.097904496,1.1375387,-0.022352569,1.0819657,-0.7340395,0.52318627,-0.018405475,-0.19941144,-0.64475185,-0.19912365,-0.48889336,-0.2997299,-0.02655023,1.0001099,-1.5840873,-0.74386066,0.076801255,-0.16217735,-0.70571035,0.29508063,-0.069266275,-0.5956456,0.86682653,0.4561945,0.57415646,0.2956644,-0.8255848,-0.2502431,0.25434107,-0.5348282,0.026478104,0.7805877,-0.47516242,-1.3225499,-0.1509936,-0.18276909,-0.27470377,-0.14041352,0.68051624,-0.57204694,0.98871326,1.8089982,-0.1638127,0.5312232,1.0741138,-0.0655995,-0.01720034,-0.97416884,-1.2037501,0.8808348,1.0970662,0.63933635,-0.1059809,0.15187609,0.90465593,-0.49296984,-0.04379523,0.82105917,-0.08394864,0.56116503,0.21732697,-1.0143179,0.03321014,-0.72521156,-0.6924283,0.62176275,-0.19237258,-0.36113724,-0.2723154,-0.2853155,0.27729562,-0.9017548,0.25006583,-0.18634628,-0.25121474,-0.3910567,0.27130666,-0.26057917,-0.037507743,0.55734617,0.13385078,0.32844234,0.08162573,-0.5295593,0.5574979,0.88676095,0.17372455,0.93834597,-0.141305,-0.6519288,-0.4039997,-0.75172186,-0.37411195,0.38537252,0.24455744,-0.31061676,-0.46643326,-0.12618177,-0.5077003,0.36569992,0.4049352,-0.33328393,-1.0396565,-0.0709107,0.32495877,0.9563689,0.074760586,-0.24009143,0.60908675,-0.30401966,-0.20392044,-0.14838879,0.4981625,0.18001704,-0.91712016,0.5393574,-0.7996176,-0.50496274,0.17540012,-0.4016721,-0.02850225,-0.7220283,-0.05824832,-1.8267013,-0.10560175,-0.94366544,-0.60704833,0.6325268,0.67679447,-0.09682851,0.4549533,0.47835082,-0.0067927823,0.09955785,0.42033952,0.30901548,-0.34060007,0.4868162,-0.13559976,1.5123388,0.74414676,-0.64597416,-0.3075802,-0.71133846,-0.5670128,0.7655366,0.07441865,-1.1461688,-0.02414056,0.6789112,-0.9289763,-0.9249959,2.6141188,-1.8104733,-0.85989016,0.3023135,0.33947188,0.27296096,0.18694796,-0.8612012,-0.79924077,0.53630555,-0.062222585,-0.5832771,-0.7976932,-0.056451444,1.0206982,1.1187528,-0.5305396,0.09542181,0.8462262,1.2175088,-1.7560571,-0.62118626,-0.91024494,-0.17263718,-0.08753849,-0.92593396,0.011255701,-0.7388673,0.6746193,-0.8120024,0.16201033,-0.54694515,-1.0983496,0.04561578,0.3689953,0.3329846,-0.4498725,1.3658733,-1.026098,-0.14258292,0.31882823,-1.7318915,-0.33075896,-0.5199627,-0.37393788,0.07861432,-0.18807347,-0.19949423,0.6162375,0.18114485,-0.27934313,-0.17801891,0.1943305,0.37257034,-0.886437,-0.21531658,-0.10403288,0.41073418,-1.5406557,-0.5993416,0.10720495,-0.50084925,0.8062749,-0.24200594,0.07003722,-0.52173656,0.38021752,0.82707316,-2.4146912,0.4506522,-0.61826867,-0.059127662,0.6631119,1.2455549,-0.07222646,0.29497975,0.059068706,-0.43411896,-0.5902358,0.030962648,-0.6595932,-0.093310244,0.94574493,-0.13672793,0.38208407,-0.33698678
-0.20084205,1.1697923,-0.09400591,-0.22768971,-0.1992417,-0.46252298,-1.0091287,-0.9343573,-0.14692159,-0.15374923,0.36880878,0.46194658,0.09863469,0.42717698,-0.10443318,0.48284495,-1.2920768,-0.05078341,-0.19658378,-0.86478543,1.2074614,-0.64747417,-0.7962159,1.0408704,-0.5288134,-0.6487611,-1.5101985,0.036515668,-0.5380147,0.49849242,-0.37763432,0.16090646,-0.07915021,-0.3847994,0.8429159,0.511737,-0.010920833,-0.83261657,-0.60788506,-0.31161585,0.61891186,0.07144593,-1.017109,-0.2792542,-0.34708288,0.70533645,-0.2527057,0.66986597,0.7974422,-0.15544385,-1.5405396,0.11480742,-0.4275629,0.4251659,-0.7563317,-0.72777843,0.21501872,0.35856923,1.4449643,-1.3615826,-0.26544163,0.38504648,0.0021570635,-0.43860272,0.42824307,-0.6854939,0.024885276,0.15598148,-0.066572204,-0.062352296,0.5059763,-0.21578908,-0.30650848,-0.27225402,-0.12261204,0.07850329,-0.12081609,-0.76267004,0.34390238,1.3888494,0.11978315,-0.16772255,-0.3309568,-0.46274272,-0.20454721,1.1704539,0.6431639,-0.48231116,0.25932193,0.2390638,-0.36301482,-0.61573815,-0.40533373,-0.7087885,-1.2471471,-0.46950856,0.30915338,-0.123082876,-0.5982075,0.3507214,1.0635873,0.10061741,1.260848,0.7275322,0.03525766,0.06261446,0.33558163,-0.14207217,-0.7012155,-0.56024,-0.32865682,-0.6433447,-0.8655296,-0.29667857,0.14600232,0.15327065,-0.381531,-1.4849509,-0.89763296,0.55233175,-0.91227734,-0.6995576,0.8145855,0.9102987,-0.4187423,-1.2573847,0.49625242,1.4352356,0.33842963,-0.71400344,0.5133382,-0.15853322,0.68876714,0.13094847,-0.9706594,0.036092862,0.5441026,-0.53978914,-0.3633446,0.4935809,-0.00067722553,-1.1035441,-0.48082513,-0.75706804,-0.9767007,0.705958,0.41211843,-0.36240572,0.470495,0.012354885,-0.32192463,-1.0707283,0.12715912,-0.34721088,0.0040730964,0.67073834,-0.50169617,-0.64518243,0.113631286,-0.07586964,-0.17902076,0.465324,0.69153875,-0.04054867,-0.20783277,0.67780656,-0.5226955,0.5479498,-0.61010736,0.4237871,-0.61894006,0.17394173,-0.9372426,0.37845922,0.84631175,0.14570108,-0.4091707,0.17474106,0.10644917,-0.20146883,0.26118878,0.48532075,-0.07250472,-0.7448896,-1.9843076,0.015022747,-0.12965128,0.55122495,1.1616502,-0.0075943214,0.31491423,0.40714023,-0.35675818,-0.32754803,0.04780933,-1.0548564,-0.13048278,0.0632507,0.69136405,-1.0165745,0.12383744,-0.92996943,0.63167834,0.5791434,-0.4589738,-1.1601763,0.315762,-1.4202248,-0.027812708,-0.7747448,-0.9896386,-0.08012032,-0.43835896,-0.30635607,-0.53593975,0.25939667,0.22352111,0.063310735,0.37235758,0.06718144,-0.041177094,-0.8111775,0.008579987,-0.5149223,0.6717263,-0.48374406,0.8104332,0.5404437,0.22157326,0.0048238006,-0.9966861,1.5054696,0.47430107,0.9924025,-0.124445796,-0.046884887,1.8774935,0.36350912,-0.39355934,-0.97395754,0.5147921,-0.40593556,0.043742195,1.4679025,0.083484024,1.0923856,0.74161863,-0.39098302,0.5893485,-0.3605811,0.16276415,0.42344242,-0.021310568,1.3372539,0.040108718,-0.9117796,-0.7183379,-0.54321796,-0.09142077,-0.25226542
1.0128459,-0.14075482,-0.34350273,0.6060917,-0.4416596,-0.18992382,0.29280537,0.044867754,-0.38334513,-0.9645455,-0.21056938,-0.31086895,1.0849502,1.0766101,-0.9264737,-0.19200926,-1.1218873,0.45992795,-0.1521453,0.19447656,-0.6800692,-0.60571235,0.4735497,0.25560856,-0.21582785,-0.2576096,-0.026501441,0.5882333,-0.6096273,1.1457562,0.94703513,-0.3505552,0.7572322,-0.46134531,-0.054936912,-0.9332927,-0.4552627,1.711428,-0.39743596,-1.1708087,0.20001876,0.28801072,0.056498148,0.54731977,-0.82804835,-1.3890227,-0.60908204,-0.7701284,-0.33692372,-0.026862312,-0.06296039,0.001090645,-0.66681814,-0.32339546,-0.87997633,0.0077528637,0.43409306,0.121096246,-0.09296843,-0.5260094,-0.8211529,-0.54992205,2.1290112,-0.9847509,-0.1629759,0.37778518,0.4860788,0.15472879,0.65252143,-0.5784178,0.23567256,-0.9722945,-0.5637395,-0.37429598,-0.7925623,-0.13541478,-0.026161624,-0.990773,-0.16624342,1.2243088,1.4135482,0.2623297,-0.0499183,0.3583853,0.051550176,1.4873848,0.5249191,-0.0098718675,0.36383823,-1.4851128,0.0137335695,0.20100164,-0.3045784,-0.03541531,-0.52215415,-0.48940405,0.39353997,-0.011192961,1.0091563,0.02139636,0.08655837,1.0651022,1.4239551,1.2554234,-0.79820734,-0.9365844,1.0317538,0.31279412,-0.8418394,-0.29338112,-0.37166122,-0.05562927,-0.4471067,1.0301602,0.99278647,-1.2272221,-0.47360727,-0.56658137,-1.2789952,-1.0463233,0.25164637,-1.3564664,0.17420155,-1.315037,-0.55264854,0.13060218,0.49659926,0.46545973,0.80421394,-0.686359,-0.23764169,1.1603256,0.039304715,-0.40767562,1.5033686,1.3998973,0.5034066,0.30395004,0.3878401,0.3106924,-0.85084224,-0.55296373,-0.12860288,-0.7613579,-1.0970526,-0.42619443,-0.15865284,0.5747935,0.27661017,0.35069698,0.25873807,-0.18322574,-0.5310429,0.7481153,0.31576106,-0.94963276,0.21003392,0.6768916,0.86341465,-0.6145337,0.9083424,0.31961668,0.5013468,-0.15126583,-0.22704798,0.1387393,-0.37161273,-0.80783606,-0.05756373,0.6122659,0.5869553,0.8064374,0.21072873,-0.059598375,-0.34205812,0.0641476,0.24802564,0.47014657,0.5467739,-1.1786909,0.77671826,-1.1083171,0.058698017,0.09226717,-0.10229793,1.4605932,-0.80051565,0.37941074,0.5437192,0.00725767,0.3462632,-1.2241306,-0.2618077,2.5593154,2.3964047,-1.5610797,-0.8057721,0.47700247,0.43573454,-0.21153669,0.0019518762,0.81755507,-0.9824677,1.077073,-0.3972851,0.058972213,-0.7634884,0.10588041,-0.6680881,0.081548415,-0.9252225,0.60344565,-0.37104875,0.035125718,-0.13855849,-0.65704983,-0.053884465,-1.1584662,0.3939247,-0.44868693,0.034007583,0.6058776,0.06690041,-0.31212255,0.726114,-0.013423653,0.1477808,1.1295997,-1.3437493,0.1449817,1.2080371,-0.81698424,0.90132684,0.48558244,0.20332022,-0.13418213,0.039186608,-0.004962897,0.105843075,0.8911377,-1.3009688,-0.07841156,-0.49061975,0.25998282,0.65387577,0.6144656,-0.36559376,0.9423972,0.19497885,0.39463368,0.28236416,-1.0286778,-0.6313615,0.11314038,-0.46589068,0.14964174,-1.6293799,-0.19573933,-0.23694518,0.19514562
0.121783115,0.44266036,-0.29932448,0.6228037,-0.58523834,-0.18529612,-0.47988683,-0.7215742,0.29553425,0.42652676,-0.13980655,0.07716626,0.2777133,0.99627686,0.46293718,-0.6543179,0.3639629,-0.44669563,1.2911438,-0.12395971,-0.125377,-0.9144614,-0.46989107,1.156402,0.1188081,-0.2913541,-0.95238763,0.5243281,0.16164467,1.3697679,-0.5642033,0.35564998,-0.5477462,-0.8522755,-0.52776676,0.02875196,-0.37074208,-1.7516209,0.4839359,-0.13854866,0.70166427,0.55692714,-0.4187406,-0.08463015,0.31481758,0.42070866,-0.73847264,0.026003918,0.10240913,0.34565863,-0.9384921,-1.1413155,-0.044994168,0.09361005,-0.30836073,-0.08964075,2.13532,0.6987856,-0.7843158,-1.2950351,0.8487872,-0.20643453,0.65700305,0.34856203,-0.11836139,-0.2882465,0.78872496,0.5295377,-0.5086704,-0.40765646,-0.0016941169,0.8402027,-0.31046948,-1.7597641,0.040053576,0.26146972,0.3890665,-0.8662493,0.31122902,-0.5200091,0.93286884,0.70326006,-0.21477066,1.1013839,-0.013025928,-1.1702552,0.6042619,-0.056000777,-0.60034794,0.20181718,-0.38464892,-0.7518373,0.015853982,0.68599224,-1.0577333,-1.5344853,0.85181415,-0.32254264,-0.8338055,0.24207091,-0.6524707,-1.0046796,0.3644886,0.010152744,0.37423143,0.5087044,0.011798027,-0.9929144,-0.50742257,-1.3163961,0.2537379,-0.40227896,-0.19248217,0.5956719,-0.345237,0.06874643,-0.14502482,0.0036561857,-0.69577366,0.04833264,-0.6051356,0.5876874,-0.27569106,0.5895949,-0.9577089,0.49650586,1.8816139,-0.3624849,0.051588237,0.25917956,0.45035598,-1.6556281,0.080508776,-1.2963943,0.011535503,-1.2558804,0.16164471,0.13817471,-0.3339742,-0.17341661,0.28427732,-0.07077438,0.7429822,0.4276047,0.6508677,0.033181418,-0.3179494,0.83342576,0.859197,1.5771309,0.6907555,0.49897987,0.7460202,1.532356,-0.6052318,0.1436392,0.5735407,0.8177993,0.88664395,-1.2501538,-0.27557284,1.3480983,1.0859916,-1.2267286,-1.2452952,0.52527016,-0.5197448,0.5723787,0.22771364,0.3943156,-1.0905691,0.751265,-1.8782115,0.6507016,-0.30831832,-0.9744318,-0.6074912,-0.71633357,0.35393262,-0.597097,-1.1698539,0.55468863,-0.5880053,-0.48101816,0.959131,-0.4275673,0.013586816,-1.1017525,-0.028440384,0.5387262,0.19725816,0.10805226,0.9715726,0.46496361,0.69983435,0.6522285,-0.033198673,0.6965128,-0.44170266,-0.46063003,0.7355961,0.07777926,0.3123933,0.11107115,-0.7094369,1.2091925,-0.030575093,-0.6485014,-0.21758574,-0.1624617,0.8234581,-0.26101512,0.6780779,0.23308577,-0.050881214,-0.17283243,-0.37713972,-0.1768557,0.21485387,-0.28516817,-0.2549401,-0.155229,-0.96567726,0.284441,-0.07851321,-0.36464414,-0.94941163,0.65825284,0.66770154,0.018290367,-0.40293327,1.668705,-1.1997366,1.4732885,1.3539081,-0.4257169,0.26076484,0.72722036,0.4803176,0.010061068,1.2128057,-0.18204404,0.95855397,0.40750286,-0.6296216,-0.7273631,-1.4482828,-0.2874511,-0.3613676,-1.5826762,-0.54525876,0.95763403,-0.8381638,0.38296297,0.73297566,0.25526878,-0.5270679,0.34274167,-0.6132969,-1.8555233
0.36959222,0.8149723,0.27098846,0.28908837,0.65950567,-0.7733188,1.1870047,0.22225715,0.78317386,-0.31284305,1.655136,2.1167219,0.5710067,-0.16535862,0.20814472,-0.35311538,-0.804399,0.90194434,-0.6035814,-0.20629768,-1.0238883,0.35913688,-0.1953865,0.7743544,-0.16248733,0.8511564,0.21176966,0.113782,-0.05120958,0.120160565,0.19793361,-0.6861366,1.0415868,0.021618454,-0.33687413,-0.17396535,0.8843193,0.17384067,0.5106605,-0.1308819,-1.0562729,-0.14356779,1.0743631,1.6457053,-0.43118495,0.4306487,0.9952118,0.04796481,1.0165715,-0.7080082,-0.4720467,-1.5169314,0.06268542,-1.3429642,0.059177645,-0.10604954,-1.5229514,0.3927293,-0.07174727,0.20424359,0.06781374,-1.2362592,0.5841594,0.83750904,-0.4263553,0.23464622,0.93756473,-0.036465015,0.50309193,1.859382,1.5051668,-1.2509787,-0.4263039,-0.07856963,-0.48925984,-1.4942657,-0.8398644,-0.17238156,0.05053025,-1.1027256,0.42001498,0.31757367,0.6519403,0.070016764,-0.6484488,0.3206518,-0.41450298,-0.78899014,0.2816767,0.043186463,-0.86428344,1.02846,-0.4706023,-0.7306669,-0.020281002,0.59398144,0.5160993,0.79714394,0.47684413,-1.7945943,-0.7595481,0.46945593,2.3923469,-0.85626954,0.045776285,0.3616636,0.45235452,0.14054267,-0.9409929,-0.96312696,0.44877943,0.53886336,0.70501757,0.68306917,0.45680204,-0.26760662,-0.7654923,-0.8315815,-0.72717625,-0.24131772,-0.5943637,0.014206428,0.6692123,-0.398868,-0.71603125,-0.98279184,-0.6816482,1.0532775,0.008817915,-0.87388706,0.49065226,-0.3875949,-0.48129925,0.25722724,-0.68798655,0.36214018,0.34590507,0.23472911,0.2110345,-0.75828665,-0.58176154,-0.5896483,-0.08174566,-0.16018271,0.31297246,-0.6433847,0.8228188,-0.29771298,-0.8541726,0.9396177,-0.32971272,0.9959886,-0.61930394,-0.38132635,-1.0510671,1.0210205,-0.41512567,-0.25494647,-0.58686566,-0.30209526,-0.5723703,-0.4421091,-0.05042802,-0.14377373,0.06527657,0.7830944,-0.47127765,0.09483162,-0.75050396,0.98798126,0.021056563,0.7789598,0.5585054,-1.4129125,0.8219458,1.4330604,1.2473605,0.26073524,-1.0122458,0.7262618,-1.0784409,-0.7058221,0.4608469,0.29817724,0.20946354,0.066546224,-0.5826232,-0.7091393,0.30032778,-0.7952556,0.3420866,-0.86461437,1.3824315,1.2059771,-0.3552102,-0.24105775,0.45862728,-0.2888515,-0.86362374,-0.9987918,0.7935434,-0.66594124,0.52905583,-0.5393577,0.12536521,0.67929536,0.72301143,-0.28013936,-0.07809391,-0.48767686,0.08414694,-0.60538286,-1.0824907,0.39377415,-0.42734677,-1.8601905,-0.53896844,-0.91085106,-0.18413639,-0.39973706,-0.9238477,-0.19877876,0.13649753,0.27983513,0.9037018,-0.024014952,0.6833338,1.4379319,-0.74751586,1.1028388,-1.5793716,-0.5944635,0.82167196,0.11664523,-0.46815446,-0.6468949,-0.55020726,0.8764874,0.5624575,0.3597807,-0.72686654,1.257641,0.9474118,0.41673866,-0.8226082,1.6850905,0.092630446,0.7595779,0.5667883,-0.08278578,-0.085932784,0.5719149,0.1369251,0.2552109,-0.0013047435,0.79039025,-0.75772,-0.32534164,-0.94250226,0.12988502
-0.32973266,-0.6569522,-0.5792466,-0.56677455,0.0077509643,0.34492818,-0.5439459,-0.080001265,0.37017536,-0.16086893,-0.61224365,0.93716383,-0.91580755,0.4030386,-0.6335561,-0.14211439,-0.2904909,-0.9161267,-0.53996056,-1.0881249,-0.7081475,0.35228726,-0.8816552,-0.6458424,-1.6172203,-0.25131053,-0.8601312,-0.33240283,0.27275273,0.53737736,0.16533439,-0.5306704,1.017566,1.0622503,0.28823054,0.20269588,0.79230815,0.36315665,-0.9042872,-0.019788409,-1.1778218,-0.4598368,-0.76156145,-0.4389574,-1.3102801,-0.17700118,-0.436452,-0.84030807,0.4680332,-0.45221612,0.34489578,0.120905146,-0.7336658,-0.29814178,0.720869,-0.40877768,-0.8693721,0.7790827,-0.38331756,0.68807226,-0.24806128,0.08692633,0.74436086,-0.982447,-1.0004919,-1.4170508,-0.3283252,1.3945618,0.21199279,-1.1620142,-0.44805202,0.04310632,0.7061287,-0.91589355,-0.0030046697,0.42214328,-0.40160862,-0.49124116,-0.29410222,0.28585806,-0.93799406,0.7211145,0.7312801,1.1266176,0.42796168,-1.4244547,0.3518767,-0.763703,-0.21336327,-0.28923437,0.8837655,0.14496292,0.35202897,-0.11588165,-1.3690668,0.10076139,0.1126696,-0.1637289,-0.37136617,0.08247078,0.22622977,0.30361268,-1.0453254,0.08544067,0.18969835,0.6686905,-0.3405646,0.29508388,1.2308265,0.32296088,0.59782887,-0.2070366,-0.9665,0.84344745,0.07861686,-0.26668072,0.13162726,-1.0011895,0.7413374,-0.55125135,-0.34618324,0.325034,-0.82752025,0.4475738,0.0097703785,0.33768922,0.02042412,0.42497444,0.26103052,-0.8166671,0.4938189,-0.37545907,-0.03163122,-0.30487671,0.2328619,-1.7795184,-1.0486883,-1.2957156,-0.41700017,-0.09013246,0.39167374,0.8613694,0.4558645,-0.381176,0.21045093,-0.7871493,-1.2638962,-0.69395334,-1.2719818,0.022870647,-0.42342877,0.026733343,0.3239351,1.4557234,-0.42350233,0.80882365,0.43817863,-1.3373823,-0.7496561,-0.19941966,0.44372,1.1155298,-0.19334657,-1.2754524,0.47516,-0.83825463,0.11984785,-0.08709409,0.37066272,-0.37067,-0.53147435,-0.512047,1.3762019,0.87466747,0.3461383,-0.67621994,-1.3750265,0.6473321,1.1102786,-0.50875515,-0.4102826,0.37460428,-0.15342736,0.8781302,1.4452507,0.0065556085,0.5499908,0.62636703,0.010101312,-0.16365515,0.568846,0.884012,-1.070724,-1.3122276,-1.0325763,-0.55059725,-0.28720096,-0.14419092,-0.57996595,0.2815045,0.16525346,0.4553068,0.93914926,0.747609,0.6102906,-1.6040618,-0.059719596,1.4672611,-0.55875885,0.4239947,0.40658253,0.01924851,-0.15113646,0.5527433,-0.6755571,-0.1908338,-0.3007157,0.059880592,-0.6334311,-0.10937831,0.49759343,-1.3671799,0.61835855,-1.4419214,-1.1336236,0.10868306,0.28922233,0.41376728,-0.5737331,-0.63775057,-0.11669805,0.32743156,0.6326688,-0.009479585,0.78899795,-1.7242315,0.91486275,0.26634598,0.58787245,1.2560313,-0.0073809116,-0.5857262,2.6455972,1.6915442,-0.22274041,-0.07884423,-0.08827448,0.18286665,1.0660465,-0.6544784,0.06883472,-0.16988556,-0.6509607,-0.029802319,0.36662978,-1.2739992,-0.055996597,-0.03952661,-0.21228391,-0.8227883
0.44885743,-0.4991141,0.10289872,-0.012771928,-0.19438335,0.22083676,0.33972976,-0.444341,0.14715992,-0.3371046,-0.33517882,0.6033652,0.65303636,-0.030579923,-0.023680069,0.577477,-0.6933542,0.3079636,-0.51099294,0.7309719,0.31495968,0.094346896,-0.65769637,0.6116686,0.5171048,-0.17451341,0.6785054,0.08832811,-1.5657339,-0.5014304,-0.78594726,-1.6308519,0.13194518,0.15834916,-1.9578247,0.5127065,0.65554696,0.05544304,-0.74112386,-0.20814602,-1.135869,-0.53709686,-0.4871709,-0.39825517,0.62844795,0.8125837,0.6228958,0.52937573,-1.0456989,-0.43537724,-0.0015881979,-1.0103204,-0.6415028,1.2153492,0.040516533,-0.20425752,0.25171417,-0.17988071,0.6040366,0.62333566,-0.027554011,1.3780938,-0.5035401,-0.26251915,-0.1332311,0.8875814,-1.3299081,1.0567719,-0.65999377,-1.2238474,-0.30754617,-0.7571708,-0.48290902,-1.0754614,0.5275753,-0.017802602,-1.1617904,0.09470331,0.23783237,0.27862954,-0.4073674,0.17409302,-0.2954492,-1.7857282,0.2350283,-1.006469,-0.9904116,-0.7697107,0.39266378,-0.07852144,0.004861476,0.17268863,-0.71297157,0.91385245,-0.8867094,1.0906218,0.64779556,-0.03543583,0.4654681,0.13291459,0.20447266,-0.80339354,-1.3093407,-1.5936898,-1.4949685,-1.1478906,-2.141181,0.34123906,-0.5109406,-1.1133552,0.482194,0.18705012,-0.9305731,1.2072898,0.7012148,0.31410563,-0.002478745,0.43165985,1.8479452,-0.64074343,1.016111,-1.1549039,-0.6194699,-0.9121825,1.1587934,-0.44920343,-0.64664733,-0.9047387,-0.79819185,0.70200413,-0.026338402,0.78463995,0.07337586,0.063548535,-0.099557124,0.96733594,-0.41632998,0.47968858,-0.38565224,-0.4075169,-0.12328685,-0.024969926,-1.3391769,-1.1255945,-0.013287617,1.5388939,1.5823897,0.45247364,0.20214324,-0.30300838,0.49215987,-0.28728017,0.82976174,-0.6335143,0.73489064,0.058697645,-0.24760588,-0.24278833,-0.2907707,-1.5042504,0.29230645,-1.6295214,-0.177347,0.6042906,1.6535003,0.13606949,1.8522781,0.0045600035,-0.06301282,-1.3622097,-0.046154514,-1.0052252,1.7566373,0.65835696,0.24073015,1.278657,-0.110155724,0.4590345,-0.64332575,0.7372827,-0.42626327,-1.0824984,0.1491601,-0.4130338,1.7393818,0.02484308,0.47752872,-0.4850147,0.18820424,-0.058123853,-0.00578933,0.8825642,-1.0247346,0.99326783,2.3727353,-0.18639746,0.8445162,-0.502198,0.9840269,0.87676597,0.30225417,-0.67115843,0.70837176,0.36076027,0.80321914,0.76324284,-0.9066226,-0.22079106,-0.5284485,-0.6023702,1.3653114,-0.33664268,0.25637454,-0.61825746,-0.20914777,-0.8410387,-1.6793753,0.04210264,-1.2554917,-0.5567717,-0.6008274,0.40818536,-0.029535607,-1.0158743,0.41107908,-1.1559607,0.07880712,-0.19545954,-0.15775494,0.7840433,-0.24104284,-1.1066021,-0.3856749,1.4011074,0.62230986,-0.6884561,-2.0134962,-0.12457406,0.3551547,0.348963,-0.51745397,1.4259156,-0.13977815,1.8533925,-0.07434793,-0.26896635,-0.4634148,-0.152804,-0.45132032,-1.122794,0.6914525,0.28758204,0.663848,0.2317026,-1.4056015,-0.16899544,-0.5031212,-0.13554244,-0.036303975,1.2728667
-0.3951955,-0.0377662,0.5911562,0.77279675,0.6570109,1.2166723,0.8452764,0.5010121,0.2741825,0.50389475,-1.5797964,0.8197625,-0.15759523,1.0927601,-1.2935884,-1.3748364,-0.3464916,0.58853376,0.09626899,-0.51919174,0.09825993,-0.42134726,0.2106557,1.092858,0.13523898,-0.1526369,0.27752486,0.886171,0.30792975,0.3828272,0.19364929,-1.2337884,-0.24675788,0.9877901,-1.2814962,-0.028926006,0.3646893,1.0525548,-0.24583969,-0.742265,-0.3325995,0.66861945,-0.3948001,2.1405349,-0.1112767,0.0088589005,0.60991234,0.24448374,0.7369281,1.0058446,-0.05405929,-0.39108333,-0.3131022,0.49111417,-0.35834497,0.2435227,0.79950345,0.94150287,0.92736167,-0.4098481,1.2775439,-0.8107867,1.7887107,-0.6204572,0.07660514,-0.9046993,0.20424102,-1.2342532,0.66919565,1.626925,-0.1576866,0.36283523,0.33446944,-0.51508135,-0.36063465,-0.41095433,0.4962135,0.26245272,0.36176506,-0.27130812,-0.39763793,-0.884636,0.0055834986,-1.0592222,0.5677856,0.7524258,1.0862263,0.12755299,-0.8123277,0.23510253,0.33369887,-0.68469983,0.8118252,-0.16385959,-0.9696022,0.24094841,1.090652,-0.38593516,0.6701674,-0.08777638,0.32000747,-0.3129825,-1.0287234,-0.5352482,0.8699486,-0.21117549,-0.14485393,-1.221814,-1.500539,-0.6513644,0.3705282,0.165849,0.6801684,-0.3771804,0.20974052,-0.10185379,-0.6580249,-1.2130783,-1.5858898,0.8378847,0.31955826,-0.054824147,0.53424543,0.08378996,-0.16938026,0.3957795,0.7576819,0.05243281,0.20872828,-0.53153133,0.3786344,-1.3669441,-0.3429273,-1.3525556,-0.55982167,-0.040670693,0.073978566,-0.04207733,-1.4205709,0.098410875,-0.7486027,0.44326705,-0.58212644,0.16279131,0.67513424,0.8510373,0.77677584,0.10905842,-0.3588346,-1.0221068,-1.6011761,-0.25318682,-0.585547,0.13786142,0.31469396,-0.32692164,0.59114504,-0.97906256,-0.2823398,0.3259421,0.23372702,0.36892033,1.0712157,-0.9573102,-0.35335845,-0.287464,0.06670613,-0.64051145,0.6608319,0.13034907,0.2710285,-0.19958489,-0.26984045,1.7173473,0.05229952,0.09454208,0.17300947,-0.8494067,1.4209567,-0.8667361,0.022227792,-0.20318006,0.084880665,-0.94071454,-1.6045259,1.3369349,0.03893655,0.24449582,-0.008908893,-1.0831889,-1.3397764,-0.7372658,0.5902323,0.016569322,-0.30287692,-0.79951316,0.29784146,-0.08085917,0.80942667,-0.041677378,0.8217109,-0.03477082,-0.12320973,0.04033705,0.20254843,0.079430915,-1.2178411,0.3079553,-1.2841543,0.06649581,-0.5317942,-0.39756858,0.072510995,-1.040179,1.2380323,-0.43063325,-0.1608702,-0.25134903,-1.5455142,-0.40674403,0.63403755,-0.581294,0.30365074,0.5814502,-1.8106186,0.39798886,-0.10757822,-0.2976282,-1.3042055,1.6669765,-0.3587843,-0.9843581,0.6910929,-0.24724329,-1.4988204,-0.40202948,1.5687025,0.22180416,-0.8396036,-0.8684891,-0.77507913,0.96537083,-0.027795577,-0.10370536,2.2659857,0.8464283,-0.91884786,0.9120881,1.9945644,0.17898217,0.67287844,-0.21274097,0.00719798,0.3043997,0.9246939,0.51420563,-0.97301096,0.46672535,-0.44690874,-0.78331774
-0.02284636,0.7719483,-0.030991161,-0.011356257,0.061334178,0.20865081,-0.20491487,-0.5997376,-0.26766762,0.5474743,-1.1965753,0.017085431,1.008477,0.37900615,-1.1435893,-0.30332816,0.4527737,-0.50394714,-0.32732487,-0.50636125,-0.3870167,-0.23422834,0.584372,-0.070869334,-1.7174321,-0.21060468,0.23474471,-0.695366,-0.36821285,0.4329807,-1.3827891,-0.108095035,0.59610313,0.53108114,0.19885153,1.02054,-1.1252905,-0.2965358,1.2587674,0.08059078,-1.0039715,-0.2656467,0.13883997,-0.45883945,-0.19726928,-0.49042764,0.43208066,-0.28337497,-0.61498743,-0.35299498,1.1161559,0.18298149,0.008965424,-0.08161754,0.2032603,0.21016294,-0.7787387,-0.20027624,-0.36563927,-0.47059873,-0.7441805,0.20285764,-0.124563605,0.04711638,-0.24385537,-0.34547082,-0.26887283,0.036759216,0.51192975,-0.58471185,-0.18707344,0.016688023,0.7666521,-0.4038039,-0.4132412,-0.75348324,-0.05554514,0.002653102,-0.59567326,0.3287413,0.42671385,0.24079098,-0.09325824,0.83531326,-0.51461303,-0.5152986,0.10451917,-0.90379906,-0.4950703,0.6454312,-0.23627713,0.30280074,1.0441186,0.8504862,-0.44333702,-0.80860734,0.58068705,0.8862452,0.4833293,-0.47438487,-0.035761196,0.5048582,-0.31852525,-0.4977423,-0.28615066,-0.01962082,0.93544906,-0.6932029,-0.4656365,0.21536426,0.2288717,0.8725306,1.7740815,0.503056,1.5015324,-0.39169452,-0.15081982,-0.40327203,-0.81032026,1.2570755,-0.18623155,0.37570179,-0.04180472,-0.115029536,0.8716824,-0.055902902,-0.9368815,-0.00608678,1.1184407,-0.44522214,0.618624,-0.16604027,0.23318191,0.037682343,0.208115,-0.31837356,-0.780366,-0.5825843,-0.4693933,0.9164325,-0.45985702,-0.10331441,-0.97090226,-0.44311908,0.3694381,1.2865318,1.5502132,1.0848863,-0.063979134,0.08602523,0.1561297,-0.33493778,-0.43611354,-0.17096177,0.8627292,-1.719199,-1.1785032,0.18401164,-0.2971987,0.6669915,-0.12756081,-0.69959664,-0.42841065,0.3886519,-0.42552456,-0.73091364,1.2891845,-0.2667362,0.03756945,0.42757952,0.5870085,1.0657685,-0.79059297,1.1573086,-0.8160886,-0.7294066,-0.52480364,0.7926435,0.44683307,0.72874624,0.007832209,-0.88456804,-0.48239538,-0.16412714,0.608517,0.6954845,0.5442751,-0.03089429,0.54607165,0.12474008,0.20853482,0.4217058,-0.3603734,0.5331035,0.013471698,0.7543649,0.3662765,0.10771705,-0.48655888,-0.67027533,-0.5377998,-0.31728125,0.11155427,-0.020674713,1.166159,-0.017588414,0.08447319,-0.26804927,0.25982794,-0.80821085,-0.22620142,0.30259427,-0.011037003,-0.3819452,0.6971363,-0.11101574,0.44257733,0.41517577,-0.57725984,-0.46829396,-0.47305882,0.16551933,0.81588966,-0.043506395,0.24081525,-0.60981596,-0.14523922,-0.7948718,-0.45272228,0.15731077,-1.027175,-0.5638103,-0.8778658,-0.08915526,0.5038055,-0.29737717,-1.0113885,-0.29577562,-0.0030433265,0.5510083,-0.1761177,-0.5945459,-0.073153615,-1.032183,-0.26227716,-0.839139,0.19079109,-0.6902161,-0.36891553,-0.23485331,-0.5560307,-0.50406486,0.87150115,-0.12910484,-0.8332791,0.99316835,-0.82050157,-0.71420693,-0.3930902,-0.2540368
0.24015373,0.37169877,-0.49960577,-0.18080664,0.19430552,0.81715196,-0.12650083,-0.4865883,-0.36678532,0.7074002,0.69115835,-0.20022838,0.7526051,0.22779751,-0.68473536,-0.15632424,0.15340556,-0.65639436,0.59303224,0.42744058,0.089289196,-0.666518,-0.42223236,0.004582224,-0.18149467,0.83097845,0.8417146,0.40538478,1.297177,0.6763634,0.4790596,0.8158004,0.016561419,1.1949245,-0.64185244,-0.49725553,-0.43808576,-0.34407732,-0.4275619,-0.38574913,-0.11030359,0.57105255,0.6438109,-0.4633319,0.8566991,0.26320696,-0.028501233,-0.2702146,-1.137373,-1.7341776,0.5513809,-0.8140814,0.17024891,0.28505743,-0.7559055,0.28602043,-0.4244929,-0.4788283,-0.5240471,-0.91144896,-0.73502266,-0.032449797,-0.9469979,-0.39647684,1.7322568,-0.06673138,0.96560985,-1.0409608,-0.7493052,0.23252529,-0.588467,-0.29840302,-0.7142281,-1.1251779,-1.1733843,0.0222388,0.48220715,-0.6051841,-1.1648275,-0.17213126,-0.0732162,0.7610975,-1.0862656,-0.7632097,-0.48687717,0.50566775,0.8465285,0.54245096,0.5507397,0.6900236,0.4869444,0.83504087,0.36398354,0.7768634,1.1527357,-0.043205537,-0.4343085,-0.94814247,-0.8165103,-0.19349226,-0.26900285,-0.53672445,-0.0920853,0.23930359,-0.75002104,-0.60114485,-0.25222123,1.0881491,1.2065856,0.2434454,-0.999841,0.22821718,-0.33275688,0.1429981,1.1225108,-0.59482414,-0.5060352,-0.42990935,-0.10454952,1.5865173,1.0800338,1.5683988,-0.09414387,0.044536415,0.49797902,0.8993458,0.05806461,-0.86064893,-0.9872808,0.7792358,-0.29754886,-0.18938991,1.258241,-0.18296526,0.57115185,-0.045729693,-0.1679446,0.3116335,-0.1956141,-0.68082285,-0.37972656,-0.61036193,0.22289893,-1.3553522,-0.88435036,-0.4882489,0.792068,-0.1638392,0.49855635,0.15128523,-0.13158387,0.529779,-0.32205933,0.38100412,0.13644488,-0.8953207,-0.31971815,1.3555589,0.23439634,-0.27903435,0.46517706,0.7350078,0.07876829,-0.84145296,-1.0428156,-0.26971313,-0.13962182,0.64339197,-0.9772578,-0.65239716,-0.123567924,1.8758969,-1.0468184,-0.8381554,1.476886,-1.451971,-0.41379094,-0.3800561,0.048548087,0.5092363,-0.121984534,-0.50244087,0.74737453,-0.0020585067,0.5763742,2.3528125,0.12877424,-0.0734698,-0.98002326,-0.050538424,-0.29016274,-0.33312592,-0.96552175,0.038973123,-0.58063877,-0.10670371,0.2340623,-0.0018662487,-0.19882123,-0.4440219,0.04929648,-0.08554725,0.24223983,-0.55436844,-0.032196943,-1.0441974,0.28134406,-0.343756,0.023388648,-0.5005855,0.84073746,0.442582,0.8598102,0.047799777,0.36515504,-0.5931655,0.6652009,0.4451476,-0.87953985,1.1588006,0.12561366,1.0987365,-0.59035975,0.46221453,0.7134239,0.7526154,0.47963184,0.01427702,-0.78968716,-0.3250912,-0.20657901,1.034693,-1.0908803,0.3594789,-0.34330586,0.67290384,0.8726988,-0.89655226,0.8774795,0.051545773,-0.26599243,0.4778277,-0.11127114,0.11620799,0.0873927,0.17241837,0.83146715,0.5278975,-0.18543378,1.0422779,-1.3071345,-0.2118758,1.6581411,-0.34946933,0.09613354,-0.45232397,0.12161257,0.48748013,0.816842,0.48653156
0.7327519,0.68938154,0.26599732,-0.27693674,0.28426737,0.0040557077,-0.17585449,-0.08820601,1.4452158,-0.7329066,-0.9293851,0.18909457,0.15832832,-0.05107441,0.13206999,-1.5776165,-0.6946465,-0.41379878,0.9976983,-0.81063735,0.47376165,-0.4625719,0.103360005,-0.7723692,0.36126566,-0.6293801,0.029055651,0.45059776,-0.27603477,-0.6637868,-0.08301205,0.10095306,-0.46579906,-0.49940434,1.0058017,-0.6807272,0.24137183,-0.9465934,0.18669157,1.2796435,-0.36833596,1.1411871,-0.28465748,-0.79262096,-0.05599499,0.32519,-1.1070919,-0.8842114,-0.4864393,1.5314877,-0.6711649,1.6560935,-1.0367005,0.11974899,-0.21036087,0.45745888,-0.38393986,-0.8597902,0.16602087,-1.0474877,-0.5156432,-0.49747697,0.38769507,-0.25124234,0.14887732,-0.030119145,1.1102263,-0.15685444,0.2979677,-0.45899537,-0.42297766,0.010033251,-0.835661,0.5919864,1.903843,-0.8843153,0.29516688,0.20460199,-0.68441683,1.6616769,0.29706326,-0.6879069,-1.0528016,-0.8140501,0.17640088,0.43453404,0.63799596,-1.6184975,0.22831252,0.2803375,-0.8977663,0.34035265,0.5856989,0.5305513,-1.174107,-0.70765823,-0.8076983,-0.78839326,0.1175109,-0.6554142,-0.9474597,0.54504365,-0.56645477,-0.81518805,-0.9169261,-0.17829767,-0.72857463,-0.1753248,-1.2456713,0.059223678,0.2162028,0.25611338,-0.78545946,0.0047537955,-1.3005661,-0.19296372,0.09048245,0.14762424,-0.503609,1.0368253,0.55995303,0.23089916,-0.77005666,-0.78352076,-0.67474437,0.58561575,0.29004866,0.52500963,0.36559856,0.77361333,0.6566125,0.80555177,-0.1489636,-0.06945583,-0.73545617,0.23531745,-0.64515626,-0.72103846,-0.9025412,1.1529803,0.4375613,0.59828323,0.8076224,0.9610217,0.17451744,0.579302,-0.58421177,-0.057400506,-0.49719805,1.1278743,-0.31039914,-0.19917308,-0.11443069,-0.7395164,0.15505439,-0.094846204,-1.1177042,-0.97596884,-0.7186292,0.34717718,-0.15237921,-0.067977086,-0.43140534,0.7221164,0.05921108,-0.63113713,-1.4572923,-0.3797949,0.103067614,-0.08373391,1.0953233,0.8864226,-1.0581398,-0.105038285,-0.5454296,-0.69639057,-0.5293111,0.17021734,-0.47483522,0.4035892,0.9171708,0.33827806,-0.749138,-0.076702595,-0.94709235,-0.4042666,-0.33691576,-1.3285983,0.7554689,-0.638348,0.6720639,0.5376014,0.45458615,1.128603,0.5049908,-0.023803081,-1.57477,0.054411266,-0.17310807,-0.15594092,-0.20843856,-0.7494594,0.37011954,0.4947058,-0.274914,0.97306234,0.46926644,0.3136276,0.42509937,-0.02926192,-1.062551,0.3915666,0.06555916,-0.14794095,-0.011141642,0.43432623,0.45875195,-0.25482443,-1.0376967,-0.07586127,1.1046729,0.34168538,-0.5135618,-0.04207127,0.43911636,1.1376002,0.3176765,0.29927227,0.09350894,-0.74194676,0.016072348,1.8945075,-1.7925794,-0.63022435,-1.104038,0.8774573,0.4189887,0.3738374,1.0109481,0.40503013,-1.1359619,0.5429859,0.8952302,0.0032888826,-0.25711173,-0.5351741,0.18034849,0.6956296,0.38637537,0.3155973,0.4838152,-1.0343459,-0.1895834,-0.7349146,0.44884187,-0.525385,1.5635101,0.5407335,-0.8319388,0.5870571
-0.6829364,-0.5774302,-0.82365394,-0.10941504,-0.37376085,0.079844154,-0.23551798,0.032112584,0.11401716,1.3869798,-0.92704254,-1.1381332,-0.07396837,-0.588131,-0.41119087,0.34153026,0.35873705,-0.41482437,-0.26197177,-1.1163037,-0.07260014,-0.6502138,-0.5075391,-0.90110064,1.5164081,-0.93809575,-0.40871635,0.26618698,-0.7390921,0.4674464,0.4518312,0.8568843,-0.78184897,1.2776102,-0.7571949,0.3773225,-1.5202551,-0.8594625,0.06224594,-0.775162,0.9217482,-0.10087906,-0.7701815,0.6144503,0.39738724,0.13674547,0.51993495,-0.80046016,-0.13244183,-0.15938163,-0.09228086,-0.13736813,-0.5788134,-0.21146166,0.011509537,0.2032069,0.9317606,0.13962543,-0.6509865,0.2544913,0.0038065084,-1.4650605,-2.1350777,-0.32855988,0.26199356,1.3495365,-0.67982125,-0.5077692,0.015437799,-0.7761852,-0.4475901,-0.44197205,0.98619103,0.065705955,-0.96368736,-1.7404053,-0.6202136,-0.8906231,0.20719525,-0.68471605,-1.1260828,0.1566634,-0.50088567,-0.4753881,0.64054394,0.4175271,-0.20670046,1.605717,-1.2056757,0.6744259,1.3707039,0.08183765,-0.073856354,0.115924016,-0.24357805,-0.27280632,-0.49700123,-0.65668917,-0.91778564,0.33811426,0.31239396,-1.1826411,-0.5815539,-0.66430765,0.3636379,-0.53673196,-1.1364411,0.55123705,-0.17721082,-0.43781695,0.49178073,1.1333097,0.56232893,0.95473176,0.65989465,-0.17943801,-0.3435712,-0.60867,0.7376463,1.0767571,-0.6446577,1.532374,0.46427587,0.8899688,-0.058373924,0.71106285,0.5177631,-0.47916058,-0.9421089,-0.06803892,0.09546673,-0.11358746,0.45370206,-0.77093196,0.155631,-0.06492663,0.4498441,0.07835029,0.35034233,0.24609344,-0.22795287,-1.5809233,-0.3480209,-1.3152664,1.0798646,0.3031679,0.8255357,-0.6332811,-0.51428014,0.46342483,0.5674847,-0.080204666,-1.3235269,-0.03034656,-0.34300467,0.58868045,1.7765743,-0.53002095,1.0989351,0.299025,1.3593676,0.54413277,1.4505987,0.37997416,-0.9080497,0.13195302,-0.29973528,-0.08121103,1.0605564,-0.76725787,0.5041421,0.59183246,0.17743887,0.7455407,0.19712166,-0.74273765,0.6095607,0.24361038,0.45303622,0.49418664,-0.874949,0.79467595,0.129529,1.0142746,0.02899598,-0.3613108,-1.5921497,0.6424005,0.08310142,-0.34786227,0.58330476,-0.08458646,0.29897436,2.1430483,0.59661895,0.014082611,0.18519875,-0.90814745,0.67927635,-0.53072596,-0.5988214,-0.33744514,0.4330843,0.04232328,-0.92723876,0.052133214,-0.9994711,0.29242626,0.42383525,0.9403747,0.7630609,-0.38551676,-0.13254789,-0.2573136,-0.4008493,0.06413302,0.6475864,0.15500972,1.005685,-0.23590256,-0.30948755,0.59748304,0.5259624,0.08120093,-0.9821249,0.6049246,0.1535951,-0.19645381,0.18139523,1.1532484,0.13436787,-1.9758596,0.89481956,-0.06968776,-0.124211885,-0.39089072,0.28541633,0.33891875,-0.5537873,0.027438,-0.114746675,0.64598066,0.7851559,0.20297818,-1.4786079,0.47998556,-2.2134612,-1.0422608,0.5062992,0.026909657,0.21372752,-1.1340084,0.77566457,0.3443697,-1.2976686,0.49928948,0.37192467,1.0923291,0.10791414,-0.6318229
0.66282016,-0.069907054,-0.12054852,-0.0046988637,-0.54465276,0.13189597,-0.56937116,-0.99437135,-0.053038698,0.84545296,-0.29764637,-0.6043429,-0.089553475,-0.6632339,0.1563411,-0.4849085,-0.56197923,-0.05588272,-0.11267446,0.7847314,0.10745129,-0.4356244,0.74356645,0.30538216,-0.51888126,-0.21780777,-0.6354023,0.43270773,-0.26502037,-0.9792129,0.12306875,0.37785262,0.36536485,-0.47263348,0.56795263,-0.23120335,0.35468638,-0.6270659,-0.5325869,1.2772241,0.7283757,-0.02611897,-0.5349032,0.58605176,-0.13915882,-0.58147264,-0.17756711,1.3990436,0.9681183,-0.98467755,-0.17584755,-1.3023072,-0.12366062,0.26541415,0.030080937,0.37684458,1.8119237,0.5944414,0.0070884675,0.9294878,-0.093716934,0.22929794,1.056734,0.8601693,0.72770905,-0.9723835,-0.4934867,-0.36335307,0.14038476,0.31313202,-0.45922303,-0.05591508,0.3823989,-0.91459125,-0.7444544,0.74128354,-0.46229622,-0.123837166,-0.5541791,0.029127475,-0.61254436,0.2633627,-0.36947978,0.8449154,-0.16403097,-0.9796641,-0.15911992,-0.56345564,1.0352715,-0.311219,-0.41483942,-0.7414626,-0.45467183,-0.25132164,-0.3480455,0.21433935,-1.0658306,0.5292034,-0.1316947,-0.06229641,-0.29394615,-0.3598744,-0.9087846,-0.16494244,0.17261694,-0.6471903,0.7388414,-0.34008747,-0.26414302,-0.24539573,0.02594473,-0.08536476,0.067970954,0.30352092,0.11223495,0.2632172,-0.09772484,-0.052349627,-0.24319324,-0.11845619,0.7442693,1.3920431,1.5645242,0.8649474,0.038803805,0.58732045,1.0191845,0.9017621,-0.34449765,-1.438714,-0.9270918,0.52058035,0.02116195,0.10810681,-1.0866314,0.41113123,-0.29967892,0.1222396,-0.52646405,-0.43492988,0.6870132,-0.4838873,-0.1710207,0.37460276,-1.3288754,0.3651901,0.8072909,-0.9474263,-0.1304954,-1.2888362,-1.1059145,0.59828675,-0.44449264,-1.7209005,0.36989033,0.13791114,0.5816736,-0.6696878,0.26320326,0.4498541,0.7499694,0.41987324,-0.64300066,-0.7310598,0.38566756,-0.28245914,0.45064008,0.84767616,-0.27489558,-0.07692454,0.48472688,0.4252429,-0.15321258,1.2841483,-1.9352865,-0.36973622,-0.46170074,0.48480508,0.88879466,0.59644717,0.45340455,0.26763275,-1.2133821,-0.25645378,0.45418617,-0.5460602,-0.3251039,-0.060596067,-0.18052222,-0.12545702,-0.54431736,-0.38741592,0.28611943,0.94872296,0.30940223,0.64344335,-0.2786914,0.5228202,0.29000115,0.8647766,1.3877753,-0.2719791,1.1941592,-0.22317418,-0.6598616,-1.1483074,-0.07557433,0.8421284,0.03548539,0.33678913,0.14084229,-0.6800946,-0.10420678,0.5875239,-0.9906178,-0.16463591,0.95363766,0.4643348,0.77897996,0.033212695,0.6235615,0.8859229,0.34389967,-0.28340483,-0.6321558,0.07699003,0.09052987,-0.2626001,0.27811328,-0.21427049,0.5737677,0.47492018,-0.55539656,-0.1777949,0.22828864,-0.9606531,0.66123104,0.47887126,-0.078191854,0.15746675,0.9155546,0.29353872,-0.0720338,0.15497653,-0.23648891,0.18505797,-0.3733961,0.1543028,0.38106847,-0.8046703,0.15911086,1.2111917,-0.70589846,-0.9486401,1.65067,0.034079667,1.3123323,-0.2666301,0.015113684,-0.6191762
-0.31862876,-0.59469956,-0.80327314,-0.4655889,0.5698672,1.3181207,0.3168318,0.18813421,-0.07912688,0.12004892,0.6449289,1.2928091,-0.09886067,-0.05722214,-0.2939549,1.3225001,-0.58906955,0.1844006,-0.40842828,0.37451962,-1.332142,-0.37152883,0.11301532,-0.28090292,0.3190092,0.03010652,0.50160027,1.0669179,0.3858317,0.47471952,-0.37367654,0.13765101,-0.63130915,0.2115601,-0.17997047,0.50003225,-0.82013243,-0.79439723,0.7199082,0.004715553,-0.16984053,0.32453668,-0.12987553,-0.08079933,1.2138882,-0.40183428,-0.35636836,-1.4335413,0.13838004,0.04082962,-0.8859021,-0.37756896,-0.4876078,-0.4788704,0.15111335,0.25066948,-0.16934207,1.4541453,0.14552131,-0.41787764,-0.46548772,0.21841253,1.2319947,0.38089865,0.09938217,0.38516,-0.5306027,0.75461435,0.26158994,0.68460834,-0.3855699,-0.8168413,0.3094269,-0.99110675,-0.91444826,-0.5754744,0.33737373,-0.5071649,-0.020805834,-0.34178397,-0.5048331,0.16275485,0.18352927,0.43822873,-0.3808608,0.43128473,0.45844766,-0.15489112,-0.60482556,-0.53970367,0.7747011,-0.79263955,-0.3427719,0.46508172,-0.27892396,-0.9380952,-0.15226981,-1.1717294,-0.7043282,0.7526295,-1.533304,-0.055896156,0.07859146,-0.21401924,-1.6959032,-1.6364093,0.015445172,0.5570442,0.2509737,-0.08699998,0.5314422,-0.08447252,1.0065246,-0.21454397,-0.60448945,0.44494528,0.386375,-1.1224041,-0.51383317,-0.5389872,0.29071224,0.3368167,-0.71424955,0.43722916,0.082884036,0.16663113,0.60140973,0.55401605,-1.0727818,0.17890708,0.31753108,0.5857578,-0.21001726,1.1642071,-0.05568616,-1.6232326,0.61485124,-0.9867617,-1.1317186,-0.11479248,-0.16727367,0.5043691,0.9343067,-1.054412,-0.43353003,0.31522048,-0.15623216,-0.37670767,-0.4619561,0.90954435,0.17679763,-0.63729566,1.0997235,-0.53736573,0.05116372,-0.461749,-0.22189343,0.28592888,-0.13561319,0.21044427,0.53901124,0.85556734,-0.29686317,-0.3470369,0.56117785,-0.7065499,-1.1662887,0.5005833,0.9191122,-0.7120627,1.1430718,0.40613845,0.9890195,-0.61660475,-0.23456992,-0.76661474,-0.23655853,-0.6573126,0.08428101,0.060642228,0.5197246,-0.39875782,0.46790493,-0.8699535,-0.5371467,0.076119006,-0.47851154,-1.010988,0.4641596,-0.13322927,0.31226102,0.75197846,0.8930162,0.15034802,1.3010924,0.94350755,1.0881633,-0.25960165,-0.3781371,-0.05409822,0.75233173,-0.6032649,-0.32873,-0.72807676,-0.84251726,-0.4856282,1.1394827,0.246188,-0.4984487,0.2253889,-0.8662025,-0.4542342,0.24906145,-0.17941771,0.12629737,1.2294223,0.5540633,0.7988963,-0.07224718,0.113066696,0.1967496,-1.1535867,0.6475272,1.2019302,-0.12998913,0.98189163,-0.6171757,0.33420134,0.29521206,0.47192395,1.8600849,-0.9196607,-0.42887437,0.093847536,1.4817977,0.37098625,1.0069427,-0.25359043,-1.0718349,0.8687352,0.08360943,-0.8766274,-0.7806962,-1.5083027,-0.3074673,-0.46992067,0.9573128,0.23238558,0.19446261,1.0021665,0.8962591,1.4386091,-0.11269951,0.42082796,0.22928894,-0.11133429,0.24285713,1.1284473,0.0064001586,-0.44050404
-0.064904146,-0.011521389,-0.3654886,-0.94854164,-0.9296015,0.52868176,-1.244393,-0.046111148,-0.60231453,-0.24798575,1.2145767,0.89488894,-0.23797154,0.19077744,-0.9912609,-0.7827409,-0.02737348,0.100392096,-0.030327367,-0.712973,0.18636695,0.1980439,-0.021723425,0.33257693,-0.11955059,-0.5261514,0.5704947,-0.5023606,-0.84089345,-0.4452074,-0.65312284,0.6741795,-0.6730747,-0.4773873,-0.14845075,0.7986967,-0.5034657,-1.2581271,0.28413838,0.31072795,0.6862845,1.0928607,0.23038253,-0.39221182,0.32529002,-0.49889332,0.8333043,-0.003447748,0.5780331,-0.8874866,-0.3528697,-0.6750469,0.12169582,-0.9904719,0.0009419174,0.3098241,0.34904766,-0.51759243,0.82580626,-1.4993628,1.4856238,-0.7561898,1.2230027,0.22911823,-0.29486644,-0.31045732,-0.006032157,0.0733103,0.053648565,0.4219693,1.762854,0.20543024,-0.32752967,-0.9322085,0.45040646,-1.136018,-1.7920301,-0.60307837,-1.4707167,-1.947039,0.098067366,0.3147598,0.0071133045,0.06286517,0.17490296,0.42687544,-0.6205842,0.50436765,0.59408194,-0.32943922,-0.061235614,-0.019536128,0.42257887,-1.049389,0.47610605,0.6717888,0.39885956,-0.038940083,0.01448834,-0.8905557,-0.14589976,-1.5672078,-0.6495746,-1.2285498,-0.22022532,-0.2690294,-0.1552345,-0.5384382,-0.75156933,-0.6425753,-0.9851987,0.009251566,0.51341414,0.24873844,0.38012815,0.22924566,-0.3592565,-0.50703216,0.16130286,-0.4160027,-0.24021678,0.44237676,-0.56462276,-0.06104632,0.91752094,0.5225582,-0.53380233,-0.5930364,0.028796745,-0.31973076,-0.041986924,-0.17701004,0.4883596,0.51832646,-0.8368455,-0.2980014,0.8965949,0.35785738,0.66252685,-0.34183344,0.2140268,0.40844515,0.65186447,-0.88665456,0.38852152,0.92329234,0.37993643,-0.13574289,0.43740588,0.61158204,0.53552073,-0.54131496,-0.08279914,-0.11323897,0.10632729,-1.4856591,-0.4227542,-0.08001674,-0.8262782,0.3350562,-0.51453155,-1.3148439,0.902364,-0.51017594,-0.34691915,-0.16544585,-0.7292472,-0.7931241,-0.17707057,0.27867734,-0.23144467,-0.043493878,-0.8259527,-0.009159001,-0.8710125,-0.3741158,-0.31708083,1.2294128,0.14121726,-0.03808026,-0.13361059,-1.3594828,0.15771021,-1.2672099,-0.865219,0.35360724,-0.58692575,0.08241449,0.045034647,-0.53835595,0.68881464,1.21418,-0.45319974,-0.8304644,-0.37945557,-1.0437096,-0.08494923,-0.04115024,0.418033,1.0699637,-0.81052285,0.2992862,1.0262775,-0.050893355,-0.15899096,-0.5297904,0.45020533,-1.0471252,-0.3941949,-1.0354656,-0.88377243,-0.36305398,-0.41278446,0.7111423,0.46304062,-0.20427479,1.1414943,1.3029889,-0.6238457,-0.23610361,-1.0249546,-0.45658362,-0.71181744,0.11548286,0.3767108,0.037146028,-0.2428925,0.33048216,1.0875764,0.45968747,0.13553645,-1.0866711,0.979577,-0.26606703,0.023289675,-0.3187625,0.64945483,-0.30178225,0.36152858,-0.16930686,0.06592011,0.25706398,0.3124034,0.038176775,1.5116035,0.8097887,0.34486997,1.0417421,0.09104627,0.4475399,0.46352252,0.13179953,-0.6732398,-0.40024975,-0.24041171,-1.1047903,0.40325108,-1.022151,0.14374982,-0.477394
-0.6666136,0.6064774,0.110064894,0.30514175,0.7052461,-0.3870398,0.4675109,-0.036273908,-1.3624159,-0.49469036,0.7491134,-0.5236311,-0.5209034,0.7091914,-0.07939459,0.2509648,0.71216595,-0.66065925,-0.3096443,-1.0023502,-0.27046847,-0.3509716,0.46715862,-1.5143107,0.45349026,-0.14337353,0.5383189,-0.77278984,1.1082394,-0.3020572,0.2691816,-0.31936046,-0.17046092,0.3080708,0.6472334,-0.5567936,-0.54182345,1.2347457,-1.1819949,1.03962,-0.07174793,1.4304011,0.59155935,-0.3158689,0.44686106,0.44171008,-0.039465155,0.4834208,0.9518349,-0.17764178,0.6521817,-0.8486037,0.25325584,0.40023386,0.020833336,-1.0160297,0.75794643,-0.18359542,0.021047292,-0.3332813,-1.6646076,-0.06351379,1.0098468,-0.6337705,0.5149724,0.3411995,-0.5770986,0.4890112,0.26577136,-0.32923704,0.2981079,-0.79388505,0.0026648205,0.26057813,-2.2530777,-0.048397493,0.30700764,-0.72462606,0.09065771,-0.8020512,0.13434614,-0.34475198,-0.060038693,-0.09757951,0.06640306,-0.1767125,0.40888807,0.31749722,-0.11190275,0.5909228,-0.2575362,-0.9604419,-0.72937196,-1.1095022,-1.8666053,0.8867636,0.4846746,0.45593286,-0.031599555,-0.32455325,0.13427699,-0.3027698,1.4237924,0.5446613,-0.4659753,0.17144172,-0.35917714,-0.80343807,0.9561744,0.5481053,0.08262767,-0.10979283,0.3170751,0.75309765,-0.5531415,-0.14039773,0.17823695,0.16406706,0.5168075,-1.6447171,0.507052,1.1101362,-0.46253878,-1.0786068,-0.65976405,0.49450168,0.0340088,-0.17729345,-0.6620207,0.06859194,0.07616458,-0.35956037,-0.6624495,0.60600364,-0.32516795,0.005957187,0.16933584,0.19142719,0.69244415,-0.3049305,0.56657326,-0.61281484,-0.5392991,0.3489258,-0.7634591,-0.94419247,-0.16344166,-0.8414262,0.057279956,-0.061479695,-1.3470702,-0.30966562,-1.0707078,0.52575445,-0.09791585,0.99652475,-0.4107332,-0.34473535,-0.29096463,0.94335896,0.5685723,0.5128581,1.3303093,-0.5918227,-0.7164364,0.17045738,0.5294625,-0.3031607,-0.4697806,0.37657523,-0.06364987,-0.2656545,0.71106,-0.14546949,-0.051691603,-0.38677195,-0.06447135,0.15326542,0.70015126,-0.8815467,-0.625696,-0.1559955,-0.5867255,0.001165012,-0.3591024,-0.4956961,-0.05294012,-0.2855544,0.36641464,0.21435519,0.30251268,-0.41164243,0.4424948,0.68778396,1.1355844,-0.7425104,-0.18658364,-0.6235249,-0.21841997,0.5670667,0.8102606,-1.0471462,0.13537848,0.08891284,-0.92613155,0.48562622,-0.6962481,0.6435463,0.73681915,0.04844315,0.34164482,-1.1417701,0.31043553,0.057261858,-0.053615976,0.9335179,-1.5843971,-0.3526935,0.84931993,-0.14427401,0.458217,1.6514876,0.29637244,-0.3213782,-0.37323156,0.89624184,-0.01163777,0.12753041,1.0855519,-0.36712718,-0.033746604,-0.4988553,1.7295752,0.79393053,1.0934299,1.2475256,0.2105412,0.7993981,-0.2824205,-0.6303758,0.00041149903,2.1827912,-0.07070053,0.184798,0.7637596,-0.76500404,0.10430149,0.21453586,0.78033286,0.29535133,-0.4615098,0.020700727,-0.029965857,0.2481239,-0.10708402,0.63164055,-0.5745506,0.81380826,-0.24350588,1.3612947
