-0.12410331,-0.3817823,-0.37114257,-0.9965524,0.39987355,-0.4284191,-0.42422822,0.15708125,-1.3917365,-0.5061586,0.037864387,-1.3573831,0.36424422,0.23447096,0.08976461,0.5731833,-0.97975427,0.074138924,-1.0389363,-0.8257925,0.5542385,-1.2571942,0.0070994,-0.4719452,-0.8478556,0.30633867,-0.7183877,-0.14012907,0.031598203,0.3988558,-0.07636174,0.68933713,-0.6755056,-0.10024406,-0.5309003,0.36698195,-0.5609237,0.8065029,1.032523,0.74778074,-0.13570677,0.59938294,0.6931297,1.2555703,-1.8389262,0.204317,0.014301617,-0.68255824,0.90407807,0.28046647,-0.2096507,-0.17093001,-0.13518186,-0.48978943,0.72519076,-0.58730716,-0.97265893,0.42895156,0.13766658,-0.02973111,-0.15362783,0.1498641,1.5325147,-0.14069046,-0.3530714,-0.3561144,1.5475312,0.24519107,0.004274092,-0.9119814,-0.7542394,-0.5740358,-0.1579397,0.45224077,0.21943788,-1.1055859,1.0781132,-0.07190294,-0.08383698,0.06439918,1.0296464,0.4346678,-0.77746135,-0.42984393,-0.3200566,0.2473667,-0.5528799,-0.9036661,1.1607437,-0.6092475,0.12825951,0.38049388,0.58723396,1.1176858,-0.00089494407,1.1024654,-0.59450793,-1.6985136,-1.3481064,0.36332956,-0.74242747,1.4515016,1.7039723,-0.01364472,0.8647945,0.12099654,0.6191171,0.8556112,0.15533896,0.47891796,-0.40394095,0.13320197,0.6082354,-0.5553968,-0.14949358,-0.17187224,-0.054098345,-0.11116435,0.8321085,-0.63192993,-0.5152396,0.43338194,0.6184803,0.16736116,-0.3464882,-0.34209773,0.9382755,0.6066677,-0.39456347,-0.17132081,-0.2843467,0.004959914,-0.53271466,-0.046764057,0.5224085,-0.14348614,0.23254775,-0.4517361,0.17665327,-0.11184115,0.44955727,-0.38802618,1.2423434,-0.4322325,-1.1255053,-0.26509225,0.041153166,0.20699722,0.08725157,-0.854675,0.9686186,0.5744954,0.22391962,-0.5222027,0.030019851,-0.028610334,-0.30371732,0.104570985,0.21838441,1.2755517,1.3043526,0.18724543,0.40299535,-0.90268403,-0.32166496,-0.6447308,0.76167715,-0.025243277,-0.2912095,0.022734081,-0.062949285,-1.4661633,-0.34760714,0.7878454,0.035212483,0.2772049,-0.25967312,1.2117447,0.16509189,-0.87054884,0.2482247,-0.06349247,0.92603755,-0.23865291,-0.6499541,1.3184346,0.32226387,0.30999842,-1.0107987,-0.8264565,-0.1720497,0.7014901,-1.7606193,-0.44081172,-0.17973197,-0.04028658,0.2334361,-0.20165178,-1.3052099,-0.5671466,-0.8619552,-0.29042694,-0.5518327,-0.026763322,-0.88312364,0.34348992,0.5620456,-0.10965838,0.09360536,0.6097023,0.04681144,0.021529032,1.3433253,-0.15706532,0.41821536,-0.5563992,-0.15342169,0.77065504,0.69058466,-0.09275741,0.31658518,-0.28636676,-0.4608242,0.4081746,0.3252701,1.0299636,0.58518916,0.6917871,0.79753226,-0.15129954,0.13100748,-0.97047794,1.5115433,0.36025065,0.7117163,-0.21315278,-0.6243608,-0.7815943,0.77396804,-0.17863366,-0.0219962,0.61696047,0.533196,-0.3860502,-0.06954702,0.4696905,-0.2949194,1.652885,1.2514375,-0.30895886,0.922332,-0.36551008,0.43673432,0.5323898,-0.9114906,-0.4176956,0.06882567,-0.07406391,0.5230314,-0.029662749
-0.5596417,0.32275888,-0.90253305,-0.46743014,-0.2615543,-0.30905542,-0.092759624,0.20642556,0.63309425,-0.013285613,-1.4673125,0.25355878,0.31127948,0.7939485,-0.63979805,0.5699395,-0.033887364,-0.5477418,-1.1287353,-1.0712202,-0.7739792,-0.4372529,-0.15837127,-0.5680806,0.5909156,0.39311728,0.12772696,-0.30642042,-0.9948557,0.56517816,0.5052745,0.600047,-0.22106,0.01323624,-0.02268199,0.14498964,-1.0852954,-0.8970427,0.08875375,0.4048477,-0.024648093,0.7130484,-0.17757532,0.08684213,0.34285796,-0.07515476,0.7030669,0.22776376,-0.41997495,0.76372397,0.8256498,-0.8069404,0.40587717,-0.06641706,0.14838119,-1.1055554,-0.28866684,1.4069785,0.48825356,1.012505,-0.267141,1.3157175,-0.35160115,-0.66989964,1.5437366,0.5515079,-0.8009223,-0.18979731,0.10375961,0.89186245,1.1552457,-0.26859766,0.25811806,-0.7393774,-1.1917086,-0.99739313,0.057159066,-1.014168,0.20078538,-0.64322525,-0.27502957,-0.07380201,-0.25780097,-0.1811969,-0.1941488,0.3978349,-0.4597837,0.75898105,-0.04146123,0.05680107,0.017002499,-0.48025444,-0.02474765,-0.8166413,0.027961003,-0.6324817,-0.37114578,-0.27876714,-0.93215585,-0.054619465,-1.468001,-0.68017924,-0.08495866,0.22610252,0.91659606,1.0968313,0.050366744,0.55908215,1.3843505,0.54187477,0.17229031,0.32574204,-0.80745304,-0.23008445,-0.25926518,0.33870286,1.0593014,-0.18004519,-0.28118265,0.43759948,-0.56425494,-0.3898997,-0.42801964,-0.577756,2.1244743,-0.8601959,0.19906014,-0.7165498,-1.2838165,0.813876,0.57591975,-0.53196913,-1.5544037,0.35982406,0.5617774,-0.7699943,0.3800919,0.9170793,-0.18026695,-0.45921725,1.1281383,-0.9465669,0.030738808,-0.21369863,-0.9270329,0.07730321,-0.728446,-2.085321,-1.5346624,-0.9179447,-1.8615887,0.45990178,-1.2793199,0.48654914,-0.035016913,-0.41549602,0.40798327,-0.44490406,-0.65625846,-0.4628584,-0.1382522,-1.4141978,-0.35018402,-0.20412588,-0.032461725,-0.44207752,-0.6134352,-0.09185242,-0.47551194,-0.54826057,-0.33830082,-0.23807667,-0.6258992,1.1005204,-2.0499468,-1.6954436,-0.41560405,-0.4696604,-1.0126659,0.2893334,0.08911639,0.5696829,0.6669866,-0.07580415,-0.75780505,0.10339903,-1.6849495,0.2757011,-0.1675293,0.9212696,-1.0193577,-0.33287013,0.20653446,-0.026607143,0.39061764,1.9153266,0.09333888,0.06977586,0.38894343,0.52534777,-1.0183578,-0.045545354,-0.28090325,0.83746296,1.2545192,0.33102968,-0.9271656,-0.05561159,0.5372666,-0.28773928,0.15966804,0.99853295,1.2879626,0.16480482,-0.028125204,-0.41193497,0.18889973,-0.031896446,-0.18626325,0.101393946,-0.3389815,0.90198743,0.9280689,1.1090893,0.39164388,0.40703514,-0.47131744,-1.0541637,-0.3867039,0.36713624,-0.0035348223,-0.622645,0.7575502,-0.473418,-0.08696526,-1.3386328,-0.22235021,-0.89821017,0.29161128,-0.90672666,0.4475956,0.69556886,0.41047677,0.5534475,-0.10219255,-1.0515162,-0.7379314,0.90342516,-1.2581685,-0.12331913,1.4051894,-0.15002765,-0.8203552,-0.16186503,-0.29734638,0.7341225,0.18545894,0.87044585,-1.1276413,0.18898435
-0.68922776,1.1515993,0.92300826,0.27634624,-0.20399258,-0.89657605,0.2894388,0.10443677,-0.64795375,-0.017181728,-0.7747324,0.64975625,-0.55570793,0.48587975,-0.7506241,0.18350242,1.0336107,0.38446838,1.3539118,0.6652596,-0.3821741,0.48749015,0.81122315,-0.6625796,0.27651206,-0.7316503,1.5442815,-0.993686,-0.4676872,-0.22937596,-0.4531283,-0.87126017,-0.19366626,-0.6462597,0.34077147,0.519012,0.19549786,-0.7370969,0.40533364,0.83537096,-0.97244936,-0.13916236,-0.24573952,0.06481726,0.52875435,-0.74621594,0.5630764,-1.4007868,-0.3059892,-0.0831194,-1.090641,-0.09960867,0.9804202,-0.07889069,-0.8577578,-1.4772192,-0.27697334,1.9568664,0.8413718,1.1693785,-0.8716268,-0.27617404,1.6329515,0.2417195,0.06617949,0.66521096,1.1204687,1.3246869,-0.46706003,-1.1786667,-0.121093035,0.1803255,-0.24676685,-0.6023553,0.28325975,-0.8562462,-2.183358,0.05373861,0.09883076,0.50200707,0.35055822,0.310287,-0.006038004,-1.3118827,-1.1316396,1.4948694,1.0520275,-0.17466766,-1.1000459,0.82298857,0.2333799,0.5911762,-0.37825292,-0.95588845,0.47828674,-0.8385134,0.22748443,-0.32357433,1.167572,0.8871252,0.0015518115,-1.2698808,-0.4804075,-1.708408,-1.808994,-0.32983336,-1.4348738,-0.68531454,-0.767538,-0.5759392,-0.3998546,-0.0050682193,-1.1836784,0.17893735,-0.024230259,1.0326314,0.050540518,-0.51313084,-0.83765846,-0.60631454,0.49843466,-0.08182613,0.45817754,0.59286463,-0.060192917,1.106063,0.56288946,0.9016612,0.656985,0.29199022,0.19864054,0.22924145,-0.36038563,-0.34401333,0.20799531,0.83443475,0.7914843,0.4520566,0.6836059,0.23913215,-0.13635607,-0.68399984,0.20530447,-0.38491252,-1.2970072,-0.29160652,-1.6018567,-0.54204684,-1.4092057,0.0716651,0.03876543,-0.24705558,-0.5850946,0.89061755,-0.21082756,0.43764654,-0.0033900223,0.18907273,0.5063549,0.39576164,0.95592445,-0.11090358,-0.38752538,0.32711804,-0.50261086,-0.05499747,-0.37197837,0.10818639,-1.3776133,-0.06226954,-0.8346696,0.3305454,-0.5316005,0.29099303,0.100042105,-0.24830419,-0.46008277,-0.3603651,1.3382452,1.4859464,1.558547,-0.3953816,0.51978165,-0.068130314,0.53294826,2.1109262,-1.2899959,-0.5772599,-1.1664405,0.55797935,-0.11070905,-0.28905082,1.4745184,0.99916285,-1.6334207,-0.6324836,-0.2645921,0.13220198,0.5449502,-0.5025545,-1.2143813,-0.8364308,0.89738524,0.10169313,-0.43267906,0.1651666,-0.10494414,-0.41883224,0.4663153,0.8531205,-0.11547197,1.1832831,-0.07477638,-2.2015135,0.9955502,-0.42675447,1.0016077,1.0911024,-0.3137815,0.54533225,0.70424527,0.6185501,0.32734933,0.1740659,-1.2719545,-0.60082924,0.5506541,0.6645281,-1.2732114,-0.6871609,0.22372326,-1.3945355,0.87470746,-0.4038488,-0.025884654,-0.19462906,0.33774984,-0.57752323,-0.639289,-0.2837326,0.0121401055,-1.2506561,0.42545345,-0.07369019,-0.6242025,0.9841911,1.0480117,-0.36224133,0.63734525,1.2040719,-0.14625452,-0.09375558,0.015697917,-0.17498125,0.57538813,-1.6535498,0.28829414,-0.17042615,-1.2949568,0.5539552
0.42676702,0.8693406,-1.2152636,0.49994156,0.004636569,-0.078894496,0.034753565,0.61472154,0.5430878,1.145689,-0.2370103,-0.79331636,0.38265833,0.8849958,-0.97821116,-0.23007031,-1.7115703,-1.4296592,-0.62289894,-0.10884926,-0.51688576,0.2696541,-0.36352977,0.74756914,-0.9670917,-0.7672172,0.85900956,-0.83638644,0.7109287,0.061710734,-0.13646409,0.28266522,-1.2563643,-1.691963,-1.0582597,-1.3694483,0.08012741,0.6145632,1.5895579,-0.04515924,-0.43170416,-0.43569937,1.1273817,-0.7033448,-0.755253,0.14406918,-0.33171856,0.10656753,-0.16961713,1.2536258,-0.26275444,-0.07861943,0.22704232,0.5218093,-0.48892137,-0.7108381,-0.2874304,-0.8581412,-0.22334519,-0.70741117,-0.61091095,0.81696564,0.30162385,-0.10724123,0.67489326,1.4509614,0.47818625,0.45117348,0.60508287,-0.8843759,-0.71689874,0.15598176,0.9493855,0.48773924,-1.1328083,0.6145846,-0.75753087,1.0530194,2.1377833,-0.18976203,-0.5176817,-0.14643763,-0.13334769,0.8684069,0.9023661,-0.16940726,-0.52304024,0.15086067,-0.5242283,0.13131838,-0.7433054,0.51694,-1.1159554,0.47882822,-0.5931364,-0.19368234,0.9358307,-0.76961255,-0.64188063,0.2495618,0.44522467,-0.17326179,0.62794954,-0.1191302,-0.06263763,0.039423726,-0.85545015,1.7660217,0.6529526,-0.46476793,0.88904774,-0.6201598,-0.16663314,-0.6575254,-0.022892946,0.0988,-1.3524481,0.48067254,0.31247616,0.44189873,-0.44979364,-0.11764799,-0.20047438,-0.11527121,-0.22684418,-0.6282277,0.04016609,-0.8033346,-0.5343155,0.90844816,-0.47092515,0.5953263,0.64196527,-0.61038446,0.05299745,0.6281073,-0.5187102,0.46373203,-0.5501745,0.4703877,-1.1975722,-0.056769017,0.5959243,0.52705383,0.42386693,-0.28185114,0.00059057306,0.6884568,0.31824484,0.059928987,0.9934848,0.21645539,-0.49836466,0.046478063,-0.29650563,-0.78641814,0.6373251,-1.1398542,0.9883996,-1.3950039,-0.0069945706,-0.5620667,-0.2188392,-0.38825515,-0.1974014,0.27697808,-0.43720314,0.17771032,-0.3182297,-1.0534288,-0.7319539,0.02524787,-0.5247618,0.15250452,-1.5622445,-0.26311117,-0.28319454,0.4156647,0.999053,-0.53992486,-0.5835025,-1.2046237,1.2864825,-0.7875288,-1.1073827,-1.2185168,-0.59001285,-1.5843698,0.16637462,-0.39456394,0.44830754,-1.1865392,-0.7316626,-0.52904624,0.12649894,1.0612093,-1.0938952,0.35538173,0.786081,-0.78945315,0.061821405,0.5209048,0.3078616,0.5612389,-0.04417886,-0.8121861,-0.5203465,0.22723882,0.42242205,-0.3151179,-1.0838206,-0.4014168,-0.5109818,0.24605182,-0.08509517,-0.36033618,0.30833328,0.7988755,0.71461505,-0.27745917,-1.3813796,-0.44887862,0.027300876,-0.17551935,0.50504863,0.4988143,1.0764186,0.2639843,-0.89169466,-0.04099238,0.34140363,0.054951057,0.19007704,0.117798835,-0.34650606,-0.3490615,2.1319804,-0.31091204,0.42200255,0.37656453,-1.3687531,-0.34349513,-0.54813915,-0.74239445,-0.7516119,0.3359907,-0.5493922,-0.23780307,0.5742822,0.42123288,-0.4478693,-0.12965514,-0.111906655,0.9168588,-0.26857343,-0.32568642,-0.829294,-0.0988701,0.58174676,-0.12394319
0.65832686,1.0933543,-0.036929462,0.83505267,-0.15087236,-0.40797877,-0.51942927,-0.34885892,0.15347455,-0.36278102,-0.30099446,-0.60094357,-0.2657235,-0.49493128,-0.067253694,0.19280538,0.19672206,0.8246946,1.3030659,-0.96431327,1.2434318,-1.084675,0.34513196,0.44879025,-0.9830364,-0.397429,0.25587195,0.98390365,-0.7573342,-0.60202235,-0.4731258,0.535578,-0.08425406,0.26372153,0.51280075,0.6900938,0.7355184,0.6816075,-0.8165455,-0.08747311,1.1665542,0.46792343,1.4352827,1.0872712,0.2440737,-0.17291805,0.337832,-0.58156556,0.15323783,0.13813536,-1.1633406,0.5548939,0.15367362,0.5121296,0.23113346,0.17169593,0.44075695,0.7861738,-1.0916582,0.83581054,0.061344836,-0.8214346,-1.6226456,0.25793096,0.98465604,0.86682826,-0.14813021,-0.3712275,1.1400256,-0.7705577,0.32926488,0.6258151,-0.62515557,-0.6617479,0.45324188,-1.1294925,-0.18296878,-0.36050987,0.11295787,0.95011044,-0.18873218,1.0254292,-0.5747271,1.1647276,1.3685411,-0.04256054,-0.8039053,-0.22123036,0.6697195,0.4116879,-0.27601045,-0.92924786,-2.0207424,0.03410716,-0.070224635,0.46491757,-1.1188447,-0.09847794,-0.00484272,-1.0122315,-0.7383609,-0.5333492,-1.0419776,-0.07923623,-0.033640802,-0.15102649,-0.027962608,0.96124387,-0.04101428,0.59624106,0.2819137,-0.3335388,0.019339442,-0.38036573,0.5113176,0.20272434,-0.5748489,0.9926068,-0.4471395,-0.99045175,-0.74926704,-0.96285707,0.70622605,0.35845163,0.57723194,0.03773626,-0.95099056,-0.3540827,0.13905461,-0.69394463,0.10134619,-0.099461384,-0.9069355,0.13836272,-1.0037525,0.07501673,-0.38510695,0.315607,-0.73782814,0.15414551,-0.44378126,-0.0021405416,0.42561767,-0.22669975,0.5118028,0.75551784,0.28712782,-1.0788673,-0.4722519,0.451141,-1.3508167,-0.30647784,-0.3820173,-0.64573437,-0.7120962,0.61654,0.308155,-0.23429,0.291685,-0.8780704,-0.2688713,-0.85656583,-0.09420195,1.2282016,1.0701938,-1.2278402,-0.8612782,-0.75934666,-0.8351969,-0.038855415,0.32690278,0.87564456,0.23698753,0.3936154,-0.28127158,0.8079862,-0.21342447,-0.87649435,-0.7024043,0.40129378,-0.13855536,-0.17748606,0.16195224,-0.86875886,0.36259386,-0.54798985,-0.1082653,-0.21342461,0.92968684,-0.111961715,-0.507366,0.44750273,0.31437692,0.5047687,-0.26142052,0.37105408,-0.9803605,-0.09122354,1.6398932,1.0266544,0.13754372,0.38860962,-0.7160462,0.39731205,0.0006358056,-0.11743722,-0.8356438,-1.2375556,-0.39802092,-0.3154589,-0.7305524,1.1735358,-0.089107595,-0.44110718,0.32329226,0.09962861,0.44177774,-0.18570778,-0.089625664,0.32822314,0.2566943,-0.013411516,-0.013972894,0.058495753,0.23550528,-0.3885534,0.513218,0.20401247,-0.7252549,-0.4860317,-0.8180783,-2.3133492,-0.27321157,0.10588068,-0.8656849,0.54166836,-0.70571274,-0.22579195,-0.32936186,0.46880198,-0.4510511,1.1654485,-0.77997416,-0.23804139,0.30448645,-1.890857,0.46339494,-0.65798956,-1.0826918,-1.4110419,0.545311,-0.15397544,-1.6163301,1.3313568,0.81384337,-0.9398406,-0.12435782,0.7257059,-0.27480242,-0.12662296
-0.06170463,-0.7279166,-0.48896152,-0.369496,-1.2909666,-0.4613725,0.12437818,-0.1986656,-1.8667758,-0.110481896,-0.4290837,-0.7783167,0.832662,0.34874848,0.15412678,-0.6385692,0.43301404,0.24449985,0.75982696,-0.34046832,-0.67482734,-1.0104692,0.27233618,0.020832125,-0.029457342,0.1964389,-0.14102173,0.5169627,0.08412929,-0.3822816,0.7651647,-0.5966601,-0.75530344,-0.66651994,1.0463039,-0.32568058,0.8820865,0.6385876,0.121585764,0.41456726,-0.43258882,-0.56196606,0.2998663,-0.7985385,0.12915997,0.35533044,-0.15044461,-1.0612353,0.12652524,0.34582695,1.1849178,-0.28202453,0.04301527,0.27093053,-0.040024005,-0.0016631513,1.4531555,0.070217,0.3420126,-1.1066328,-1.3274839,1.1628152,0.38545686,-0.50661606,0.25029677,0.31979534,0.5316651,-0.47471312,-0.60325986,-0.63755816,0.24820061,-1.0435126,0.26012912,-0.79088324,0.5016088,-1.0016798,-0.52913666,0.7614508,0.68355477,-1.220018,-0.042283386,0.28985587,0.35271192,0.266996,0.6959546,-1.1016507,0.10099747,0.51124704,0.90969706,-0.22506283,0.30135724,-0.03596134,-0.7919386,0.17591272,-0.11088631,0.45462114,0.79207116,-0.56663626,-0.07179368,0.8196996,0.49183297,0.27487108,0.3086556,-0.12751177,-0.4591424,1.5129431,0.8338825,-0.6718427,0.4472355,0.44630775,-0.5043048,0.1548493,-0.26481375,-1.13213,0.10789353,-0.27917245,-0.76434106,-0.36539286,0.21975604,-0.05528431,-1.4604497,0.29885283,-0.2362755,0.008476304,1.2531016,0.5150896,-0.23323427,0.82600945,0.79960763,-0.22943094,0.35885298,0.03388266,1.3578442,0.31252763,-0.10490501,-1.211513,0.1756164,-0.7649516,0.15352648,0.72303057,1.5680028,0.5676537,0.7775469,0.6563687,0.101354346,0.120552704,-0.8671529,-0.95027316,0.23048835,-0.68606573,-1.0446144,0.6662009,-1.6819291,0.5683333,-0.14633083,0.32434097,-0.14512932,-0.023004645,-0.4716551,-0.23960495,-0.7432165,0.54873407,0.5912782,0.8807917,-1.13497,0.74561524,-0.39851603,-0.7959875,-0.10208677,0.14836565,0.882376,-0.1133662,-0.99262154,0.04963363,-0.005671755,-0.36989763,-0.3167124,1.193983,0.839972,-0.41341132,0.23445831,3.0543444,0.12756866,0.11113238,-0.51211345,0.15380512,-0.17700209,-0.028243931,0.09084332,0.15933032,1.14001,-1.2019064,-0.27167585,0.2330709,-0.25598156,0.5567127,-0.46070057,-0.033233285,0.6573839,0.47020072,-0.58613545,0.31210148,0.6319974,1.0439901,1.2329369,-0.016642816,-1.0888071,-0.5845901,-0.85101,0.5471713,-0.7999433,0.20319943,0.05278584,1.4509448,0.7475317,-0.4544609,-0.34243912,0.07750187,0.2979033,-0.18584174,0.05459073,0.8167776,1.3342663,0.69371915,-0.98890257,0.5433295,0.15814713,0.35610238,0.70110285,1.0893328,1.1255866,0.5241241,0.9491855,0.30883077,-1.1018115,0.17566434,-0.7494332,0.920166,-0.2576467,-0.2769281,0.4002874,-0.124412104,0.6765973,0.7103873,0.9722543,-0.65818846,0.29603797,-0.02497873,-0.8876795,-0.67303634,-0.34243023,-0.25802577,0.5719858,0.08984134,0.033978924,0.45084664,-0.5076578,-0.21275909,-0.775752,-0.20056438
0.23836479,-0.12782939,0.17874902,-0.3188623,-0.40221706,0.6403916,-0.8857283,-1.0792104,-0.2853625,-0.36187488,1.1682322,-0.12465002,-0.2694369,0.14206758,-0.36743775,-0.35262612,0.3857482,-0.9705442,-0.7313195,0.3416648,0.9332442,-1.0140042,0.3201862,-0.40599298,1.2401975,-0.45268318,-0.36969164,0.13893335,1.0041308,0.2501523,-0.48633143,0.043876458,-0.53112155,-1.1823304,1.4226049,0.6578198,-1.0078492,-2.2605197,0.64931774,0.2789242,0.36233523,-0.099272124,0.7624921,-0.48818418,0.28718776,1.4925629,0.4641347,0.59960204,-1.0551648,-0.100891694,0.28756964,-0.38072273,-0.89471877,0.06430705,-0.5087681,-0.6468119,-0.9314358,0.5833525,0.35771424,-0.5916416,-0.6615663,-0.1822413,-1.8624544,0.79843533,0.36002675,1.5489727,0.63357043,-0.074506186,0.2666518,-1.1302538,-0.6441255,0.3855749,0.6024302,0.06453923,-0.29262918,-1.2325029,-0.6666928,0.11440849,-0.14188679,-0.9519459,-0.784807,0.88275737,0.37742525,-0.38754767,0.2028226,0.19198035,0.037025847,0.33621854,0.23132738,0.13799146,1.9384938,-0.17822823,-0.41605556,-0.19725035,0.60443753,-0.59694433,-0.55737406,-0.15257381,0.48128933,0.72716284,0.66282046,-1.053458,0.25863284,-1.4169364,-0.06833274,0.41061443,-0.2526297,0.9471677,0.67056376,-0.71914077,0.17113659,0.55458516,0.59444004,1.4096321,1.3139008,0.31836182,-0.74992037,1.6345628,2.0403242,-1.0822539,0.48287517,-0.9248046,-0.80658734,-0.41308683,-0.5185013,0.41680092,0.6088011,-0.35802996,-1.5184462,-0.93228734,-0.76696855,-0.067309216,0.83926713,-0.62954754,0.09305255,-1.117956,-0.3329914,1.1381621,1.1452748,0.6970256,0.3860254,0.162641,1.0922977,-0.36188576,0.513168,-0.2251005,0.10086851,-1.0618253,-2.308976,-1.0419372,-0.24819945,-0.4461567,0.044697415,-0.4744933,-0.11794724,-0.0027588264,-0.07293994,0.86547786,-0.47047797,-0.7158711,-1.0308067,0.15498024,0.013871199,-0.26605487,-0.3454696,-0.26063454,0.2657853,-1.0148761,-0.76129115,-0.3898038,0.2744481,-0.9470086,0.12960097,0.03542182,-0.5268254,-0.100512296,0.64402956,0.68553954,0.1426712,-0.2325187,-1.0346131,-0.42518353,1.5960155,0.5293112,2.299536,-0.31899038,0.43465436,0.043371405,0.005064077,-0.088435546,0.2835058,-0.51279974,0.8784842,-0.3064519,-0.6268151,1.1596943,-0.16984794,-0.46107116,-0.8993035,-0.55173755,-0.16429684,0.18750405,-1.1422131,-0.46412644,0.4181051,1.7589173,-0.3711748,-0.5849717,-0.055614114,1.017007,-0.21754536,0.6918676,0.68272865,0.4721274,0.48119882,0.99627095,-0.072072774,-0.92953384,-0.5331923,-1.0605345,-1.1375875,-1.0708233,-1.3973134,-0.5956545,0.35389316,0.876216,1.147683,0.89132684,0.27335098,0.46447295,-0.5022996,0.92263156,1.085136,-0.040183686,0.28527248,0.23108809,-1.3790756,-0.5620864,0.26321173,0.45629695,0.34490436,0.18070485,-0.98982,0.5000897,-0.20724455,-0.30436215,-1.0172068,1.1736969,-0.88049823,0.46436805,-0.26792568,-0.091698885,-0.61943376,-1.4062108,-1.734095,-1.2096442,1.35745,0.687906,-0.15326165,-0.6932025
-0.3473168,0.31168994,1.0109963,0.6120848,-0.07059528,0.6552851,-0.57481545,-0.8055473,0.6999813,0.8001759,0.7081576,0.649235,-0.15925454,-1.0286795,-0.22722578,0.33155772,0.08208154,0.8081124,-0.06851754,-0.1305439,0.042696185,0.62635094,0.3420898,1.2427216,0.6885174,0.12499611,0.29208738,-0.3392691,-0.36739406,-0.8930436,-0.42668155,-0.062768646,0.47648883,0.9220984,-0.06999196,-0.88726723,1.0818849,1.4658018,0.11425053,0.91932297,-0.45204464,0.62024707,0.8951754,-0.20925997,-0.02794272,-0.6085446,-0.7708755,0.98603946,0.4469386,0.61938286,0.108701795,-0.2847035,-1.1256166,-0.87713015,-0.5523206,0.38032612,-1.9131287,-0.2084401,-0.6178854,-0.6324827,-0.1038565,-0.4883367,-0.44311067,0.26124918,0.15023644,-0.98333675,0.011036414,0.15889496,-0.40066183,0.006904674,-1.1880463,0.07817261,0.36270887,-0.3483376,0.9537947,-1.357021,0.34078377,0.023479482,-0.2594317,-0.31397513,-1.3816346,0.69152594,0.5351681,-0.49723265,0.4967747,0.051483348,1.1131519,0.21595873,-0.8734383,0.3372851,-0.98861927,0.19948977,-0.562809,-0.06509526,-0.5883649,-0.14389396,-0.69616115,0.15424791,-0.8163591,-0.21059798,-0.5317592,0.44786114,-0.59095407,-0.26456887,0.5990675,0.88836324,-0.23058781,-0.2961924,-1.3181211,1.0569059,0.3246838,-0.058575578,-0.036788743,0.2376902,-0.102290355,-0.17309354,-0.5408369,-0.20502885,0.3101129,-0.34505305,-0.6468823,0.20999214,-0.4331399,0.16626433,0.16114128,0.7317192,0.32926434,-0.20256935,0.39027098,0.98985934,0.4148713,0.37375596,0.5134467,-0.03987441,0.121291265,0.8674154,0.3859798,0.4717064,0.14768606,-1.6381215,-0.7504061,1.0852249,-0.36173695,0.08353068,-1.4807721,-1.121183,-0.35701716,0.7774589,-0.1042638,-1.0288535,-0.7126977,-0.656393,0.3204564,0.96207285,0.527128,-0.481402,1.1150084,0.4939401,-0.10766693,1.0534408,0.39508212,0.90374106,0.5366059,0.21089594,-0.02275905,0.21204598,0.7277594,-1.2091547,0.7556053,0.3765605,-0.16009812,0.7176501,-0.6103824,1.197466,0.9038335,-0.012488919,-0.6394987,-0.03475462,-0.51834136,1.2293614,-0.63592273,-1.3373733,-1.0893481,0.24137038,-0.7258507,-0.8051601,0.082097754,-0.547179,0.057161093,-0.41072088,0.19923723,-0.49900407,-0.23000886,1.378634,0.46138293,-0.5622903,-0.38480306,-0.7130621,0.8492292,1.0111284,-0.5760966,0.25759026,-0.40403977,-0.1132622,0.57451785,-0.5554359,0.14382684,-0.21762754,1.4812384,-0.050722733,0.66191846,0.40658438,0.781929,-0.46861267,0.1757388,0.39564395,-0.04726048,-0.16764268,0.1568375,-0.96742225,0.42130935,0.38045573,-0.6808758,-0.84556186,0.4403492,1.6571755,-0.47057325,-0.6087572,0.18720621,0.7923542,0.19286525,-1.7122705,-0.18734077,1.6029754,0.09788537,-0.2677872,-0.4090864,0.08380706,-0.47622788,0.9515018,0.33475527,1.1056291,0.78201187,0.44630244,0.7367945,-0.5957399,0.8682203,-0.94002134,0.55107653,0.88691,-1.000162,-0.34770516,-0.37525535,0.43170625,-0.105634786,1.1143687,0.121487275,0.10630874,1.0066538,0.2235804
0.9173436,0.23159486,0.60522425,-0.033855986,-0.65301794,-0.3494778,-0.343955,0.6482087,-0.029773077,0.6399688,-0.048425917,-0.19848241,0.66065305,0.6231756,0.2917996,-0.11113112,-0.996928,0.5880269,-0.39747787,0.8302647,0.51842856,0.700391,0.39975744,-0.3946046,1.0100043,-0.12852748,0.87982816,0.19473638,0.28176764,-0.4843672,0.013379599,-0.20774943,-0.61560494,-0.687254,-0.15663636,0.7642567,-0.7542176,1.8644507,0.56136507,0.18536054,-0.10513857,1.5780559,-1.574639,0.866643,-0.24945484,1.6425822,-1.4086661,-0.641455,-0.47884393,-0.31886765,1.4070698,-0.4774267,-0.22924948,0.9341101,-1.1476483,-0.27487344,-0.81989354,0.015032312,1.3141782,-1.1117563,0.23948312,-0.23511162,0.5567122,-0.47907335,-0.24473019,-0.53970575,1.3340137,-0.14417289,0.0063128797,-1.4117522,-1.2230618,-0.3611992,-1.3794458,0.112658605,-0.27532625,-0.7433917,0.8494461,0.79653746,0.17586274,0.09476246,-0.1180283,0.22249319,-0.25580895,1.0142027,0.68647075,-1.4222378,1.0617912,0.7040484,-0.083338544,-0.010495519,0.6164631,-0.76093096,-0.73249406,-0.360013,0.6432848,-0.57534486,-1.039304,-0.46734744,-0.519668,-0.74719447,-1.180892,-0.702478,0.17509325,-1.2376616,-0.027205436,-0.0782036,-0.7687117,-0.056537375,-0.09940148,-0.2489674,1.3749319,-1.5719088,-0.35809878,-0.73936176,-0.3397944,-0.8333708,-0.7591537,0.045833755,-0.1590636,-1.0889295,0.30649385,0.5526687,1.3433181,-0.4122872,0.26082328,-2.7735949,0.19174749,0.45276493,-0.13179447,-1.3035583,-0.8439366,-0.38664767,0.43372566,0.32364473,0.03718555,-0.026756546,-1.627447,0.9584296,0.37839466,-0.14785813,0.09188031,0.43709034,-1.1995108,-0.5304176,-0.8573675,0.024862772,-0.5878086,1.6232612,1.5860426,-0.56065637,0.31932038,0.20940141,0.16068292,-0.20892942,0.36761346,-0.6977554,-1.0029411,0.11469199,0.15779532,-0.38787258,-0.7898071,-0.39909983,0.75260514,0.2921033,-0.057505008,-1.2379496,-1.7114213,-0.16690531,-1.3495672,0.827975,-0.5295507,0.18047348,0.5549693,1.1701778,-1.0894208,0.008409457,-0.48400173,-0.93421406,1.8246036,-0.58530754,-0.17008117,0.10598712,0.41307777,-0.630433,0.37160355,-1.3520268,1.0407629,-0.17392805,0.25852263,0.16396077,-0.19164163,0.27745435,-0.389591,-0.63049996,0.42270982,0.22668752,-0.17858669,-0.28036222,-0.20996656,0.9362259,-0.4095219,0.35377878,0.29625213,0.066766866,1.4049808,-0.018081835,0.26609513,-0.5242291,1.0762148,-0.8936124,0.26384422,0.58681047,-0.38228232,-0.32740095,-1.0268,-0.27199453,-0.77253675,0.8031375,0.17657489,1.2087994,0.87126935,0.4699954,0.099002525,-1.0595369,-0.0892958,-0.5488136,-0.30580682,0.48047775,-0.0022902293,-0.8570911,1.0043076,-1.0528392,-0.60634345,0.36828455,-1.4401674,-0.75958806,-0.32515335,-0.028253386,-0.19631955,-0.2664733,0.6213331,3.4455376,0.19757931,1.2014943,-0.09587245,-1.2763611,-0.11348431,-0.03882516,-2.1955159,0.25969407,0.07407778,-1.2476476,-0.2762635,-0.32792595,0.59995854,0.060256507,0.21415256,-0.20957641,1.1753112,-0.81767416
-0.08163574,-0.5222322,-0.2537238,1.0418735,0.1811621,0.25275064,0.112616435,0.21538806,-0.12227992,-0.7124835,-0.25927195,0.031107483,-0.59501714,0.62464404,-0.37837178,0.3021122,0.3351056,0.8758908,-0.14440547,-1.12305,0.09392047,-1.1608294,0.707755,0.26681644,-0.07413591,-0.88182586,-0.017196592,-0.19519266,0.19476365,-1.2462589,-0.16341606,-1.6211965,0.5987828,-0.39911485,-0.48181143,0.59207237,0.7458648,0.4436912,-0.0355734,-0.3062578,-1.1195261,0.1706875,-2.2889602,-0.3473628,-0.5021474,0.508862,0.9257944,-0.24021108,0.7678978,0.08450361,-0.51712143,-0.5460316,-1.0847926,0.3910373,0.18986341,0.85327667,0.9894037,0.15191439,0.61687446,-0.9634635,-0.5269575,0.055466976,-1.3094449,0.12730566,0.2802028,0.1497377,-0.5127679,0.15259399,-0.17536512,-1.5309306,-0.13354918,-0.85073346,0.30736223,0.2639279,0.5110784,-0.29344815,-0.27569467,-0.10257811,0.7783503,-1.2170061,1.0189824,0.09307738,0.46716592,0.6296322,0.8654972,-0.56131005,1.102567,-0.9724484,-0.17816444,-0.89012027,0.19590487,-0.4723722,-1.2541316,-0.44715315,-0.4737201,0.05391689,0.3477119,-1.1615063,0.7648668,-0.85248196,-2.4680102,0.48485222,-0.7973821,-0.3016308,0.43229705,-0.09105834,-0.5515187,-0.7362908,-0.41430664,-0.6878333,0.14328445,-0.10421275,-0.2945024,0.6451901,-0.4541248,-0.7139694,0.5824609,-0.78943837,0.021206927,1.0513513,-1.2432203,-1.2234085,0.8934294,-0.7995189,0.5058617,0.20394966,0.68578094,0.9945882,0.6663794,0.7889272,0.4210312,-0.06337992,-1.7890204,0.4996851,-0.54192233,-0.8609398,0.31041965,-1.2452973,-0.2931842,1.1156517,0.13213953,1.1992925,1.5584339,0.5140681,0.7051655,0.010590074,1.13912,0.43489274,-0.08652201,0.4101008,-0.5427959,0.02476996,0.95056665,0.25687504,-1.0803248,0.996026,-0.8954268,-0.1379989,0.5438878,0.057719648,-0.50730824,-0.81205493,-0.37370428,-1.0508143,-0.65305746,0.22635104,0.51970357,-0.17057957,0.71257126,0.45330116,-0.07400276,0.39780998,-0.10737309,-0.09922999,0.80187714,1.2804934,-0.08932249,1.51595,0.89372575,-0.21344402,-0.20578066,-0.20610474,0.31771874,0.15010293,-0.29951385,0.38575158,0.009217444,1.2976122,0.058117937,0.8038949,1.6529449,-0.84561265,-0.86021686,0.3960824,1.6810231,-0.5878998,-0.16864055,-0.9736177,-1.1948581,0.89760077,-0.26701412,-0.15444827,0.23404478,0.42474928,-0.18904443,-0.13168173,-0.45973548,-1.1324425,0.22916791,-1.8849462,1.516053,-0.18253197,0.2601181,-0.40447623,-0.07839695,-0.98041564,0.63065106,-0.21232887,-1.9649167,-1.3352168,0.332841,0.8409106,-0.015964232,0.24621065,-0.7192636,-0.20553723,0.5563573,-0.340519,-0.6224049,-0.2048682,-0.2103695,-0.60844386,0.45072234,-0.35788873,-0.75603455,0.099973954,-0.7307039,0.12514716,-0.72691,1.3174925,-2.1203315,0.35711324,-0.92896414,-0.11385237,-0.50539565,1.1664855,-1.3500577,-0.05044378,-0.17592305,-0.10230977,0.42089924,-0.99062556,0.12062475,-0.88676006,-0.47444847,0.22635832,-0.3040888,-0.76128334,-0.46921763,0.3368508
0.06556205,-0.62712455,0.4291419,-0.6063319,-0.8974628,-0.4380153,-0.095355704,-0.24493717,0.04793478,-0.16594084,0.79602957,0.046453632,0.47856775,0.056792885,-0.23272802,-0.6463579,0.67901987,0.36573946,0.37461376,0.059693646,0.61835605,-0.60990125,0.32576573,-0.06887712,-0.38923395,0.040848073,0.030768437,0.42307973,0.40956312,0.10213695,-0.3932118,0.3223115,-0.0449552,-1.0689143,-0.1449596,0.60999423,-1.6131047,-1.0858252,1.3536757,1.0493405,0.57728434,-0.32319194,-0.12695101,-0.6383339,0.9556638,0.2763059,-0.739374,0.073242754,0.5184829,0.16628473,0.099430226,-0.5640342,1.5145452,0.1398369,0.5676805,0.88495266,-0.27389053,-1.1972994,-0.7169966,-0.3356404,0.38562286,0.88923305,-1.2801329,-1.0068868,1.2476968,0.48516965,0.27828863,1.162419,0.53092724,0.6637182,0.91218925,0.4984177,-0.39005452,0.6740956,0.45647725,-0.01092581,0.30078027,-0.6059356,-1.567149,1.2144189,0.03353776,0.47451955,-0.18743879,0.22879636,0.49132946,-0.11834177,-0.36671615,0.07582497,-0.66688025,0.5876135,0.3215066,0.38135484,0.37070152,0.47385114,0.68014044,0.64761645,-0.51887316,-0.31825423,0.2442113,-0.61121887,-0.04379056,-0.6183796,0.99658793,-0.73761857,0.123670034,-0.95860195,0.8415863,-0.093532935,0.7288896,0.019450828,-1.0296804,-0.08524729,-0.34950933,-0.294926,-0.01037898,-0.3661447,-0.20300646,-0.23464471,-1.5685039,0.091877766,-0.7040306,-0.2701734,0.24523969,0.47135347,0.34187582,-0.06520414,0.21416727,-0.0071911807,-0.6126972,0.36829215,0.09342503,0.86465853,-0.24819018,0.27263746,-0.640597,-0.40667376,0.43573698,0.5246251,0.0020829781,0.7445844,0.452121,1.1206024,0.055733625,-0.15259771,-0.33660874,0.33349416,0.016592184,-0.7875623,-0.877386,-0.091701336,-0.2868298,1.1037803,0.11235894,-0.85140646,-0.5966605,0.4107364,-0.01863834,0.32379237,0.81428635,0.12998103,0.5191165,-1.6234554,-0.7847145,0.71368223,0.008312085,-0.63874114,-0.2308569,-0.65103394,-0.20888022,0.2752029,0.1941408,-1.0721046,1.6205512,-0.86045706,-0.3860966,1.8991414,-0.03328499,-0.17701644,-0.37080702,0.42494124,1.8859023,-0.4424651,-1.5006466,0.46675444,0.7389861,-1.1146119,-0.3139617,0.001089433,-0.10260296,-0.22340932,0.23305911,0.352552,-0.41280368,1.2194778,-0.2748131,-0.9331487,0.25121242,-0.3155052,-0.08643824,0.13469931,0.4133401,0.3988492,-0.16786407,-0.11141627,-0.19834107,-0.45415673,-0.6776807,0.44891435,-0.29285592,1.0366572,0.3940277,0.5225478,-0.84093577,-1.027879,-0.030060023,0.6322653,-0.6540277,0.14634699,0.50502604,0.14096136,1.0117049,-0.11008636,0.4246337,0.39834845,0.9163365,-0.597818,0.33596638,0.52468246,-1.2703494,0.4568197,0.55390173,-0.40490657,-0.8086049,0.893806,-0.38327008,0.019979432,0.19658357,0.108728096,-0.9475454,0.038598917,-0.19057494,-0.3268059,-0.6293074,-0.4963783,1.2876542,-0.30242878,0.693421,-0.10125742,-0.092590205,0.31316546,0.22775324,0.65643394,-1.4416641,-0.07451158,0.5683803,-0.5180978,1.7273179,-1.2095683,0.14626516,-1.4497961
-0.8790025,0.57309204,-0.89186203,-0.30885762,0.017001795,-0.39112258,-0.7122618,-0.3802692,0.036377583,-0.3119957,-1.4920397,-0.13871443,-0.2311665,1.3896438,-0.36968657,-0.8984343,-0.47841606,0.36300173,0.80132,0.09912101,-1.7232814,-1.0108224,-0.060333043,0.57498676,0.8907489,0.14517201,0.4962944,0.3441701,-0.23659647,-0.24507228,-0.72686446,0.17078768,0.9658193,-0.16828701,0.006884531,-0.24236147,-1.6280946,-0.78496915,0.13509925,-0.7888211,-0.7173547,-0.012305273,0.7696708,0.5939727,-0.17144215,0.6541744,0.6228399,1.199802,-0.6868006,0.2256711,0.13122799,0.8150256,0.23953852,0.14870413,-0.94496757,0.53371686,0.16141637,-0.46681958,-1.0177008,-0.3918665,-0.57251734,0.909457,0.20377076,-0.8150483,-0.28535572,0.50272113,0.40118936,1.0165777,-0.056407273,-0.16020857,0.37016845,0.85501134,-0.3666166,-0.30108935,0.49787965,-0.3473226,-0.29208204,1.6193693,-0.22949958,-0.35997623,-0.13868473,0.94061553,0.8097148,-0.45024005,0.27512,-0.44722232,-0.66511947,-0.13843,0.030182937,1.2590909,1.0879191,-0.68619776,-0.5690729,-1.1534413,-0.93823093,0.16044748,-0.55090845,0.3047268,0.38865057,0.41330302,-0.28393987,0.6435521,-0.2826296,0.09944722,-0.4700991,-0.30475456,-0.4492124,0.058738776,0.18281698,0.9853528,0.3808882,-0.6795546,-0.7740967,0.1310721,0.6324174,0.7164263,0.145705,-0.6392459,-0.0104740495,0.8114366,-1.7978922,-0.42542857,-0.13247134,0.33508033,-0.23413552,1.0385586,0.77321243,-0.84581697,0.6413348,0.58036554,0.78824055,0.16839378,-0.73947966,0.1692728,0.07731246,0.417999,-0.21717858,-0.7750738,-1.3120542,0.0039038884,0.49149248,-0.3576991,0.049463093,-0.79652864,-0.83947027,-0.12337438,-0.63765615,-0.44778445,0.46227196,1.5722799,0.6911748,0.3202556,-0.14212522,-1.1644002,0.5244422,-1.0831134,0.696973,-1.6722915,0.15562728,-1.3786479,-0.24659935,0.5720319,0.011242209,-0.44628996,-0.15806064,-0.56555265,0.07360942,-0.81598926,0.76459205,-0.0010952,0.8040276,-1.3562412,0.45356888,0.24638575,-0.7567076,-0.26124805,1.1039739,-0.99708366,0.65607524,-1.2447895,-0.34767684,-0.2666507,-1.0431455,1.553706,0.51827854,-0.6806219,0.041865867,-0.25157735,-1.7841809,0.54210067,-0.11139917,0.4171777,0.52390736,-1.5681276,0.48209447,-0.27784956,1.3860866,-0.8847967,0.019050399,0.027780665,-1.1758925,0.055754963,-0.38453433,-0.03282335,0.73616076,0.498585,0.21532425,0.5394183,0.16806342,0.46242037,1.2463155,0.31806543,0.54579544,0.97783494,-0.31883922,-0.5117166,-0.65801966,-0.5435603,0.1974022,-0.22874968,-0.14588824,-0.6046046,-0.00036535086,0.232319,0.6815931,-0.7762231,-0.052329037,-0.8091184,-0.21673304,1.0666648,-0.18274428,0.37471563,0.09754839,1.6745665,0.620428,-0.11263521,-0.1272521,-0.048339423,0.7225288,0.53004444,0.1786503,-0.13896394,0.62485486,-0.901002,0.21325019,0.35751486,0.23133178,-0.50146484,0.51324,-1.0647738,1.7809438,0.102386475,-0.19163011,0.23766577,0.12451644,0.6860119,-0.8642931,-0.13131616,0.2959396,0.2704938
0.022102263,0.054551397,-0.08870202,-0.16626684,0.48060158,-0.23523377,-0.47958568,-1.2577502,-0.49331835,0.20140971,0.99481416,1.4579988,-0.11792249,0.75088453,-1.2444855,-1.0377648,-0.073149614,-0.34220824,-0.15870789,-0.20027228,0.13031301,-0.08074752,0.89112884,0.37446386,0.05298835,0.4061034,-0.390743,-0.38127077,-0.9146595,-0.43900573,-0.26033327,0.05739826,-0.5583632,-0.88327146,-0.4190093,0.5490097,-0.19867784,-0.9293737,-0.69774306,0.28015634,2.1376853,-0.62194085,0.618534,0.21520641,-0.22628555,0.11995303,-1.0037926,0.35800546,0.6638639,-1.0534478,0.08042443,-0.48283723,-0.89256,-0.89517784,0.839217,-0.37395862,0.9537776,0.048885975,0.11410712,-0.040917523,-0.6423125,0.65538013,-1.0133698,-0.51060563,-0.9350768,0.51284397,-0.41936034,0.017125374,-0.3981986,-1.1784514,0.3451153,0.2589499,0.51976675,0.02192384,0.7712829,-0.8587408,-1.653649,0.25270498,0.9962546,0.108429514,-0.7366842,-0.43530843,-0.2927996,0.40688685,-0.67935556,0.29203725,0.120485306,0.56462824,-0.8283615,-0.022304095,-0.3999418,-0.5918362,0.09744143,-0.71721286,0.32861668,-0.3667458,0.35605612,-0.585568,-0.91606903,-0.5251226,0.34835368,0.22259477,0.42309344,-0.12688315,0.14020212,-0.20473446,0.55991644,0.11616703,-0.48578206,0.02176518,0.41565144,-0.5369555,0.460816,0.46792555,0.11242651,-0.81589645,0.4498671,0.2844505,1.3430202,0.25009474,0.23059814,-0.175196,-0.67018235,-1.1049227,0.36377048,-1.6233315,-0.4928951,-0.21086682,-0.08329317,-1.6659256,-0.4084316,-0.9584553,-0.3378899,0.474897,0.99709445,0.086024165,0.60573876,0.7402564,-0.50630313,0.6455281,0.043509994,0.40164623,-1.5419348,-0.8313336,-0.67407876,0.9515598,1.1121597,-1.0912409,-1.2313752,0.2863641,-1.3864974,0.79573166,0.21602096,0.15896377,-0.5195282,-0.38929787,0.28966677,-0.15971453,-0.3733528,-0.117240585,-0.6099896,-1.7290136,-0.17249513,0.6929316,1.4871076,-0.75474364,-0.19656077,-0.37016684,-0.115778744,1.0414722,0.45130742,-0.9387191,0.63851863,0.37165847,0.4439313,1.7968888,-0.7629662,-0.74248564,0.26923868,0.20484215,0.4750336,1.5618947,0.07311971,-1.0910597,0.3135549,-0.06624374,-0.17041613,0.37249202,0.65662074,0.046558112,0.081723355,0.26658913,1.1545397,1.3920377,-0.066301435,0.7323327,0.35241523,0.034884367,0.44353566,-0.35848296,-0.18049271,-0.46614847,-0.4167335,0.37948593,-0.230435,-0.507452,-0.10617133,0.27561614,0.43870062,-0.1706079,-0.33003026,0.35312867,0.5911956,0.40102997,0.640602,0.4368285,0.28868216,0.23674709,-0.6501073,-0.24346209,0.09706243,0.23003365,-0.2980995,0.5710327,-0.69168115,-0.09307265,-0.0964934,-0.13866596,-0.182215,-0.35937214,0.22870119,-0.052217014,0.34657294,-0.83303845,-0.23836392,-0.71325034,0.73128694,0.5776337,0.07314858,0.96901226,1.2582651,0.90285283,-0.49587837,0.45159727,-0.63276714,-1.1895974,1.8854977,1.4749948,-0.08452014,0.5484492,-0.112926655,-1.3492997,-0.5721438,1.2118546,0.8788892,0.6443713,-0.28911415,-0.11652742,1.0227072,-0.5336275
-0.5378914,0.62495816,-0.7158401,-1.1504446,0.15878169,-0.29405388,-0.29457474,0.31409773,-0.13062477,-0.013469539,-0.12248595,0.8511957,-0.40090337,0.858052,-0.24192677,-1.2783606,-0.09634684,1.0835688,-1.1659116,0.012307017,0.1203019,0.025036937,-1.0765651,-0.28154147,0.23619597,0.10428661,-0.45245084,0.1414059,0.4360446,1.0229112,-0.60803676,-1.6794127,-1.1304475,-1.2563857,0.6321473,1.8517693,-0.58109957,-0.39740735,0.07201613,-0.48228964,1.125768,-0.5167154,1.1269344,0.4270541,-0.8954814,-0.8460861,-0.3242199,-0.057094213,-0.9915924,-1.0572071,-0.29763067,-1.0163494,0.087925844,0.44615084,-0.32054928,-1.0748036,-0.771587,-0.99705297,-1.1940601,0.4974,-0.46990243,0.5497983,0.56098235,0.3085859,0.86482465,-0.14633316,0.18839982,0.13210084,0.17819288,0.50413084,-0.21660471,0.07775418,-0.8837574,-0.29071924,-0.724487,-0.56831735,-0.18535635,0.31733003,0.5760928,-0.017260239,-0.6105118,-0.79248077,0.13684717,0.816624,-0.5914052,0.9705366,-1.0080123,-1.592063,-0.056001574,-0.9969577,-0.69256353,0.87785,0.5515768,0.060139302,0.70634544,0.33127645,-0.28200674,0.11176561,1.497797,-0.32692915,-0.040986154,-1.2877488,-1.491567,-0.8156389,0.864815,0.68045926,-1.2742249,0.093945116,-0.7132569,-0.25647855,-0.20441535,0.19272955,0.47232834,-0.9540795,0.000917273,0.088429004,-0.34968832,0.89999455,1.1533715,0.4544937,-1.2982051,-1.5295848,-0.2927463,-0.3699707,1.2800845,-0.37968293,-0.6445116,-0.19795287,0.8524397,-0.39170015,0.32032618,0.07263128,-1.5272875,-1.7378997,0.5107218,0.77212805,0.17874025,-0.49232528,0.45835656,1.3634335,0.95362234,0.35194263,-0.18844593,-0.40198907,-0.0027017056,0.87534726,0.46169838,-0.4040859,-0.54507875,-0.8895753,-0.752999,0.13573739,-0.16550802,0.53013384,-0.87382865,0.99839365,0.3387312,-0.7586167,0.26927808,-0.6960399,-0.9404384,-0.63162076,-1.6802169,0.47223407,1.9221777,-0.109557316,-0.06545255,-0.19432315,1.0827857,0.5086115,-0.032752167,-0.39363718,-0.14559248,1.3922758,-2.4470584,0.24950394,-0.9501573,-0.5070504,0.68248534,-0.050496764,0.62525654,-1.3416322,0.87552315,0.973554,-0.5873682,1.0511817,-0.26908535,1.2875963,0.042384107,-0.5534984,-0.07013223,-1.0391855,0.101308234,-0.27920425,0.5662743,-0.59272474,0.24142112,0.06626698,1.0645075,0.90325284,0.07487924,0.72136515,-0.40465227,0.9900631,-0.6994646,0.21214187,0.27402413,-1.0030802,-0.20568779,0.23873648,0.42088017,1.0400038,-1.3956848,0.65641284,-0.6869297,-0.19003177,-0.17890374,0.2948168,0.17203045,0.2723628,-0.7732352,-0.66059136,-0.46320164,-0.04115799,-0.22546889,-0.47690675,0.39606598,0.24330498,0.9279164,-0.954632,0.23915395,-1.2475213,-0.71530265,-0.5536524,-1.2791396,-0.17865665,-0.2931568,-0.34394506,-0.20743327,-1.6570433,0.8975603,-0.27784175,-1.7850308,0.17040682,-0.018987926,1.2190427,-0.22746621,1.0861733,-0.4933305,0.8174405,-0.8654544,0.8292148,-1.4042339,-0.6021803,0.69058156,0.6949236,0.2857586,1.4603113,0.15809992,0.10127723
-0.42916492,0.42165112,-0.16340555,0.26639578,-0.971192,-1.3790019,-0.2786959,-0.40632457,-0.16575369,-0.058998868,0.11241993,-0.51438475,-0.23056352,-0.3186428,-0.65329355,0.4037242,0.5025988,-0.48172152,-0.9831119,-0.15021491,0.811934,-0.8925101,0.68468225,0.19669627,-0.18107028,0.40494817,0.4573756,-0.5364094,0.18510903,0.61245006,-0.15473692,0.4204084,-1.227,-0.4087355,-1.4534433,-1.6892252,-0.3406305,0.6710199,-0.11494905,1.4253954,-0.06721381,-0.10518188,-0.33639798,0.9473447,0.82761264,1.1675795,-0.9642999,0.18443912,-0.2051687,-0.36939332,-0.47885734,-0.34615943,-0.349668,-0.52381223,-0.507303,-0.18189713,-0.80484384,0.769306,0.41292557,0.6884687,-0.4764606,0.13935632,0.7534556,-0.26514408,-0.51240027,-0.6790795,-0.19202605,-0.28081396,1.2102714,-0.60288155,-1.010586,-0.2841148,-0.4512376,-0.6815,0.35418454,1.3823693,0.7106306,-0.2233182,-0.6003697,0.041964818,0.26747698,0.24953471,0.43432078,0.7964963,-0.021447835,-0.6094465,0.329235,1.1306344,0.5334567,0.32863328,0.16871677,-0.63491493,-1.2077758,0.2714513,-0.33830714,0.63666046,-0.32605654,-0.651109,-0.64987785,1.1047485,0.27957216,0.21714099,-1.2006379,0.23671326,1.0160289,0.13155495,0.81762636,-0.25098085,1.2745143,-0.28272805,0.77312756,0.9304713,-0.570411,-0.23601398,-0.6839977,0.24170999,-0.46139827,0.061983064,-0.14723441,0.8390766,0.15791506,1.042875,0.6998623,0.13502043,-0.20844804,0.35488018,-0.2873997,0.6800827,0.24792193,-0.679985,0.22691537,0.28533533,-0.25195423,-0.20501156,-0.4356644,0.78049755,0.9250348,0.08908648,-0.32691932,-0.14522932,-0.9403627,-0.45132688,0.30504268,-0.4600886,1.397903,0.7886981,0.37674454,0.25362778,-0.09921393,0.7251548,0.10499534,0.06938938,-1.1957791,-0.13496773,0.4822052,0.34898782,0.646569,0.31669706,1.0618968,0.77785385,0.44961354,-0.043402396,0.48380345,-0.19300689,-0.4758843,0.28392044,-0.32387188,-0.86722714,0.3543389,-0.18942833,0.3825985,-0.27864975,0.36025777,0.39599943,-1.4477614,-0.39140084,0.76865077,-0.51932335,-0.93046886,-0.035926037,-0.50829047,0.1253896,0.6268786,-0.37452108,-0.84650475,-1.580836,-0.749278,1.2219077,-0.48153734,-0.25117415,-0.3230282,-0.52505416,-0.6863007,-0.5363463,0.3604362,-0.37779388,0.32418966,-0.39189997,-0.7438075,-0.91191906,0.75837547,-0.6372763,-0.36296842,0.1529336,0.22687544,-0.03545987,-0.2598786,1.1644814,0.48957473,0.8978692,0.13391365,0.10599648,-0.23837607,-0.3821175,0.21965134,-0.5320051,-0.029468488,0.40962344,-0.14182769,0.10482418,-0.8820872,-0.44724596,-0.46972078,-0.61231226,0.0375382,-1.5470665,-0.039888434,1.3961358,1.2563552,0.13659021,-0.9540061,0.5499478,-0.085096784,-0.032140523,-0.20974836,-0.9642338,-0.82076985,0.11164218,-0.9743702,1.0324128,-0.0320743,0.8202327,0.7009922,0.9163737,0.25899163,-0.27147704,-1.194724,0.2328087,0.36911023,0.56393325,-0.0072982945,0.6148201,-0.114402756,0.18408294,-0.34445742,-1.843282,-0.40157115,0.094200775,1.0090532,0.12672032
-0.031609174,0.37250772,0.34985635,-1.2825148,-0.60496193,0.031936858,-0.23700099,-0.102721825,-0.1256593,-0.013668818,-0.08957189,2.285652,-1.2977298,-0.5667004,-0.814696,-0.57335013,-0.44033262,-1.6328236,0.05557049,-0.42193428,-0.3218923,-0.56767446,0.019781489,0.014854587,-0.04641494,1.3292154,-0.097511604,0.038973242,0.5645367,-0.38593224,1.0977792,0.04109676,-1.1383556,0.047258884,0.00916326,-0.22945558,-1.251075,0.38335395,-0.10145167,-0.6695978,-1.2702954,0.2248364,-0.9820767,-0.6452303,0.41883972,-0.1561454,-1.3838338,-0.86766833,-1.2361861,0.3849785,0.31181762,-0.041693725,-0.07801829,0.007985536,-0.027011577,0.47352782,0.10236661,-0.115327284,-0.7356936,0.5278667,0.22906269,-0.7488738,-0.8852107,-0.6128498,-0.45370552,-0.4114732,0.08487431,0.41296327,-0.09483188,0.7756007,-0.037635826,0.31455487,-1.3689318,0.18897417,-0.18861939,0.64427835,0.25969023,-0.2547333,-0.4833396,-0.50745803,0.32805514,-0.8239484,0.3796525,0.81211823,0.23856412,-1.3599335,-0.914065,-0.72085077,1.0432341,-0.37670282,0.039167807,0.33990282,-0.9317474,-0.123084694,-0.1571701,0.27959904,-0.383886,-0.7196686,-1.0400476,0.4863754,0.34814066,-0.014776398,1.026737,-0.14387229,-0.38469955,-0.44730166,0.08296824,-0.07944315,-0.9849957,0.44307294,0.09061353,-0.16239716,0.27229583,-0.2912753,0.09211473,-0.19106871,-0.3861793,0.12006224,-0.7735273,-0.60390586,-1.7463833,0.3901119,0.5083717,-0.16341117,0.3426614,0.8823254,0.75858116,-0.6693853,0.46574953,-0.15206993,0.40297055,0.38144898,-0.5776435,-0.60208124,0.7544087,-0.15166393,-1.2734178,-0.19346608,-0.13427638,-0.14261101,0.21790892,-0.5922044,-0.015755866,0.038757116,-0.53292584,0.6829633,-0.33202994,-0.63791513,0.34630498,1.0767006,-0.80825704,0.117936686,0.3155879,-0.31728783,1.2451643,0.09320988,-1.2600441,-0.71055067,0.51339304,0.44533998,0.09197505,-0.5525245,-0.14226106,-0.042512614,0.38657725,-0.23645775,1.3276358,-0.25248602,0.8297319,-0.1176407,0.3618026,0.13744359,-0.60239816,-1.697669,1.876897,-0.74383783,-0.20135164,0.8162137,1.0768435,-0.118744545,-0.3976992,-0.46622142,-0.048643287,-0.033354633,0.5356875,0.14312409,-0.1300295,0.30890322,-0.1155328,-0.38197488,0.48841742,-0.24101642,-0.46105066,1.7608972,1.9902892,0.23694035,-0.8414797,-0.01794623,0.089834616,-0.5395457,-0.4041511,-0.3741356,-0.45616,-0.4852535,-0.34469825,0.013433713,0.52189827,0.55383056,0.00437159,-0.3475614,-0.19119196,0.061308455,0.8134903,0.12310575,-0.02111729,-0.7505419,-0.6892826,-0.1192017,0.663069,-0.997515,-0.65158474,-0.22436304,0.93587315,-0.11289309,0.17902012,0.02682675,-0.36401817,-0.23701437,-0.16450989,1.1191537,-0.9460825,-0.29725364,0.03644461,-0.6022723,0.7010699,0.7650834,-0.055091046,-0.10910306,-1.0425681,-0.25245082,-0.14052087,0.98527116,0.11746243,0.45322934,0.7712766,0.27217835,0.7732881,-0.12477891,-0.6513856,-0.71189934,1.7701145,-0.98539054,1.9752476,1.1121708,-0.54397,0.48646668,-1.0072668,0.06791998,-0.8673051,0.08189312
-0.55514956,-1.9430869,-1.1233121,0.5165691,0.32255873,0.16241416,-0.11437537,-0.0028634095,-0.7008054,0.53757054,-0.04808993,0.36432022,-0.56643957,-0.35444018,-1.1919597,0.43050432,-0.18401204,-0.33768603,-0.2773544,0.16875318,-1.081406,-1.3387847,-0.30592966,0.24615905,-0.74877596,0.11405602,-0.768197,1.5508541,0.8893254,0.32143795,0.07666369,0.6737229,-0.35813272,-0.34363598,0.5161656,0.40302855,-1.432132,0.78558606,-1.2632017,-0.2488065,-0.37446997,-1.0069778,-1.616117,0.3005335,-0.6428246,0.059629716,-0.051817022,0.25585538,-0.416125,0.4620909,0.062109612,-1.289472,-0.55471563,0.5555587,-0.29929152,0.9629855,1.3914222,0.6786895,0.053546365,0.041598406,-0.07956696,0.7717658,1.1934868,0.3562392,0.15872666,-1.0992404,-1.5443898,0.034263,-1.0023708,0.44499224,0.17353907,-0.8301904,0.049501386,0.31784502,0.6277995,0.7317031,0.53282684,0.20299439,-0.71548426,-0.47304016,-1.4439714,-0.4600125,0.26564074,0.42039913,-1.4404789,0.18566923,-1.1543887,-0.40275696,-0.5239307,0.11144201,0.21602549,0.7002709,0.2683945,0.88123715,0.11913078,-0.40069395,-0.63411456,-0.062197328,-0.6221746,-0.69018024,-0.73401046,1.2598118,0.8085809,0.06714347,-1.420626,-0.7565108,-0.5374473,-0.33037063,-0.107606865,-0.15193637,-0.7601189,-0.09712529,0.9525555,-0.18911423,-0.49984604,-0.5640624,-0.013830396,-1.0159373,-1.0270582,-0.03382845,0.047598336,0.22845322,-0.24785362,-0.104953125,-0.4690062,-0.110358745,0.95424604,-0.46508685,-0.5359809,-0.59215933,0.6085939,0.5208311,0.3854119,-0.1686789,0.45615035,-0.07209344,-0.6965503,-0.398423,-1.7223333,-0.7956057,-0.5977819,-0.34059992,-1.3767292,0.49052998,0.51881796,0.9632116,0.027667165,0.26677376,0.60693526,-0.75743514,0.0941254,0.5652503,-0.5505824,-0.55708086,0.05348144,-0.22642614,-0.10862606,0.265288,0.07952793,2.2286673,0.75225747,-0.20184307,0.53206664,-0.13325901,-1.073566,0.29729417,-0.6081934,0.6729049,1.35011,0.21628016,0.79478186,1.3965347,-0.7263224,0.49529895,-0.030259216,0.09911571,0.2691424,0.5128344,0.5938234,-0.5182845,-0.026332604,-0.9855766,-1.2658405,0.79805005,-0.67011714,0.8412284,-0.15772076,1.6490742,-0.024541913,0.13943587,-0.31808817,-0.96894264,-0.13983612,0.7109874,-0.65197545,0.8510925,0.03183652,-0.30644503,-0.03928374,0.20263964,-0.6942304,-0.19806243,0.9798879,-0.5516493,-0.5025958,-0.17503232,0.1589422,0.7586267,-0.050454106,-0.06424243,-0.61685205,-0.30170923,1.4739686,-0.30241027,0.83781755,-0.0925739,-0.18681687,-0.21395695,-0.4203603,1.1112559,-1.5263842,0.3714674,-0.3354873,-0.47159785,-0.2159393,1.8833008,0.65938604,-0.80933726,0.8960371,-1.0696542,0.39619496,-0.7041066,0.28252196,0.6332454,0.48935258,0.6430583,-0.01552909,-0.24750392,-1.0728661,-0.7392287,-0.95136243,-0.64352065,0.93288726,1.5993471,0.007582627,-0.4705926,-0.7647649,1.234054,-1.3673217,-1.845044,0.35280102,-0.6000294,-0.20043375,-0.6444592,-0.3253771,-0.4445756,-0.19773847,0.6116889,-0.23469535,-0.14868791
-1.9531794,-0.99341744,0.14078446,-0.35652295,-0.7786938,-0.26155815,-0.4585338,-0.3366725,0.2941658,0.12219417,-0.20802324,-0.07184113,-0.14506997,-0.49365702,-0.52985203,-0.5439776,0.33338374,2.0638144,0.028428819,1.8468277,0.43880084,-0.537896,-0.83324325,-0.29530424,-0.91568774,-0.84349644,0.81338096,0.64042634,-0.339869,0.19292688,0.9562836,0.13231249,0.14101382,-0.09294821,-0.62420297,-1.257647,-0.9650235,0.66045123,-0.6107464,-0.6373656,1.0875608,-0.75346524,-1.4023616,-1.0369847,1.0927006,0.007497612,-0.17138226,-0.26898292,-0.6634212,0.02282801,0.80819637,0.023866901,0.30137828,-0.8075008,0.3338014,-0.8171205,0.7893498,0.93696254,0.19446331,0.31801167,-1.2119535,1.5833725,1.261806,0.41711447,-0.40404046,1.4680912,1.023023,-0.081672736,0.6095518,-0.017755272,0.22915539,0.51478213,0.7035276,-0.22414492,-0.026478242,-0.5803224,-0.522865,-0.38218108,0.10168528,-1.3934996,0.8269901,-0.3484076,0.48183686,-0.252225,1.0687332,-0.7600444,-0.79829395,-0.6101224,0.18265717,-0.27997378,1.0433041,-0.3815917,-0.025652865,0.9762984,0.39586952,0.6520124,0.07622727,0.3775974,0.044653386,-0.50043154,-0.61600965,-0.35114095,-0.86084163,0.50521725,0.09670023,-0.60676074,0.7693354,-0.5532748,0.48957476,1.0846064,-0.17563279,1.0705767,1.1055522,0.47758216,-0.24332902,-0.17237706,-0.29277027,1.513888,-0.1436005,1.3406523,2.0564559,2.0485556,0.43728805,-0.61457,0.47999978,-2.5749311,-1.2599026,1.0346117,-0.5586241,0.44388816,0.56342137,-0.17778304,-0.697101,-0.7107566,0.84745127,-0.108495556,-0.79653466,-0.7452322,-0.33705714,0.09284451,0.6580606,-0.11445444,-0.38422668,0.54480803,0.8431403,0.3808767,1.3395633,-0.77281255,-0.16763596,-0.31041944,-1.0061017,-0.7876283,0.28912473,0.5142357,0.44363183,0.22457266,-0.7717803,-0.04798928,-0.14524284,-1.2513494,0.33270922,-1.8666764,-1.3910816,0.40275198,0.14718275,-1.7806413,-0.5263046,-0.6321999,-0.0374495,-0.6454763,0.53198075,-0.81487304,-0.24268675,-0.879491,0.12829873,-0.2867244,-1.2579455,0.048622966,0.5313457,-0.24000199,0.22460362,0.47268412,1.2393768,-0.84364325,1.1668353,-0.41070828,-0.31492585,0.5096703,-0.6728111,-0.7177946,-0.54451656,0.712999,0.8688364,0.7358066,0.28218928,0.23330797,0.11100722,-0.08003654,0.70605844,0.7001505,-0.6638166,0.6387022,-0.42657354,-0.48912537,0.7921346,-0.3830356,-0.94689715,0.0845066,0.5412103,0.9641939,-0.1488044,0.25028118,0.54734695,0.7564777,0.39899632,-0.4734872,0.67734635,-0.8533947,-0.5350569,0.14220315,0.11337816,-1.0903049,0.694117,-1.5362966,-0.74421227,-1.1439623,-0.109079346,0.7343776,-0.18996207,-0.6571147,0.87957996,0.22736125,0.5990035,0.83263344,-0.51770484,-0.16337793,0.6371171,0.1601142,-0.6411579,0.14936726,-0.3373305,-1.0386637,0.20943786,-0.9053406,-0.8006891,1.1772916,0.04643998,-0.53142047,1.8495511,-1.044681,1.3691894,-1.1770718,-0.21723968,0.61767954,0.7786345,0.22067344,-0.3375252,-0.25225127,-0.5338584,-0.1218744
1.2192376,1.2846055,-0.49201733,-0.7398823,-0.5282267,-0.20757952,-1.2541095,-0.21509787,-0.042619493,-0.00050008623,0.13224618,-0.5959484,-0.13618737,0.0035308732,-0.4872114,0.020682417,-0.079947025,-0.75776047,-0.32981986,0.82266784,-0.08383916,-0.15002552,0.3208252,-0.44501597,-0.18110591,0.009256316,0.92119086,-0.722208,0.74210846,1.1192731,0.8841917,0.4512138,-1.3153864,-0.9352218,-0.6818333,-0.18594743,-0.10288535,0.45346183,-0.7694818,-0.15953074,-0.33603856,0.16182607,-0.15530935,-1.0911204,-0.94197214,0.6154263,1.0387149,-0.90102935,0.28164724,-0.766788,0.16316812,-0.65120673,-0.3879484,1.2714866,0.19358188,0.2962405,-1.0509647,-0.012653783,0.29100227,-0.94866323,-0.37179512,-0.96979606,-0.17217134,-0.12526096,-0.0011544665,-0.23857962,-0.8412116,0.80379874,0.3524427,-0.3517306,0.09668273,-0.6819889,-0.13135493,1.5355458,0.3760135,1.4693553,0.99181366,0.14312205,-1.1522427,0.015286248,1.2555007,-0.1417642,-0.84885246,0.31073195,0.77507794,0.10994081,0.041210663,0.62963325,1.064416,-0.47478873,0.26844126,-0.0004982602,-0.6852652,-0.8996696,-0.67509305,0.20668761,-0.87286496,0.01922844,-0.1357553,-0.60145766,0.45186204,0.5121334,0.59624183,0.63981074,0.22346993,-0.13081983,-0.43675134,-0.75066763,-1.0516725,-0.04412057,-0.023056189,-0.9338375,-0.380765,-0.16654918,-0.41704312,0.6476807,-0.5552797,-1.0908893,1.0081706,0.14987493,-0.6463001,-0.21215774,-0.81534564,-0.811842,0.11097734,-0.45012406,-0.116672084,0.86894685,-0.28325617,-0.7539079,-0.90352273,0.9719213,-0.060412996,-0.7175235,-0.94813263,0.43082136,-0.77919763,-1.5897166,-0.79404825,-0.8238589,0.39884487,1.0144608,0.7330925,-0.36056128,0.76300263,-0.11333042,0.3270804,-0.23921388,-0.14661531,0.13528606,-0.5847754,-0.573149,0.16827445,0.4561947,0.33873278,0.99756545,-0.23999591,-0.6954647,0.059830215,0.8225098,-1.1977187,1.206799,-0.3993996,-1.0967975,0.07125695,-1.6152462,-0.5876165,0.44836873,-0.1483457,-0.573296,0.42860383,0.2542648,0.97919387,-0.053524535,0.058532756,-0.4230812,-1.1393075,-0.18021107,-0.09365738,1.1662499,0.3720745,-1.1518494,-0.048037417,1.2901102,-0.37646404,-0.49294502,0.5547769,0.43104044,-0.6681763,-0.6528435,0.5579472,-0.5192254,0.3058846,0.55208045,-0.19649418,1.0479981,-0.100365706,0.13311937,-0.80616254,-0.91629606,-0.027767792,-0.92533964,-0.6000685,-0.4783684,-0.12893939,-0.68961453,-0.68796134,-1.2585769,-0.04840947,0.8316752,0.8369444,0.27811694,0.49479875,0.7616343,-0.97536933,0.6044438,-0.37430927,0.4833283,-0.7049927,-0.09967945,0.82621014,-0.7680237,0.0154903205,-0.3027541,-0.09503455,1.084919,0.3452406,0.31490222,0.96546865,0.19745663,0.22953321,-0.51832926,0.46136475,-0.84361184,-0.44415852,-0.20380096,-0.058276683,-0.1630347,-0.39062178,0.5801636,-0.5432769,-0.47899416,-0.53972113,0.13200186,-1.1158075,0.35387215,1.2557318,0.84768164,1.0755947,1.3495944,0.30393302,0.4698108,0.07429672,1.5091292,0.07556925,-0.8667059,-0.42086,-0.14508021,-0.4410394,0.7312077
0.8130519,0.0058800476,0.41491914,1.6516061,0.06631256,-0.040189974,-1.0614767,-1.0843316,0.71922696,-0.46859127,0.16378996,-0.5986266,0.52417547,-0.97964853,0.4422825,-0.46040708,0.36614576,0.2492348,0.68806785,-0.04112356,0.39590165,-0.3974071,-1.1829567,0.85686076,-0.9311453,0.7658418,0.26346496,0.27074474,0.21524777,-0.08238041,-0.80842495,0.085111596,-1.1792749,0.009333672,0.08452393,-0.2803494,0.24522047,-1.4761599,0.44905242,-0.20795469,-0.019651348,0.5969024,-0.49310645,0.55755967,-0.4584508,0.36123618,-0.024030216,-0.10261748,1.1023949,0.606395,0.19934359,-0.020914521,-0.50846803,0.27070808,1.5361235,0.24402831,0.98514783,-0.21065308,0.47433436,0.033703417,-0.7310387,-0.68549454,1.43298,-0.3010254,-0.61488616,0.714875,-0.7074198,-0.3792317,1.0779511,0.358628,0.36593094,-0.85995334,0.04175083,0.11622803,0.15271315,-0.31144002,0.21633032,0.8725234,-0.4388163,0.67830193,-0.6439298,-0.82998145,1.1529212,-0.46615237,-0.17271717,0.5748096,-0.84449726,1.1650934,-0.8607141,-0.9551682,1.1746927,1.3213683,-1.1012049,-0.21203274,0.65638053,-0.13892356,-0.5662063,-0.4112393,-0.96186066,0.83292574,-0.762787,-0.8133336,0.33492458,-1.4526101,0.09600379,-0.032377165,0.7974049,0.10232525,-0.016808424,1.2638117,-0.13676816,0.14964676,-0.11168613,-0.56588864,-0.4269219,-0.1718348,-0.6061472,1.0070376,-0.1211662,0.43643126,-0.018646926,-0.8217458,0.6825544,0.38453597,0.046201397,-0.26503104,-1.1982502,-0.26798356,0.96413755,0.43525916,-0.004878005,-0.71269184,-0.419371,-0.24688455,0.53823906,0.527443,0.2566769,-0.82431215,-0.6734637,-0.48477468,-0.11894225,0.051599484,-0.94507515,0.17743775,0.0077309683,0.7484653,0.3038311,-0.43386328,1.7158514,0.46822706,-0.18983331,-0.056932215,-0.114326425,-0.23248106,-0.67111576,-0.092645995,0.65274334,-0.014935773,-0.43126863,-0.32820755,1.0003934,-0.954192,1.3806669,-0.049683485,0.09521369,-0.10740462,0.71222806,-0.7556973,1.4302355,-1.3471065,0.4690409,0.67601466,-0.65140647,-0.1560136,0.19086882,-0.31057683,0.4885903,1.7669405,0.24941142,-0.16236746,-0.041603453,0.37008262,-0.22417302,-0.7546175,-0.473174,-0.4992676,-0.64647293,-1.0774778,0.1587691,-0.2684644,0.26462373,1.2012066,-0.93629146,0.090037964,0.47981533,0.17156804,-1.188014,0.101357505,0.7168506,0.87734437,-0.25605294,0.46718013,-0.482739,-0.74908304,0.39949954,-0.10979349,0.04822514,-0.2817125,0.17106126,1.2523297,-0.96628153,-0.32392824,-0.5105129,0.97837144,0.87754834,-1.0639275,-0.4357071,-0.51011807,-0.6080457,-0.0381745,-0.3735433,0.12498324,-0.36962846,1.3044238,-0.7255256,0.7207528,0.7793264,-1.6547803,0.36854562,0.48937526,-0.10072457,0.20628941,0.7791281,0.90328336,-0.35404477,0.14700522,-0.22702168,0.77178925,1.0709424,-1.0147959,1.0658379,0.7852017,0.9093009,0.542132,-0.17875543,0.84098953,-0.592751,0.14397858,0.5616976,-0.7732696,1.0160167,1.6165277,-0.106380105,-0.6392521,-0.0067152604,-0.8669743,-0.26945966,-0.2747439,-0.19877836,0.20414335
0.2355095,0.3147559,-0.5096059,0.9118483,-0.15294367,-0.55211544,0.022187896,-0.6714689,0.57930076,-0.45572108,0.98779505,-0.09362078,-1.4061315,-1.3503338,-0.4692338,-0.2881437,-0.08053753,-0.09804233,0.167448,0.8781259,-0.5532578,-0.50118726,-0.0055152387,0.9817745,-0.17808539,1.1874535,0.37424618,0.67445105,0.103000045,0.4072873,1.3425894,-1.0836817,-0.17892694,-0.4642063,0.036985222,0.23142503,0.46284136,-0.119796865,0.41180432,1.1442589,1.1078123,0.31490207,0.0854961,0.19830729,0.28196457,0.3126126,-0.72513664,1.2718523,0.744786,0.28928927,0.011434351,-0.02326064,-0.63288677,-0.245746,-0.13063319,-0.30733454,0.4590898,0.0943732,-0.22064146,0.08304606,0.2634835,1.1041331,-1.1503843,0.31454962,1.2841891,0.39369228,-0.28793943,-0.12174388,0.10892043,0.93410385,-0.77317667,-0.6895976,0.9160189,-0.68227,0.8387267,0.41297856,1.544564,0.6055692,0.5433326,0.16500211,0.7084077,-1.1473562,-0.91058856,0.45709798,-0.5184209,0.061549608,0.23840733,0.87086904,-1.3527014,-1.1307219,-0.85938066,0.16496478,-0.0011455409,-0.6128409,0.69818985,1.7022647,-0.7781711,-0.41001576,-0.49521273,1.2522794,-0.6670528,0.17367227,-0.5608957,1.8551114,-1.0214531,0.5764783,-1.0642878,0.24577594,0.37025568,-1.405892,-0.57802486,-0.7930565,-1.0068429,0.2471259,-0.16828963,-0.3442759,1.1165781,0.014218928,0.9102003,0.005948001,-0.95333403,-0.5136217,0.82946754,0.6804835,-0.55446213,-0.76515293,0.079261996,-0.25637516,-1.363194,1.2286373,-0.80683494,-0.8730093,0.16541901,-0.35365012,0.37978914,-0.24723107,-0.53786224,-0.07963905,-1.222872,-0.6305438,0.93803334,0.4360443,-0.6374978,0.12180693,-0.62663877,1.579539,-0.8379043,-0.53836995,-0.61160374,0.5051635,-0.4964044,0.92400026,0.30649862,-0.13755819,-0.8259078,-0.37687013,-0.49645743,0.57355213,0.632064,-0.6636261,0.7194023,-1.4085304,0.18836106,0.877695,0.6827805,-1.4685905,0.28617543,-0.8381186,0.5875354,-0.68424547,-0.18236698,-1.0269268,0.34335592,-0.033284668,0.35234576,0.24694331,-0.42306858,0.12634732,0.8530129,-0.67310405,-0.78809893,0.30345014,0.8349239,0.5143828,-0.43189883,0.064474106,1.4716682,-0.62084675,-0.16375798,0.12974177,1.1127812,0.21228458,0.23343895,-0.31155398,0.27828193,0.6314037,-0.20856719,-0.52035695,0.093402654,0.06893941,0.54535127,-0.1933051,-1.375486,0.75213706,0.30398864,0.44808683,0.3059661,-0.110187106,0.47508052,-0.71394396,0.39300755,0.47336578,-0.773664,0.63091403,-0.034838438,-0.10490784,0.15781415,0.8239684,-1.2032365,0.87476635,0.39845723,-0.9142063,0.13775313,0.74101317,-0.19062157,-0.59473747,-1.5035564,-0.69045144,0.53621143,0.5855149,0.11825719,0.388602,1.4710042,-0.1037841,-0.6428138,0.3486279,-0.0994047,0.3776473,-0.2725384,0.20484167,-0.24888016,0.71940184,0.449211,-0.5117114,0.63757217,-0.15333994,0.49152446,0.15190798,-0.23330638,-0.34511912,0.30623466,-1.0125932,0.31703788,-0.3791366,-1.5799755,-0.17226727,0.347882,0.092794284,1.022215,0.68678695
-0.4088657,0.12966296,0.44636947,0.29478,-0.017214283,0.657475,0.5195797,-0.012700671,0.061339952,-0.718787,0.42515877,0.09450401,0.2244088,-0.3533569,0.30383417,-0.29644078,-0.22966844,0.3014055,-0.12921807,0.0046218894,-0.4552319,-0.23692366,-0.8683533,-0.62016916,0.7218042,1.6051347,0.29184583,-0.7710245,0.03373069,-0.5372692,0.06098097,-0.06454951,-1.3227865,-0.19411862,-1.1113025,1.210647,0.94317514,1.0029335,1.0213729,0.0322085,0.25442606,0.5561932,-0.38671464,0.4278717,-0.36127406,0.22321653,0.050932422,-0.24900004,-0.8832858,-1.1345367,-0.15402925,0.8519939,0.70999676,-0.6784989,0.5765557,0.22849268,-0.114053376,-0.74458176,-1.4131812,0.09925164,-0.8232665,0.9668992,-0.23848574,0.41062915,0.82215184,1.0705391,0.41368264,0.14935857,-0.04851965,-0.85014266,-1.4889895,-1.150764,0.0738988,-0.12662746,-0.030733494,-0.4328625,-0.50435495,0.35817158,0.14103627,-0.64245474,1.1647857,0.53645533,0.6050854,-0.20918794,-1.2787238,-0.410933,-1.3046762,0.058357466,-0.94246405,-0.8660747,1.0980102,0.7023137,-0.01858885,0.32770845,0.8098956,-0.032561116,0.7963638,0.027017739,-0.31235468,-0.13197261,-0.83463025,-0.18056102,-0.5989181,-1.9797757,-0.66715014,1.1190777,0.080696575,0.12484349,-0.011139898,-0.08412826,0.83357686,0.543754,0.19648305,-0.10013049,-0.03195296,-0.3027987,0.009133916,0.29458967,0.13775933,-0.3152078,-0.9736502,-0.15771142,-0.25867215,-0.18523653,0.48976666,-0.21105689,-1.5299418,-0.73786896,0.50266093,-0.08880786,-0.26326755,1.012879,-0.33436394,-0.31251636,0.6252101,-0.19649091,0.07913029,0.00889858,0.9466663,-0.7190137,-0.40975884,-0.20643397,0.21547382,-0.15070213,-0.14980608,-0.66917294,0.7275424,-0.45869732,0.29692087,-0.1086756,-0.7980238,1.166637,-0.61428046,-1.0472517,-0.08184799,0.1730703,0.11524351,-0.104282476,0.45851994,-0.44165957,0.5002964,0.21170771,-0.19158497,0.15370588,0.07001492,-0.045731276,-0.32119662,-0.8306902,0.39323896,-1.5129296,0.14019303,0.5821245,0.786374,-0.2911005,-0.21932107,0.919882,-0.35224432,0.04107844,0.19521229,-0.16469805,-0.5415951,0.578389,1.5429928,0.43019432,1.5187511,-0.50228834,-0.36433497,0.2649192,0.1590387,0.70048213,0.49433243,-0.65017897,-0.02121836,0.087263286,-0.40201887,0.6285455,0.60336876,-0.57544297,0.3557554,0.5895075,0.32183346,0.087780945,0.15442263,0.82497376,0.015215681,-0.17308967,0.19116454,1.2553301,-0.14173166,-0.5189964,1.1595995,-0.14855783,-1.570566,0.06261408,-1.7240293,0.52292335,-0.74004716,0.52966154,1.0623043,0.047592554,-0.061023302,0.812719,0.37187102,0.36737123,-0.65234804,-0.84775496,-0.18386191,0.9186663,-0.4546169,0.9396501,0.85925555,-0.9286179,0.7863706,-0.8489078,-1.0473795,0.3148509,-0.33017525,-1.0319924,-0.8626158,-0.18701033,-0.09275849,-0.6563807,-0.2809915,0.11364418,-0.505415,-0.3973976,1.7145519,0.76338786,0.7182001,0.94090784,-0.42564207,-0.3324343,-2.508416,0.1724516,0.9544368,0.9991291,-0.604331,-1.2633206,0.114813454,0.103763066
-0.02362358,-0.031008769,-0.6657478,0.7356167,-0.37647536,-0.9289027,-0.15721549,-0.028116807,-0.2875548,-0.8699407,-0.327064,0.12275361,-0.26516914,0.6926217,-0.6399916,-0.706115,-1.3461515,-0.1442275,-1.7043426,0.6198088,0.1638543,-0.4185988,-0.019890971,0.8550292,-0.6313031,-0.9013972,0.26553318,-1.4298707,-0.19977486,0.4404468,-0.9979107,-0.4098062,-1.7259908,-0.16034481,-0.98459095,-0.32588768,-0.5764963,-0.33103445,-0.29806453,0.78943235,-0.42192313,-0.06959538,1.1296213,0.4831632,-1.4688579,0.5939082,1.2170134,0.6740781,0.037269697,-0.3600114,1.2184774,-0.5872405,0.048605002,-0.7384877,-0.13925378,-0.42181313,-0.30756062,-1.3001063,-0.071954645,0.72361195,0.30223998,1.5108287,0.32277244,1.6715347,0.900437,0.6002099,0.33819264,1.2838995,-0.35842335,-0.34837466,1.2164103,1.0262264,-0.24160169,-1.0250185,0.356111,-0.300103,-1.1360767,0.8188404,-0.07784389,-0.68331325,-0.57206887,0.6559806,0.03338741,0.9233265,0.33037958,0.20420219,-0.79973876,0.6185133,0.028045049,-0.025817085,0.123112835,-0.25050294,0.59035224,1.7365552,-0.49792883,0.74539655,-0.13586475,-0.0442725,-0.29641044,0.45631054,0.29861212,-2.114706,-0.8571971,1.2492843,1.2481297,-0.80929285,0.10988185,-0.116952255,0.056539796,0.7262974,-1.620133,-0.7001278,-0.04178363,-0.8156122,-1.3260691,0.25296435,0.35901836,1.0077577,2.1445587,0.7356383,-0.07239315,-0.04717988,-0.03034053,-0.6874833,0.5202576,-0.7582065,0.01939904,0.4058021,1.1909467,-0.011404674,1.2382848,-0.59583354,-0.69683284,0.6978953,0.84205496,0.08484292,-0.22754204,0.71999794,0.029771019,-0.372007,-0.29654253,0.55605346,-1.0131401,-1.3525504,0.31752616,-0.4451278,0.261741,-0.4826876,0.1386941,-0.5926238,0.5470957,0.7181262,0.032814924,0.49411473,-0.8831358,0.16784497,-0.21785893,-1.5173755,-1.139417,0.24192813,0.37695765,-1.5042045,-0.11526291,-0.07133769,1.0413629,-0.106249966,0.027082268,0.63972384,-0.8532236,-0.23568316,-0.5337104,-0.69281197,0.61757225,0.70588833,-0.44806656,-1.0247451,0.45642108,0.20755261,0.119936414,-0.4846156,0.002742714,0.476794,0.89409685,1.123414,0.5225207,1.0436245,-1.5652885,0.08677353,-0.8290397,0.28777793,-1.023696,-1.1099521,0.5577487,-1.1639936,0.06591984,-0.15400088,-0.6463089,-0.5732448,-0.5819198,-0.19667816,0.12315862,0.51124454,0.4213612,0.30985847,0.6221012,0.103802614,1.4369581,0.106854245,-0.30055016,0.5451002,0.48232466,-0.9058375,0.8254768,-0.14059556,-0.052980352,0.25564146,-0.113801286,-0.56613576,-0.076369844,0.42630365,0.4764369,0.16594371,0.32688466,-0.9432657,-0.11814665,-0.09426833,0.9760958,0.080157496,-0.18001735,1.1215321,0.61013865,0.3448519,1.0263824,-1.316942,0.03473543,-1.4077309,-1.0301403,-0.19718646,0.8571626,1.1999661,0.10831106,1.29409,0.5976241,-1.2514708,0.00083031144,-1.1921195,-1.4177572,0.69254047,0.5793616,-0.62915915,-0.0072816364,-0.6578488,1.859132,-0.11008204,0.48003897,-0.4033791,1.0154293,0.36268276,-1.465578,-0.29758835
1.0698891,0.057079993,-0.5210819,0.70636827,-0.49754032,-0.5146105,-0.35091862,-1.163869,0.34526536,0.09375922,-1.547886,-0.5282865,0.46861997,-0.46569797,-0.22778927,0.9971924,0.096908726,0.04543261,1.049921,0.8882566,0.9510516,0.451247,-0.8201109,-0.47381416,-0.22084473,1.0866272,-0.846707,0.18715252,-0.7199852,-0.6073791,0.55899125,-0.279153,2.1223395,0.38119552,-1.0098968,0.47603866,-1.0144012,-0.7344579,0.4835308,1.3622324,-0.5155633,-1.2219557,0.08552961,-0.6716264,-0.31503803,-0.42802018,-1.3734598,-0.40887508,0.6304193,-0.13768576,-1.270015,-0.54409194,0.3046223,0.6104182,0.6701358,-0.15852253,0.8097116,0.4930351,-0.35137782,-0.9089878,-0.6383158,1.2315551,1.5868775,-0.91782045,0.116497874,1.6872422,-0.37175006,1.2173642,-0.47113088,0.2597954,-0.0992038,-0.28533638,-0.043457557,-0.71514136,0.19841492,-0.0037543785,-0.65674967,0.34201482,0.92559963,-0.87256944,-0.2642513,-1.6757139,-0.51539505,-0.87700444,-0.55802655,0.23248872,-0.75792485,-1.0387678,-0.19885482,0.28008276,-1.0302562,-0.9117719,-1.31338,0.69394755,2.0229995,0.9871353,0.15586151,-1.9971706,1.1552174,-1.0842083,-0.916236,0.77304506,-0.20881692,0.7992564,0.653203,1.3503073,1.941523,-0.0014639699,0.06913143,0.12693411,0.71867526,0.020682251,0.5310556,0.022419235,0.419499,-0.8046324,-0.52604306,0.39093375,-0.5170366,-1.0441846,1.0238712,-0.32109222,0.81336725,0.6130602,0.20996669,-0.4022661,0.46549574,0.603625,-0.4625784,-0.30669528,-0.5102867,-0.48886922,0.08220689,0.70321035,-1.3362486,0.06807306,-0.28102964,0.6959884,0.7050439,-0.6688808,-0.15507829,-0.013761532,-0.5251777,-0.72340024,-1.2823511,-0.35475996,-0.58579755,-0.1886712,-0.09563602,-1.6424816,-0.64767855,0.053149022,-0.38855767,-0.59925634,-0.118706465,0.8575876,0.029890018,-1.3414631,0.62558186,-0.29208997,-0.35474062,0.5430494,0.5407095,0.7669804,0.6663605,0.014876781,0.57963115,-0.15641914,0.4438879,0.06556237,-0.54566616,-0.6087512,-0.9250875,2.1380265,-0.5208423,0.26695606,-0.5280773,1.1017973,0.9150207,-0.3488803,0.888396,1.1382469,0.3560982,-0.079963855,-0.24420229,-1.1174603,0.48407996,-0.28154138,-0.1602799,-0.07316599,-0.1804539,-0.106742434,-0.32457578,0.5050283,-1.6461263,0.21345904,0.19064,1.063237,0.9985578,0.69163173,-0.19772752,0.8836375,-0.058956873,-0.35732484,-0.79555106,1.5058147,-0.84573203,0.6359142,0.8226649,-0.67071134,-0.42846924,-0.59215355,0.43756002,0.8239512,1.4879209,1.7165927,0.7845054,0.8019829,0.09466887,-0.07778592,0.7760555,1.2088968,0.0039351205,-0.8221158,-0.46902838,0.049010634,0.17901945,0.2474586,0.5551255,-0.46128222,-0.42384344,0.046592295,-0.05923881,0.4227165,-0.04006182,-0.20927843,0.8035727,0.30114907,0.52402216,-0.9216845,0.1229334,-0.138718,-0.051279455,0.75898236,0.27252036,-0.8736252,-0.13437022,-0.052535374,-0.7508614,0.86422867,-1.1002812,0.38151586,0.36550334,1.2914532,0.023170387,0.4190119,0.14434049,-0.54385275,-0.38528103,-0.04629789
-0.32939306,0.5830204,-0.45533746,-0.21979468,-0.20256859,0.74241805,0.19840033,-0.8836218,-0.3130044,-0.36063927,1.1636056,0.9930432,-0.5658155,0.41805884,-0.41739884,-0.50414115,-0.091718,-0.10247416,-0.33211124,-0.88666624,-0.14822678,1.010734,-0.31742352,0.2798537,0.41660994,1.1143367,-0.6355693,-0.90586275,0.52197367,0.5129941,0.27142936,-1.4614688,0.067391485,0.076741114,0.25527203,0.44078276,1.3205804,0.28429255,-0.94186926,-0.009156015,0.6220893,1.0563676,-0.10459767,0.738992,0.1408274,0.45110714,0.034685213,-0.8789627,-0.84811836,-0.4669695,-0.014519162,-0.45515552,-0.15306166,-0.15426874,0.69142866,0.7028654,0.22545688,-1.6358445,-0.5397586,0.10222951,-0.94133544,1.3283632,0.10865185,-0.55129355,0.47292733,0.3730323,-1.5286926,1.0387396,-0.5287931,-1.3238243,0.09251718,-0.53970385,-0.52267635,0.58840114,0.121104166,0.9642971,-0.278289,-0.5331284,-0.08093026,1.8458196,1.4944143,-0.7000615,-0.49829227,1.5971875,1.8985225,-0.75753236,-0.1917054,-0.4711762,-0.0039850073,0.6348449,-0.64009464,-0.8816404,0.7799879,-1.2307905,0.03776863,0.44166735,0.0551665,0.5697395,0.31359252,-0.66227275,-2.0373483,-0.35401475,-0.12652288,-1.1414667,-0.6543327,-0.18831776,-0.49653876,-0.018810414,0.16838089,-0.6309285,-0.09938068,0.62693846,-0.72560996,-1.4132692,0.2658907,-0.09409425,0.206807,-0.2840188,0.4911993,-0.4245202,-1.3122723,0.6433693,-0.49914593,-0.029448954,-0.028754758,-0.22968277,1.0489262,0.15248878,-0.32396206,-0.13280979,-0.5042459,-0.16023673,0.093149215,0.51407933,-1.0428294,-0.8424114,0.12027059,0.54974335,0.16578896,0.32754773,-0.21635364,-0.45136636,0.21921906,0.102994576,0.60344046,0.2362381,-0.19990702,0.3707458,-0.18344319,-0.28664207,-0.40036786,0.4687444,1.4569252,0.37843344,-0.55358464,0.41154462,-0.78416646,0.3148058,-0.26600212,0.19758174,-0.11862472,0.8816351,0.14862709,0.5821058,-0.85218304,1.0258499,-0.1082024,0.31533983,0.020304758,0.6266868,-0.7650257,-1.5721095,0.18712722,1.9244281,-0.7110058,-0.6625975,0.34162807,-0.47874528,-0.8090281,0.49296525,-0.58089185,-0.15779746,-1.8267027,-0.14603294,0.4161944,-1.775893,0.7527607,0.20284611,-0.056287903,-0.21367621,0.082924604,-0.18114312,0.29044464,0.28755274,0.058133893,-1.1262211,0.13274774,0.14630865,-1.0028414,-1.140286,-0.5844596,-0.5643187,-0.7931314,-0.74625254,0.49729636,-0.62236494,0.54930574,0.72048736,0.20104676,-0.1087043,0.8742574,0.3805146,-0.6106808,-1.0901238,-0.698696,-0.053207785,0.6110178,0.32360703,1.1562439,0.25858453,-0.34669438,-0.526333,-0.46392256,0.040398814,-0.26447237,0.14113173,0.53705335,0.50553864,0.26736546,0.91728014,-0.46473432,-1.8710268,0.03396793,-0.28704175,0.6652858,-0.053892385,0.5794825,0.32136145,-0.27497527,0.22063263,1.600678,0.38282153,0.94888633,-0.34110734,0.16525626,-0.6748887,1.0438875,0.3819468,-0.21395504,0.08184991,1.007372,-0.3181835,-0.29646274,1.2692449,-0.5150004,-0.06512929,0.39390433,0.19974995,0.56727386,0.59566116
-0.16695184,-0.15224913,0.24327728,-0.6689494,-0.15188704,-0.69977677,0.09270613,-0.4213686,-0.41463575,1.4540774,-0.45341814,0.3582147,0.650274,0.07784757,0.5402393,-0.24941313,-0.7012052,1.3708097,0.38499346,0.1772728,-1.4134871,-0.20371969,0.43770063,0.13432781,0.114826985,-0.8289106,0.42747957,1.9526497,0.3506802,0.046485435,0.7887327,-0.119455844,-0.007556798,0.6350674,0.6854872,-0.7690963,0.05685543,-0.8167839,-0.32404914,-0.293329,0.39064148,2.337199,-0.039270975,-0.21540828,-0.022716055,0.5164753,0.17436954,-0.10614441,-1.7046082,0.6414025,0.24496882,1.0442904,0.72396725,-0.5276896,-0.7849788,-0.4548212,0.12997739,-0.3460798,0.45667174,-0.17283154,0.72190225,0.10896471,0.22473143,-0.7841841,1.3111119,0.6661786,-0.08660192,0.35575646,0.6206093,-0.9748227,2.3160634,-0.95652544,-1.4087082,-0.2608355,0.40145326,-0.09686825,1.1898429,0.095758714,1.1444935,-0.6077077,-0.79076993,-0.37351862,0.16067976,1.0645646,0.59953886,-0.07290818,-0.54496515,-0.36012748,0.3118729,0.1635797,0.67955744,0.2080885,-0.056927785,-0.701996,-0.11058272,-0.32406488,-1.2857844,-1.1815212,-1.5680549,0.21127091,-0.1853852,0.8177439,0.9373053,-2.1228642,0.922104,-0.08553772,0.54179615,0.8846309,2.528871,-0.8270191,0.9439051,0.8011703,0.229619,1.1001083,0.20428482,-0.0735917,-0.6786368,0.52337,0.28146872,-1.0390842,-1.3534775,-0.52415353,0.74382365,0.7305387,-0.41879138,0.0880678,-0.27793112,0.37109837,0.04522248,0.57849616,-1.4878227,0.097297825,-0.47643945,-0.18479115,0.22660366,-0.7292368,-0.3633505,-0.2294445,-0.38856107,0.24369685,-0.8533791,-0.826825,0.44491252,1.016101,-0.28302982,0.80638295,1.5982819,-0.7138559,-0.42160207,-0.8863386,0.097544454,0.5589699,-0.5983959,-0.40498275,0.2335525,0.119893074,-0.77656424,-0.41473398,-1.250472,0.060895357,0.7983329,0.8741587,-0.812802,0.59885186,-1.5734335,-0.45023668,-0.62731564,0.09186916,-0.16925992,0.3393893,-1.3267328,-0.25678587,-0.88200605,-1.2389405,1.1469324,-0.64178956,0.3296848,0.35946012,0.11676261,1.0244592,-0.19540626,-1.5956155,-0.40207428,1.814505,0.83516043,-0.40385127,-0.2778867,-0.8962947,0.004651662,0.20702352,-1.000777,-1.2510608,-0.43352234,-0.21380782,0.53801954,0.20068179,0.17128058,-0.17665312,-0.26862204,-0.9183519,-1.1583751,-0.003955237,0.94752365,-0.4579528,0.5869754,0.79975325,0.32153288,0.14712474,-2.0738242,-0.11853462,0.38755116,0.4402137,-0.9276145,-0.38394055,-0.03286086,-0.13153212,0.41314316,0.7150358,0.1904797,1.0172095,0.8361282,-0.37158048,-0.48505998,-0.88680935,-0.41063017,0.107250884,-0.68822557,0.7375218,0.101500265,-0.05524044,-0.39795524,0.7129243,0.31124064,-0.687554,0.12619881,-0.7693128,0.06604321,0.5298584,0.4119527,-0.6868639,0.8160021,2.116163,1.1428376,-0.2233809,-0.36135608,-0.23745437,0.25056627,0.660633,-0.70876,1.1071584,-0.22087574,0.10758091,-2.0855558,0.016889842,0.06327866,0.5674021,0.9621933,0.15245898,-0.15325598,0.950297
0.15049246,0.07268109,0.06918677,0.7679264,-0.4706697,0.092709795,1.0694834,-1.0458305,-0.16991772,0.22992343,0.4331958,0.17317985,0.00068856194,0.44605106,-0.24622974,0.06172891,0.63740337,0.6544515,1.2786455,0.30488122,0.099358544,1.6352999,-1.4158218,0.23508972,-0.8579137,-0.806157,-0.16973858,0.5521991,-0.22893272,-1.1282356,-0.2902048,-0.08996163,-0.26542723,-0.42686364,-0.72256523,0.03430206,-0.9192468,-1.0398601,-1.1791599,1.0306653,1.2940007,0.2768631,-1.012637,-0.21593699,0.4627052,-0.9880326,0.07914302,0.23336071,0.0486365,0.72774595,-0.19512239,1.0780549,0.47774044,0.8275665,-0.4758198,0.30777305,-0.3582362,-0.8498414,-1.0928024,-0.9810962,0.22217476,0.22582689,1.1075717,0.41301858,-1.068107,1.0732995,-0.2693488,0.45639881,-0.2886157,-0.8749457,0.10191295,-0.1145697,0.57625914,-0.16534981,-0.6675388,0.1519184,0.44749272,1.1967276,0.2895177,-0.6894713,1.1601315,-0.67804486,-0.39830998,-0.28442478,-0.005252329,0.09887627,0.2938695,0.65873677,-0.18450108,-0.59471923,0.47484478,0.20531942,-1.2407142,-0.35330898,0.4212243,-0.27089494,-0.8372668,-0.7017097,0.523365,-0.52872443,-1.0807598,-0.20117438,0.5743658,0.61728585,-0.8253679,-0.4917968,-0.7109975,-0.3255366,1.0981542,-1.0577981,0.1649203,0.077526264,-1.1160626,-0.68654174,-0.14535369,0.36597002,-0.07682488,-0.22218087,0.91936904,0.97947866,0.5912766,0.70953727,-0.08672588,-0.14630073,0.033231564,-1.2647161,-1.0476567,-0.19363618,-1.4746674,0.55943286,0.19184056,0.20305412,-0.4377867,0.7719429,-0.08125572,-0.55307686,-0.38647798,-0.7822261,-0.388009,-0.3266988,0.5940875,1.0045835,0.5220649,0.18963645,0.36930698,0.6173526,0.91451156,0.49491864,-0.30144623,0.6169121,-0.08206717,0.3226586,-0.16347185,-0.8460461,0.26614577,0.05811876,0.6483644,-0.20532285,-0.29949597,0.1380237,0.17510515,-0.57005054,-0.7243695,-0.43179324,0.25332004,1.2955476,0.3330873,0.6448853,-0.76771235,-0.35379356,0.37112617,0.21758376,-1.2322083,-0.073576055,2.0562222,0.12955175,-0.26284957,-0.12852271,-0.4412767,0.7753621,-0.79059386,-0.5809366,-0.8880925,0.4510606,0.49277207,-0.1939804,-1.2466123,0.030043138,-0.22556248,0.8531417,0.09705634,0.045116942,-0.7857224,-0.17726628,-0.30343804,0.763393,-0.8482111,0.7115467,-0.58259255,-1.0066432,0.5262904,0.061798785,0.6113051,1.040208,-0.4757257,-0.22383413,0.37193254,-0.030274015,-0.41860127,0.18706077,-0.80764407,0.9227487,-0.5095865,0.6094624,-0.5510461,-0.42290553,-0.045790438,-0.09928957,0.36083657,-0.07098721,0.59382147,0.8768365,0.5745403,1.4092468,0.06271855,0.51635605,-0.7978683,-0.010381126,-0.98597103,1.3363683,-0.23847985,0.28374138,0.23948964,0.91727686,0.25738516,-0.030237243,0.7658304,0.105195396,-0.18805745,-1.0475364,-0.71595263,0.19079724,-0.10874507,-0.23954597,-0.8505585,0.033248536,0.71352774,-0.80513984,-0.47899652,-1.021701,-0.65168536,0.2849891,-0.15041898,0.42833704,-0.66815245,0.13687521,0.51848406,0.38828975,-0.6160926,-0.70088077
-0.50545186,0.081390165,0.7216308,0.49265245,-0.55410385,0.084383,-1.3418146,0.090328194,0.10191901,0.45623043,0.3061304,1.0288162,0.58620495,0.8833817,-1.00601,-0.4795453,-0.23910227,0.16228212,0.28803554,0.25152102,0.07255094,0.07036477,-0.20025218,-0.014736883,-0.6715077,0.87201643,0.29739133,0.54654616,-0.60747486,0.7116998,-0.5589697,0.6016046,0.28188956,1.1696925,-0.22677897,-0.05948589,1.594958,-0.26084086,0.7900705,0.19565201,0.19651169,-0.21379153,-0.64528614,0.3133193,0.25688335,0.2492663,-0.28856432,0.1405478,1.1427884,-0.6625253,0.7694423,-0.04913819,-0.31450742,-0.35315266,0.4187058,-0.5193586,0.18670627,-0.5303458,-0.3495374,0.3266455,0.15819773,2.4337194,-0.29431626,0.15634322,-1.1642513,0.2069394,1.5951703,-0.32766598,-0.4024657,1.2622328,0.102824025,-0.16693203,-0.5343395,-0.5163429,-0.4897167,-0.05064683,-0.09891037,-0.54544604,0.97398156,-0.012030748,-0.88525814,-0.19328941,4.111087e-05,0.4068208,-0.10977465,0.6261294,-1.216765,1.0657511,0.11043273,-0.18151553,0.34213647,-0.1238163,-1.0508983,-0.35450822,-0.13336056,-1.031756,-0.17590609,-0.64691484,-0.25716615,1.3785137,-0.30600283,0.36978802,-0.40713295,0.6981735,0.016115192,-0.6100669,-1.2134297,0.102566525,0.68485945,0.033619765,-1.5592961,-1.209813,-0.26417235,-0.26408064,-0.27038696,0.4331591,0.14563762,0.99704343,0.5914756,-0.46631312,-0.7631583,-0.6024732,0.9539235,0.14385058,-0.71139765,-1.0631428,-0.6941465,-1.4089024,-0.73467535,-0.40316978,-1.1897788,0.43195856,0.39030504,-0.2933215,0.6988597,-0.29504463,0.1770013,-0.5587588,-0.066124715,1.0817991,1.3967443,1.4752426,-0.20810834,0.2559528,-0.9459502,-1.0724065,-1.201484,-0.95139825,-0.87538195,-0.15599889,-0.7552141,-0.6840781,-0.49967745,-0.026539799,0.20713022,0.039944176,0.054622144,0.21409379,0.07985827,-2.176124,-0.10262603,0.38929224,-0.30934674,-0.1860095,-0.09585659,0.15464577,-1.2778927,-0.5441382,-0.8262902,-0.76926255,0.2579161,0.24190658,-0.6978969,0.15095986,-0.67650384,-0.64453715,-0.4818875,-0.47664833,-0.70832133,-0.5977721,1.0564232,0.7967853,0.17681408,0.60972965,0.42226863,-1.329801,-0.7252273,0.117996626,-0.13799973,-0.5089351,-0.27656314,-0.39850935,0.78355396,-0.05134976,1.2431414,-0.22772358,0.1377191,0.22256218,-0.53434134,-0.30270436,0.3075004,-0.09934915,0.050202314,-0.5135811,-0.052691292,0.4824135,-0.580235,-0.53605425,0.29463312,-0.11707051,0.05137603,1.0019373,-0.34960735,-0.3103767,0.10368222,-0.61188865,-0.74766123,-0.5580501,0.045806095,1.2713157,-0.40047526,0.41308913,0.06051474,-0.12799586,-0.35026103,-0.34734946,1.0026774,0.38094452,-0.30118778,-0.37188962,-1.0770621,-0.8981569,-0.18274021,0.24185064,-0.7411895,-0.052725084,0.24137948,-0.6362151,-0.7708771,0.19852062,-0.40477708,-0.7492982,-0.13238387,0.57729703,0.12008641,-0.8099744,-0.93370956,0.13988565,-0.46574888,0.035393365,-0.8004556,-0.32147264,0.59816164,-0.073333636,-0.5213483,-0.94393057,1.2075152,-0.5186034,-0.28643918,-0.6448642
-0.45439896,-0.00042628197,-0.006344258,-0.118634105,0.5032887,0.36736047,0.47180584,-1.1211848,0.029387204,-0.4246261,1.0947685,0.3023971,0.5073053,-0.14796329,0.8005578,-0.3710772,0.13004005,-0.27833462,-0.6599306,0.2905467,0.6007413,-1.8602579,-0.6145571,0.78992057,0.1732145,0.8846763,0.8132394,-1.1455027,-0.2968213,-0.24285904,-0.44008836,-0.28890547,-0.5594956,0.8667479,1.2767308,-0.52350825,-1.2347076,0.98519206,-0.42792264,-1.6068141,-0.43928477,0.7051203,-0.49318472,-0.3501061,0.29594603,-1.4101996,-0.70999897,0.41921115,0.55262744,-0.53421265,0.5822312,0.1858567,-0.547873,0.24228816,0.08143335,0.10452638,-1.3192123,-0.22547014,-0.13694097,-0.15099116,0.24070431,0.11981004,-0.12796178,0.95307887,0.975103,-1.0579091,-1.1238158,-0.26476493,0.8417127,0.8410812,1.389219,-0.23894066,0.9857472,-0.5481439,-1.2368408,0.11234293,-0.5220132,-0.20610651,0.95983803,-0.6594446,0.20876282,-1.0345913,1.0806563,1.0241319,-2.1591048,-0.5552251,0.22841772,1.2106754,-0.3195197,-0.6450543,-0.993352,0.074426,0.096972525,0.12280192,-1.042712,-0.16755642,0.23485361,0.5234735,-0.5690563,1.3123196,-0.6012875,-0.92485994,-0.08634054,-1.1314893,0.1279883,-0.015008826,-0.3223927,0.44269624,0.41384065,-0.4837943,-1.1820011,0.64601713,0.11644949,-0.8736748,-0.049735703,1.253309,-0.4959009,1.2689927,-0.19587028,-0.2268495,0.525873,0.9780713,0.56090194,-1.1411049,-0.9253211,1.3103112,0.91614616,-0.25678268,0.7492438,0.636009,-0.45772296,0.7771735,0.80157113,0.81360227,0.73464817,-0.0041748476,-0.20073591,-0.99864095,0.20015961,-0.6156655,-0.17833714,-0.66881007,1.1836051,-0.21033435,-0.83011895,0.6567749,-0.24936174,-0.458374,-0.2533749,-0.03018952,0.64510137,0.43456483,-0.35600308,1.5760059,-1.1962384,0.20510939,0.20458229,-0.5876258,0.797378,0.49202406,-0.4843079,0.39161217,-1.3001647,0.8972823,0.48237276,-0.0021537363,-0.26262078,-0.7359965,0.087964475,-0.62715507,0.44303945,-0.16335294,-0.75237083,0.053919178,-0.64344424,0.81033933,1.6671813,-0.8916778,0.051335637,-0.12678678,-0.37144092,0.42186248,0.5671877,0.8871547,0.45823076,0.12434602,0.031750556,-0.092784345,0.42266932,0.25962925,-0.5078485,0.091930844,0.76608294,-1.4670843,-0.5446733,-0.1429925,0.5371479,-0.07103937,-0.056521226,-0.37165016,0.39617434,-0.15369241,-0.7696604,0.16270876,-0.3316063,-0.12870385,0.3132609,-0.90133107,0.2276123,-0.12671438,-0.7280695,0.36401606,-0.14021008,0.4435449,-0.43263406,0.22343417,0.06933135,0.12388663,-0.6081397,-0.6710636,-0.23962392,-0.18378732,-0.17844212,-0.6650254,1.6044828,0.16427818,-0.07150218,0.20285138,0.16822372,0.088618636,-0.200501,-0.84121394,-0.21681656,-0.20649517,-0.21738249,-0.050117433,-2.1547143,-0.33403075,-1.0252117,0.548736,0.09407313,-1.7164083,-1.1377419,0.10453036,0.33514398,-0.4135989,1.2999457,-1.0695435,-0.9846947,0.22103369,0.6007864,-0.020360053,-1.1236073,-0.43975273,1.1667516,-0.11287007,-0.035226885,1.1616961,2.063925,0.016336737
-0.08174866,0.372626,-1.2767937,-0.27749377,-0.47586882,-0.6275645,-0.24705262,0.38988426,0.81419283,0.05792064,0.25227156,1.189018,-1.4996679,-0.12179683,-0.6135397,-0.57265884,-0.15917364,0.58994037,-0.71659684,0.0023816298,0.59197414,-0.6259898,0.90647405,-1.4866239,-0.655711,0.31317624,0.45325953,0.5859219,-0.64953196,-0.35609844,0.7204867,-0.33575654,0.81674385,-0.1226859,1.0219679,1.2787998,0.13454168,0.7683612,-0.36351928,0.76132935,0.82663023,-0.7383664,-0.1731886,-0.27152124,-1.2693783,-0.64691603,-0.5883451,-0.24011596,-0.070326746,0.57149446,-0.60327446,-0.82959425,-0.16532385,0.23317377,0.69534326,1.0667312,0.49494922,-0.9134019,0.652158,0.59596306,-1.040773,0.3016165,0.1676935,-0.29364476,-0.31971094,0.26346308,0.5531354,0.4199429,0.3534643,0.72813946,-0.28353903,-0.4866624,-0.44437394,-0.5967491,0.57568735,0.9368301,-0.359902,1.1243813,1.2871938,-0.19251277,-0.071317874,-0.2123534,-0.06643659,0.9846674,0.75732964,0.9044903,-0.6385872,0.03708174,0.00147082,0.4675809,0.07416384,-0.9737025,-0.18851773,-0.36596072,-1.015187,-0.0007916289,-0.77091724,0.008612329,-0.1603626,-0.42107046,0.5273248,-0.98109436,-1.4591211,-1.2747487,-0.74911714,-1.0436699,-0.871144,0.34392232,-0.049933106,0.064780444,-0.2851665,-1.0173094,-0.028018888,-0.25403583,1.0345001,0.4493571,0.16016936,0.52101964,0.36964488,-0.6548222,0.6559927,-0.7219981,-0.7124253,0.51539785,-0.50845546,0.16249484,-0.23765652,0.7738114,-1.541654,0.18504992,0.702253,0.19934313,-0.20530902,0.45035788,0.3014442,0.54039925,-0.28279564,-0.7560108,-0.2674395,1.4776056,-0.27153236,-0.31562558,0.04761207,0.0034815068,0.15280026,0.047808312,-1.3740617,0.25180477,-0.09799472,-0.199896,-0.30838844,-0.5328595,-0.5342562,0.41376436,0.21428813,0.110206515,1.5378277,0.49058032,0.92123044,-2.379956,-0.47515664,-1.2337476,0.43078172,0.10204428,-0.023646917,-0.30311912,-0.30257657,0.6755393,0.87546164,-0.003310537,-0.09901175,0.121546485,-0.24714257,-0.3046066,0.015837546,-0.3303367,-0.39838004,-0.7287744,0.5158391,-1.2649063,-0.65368307,0.5175816,0.06814993,-0.06419128,0.20549062,-0.011145989,-0.08637441,0.013540185,-0.2597572,-0.62497014,-0.23297817,-1.1428862,-0.0855833,-1.7848251,-0.31656948,0.27095243,0.08216592,-0.08706587,-0.5590346,-1.4060556,-0.30453703,0.53178084,-0.4868199,0.1158328,0.12673062,0.02634799,0.66287535,-0.7972787,0.3013165,0.48687315,-1.2654393,0.39266703,-0.23419602,-0.03288125,-0.36326736,-0.66782284,-0.13830514,-0.93663096,-0.4973529,0.15176326,-0.42577282,0.22471847,0.20911871,-0.44342956,0.8031474,0.7779389,-0.5070949,0.8480092,0.336561,1.6194429,0.6713636,-1.7524189,0.7066371,-0.8893658,-1.0643958,-0.46269313,-0.020442242,-0.31393513,0.6132147,-0.16859567,0.047244474,0.18802842,-1.1522466,0.37345442,1.4105382,-1.3261324,2.5511756,0.80695206,-0.26804477,-0.7961405,-0.096407324,0.26081464,-1.439336,0.35357326,-0.081035495,0.19533423,-0.20985164,-0.35182822,-0.16769224,-0.3986952
-0.011453599,0.88128954,-0.116612054,0.44207326,-0.20176445,-0.24172701,0.3149485,-0.2257842,-0.66981214,0.8764718,-0.34651724,-0.44882056,-0.0985128,0.7147219,0.010455087,-0.8525923,-0.13372658,0.07652936,0.07881878,-0.4917318,1.3775876,-0.41312373,0.62785417,0.4981708,-0.82537454,-0.8365216,-0.82924026,0.017064115,0.5958601,0.010472683,-0.19485313,-0.22869891,0.22125709,-0.03734689,1.6797467,0.4737177,0.56159294,-0.34912795,-0.12137655,0.5341907,-0.20088717,0.14570485,-1.1336386,-0.024848262,-0.21785575,0.20451309,0.9082912,-0.19418131,0.14004259,-0.19335206,0.17605205,-0.16047446,-0.50748867,-0.16756026,-0.5981851,-0.64085424,-0.09182064,-0.36805537,-0.42539972,0.05069482,1.0428078,0.14173274,-0.27482155,-0.50166225,-0.015026432,-0.29211098,-0.5210415,0.76246285,-0.73817796,-0.48955077,-0.30348825,0.22693737,-0.07909675,0.6337406,-0.13738562,-0.679745,-0.1605806,-0.78246766,0.45638117,-0.32424948,0.76779693,0.26545355,-0.6448431,-0.20964421,0.57655984,1.3394154,-0.80161166,-0.36559877,-0.004140321,-0.95595545,-0.094264686,-0.5812222,-1.2278308,-0.2824432,-0.73944837,0.100595474,0.342588,-0.8359055,-1.1910613,-0.87133324,0.29963404,-0.849363,-1.3496194,-0.18669513,0.15946741,0.049694225,-0.4519361,0.91345096,-0.79825705,0.22783262,-1.0606873,-0.103909776,0.1626416,0.5994037,-0.15429887,-0.10182639,0.64845246,-0.7438135,-0.2141234,0.6679715,0.02931724,-0.032408282,0.44074023,0.7317648,0.59674555,-0.39376193,-0.6244286,-0.6610355,0.2255596,0.66643435,1.3562548,0.32686445,-0.5895963,0.008295919,0.21502268,0.22903098,1.2165699,0.14993568,-0.25155514,-0.27089775,-1.0068654,1.4277583,-0.110828236,0.1482321,-0.08395988,-0.3974241,0.9173388,1.8534886,0.11336757,-0.28004697,0.08520829,1.0986834,-0.001071208,0.23323269,-0.045076963,0.74507153,0.5366617,-0.43759903,-0.3523817,-0.7820537,-0.33904046,-0.26688117,0.10454417,-0.44693226,0.7983285,0.33642456,-0.97309446,-0.24349041,-0.270526,0.49034578,-0.59366256,-0.69511443,0.94296604,0.26449215,-0.5001087,-0.26320654,-1.0452218,1.24814,0.9732496,0.00865109,-0.48977944,0.23655125,0.8663454,0.49668264,-1.8648595,0.22202297,1.071339,0.14834686,0.06078127,1.2515321,0.022812681,-0.28431222,1.2208768,-0.40751383,-0.73106843,-0.43837962,-0.6796857,0.25651285,-0.2496487,-0.33016285,0.49201354,-0.028870456,0.5132855,-0.39988115,0.86960214,-0.15233807,0.49284977,1.4600368,-0.15635902,-0.18646744,-0.624046,1.499639,-0.11025669,0.00034468438,0.12603427,-1.1721833,0.8134045,0.21180992,0.38273627,-0.6921788,-0.25447968,-0.5014658,1.0987393,-0.47135317,1.023851,1.4072347,-0.0957372,0.25629622,0.042126115,-0.92064345,0.5076269,-1.1431296,0.018966297,0.41481954,-0.53084,0.85951,-0.714848,0.39889494,0.5033597,-0.30958396,0.22343707,0.48544163,0.61851484,0.79516864,0.477358,0.14772801,0.20286609,-1.340015,0.47131753,-0.19525386,0.83246946,1.014158,0.80926555,-2.4600468,1.2251217,-0.7614329,1.4402554,-0.49850312,0.5762607,-0.12397133
0.6766984,1.0956099,0.32290393,0.4205611,-0.6031827,-0.61081946,-0.2881476,-0.3712998,-0.31447816,-1.1590936,0.11150092,-0.04772813,-0.06092227,0.17796761,-0.9267716,-0.9647846,-0.7307936,-0.7507941,-0.103845835,0.4659584,-1.761749,-0.5498438,0.67887956,0.9698,0.381273,-0.37591043,-0.68668234,0.0688883,-1.0122873,0.35345808,-0.46048766,0.6542833,-1.4361125,-2.0358796,0.43063274,1.1255754,-1.0969855,0.11811697,0.8814353,0.6569166,-0.63512963,-0.056623895,0.28114656,0.05327444,-0.6380872,0.5379731,-0.32045668,-0.8232061,-0.70709026,-0.2516108,-0.39877635,0.37433493,-0.4647224,0.3065982,-0.25941336,0.20154713,0.73134494,0.88766354,-0.3752211,-1.0026673,-0.86451197,-0.53222567,1.6345469,0.4870904,0.34451506,0.15569404,-0.26465893,-0.32261294,0.6241961,0.19378936,0.24006869,1.4409302,-0.054881483,0.5830781,-0.119529426,-0.022467762,-1.199766,-0.4779799,-0.06259516,-0.90645415,-0.14341784,0.2477644,0.2128577,0.44028583,-0.4498792,-0.9702541,0.14821623,-0.74823916,-0.008414021,-0.71006674,0.0246182,-0.048574984,-0.9282753,-0.80085677,0.012596348,0.15921967,0.108403206,-0.3366255,0.1240824,-0.53595626,-0.43515447,0.7775194,-1.1718363,-0.30069596,-0.8229811,0.055800337,0.08491077,-0.3242469,0.71637404,-0.47126687,-0.5504239,0.4493685,-0.07994318,0.4248388,-0.90176874,0.5928907,0.67235523,-0.08081361,-0.76505095,0.39285675,-0.33469552,-0.34725747,0.5504884,-0.20422514,1.2262561,0.13787802,0.21098693,0.01849709,-0.6420182,-0.3826672,0.3811164,0.32310024,0.95460665,0.7968948,0.46672526,0.32282394,0.18318757,1.249036,0.23445147,0.43603942,0.4612242,0.85858846,0.3855412,0.12631176,-1.1005614,-0.7211493,-0.26057264,1.2858568,0.753536,-1.3568598,-1.0940169,0.19209926,0.7029097,0.43481693,-0.0737481,0.087930895,0.22486416,0.25465986,1.67298,-1.5115011,-0.99387366,-0.6843856,-0.34082693,-0.29024372,-0.6717422,0.42780504,-0.6657991,-0.19213383,-1.0334707,-0.89393085,0.06631892,-0.33629447,1.4159744,-0.2889519,1.4993058,0.5197666,0.8896914,-0.6841558,-0.45948327,0.27641705,1.8450491,-0.44524145,-0.10178265,-0.49735698,0.2971143,-0.23494014,0.5265927,0.083401956,-0.05356428,0.53537863,-0.22379427,-0.11953056,0.8690288,-0.7927831,0.5391588,1.0625995,0.91215163,-0.343797,-0.23523894,0.05262694,0.5538261,-0.5647771,-0.022131046,-0.84625226,-0.8715027,-0.36497226,-0.24033,0.13110766,1.011879,-0.4709868,-0.54614824,-0.084146224,0.022893777,-0.1725527,-0.56181824,0.1204811,-0.0781967,0.21182777,0.15544495,0.17256536,0.5767725,-0.69599164,-0.9566474,-1.2609708,1.1474625,0.32642752,0.30644053,-0.6539314,0.16497773,0.332087,-0.22563685,0.992365,-0.19527185,1.4388827,-1.0303518,0.19708233,0.7560712,-0.2881982,-0.56942225,-0.40464124,-0.24644002,0.22980306,-0.029514568,0.8842241,-1.9979892,-0.2953989,2.6393838,0.3727156,0.20838648,-0.27174276,0.2028875,0.9059478,-0.6416603,0.52344,-1.1345264,1.5141175,0.37970832,0.79487437,0.9517344,-0.008966613
0.7712643,1.7714273,0.33447427,0.92471915,0.89669526,-0.33360857,0.12219539,0.2477374,0.37409037,1.1595827,0.34592125,0.7240283,0.6569416,-0.094316155,-0.6491569,-0.80841786,-1.0072906,-0.07091113,0.8742969,-0.6195692,0.23706672,-0.0962183,1.4111768,0.6815531,-0.1982093,0.07053466,-0.6960978,-0.01414744,0.047592208,-0.34207505,0.48801917,0.88618755,-0.10477137,1.4276022,-0.1014299,1.5193703,0.12788329,-0.8561286,0.061039858,0.60541064,0.53423,-0.5336849,0.3910911,-0.5673586,1.3444388,0.47502905,0.10774037,-0.076026455,-1.1228024,-1.2305716,-0.060959246,-0.25700295,-0.27248648,0.16177075,-0.4936544,0.8183798,1.0717056,-1.2111895,-1.5333917,-0.4706598,0.060942397,-0.98066276,2.4833765,0.14190122,-0.7305365,-0.10388151,0.6590205,0.45447987,0.89882606,0.42389306,-1.4902041,0.44373444,-0.33972052,0.40193582,0.06921689,0.5126001,-0.48587072,0.3073399,1.5819211,0.64969426,-1.0112891,0.4601585,0.17633323,1.4257884,1.986034,-1.0587095,-1.0387046,-0.117088385,-0.2819351,-0.24975063,-0.77296275,-0.88526183,-0.6751557,0.5987861,0.43353128,-0.5928875,-0.5432965,-0.18479049,-0.5108319,-0.0950586,-0.04282711,0.79522187,0.032135926,-0.22048886,-1.635524,0.6217404,-0.5175018,0.85182524,0.90393674,0.092013404,0.27860177,-1.3714037,-0.19949992,-1.2808168,-0.91557133,-0.56567794,-0.5325853,0.60428303,1.1280975,-0.6080336,0.17452717,-0.57194567,1.6673528,-0.6840447,-0.7079982,-0.8143878,-1.1040027,1.4400188,-0.07556398,0.024771634,-0.38291922,0.0480419,-0.17070115,0.036262754,0.20312011,-0.53272235,-1.099791,0.59627265,-0.5002802,-0.28146923,-0.03235362,-0.73837906,0.69259685,-0.53224134,-0.088685565,0.61386913,-0.8768346,-0.26942527,-0.04857643,-0.868019,-0.8674306,-1.2483639,-0.55224735,-0.29737407,0.5157841,-0.07323024,0.15449789,-0.24376854,0.499834,-0.1569577,0.27215537,0.54273444,-0.17443416,-1.2519199,0.15086496,0.6780895,-0.85548776,0.5984901,1.2415434,-0.026672153,-0.045157164,0.43406722,-1.473522,2.1287792,-0.78942144,0.36438265,-0.74829453,0.09981535,1.2439917,0.05322109,-0.8805535,0.010414683,0.14268385,1.0447892,-0.20006777,-0.74995846,-0.07147764,0.050866522,-0.28021297,0.08132521,-0.60893756,0.054823045,0.018595424,0.81989515,-0.49571913,-0.30973127,-0.012382504,0.41278878,0.01678741,0.5874396,-0.016966768,0.8838634,0.19877453,0.6747485,0.07389529,0.46910846,0.30651945,1.2436023,1.2088336,-0.52934283,0.2374618,0.36529905,0.06781508,-0.26456678,-0.26930472,-0.3596515,-0.21377487,0.61679107,0.6728947,0.7135576,1.1639763,-0.6150241,0.208127,0.09077911,-0.531801,-0.4819584,-0.075207375,-1.1574272,-0.5674624,-1.0315832,0.6929119,0.4990037,-0.5980755,-0.08786108,0.06645886,-0.030776484,0.61071765,0.7067548,-0.73386395,-0.77127534,-0.6270351,-0.62095237,0.9636509,-1.1672431,0.56335765,0.44153374,-0.28013667,-0.14778496,-0.39018542,0.153424,0.116627246,-0.9575147,-0.8141216,0.5513682,-0.66676843,0.9740958,1.5773304,-0.63999933,-0.55388623,-0.24404883
0.1595836,0.20287666,0.10349015,0.070391916,-0.55776966,-0.28502253,0.9551957,0.60314095,-0.55303854,0.17792797,1.7644516,0.15077595,0.12457559,-1.4256876,-0.9443161,-0.082746215,0.7368397,-0.7136283,-0.3229564,-0.8306239,0.067377225,-0.25412092,0.025236923,0.19163884,-0.47873166,0.48810157,-0.9304619,-0.7060556,0.29817155,0.6984101,-1.2618369,-0.0077616125,0.15186942,-0.8815758,-1.3207303,1.4647962,0.45376348,-0.23986769,0.19553103,-0.66785115,0.8840932,-0.042171795,0.3889856,0.2505298,-0.08918252,-0.78198725,-0.07083048,1.0488635,-0.37742227,-0.088065274,-0.25283167,1.108858,1.4000596,0.72184396,0.12163344,-0.58469194,-0.32619458,-0.45140857,-0.6778911,-0.16279711,0.39746982,1.1244749,0.20082822,-0.3800432,0.5952825,-0.12347433,-1.5256342,-0.13063107,0.21303657,0.47161362,-0.18506101,0.75936466,-0.30376714,-1.0212104,0.9102995,-0.22600791,0.22918032,-0.023129575,-1.1566172,0.6073157,-0.8563733,0.49049073,-0.20461057,-0.29967588,0.5026518,0.053335857,-0.1971036,0.5345181,-1.0183485,-0.22507201,-0.9185051,-0.011313974,1.0961783,1.2939261,0.47340244,-0.2951344,0.9047111,0.3482573,0.12411525,0.44545805,-0.50152016,-0.8769488,-0.29070014,-0.27620688,-1.1858023,-0.39382023,0.081865534,1.3170063,-0.86761093,0.14532171,0.62214124,-0.8153605,0.5535982,-0.24709028,-0.46856916,0.4705664,0.13355364,0.9551155,-0.50882715,1.6734895,0.12462698,-0.506595,-0.5635352,-0.29286808,0.5851634,-0.80636036,0.5659107,-0.7802543,-0.3368338,0.5303089,-0.8997045,-0.30535743,0.6891605,-0.17795032,0.38951027,-0.038144317,-0.1533714,0.07458801,-0.48407716,-0.14168227,-0.8389216,-0.4174906,-0.6351552,-0.7236835,-0.6365148,-0.063623294,0.77515316,-0.2079512,-0.8558054,-0.5571921,-1.2424488,0.2906426,-0.28727084,-1.6146812,0.46515247,0.39096236,-0.56728244,-0.63817436,0.73950976,-1.0123707,-1.04139,-0.8885282,0.18785816,0.24931201,-0.5567579,-1.0008247,-0.24301071,-0.58356297,-0.5037941,-0.2256509,-0.02202991,-0.34066385,0.69999605,0.028671319,-0.3674251,-0.8297313,-0.46440774,-0.36107528,0.23672406,-0.6527816,-1.0081576,-0.042553,-0.57250524,0.20304283,0.13792917,-0.6337744,-0.010571593,-0.26947454,0.42623696,-0.034289125,-0.39916453,-0.08565937,0.29089686,-2.1067939,0.12823427,0.9972408,-0.20683683,0.9144066,-0.62866545,0.44421503,-0.011449911,-0.50579447,-0.013685234,0.4704703,0.19537038,1.061634,0.091601685,0.8194322,1.1923326,-0.0020781138,-0.4841039,-0.32846153,-0.47277907,0.04523416,-0.059877124,0.00086746516,-0.19481377,0.3552113,-0.08969812,-0.93181735,-0.19493055,0.33195436,0.7583823,-0.544837,-0.30861282,-0.7634033,-1.1039371,0.52529824,-0.43219307,1.6283755,-1.113461,0.22977388,0.6147645,-0.33234948,-0.1768038,-0.40602416,0.20920026,-0.8000666,-0.18556938,-0.28272903,0.372228,0.58084273,-0.056121726,0.85284984,-0.72815615,0.2829792,2.0137606,0.38643825,-0.7196574,1.9868315,-0.61119473,0.29703736,-0.3894566,0.73574656,0.5801991,-0.2089224,0.3814143,-0.26608345,-0.24693686,1.3836551
0.6519724,0.6554629,-0.5899969,-1.2463161,-0.39744717,0.5559009,-0.008728502,-0.46778545,0.30949977,-0.9467133,0.36596847,0.3851756,-0.03243982,0.6657283,-1.4225696,-1.1197138,0.4839714,-0.6702624,0.8910438,-0.20107776,0.15275644,-0.3222713,0.22153932,0.0697169,0.16455875,1.1312591,0.20672372,-0.53209275,-0.37499323,-0.22776279,0.22195378,0.37966025,-1.201239,-0.41757938,-0.06123392,0.45802182,0.15579613,-0.8942217,-0.49427044,-0.7054813,0.56124884,-0.28090322,0.31788686,0.08674164,0.28248924,1.405067,-0.42395505,0.45929208,0.15208066,-0.013035162,-1.0788194,1.0466338,-0.25003353,0.021434324,0.10723612,-0.39581177,0.6720918,-1.6392746,-1.205969,-0.4077665,-0.19579473,-0.20984918,0.11285466,0.5588417,-0.0022928414,-1.7053641,0.10044092,0.65168995,-0.0340781,-0.73340774,-0.11897229,-0.21158214,-0.8681793,-0.24234174,1.0495602,0.48365688,0.5926468,0.9099175,0.38702592,-0.08908795,0.27574438,0.4981029,0.5195444,0.9012847,1.061365,-0.47565132,-0.09945075,-0.2939946,0.9860108,0.012290256,-0.38315198,-0.6754066,-0.2487046,0.04791233,-0.077952065,-0.1485564,0.051796153,-0.44646263,-0.5257153,-0.3874269,-0.23983833,0.060420435,0.38873902,0.03150296,-1.0814478,-0.4502365,-0.7143989,0.87666893,-0.114006266,-0.13207246,-0.17534184,-0.5037018,-0.2637777,-0.8634646,-0.6873025,1.0721619,0.7075061,1.348556,0.37230682,-0.5649689,1.1378802,-0.2978154,0.434168,0.98117447,-1.6223968,1.5899045,0.5055216,0.8478461,-0.82450706,-0.6179292,-0.39422277,-0.8165451,0.36335,-0.036996216,0.31956553,-1.0231563,1.2786287,-0.0781297,-0.5928026,-0.62751055,0.6508018,-1.0236915,-0.16712172,-0.41550106,-0.7685389,0.06258021,-0.3304503,-0.60131633,-1.2515119,-0.002870607,0.3506453,-0.20725888,0.8101947,0.8296356,0.6964299,-0.36762476,-0.6576699,-0.29937208,0.11365546,1.1395291,-0.23723583,0.50048745,0.6251694,-0.09760949,-0.86572194,-0.9498902,-0.33614692,-0.014177912,0.43432513,0.12453508,0.7702887,-0.6184925,-1.7955853,0.010499884,0.05190885,-1.3665406,-0.86822003,0.66565984,1.6430086,0.10269401,-0.85033333,0.2057848,-0.66329294,0.84660083,-0.47300687,-0.73868704,-0.45986125,-0.23697658,0.07626698,-0.7214781,0.7730629,-1.303659,0.45596167,0.50276417,-0.67019606,0.044526145,0.03639478,0.87648284,0.2191096,-0.39930436,0.46950063,-0.6093386,-1.340804,0.25131005,0.17789952,-1.0186404,-0.3102427,0.87680167,-0.041627567,-0.6048281,-1.2804083,0.09625681,-0.5294919,-0.9938589,0.075570345,1.2544901,-1.2005033,0.47190607,-0.6690822,0.9664209,0.34146088,-2.044825,0.13347243,0.38234222,1.2100468,-0.48270273,-0.15343264,-1.0710107,0.6050715,0.1636192,0.23229164,-1.175251,1.3766692,-0.40997243,0.74123275,0.3292283,-1.7204673,-0.1046164,0.06031059,-1.4629455,0.4473559,1.1019071,0.31410027,0.22972722,-0.3086341,0.19293877,-1.7009484,-0.015151403,1.2792242,-1.0301822,-0.31746197,1.4770155,-0.24762248,0.7692541,-0.98602235,0.2744043,0.307641,0.032278582,-0.2421397,-0.1721077
0.083641104,1.498572,0.63365793,0.44634596,-0.42659342,-0.9037982,-0.66866785,-0.2701087,-0.7301984,-0.3479492,0.5536718,-0.1517792,-0.63105047,-0.39822876,-0.40890387,0.34263107,0.258629,0.754739,-0.042795703,0.26527402,0.22320281,-0.26423422,0.5489978,0.83651406,0.16280822,0.23283748,-0.81706184,0.21646364,0.6657263,-0.24326593,-0.46422967,0.30429536,-0.017290195,-0.1752217,-0.27254233,0.35071975,0.5387827,-0.010908846,0.18964753,0.7804523,-1.0902023,-0.09897272,-0.8497186,-0.20496769,-0.46725324,-0.2749296,-0.79182976,-1.0147971,1.3094697,0.0784894,0.23314294,-0.17030199,1.0723418,1.718254,-0.5266866,1.0508875,-0.67618054,1.0776846,-0.4203583,0.9618153,0.24663553,0.78571147,-0.28503627,-1.4459149,-0.43710002,0.31372297,-1.446179,-0.41154528,0.10098434,-0.9174875,-0.27226713,-1.3050328,0.4496418,-0.4444372,-1.336929,-0.45495874,-1.198474,0.27606,1.5031949,-1.6709146,0.7334673,0.06387303,-0.42589182,-0.8361344,-1.7328975,1.1837876,0.6914874,0.11819528,0.32040983,0.6733266,-0.2593992,0.00074828253,-0.5849845,-0.6954607,-1.1254369,0.18342216,-0.67755204,0.47446132,0.0026970748,0.111332044,-0.3269488,-0.46168742,0.027296664,0.8141884,-0.929523,-0.59804654,-1.4153212,-1.0344336,-1.2693266,-0.06342502,0.50765187,-0.65186065,-0.061556555,-0.9658921,-0.0506788,0.4940959,-0.47042117,-0.30377188,1.2318931,0.9429555,-0.8238719,-0.43407705,-0.050457,1.2213867,0.44691092,1.3773361,-0.33521977,-1.1831278,0.1636674,0.03918949,0.2481851,0.5668188,-0.41291183,-0.1874796,-0.3717705,0.32732755,0.27333722,0.4030595,0.64944935,0.31858867,-0.17266937,-0.36190525,-0.2334776,-0.15626983,-0.31315222,0.045830697,0.8452437,-0.18764244,-0.8456526,-0.084136784,-0.78095603,1.0712436,0.19003603,-0.14279957,1.5813044,0.87490046,-0.65975916,1.0791166,0.68659115,-0.30097464,0.091191776,2.3037813,-0.5469337,-0.14081673,-0.6583586,-1.2522475,2.3213124,0.5842266,0.115297884,-0.38571423,-0.24257377,0.58075875,-0.4471698,0.003416802,0.26555938,-0.23897123,-0.22064507,0.13882312,-0.50762856,0.19403191,1.1195648,0.4598989,0.74099195,0.39916086,0.10618538,1.2563099,-0.26676363,0.10483854,0.21533248,-0.0428424,-1.4075041,-1.5166347,-0.7663032,-1.1386243,-0.41445577,0.029700758,0.53086156,0.33126873,0.20247044,-0.54200476,0.33075967,-0.55312496,-1.0396318,-0.07299658,-1.1469213,0.07526289,0.83493394,0.7214496,0.28322884,0.9531761,0.99110776,2.294944,-0.61803377,-0.71612877,-0.39545223,-0.5274012,-0.91444576,-0.3115565,-0.25781724,0.98031455,-0.28834227,-0.031702895,-0.8488421,-0.6635346,-1.5020201,-0.55095583,-0.15373948,-0.5312671,0.46883506,-0.86984026,-0.45538515,0.18514746,0.25953296,0.38778394,0.5071007,0.4989379,0.23674081,-1.0958577,-0.14580318,-0.40282476,-0.28696567,-1.256012,0.6459187,0.75185573,-0.872546,0.14910884,0.031233953,0.15205686,0.61626303,1.4357399,0.5094678,1.3869307,1.0518222,-0.31114167,0.3122613,0.3307481,-0.30585793,0.26455995,0.22510901,-0.77079695
0.63366914,0.38887414,0.36345303,-0.103261314,-0.8934018,-0.12451062,-0.52175707,-0.12501341,0.5159558,-0.9027575,1.9569716,-0.8241284,1.6164691,-1.1450996,0.21620238,-0.7293124,1.5871767,0.66304445,1.3411702,0.9406586,0.8477559,0.19649184,0.07951671,-0.19175646,-0.5523833,0.70664084,-0.2795056,0.24391608,-0.6066122,-0.05758854,0.2774964,-0.51859707,-0.17857864,-0.7340966,0.39171022,0.92599463,-0.42360204,0.28490695,-0.47554752,0.38237122,0.061807074,0.32115665,0.29937753,1.0880039,0.4659847,-0.56858057,0.08983175,-0.010972032,0.023785375,0.4681205,1.9635407,0.56540245,2.3057184,0.4461346,0.54080766,-1.0114622,-1.4590964,-0.18777077,0.27159774,-0.12566017,0.5443835,-1.0615476,-0.86244655,0.1795901,-1.3503919,-0.06026022,-1.4833506,-0.24378859,-0.06128944,-0.1425313,-0.122623175,0.037508402,0.45469302,0.3414343,-0.09961198,0.3020647,1.9638135,0.92696404,1.4405354,0.9181905,-0.13756132,-0.17515004,-0.18515627,-0.33929107,-0.6027139,0.5944284,1.4177432,0.5065308,0.5342101,0.53332967,-0.4260244,0.72863615,-0.579618,0.029119851,1.0632619,0.29133415,-0.86455864,-0.8803311,-0.83777416,-0.5346953,-0.69705755,0.55802834,-1.3681215,-0.71584696,0.8365612,1.015169,-0.5519252,-0.49942052,-1.1715283,-0.25967866,0.08271623,-0.31347513,0.16806589,-0.42292008,-0.12490889,-1.1049451,0.6911012,1.6328024,-0.41868174,-0.2133209,0.24198465,0.567077,0.07695102,0.026767673,1.2142738,-0.7448132,-1.1838133,0.11203046,-0.49980074,0.9849511,-0.71992254,-0.13726224,0.25214413,-0.8509492,0.5373906,0.14714871,0.11909201,-1.5870419,-0.7597704,1.2415327,1.7846384,1.1350715,1.2871774,-0.49883574,-0.4395641,0.030886492,0.23423728,0.04220852,-0.9936119,0.5512339,-0.9577295,-0.6095242,0.31601515,0.43673095,-0.5802652,-1.0562949,-0.8734212,-0.82805043,-0.2909443,-1.071101,-0.6354998,0.7210199,-1.3675267,-1.263204,-0.2107692,0.29403,2.1616373,-0.11907525,-0.2688507,-0.52541834,-0.48671648,0.5912288,-1.2657933,0.6712557,-0.69309866,0.4282174,0.8687516,1.0954331,-1.0879402,-0.5995696,0.2838954,-0.45117712,0.105633706,-1.5737095,-0.6874815,-0.20568267,-0.22428605,0.053524975,0.044019405,0.6047826,-0.095604904,-1.034546,0.015355712,1.0146663,-0.5841888,1.6226667,-0.9416164,-0.23763406,0.89593107,0.20908768,0.03646834,0.8325383,-1.141476,0.29006273,-0.85755295,-0.3382371,0.5203827,-1.068254,0.45674783,-0.855587,0.9104094,-1.116709,0.9651307,0.087213054,0.2987444,-0.3000824,0.40877447,-1.251976,0.15840518,-0.5466958,0.3176041,0.6621812,0.80404127,-1.2786976,0.84426033,0.041277613,0.1279601,-0.28162122,0.7509775,-0.26587665,-0.21665224,0.8193568,0.16914354,-1.0174853,-0.31985214,-0.7619774,0.6189396,-0.1386445,0.45775267,0.2391645,0.533248,1.5411282,-0.46011686,-1.1233402,1.5938611,0.72162116,-0.10087532,1.2939926,0.09852171,1.6721653,0.15753374,-0.15110296,-1.2853743,-0.34437433,-0.6350056,-0.65721047,0.5050148,0.011530224,0.232576,-0.700931
-0.5676066,-1.0562241,-0.21078569,-0.40826315,-0.93827236,-0.35330954,0.1037147,0.010448741,0.013658444,-0.15602033,-0.37453708,0.6748217,-0.7725416,0.09232541,0.18100466,-0.8114466,0.24680649,0.3225175,-0.4694303,-0.947809,-0.68275553,-0.96405774,0.38348675,-0.08207202,0.4825519,1.0063013,-0.5541091,-0.46236232,-0.14230968,1.0418025,0.08919232,-0.12147343,0.33218673,0.84030056,-1.5544804,1.1512595,0.11967241,1.0052841,-0.5688835,-0.022728598,-0.1089494,-0.5922543,-0.4787211,0.2403116,-0.3036268,0.084913746,-0.5989461,0.29351103,0.22711612,-0.10082338,-0.117037915,0.15896888,0.09504569,-0.15369354,0.64137334,-0.6570961,0.36579967,-0.86283046,-0.3789152,-0.64108086,-2.3646183,0.6147819,0.73293555,0.624496,-0.14383088,1.0841621,-0.4190512,-0.7569773,-0.7309107,-0.50745296,-0.2190275,0.019617379,-0.7465771,0.052929055,-0.8477494,-0.4245863,-0.9436645,-0.208816,-0.42075038,0.10728809,-0.5906549,-0.03574039,0.69126886,-0.28895813,-0.40322733,0.03871555,-0.17329136,0.77036536,0.002558723,0.021651905,-0.28531754,-0.061569285,0.6571751,-0.74971443,-0.18644597,-0.03481066,0.8091625,0.3224349,0.25449008,0.06224833,-0.7493687,0.11421615,-0.71014905,-0.16565111,0.56104285,-0.024496691,1.5496732,0.30943954,-0.24096029,-0.7621459,0.13964461,-0.039933693,0.49983725,-1.0163668,-0.75839466,-0.019485561,0.1887231,-0.36849886,-0.6564842,0.41060397,-1.0113642,-0.09983502,-0.024259102,-1.2865431,0.15614313,-0.4246574,0.8012435,-0.82964873,-0.71417415,0.23598383,-0.26849112,-0.042695325,0.17117047,0.124727465,-0.48698455,0.33044577,1.1166109,1.0148604,0.11986677,-0.25057402,0.23085973,-0.88941336,-0.7817293,1.0679213,0.1616636,-1.7666017,-0.14430575,0.9025248,0.8941964,-0.084256485,-0.32919753,0.12062782,-0.31179827,-0.8902205,-0.75988394,-0.79465944,0.03809071,-0.29124385,1.196454,-0.15856238,-0.79847515,-0.24263872,0.09371888,0.55999047,0.6123259,0.714586,0.78378963,1.2528237,0.17734504,0.4315875,-0.7324381,0.84775287,0.29885742,-0.81159693,0.9953565,2.20454,0.45692784,0.7114968,0.42212713,-0.032030962,0.4573472,0.14999491,0.05243383,-0.84096867,-0.38689554,-0.7237745,-0.95664567,-0.16509259,0.21390551,0.79392505,-1.1855956,-0.80399436,0.16811658,0.93411195,0.3367281,-0.6089403,0.6508546,-0.21300879,-0.32650712,0.13357256,-0.03404501,-0.010407588,-0.25640094,0.9816214,0.013650899,0.51025265,0.06941566,0.033919793,0.35961127,-0.4976715,1.1350118,0.29373848,-1.4290353,-0.43175313,-0.004551325,0.23494805,-0.4152026,-0.902195,0.7212649,0.43056396,0.36585072,0.4046387,0.5885622,-0.15321878,0.34376946,-0.80995965,0.16930531,-1.3940437,0.4239515,-0.57299227,-0.47557798,1.1270716,1.4501587,-0.24488361,2.1900394,0.31373948,-0.07274199,-0.040024508,-0.29163262,0.3446956,0.8659176,-0.018060131,0.50600463,-0.86899334,-0.6498205,-0.98934513,-0.80340624,-0.5151159,-1.2094038,0.8361851,0.87523955,-0.25040552,-0.64090407,0.6721259,1.6687051,0.0445264,0.22202194,0.30191272,-0.64557064,-0.06500377
1.047013,-0.0066205766,0.80653924,0.4768682,-0.63818204,0.454362,-1.4452585,-0.33288974,0.37396917,-0.12519322,0.51257277,0.72589064,-0.6186781,0.34997195,-0.22301996,0.09728121,0.23543644,0.97551304,-0.13806313,1.4066889,1.4197388,0.50215787,0.0723094,-1.2747126,-0.41988426,0.4612351,0.5243499,0.34414238,-0.32444525,-0.23303716,-0.046010137,0.18925127,-0.3631175,0.5053205,-0.1285132,0.028704615,-0.37007493,0.7325607,-0.66763765,0.7819611,0.75692225,0.13817434,0.27921796,-0.32164717,-0.4217866,-0.89647585,0.5567677,-0.17464519,0.5043905,-0.36856112,1.0039667,-0.86272275,-0.18609565,-0.08017723,-0.18410033,0.56712514,-0.09066201,-0.47565264,-1.1727543,-0.926205,-0.04623284,-0.32861042,-1.426097,-0.34234646,0.27903843,0.66041976,0.10928665,-0.7650758,1.4618012,0.12191469,0.31583098,-0.0725825,0.89548624,0.41681907,-0.0143739795,1.000263,0.23575212,0.5495721,-0.7476144,0.83647925,0.33041015,-0.5149649,0.21940878,1.3539017,-0.19818336,-0.9387823,-0.7515792,0.1654204,0.065097295,1.3045156,0.47550985,-0.02292548,-0.69918853,-0.36998022,0.30521104,-0.35911953,-0.07477338,0.5552353,-0.7630035,0.5854278,0.6121607,-0.27186736,-0.052865237,-0.15163702,0.7971065,-0.038871497,-0.5585163,-0.035917617,-0.5791958,0.23336677,-0.29994854,0.76193124,-0.43857807,0.36166662,-0.41667366,0.25916082,0.008441103,-0.031692967,0.5191577,0.2143276,-0.90758914,0.16999707,0.16699354,-0.07993554,-1.1378211,0.7353649,0.9459857,-1.0353467,-0.20157823,0.044356816,-0.6059658,-0.5521581,-0.3206206,0.6790831,-0.374845,-0.52762884,-0.8365196,0.24128433,-0.94546634,0.4029644,1.7306055,-0.034870017,0.75611675,-0.119275935,-0.032321494,-0.026806869,-0.61279297,-0.7005618,-0.42047748,-0.10345524,0.45168573,-0.10888171,0.31216443,-0.35899207,-0.45115316,-0.104688406,-0.14569347,0.61659837,-0.72214174,-0.5485316,0.21202505,0.21704961,0.22218458,-1.7776994,-0.8770237,-0.31169802,0.4711807,0.7405454,0.798124,1.38697,0.52569604,-0.35251623,-0.12333721,-1.5558943,0.2844868,0.31489068,0.35041866,0.4231245,1.1326178,-0.70405465,1.3751338,-0.97861594,0.142342,0.37035653,0.97638893,-0.06388553,0.0286454,-0.056662202,-0.49065584,-1.023684,-0.08355047,-0.13613142,-0.6006846,2.8807511,-0.5885381,0.16695265,-0.0022794565,0.066776924,-0.6743108,-0.48956168,-0.12693729,-0.17550232,-0.6178169,-0.020168254,-0.3731307,-0.04105061,0.47400212,-0.0006427938,-1.0595952,-0.903111,-0.18028456,0.15070271,-0.6912497,0.47511154,0.31874302,0.21611172,-0.7827381,0.63293284,0.10555932,0.88767457,0.9178691,0.12104173,0.28809944,0.27645847,0.23133147,0.43173578,0.30690423,-1.4867618,-0.3414023,0.600331,0.05754586,1.410236,1.4414188,-0.6242623,0.59983444,0.64487284,1.214561,0.14638801,-0.32585832,-0.13158433,-0.19141112,0.25464636,-0.48391792,-1.337637,-0.6727899,1.2681805,0.18273635,-1.2003356,1.1281307,-1.9295244,-0.17926289,0.5719887,-0.5839945,0.5184815,1.1822159,-1.0014559,0.5794234,-0.057889838,0.040108614,0.6822881
0.36215276,0.53939337,0.26926455,-0.014278208,-0.9705136,-0.67688656,-0.18928763,-0.29590595,0.8648602,-0.33005297,1.0029207,1.1263441,0.18350925,-1.2472937,-0.5298106,-1.1093365,-0.047386598,0.30328184,-0.2686531,-0.28728992,0.36609548,0.5205666,0.108323924,0.54550064,0.63540906,0.8097706,-0.9475185,0.35387093,0.108931325,-0.08059225,-0.41800806,0.6585987,-0.11434075,-0.38678837,0.024908863,1.3396596,-0.9826186,-1.3721634,-0.44032776,-0.43721083,-0.583492,0.80010605,-0.67537165,0.08703584,-0.110536546,-0.08040951,0.52671903,0.00039396732,0.75245917,-0.18397564,0.18122251,0.42310923,-0.03387841,0.79618055,0.9808821,1.029883,0.43561217,-1.4473534,-0.22202505,-0.2708296,-1.4244465,-0.31400684,0.2225765,-0.2279652,-0.8180801,1.3265109,-0.5004011,-0.29624575,-0.64135915,0.13893718,-1.2612295,-0.50161207,-0.35597607,0.81478804,0.13336052,-0.73344475,-1.4566121,-0.18862946,0.17820193,-0.23026772,-0.5911816,0.85734516,0.027120426,-0.359796,-0.24330513,-0.1994979,0.32487616,-0.06293993,1.1952083,1.3515245,0.94075817,-0.19459102,-0.5920379,-0.2017775,0.9970974,-0.5662397,0.8891236,-0.6619194,-0.869696,-0.05025237,-0.82919925,0.434603,-0.5845739,0.4247176,0.01907388,-0.17997341,0.19366382,0.96243984,-0.38698152,1.1738685,1.0551065,0.2645776,0.75712746,-0.84412587,0.80445075,-0.14741887,-0.36146817,0.9876491,-0.018631108,-0.3522977,-0.616406,0.001969842,1.1499698,1.4368472,-0.7837063,0.050950907,0.2773364,-0.26581416,0.40577182,0.66835964,-0.20198877,-0.09788565,0.80853003,-0.80489194,-0.16953053,0.2602257,-0.42079905,0.7226899,-0.4607706,-0.333941,-0.5248888,0.121892124,1.0559129,0.01917731,1.178038,-0.46243343,0.9254598,0.055531465,-0.06537856,0.009344494,-0.5402709,0.236174,-0.20795602,-1.15217,-0.43673643,-0.5514687,-0.8642078,-0.6213382,-0.6703302,-0.77515143,0.19703148,1.1738421,0.1633332,-0.56937957,-0.21004316,1.3270146,-1.3488762,-0.46454778,0.63983256,-0.49630362,0.17582388,1.0430374,-0.61385,-1.1606193,-0.7865659,-0.084762745,0.40384308,1.2616023,0.48526186,0.6664951,1.1540868,-0.23993318,0.34409055,0.1661306,-0.371771,-0.16186276,-0.8979518,0.41966873,0.5758876,0.45952976,-0.2744081,-0.8182965,-1.3892584,0.28506133,0.45155886,1.5917604,-0.4210699,-0.11718599,0.6484904,0.7468748,0.70258355,-0.61423236,-0.70882624,0.7785181,-0.25387785,-0.3372617,0.24456573,0.8513995,0.29024574,0.46609586,0.43939078,-0.3223739,-0.08507873,-0.3869979,-0.6774389,0.044536926,-0.2963389,0.36091006,-0.78113097,-0.80972314,0.5278495,0.42003933,-0.34187987,-0.09126714,-0.6185369,0.06994817,-0.73881894,0.125041,0.38341457,-0.8014189,-0.14700766,-1.0386356,0.4752657,0.025723249,-0.11368042,1.1647352,-0.3943903,-0.68490905,0.42091602,0.92655486,-0.7652597,1.0413076,0.6209338,-0.023964666,1.000338,0.5339599,1.4986396,0.14361054,-0.40031105,-0.24927333,-1.1398896,-0.77692455,-0.33566824,0.20660917,-0.40463996,0.8332014,0.53754413,-0.58563566,-1.1325755,-0.01381755
-0.13698818,-0.56963414,2.3497117,1.2641237,-0.20394358,-0.5229159,0.012837847,-0.6887179,0.65489084,-0.16275492,0.2397356,1.2170304,-0.39966118,-0.25932917,-0.22338401,-0.5243848,-0.14101385,-0.3985254,-1.0723358,-1.1769944,-0.1105781,0.31664497,0.37460664,0.9132229,-0.31206295,0.66637796,-0.22138128,-0.95258015,0.627644,-0.3418327,-0.36762938,-0.15820953,-1.5440931,-0.6195759,1.6080918,0.8539858,-1.0895872,-0.8164108,0.10146623,0.3301337,-0.009287421,-0.46759936,-0.62161165,0.24450238,0.76005787,0.39942813,0.18826587,0.4438444,-0.6158019,0.048683826,0.043024182,0.17120992,-0.416912,-0.35545933,0.42334896,-0.36590314,0.03221746,0.10295859,-0.0870673,0.19569409,-1.064454,-0.16366956,0.06850056,-0.26487207,-1.0293084,0.160122,-0.95939994,-0.129036,0.2170839,0.9954259,-0.370262,0.7246986,0.41952026,-0.30531815,-0.6237417,1.1846384,0.48011526,1.645691,0.98456347,0.2846563,-0.4436447,-1.1835726,0.19278856,1.336558,1.1559826,-0.34533945,-0.8901647,-1.0084195,-0.15958156,-0.421144,1.1203835,0.14155947,-0.5902953,1.0306301,0.8680074,-0.14798108,-0.35717726,0.7190098,0.06026688,-1.8719041,-0.47063258,0.9188252,-0.51270527,-0.2089509,0.46338895,-0.5022716,-0.684338,2.3016024,0.6392338,-1.2040734,1.1817867,-0.5782943,0.9848252,-0.069973,0.47082737,-0.010505034,1.0522033,0.39394066,0.95179355,-0.9554073,0.731294,-0.09542569,-0.3445756,-0.9730335,-0.71149766,-1.0676465,0.57196,1.480792,1.1481185,0.5592888,-0.7186978,0.065311775,0.18426257,-0.61495155,0.23284794,-0.32286856,0.20909193,-0.4053319,-1.2568303,0.40055874,0.80567664,0.982177,0.4833106,0.22580352,-1.0852554,-0.2823246,0.19950841,-0.89031535,-0.99535316,-0.76089835,-0.6991726,-0.62142235,-0.5896413,-0.051039275,0.21022803,0.77973664,-0.022267131,-0.37295815,-0.5192538,-1.8999246,-1.2883235,-0.3298861,-0.65149087,0.30349654,-0.15344238,-0.24270165,-0.20675197,1.1467339,-0.5704074,0.47306433,-0.38362506,-1.6604671,-0.3765484,-0.3569727,0.28091058,1.5060884,1.6696907,0.89146197,0.29412347,-0.83782715,0.7417986,-0.58378136,0.38291943,0.64131904,0.2764453,-0.7066303,-0.34074348,0.07262745,-1.1116345,0.5216988,0.29342294,0.33096936,-0.41003248,-0.76394427,-0.0647573,0.09573855,0.31757674,0.38358632,-0.68804723,-0.15133327,-0.08629955,1.0047675,0.17532875,0.12354732,-0.45947656,0.34691823,0.241385,0.37644437,-0.70128727,-0.29815003,1.0890608,0.19868165,-0.25182247,0.2729703,0.09250129,-0.093211345,-0.552455,-0.101483054,0.9979261,0.607807,-0.42865363,0.12367659,-0.010272017,-0.08914396,0.6988536,-0.6495736,0.942354,-0.11653957,0.08149406,-0.014319551,-0.45741922,-0.5589268,0.07648637,-0.11377159,-0.37512365,0.8702998,0.16036855,0.07534321,-0.89124537,-0.32749397,0.30617872,-0.16173397,-1.4046884,0.9861098,2.0793383,-1.610715,-1.5508795,1.3201375,0.05306151,-0.8918978,-1.3843215,-0.37447983,0.5059401,-0.300265,-0.68850386,-0.5367578,1.8175563,-0.7458742,-0.3465822,-0.20921272
1.0896175,-0.2431257,0.03228897,-0.7223958,-0.43263286,-1.2160983,-0.4597441,0.12438153,0.39782006,-0.383613,-0.5869823,0.8175532,0.84339166,0.41323796,0.55866206,0.11285238,1.3425257,0.5698491,-1.3012208,-0.6679359,-0.25136188,1.3363197,-1.2546003,-0.36998862,0.76419103,-0.22117448,0.1056245,-0.27512395,0.40205222,0.37354457,0.010688047,-0.3438991,-0.5644982,0.21896973,0.06925687,1.5252496,-1.1499164,-1.4504117,0.7534028,-0.5554236,-0.15115939,0.19571528,0.11112108,0.067137875,-0.3432161,1.175983,-0.05874623,-0.17733037,-0.030689748,0.06948594,-0.099855915,-2.016704,0.15041426,0.6891637,0.084437065,0.58682805,-0.109761745,-0.22337817,-0.10928252,-0.35241184,-1.3070103,-0.003917596,1.0420467,-0.06986625,0.59815985,0.2599872,0.04311605,-0.40010735,-0.626758,1.3166496,-0.59847593,0.24969025,0.25284067,0.71607137,0.15649553,-0.076615535,0.7730305,0.111551,0.77519196,0.9393644,-0.59280926,-0.41511038,0.16735224,1.0972971,0.345474,-0.6349643,-0.3675253,0.43633994,-0.1592245,0.6029489,0.2713049,0.09534563,0.23036367,0.50122017,-0.41521913,0.4947895,-0.30671063,-0.34079134,0.4903015,-2.027921,-0.23535319,0.12729394,-1.2731076,0.6064056,0.56194454,0.60410786,0.78173625,0.6880865,0.920327,0.19699691,-0.27537504,-0.14213255,-0.063636385,-0.036476113,1.2117373,-0.23228551,0.8956374,-0.67730886,-1.1972452,-0.5446573,-0.03691497,1.3980484,-0.8803076,-0.42762893,1.0047923,0.23555844,-1.3296515,0.7652765,0.25800845,0.41499892,-0.35206312,-0.70255244,0.6134363,-0.25328037,0.18649845,1.101097,-0.07447125,0.71946585,0.07990616,-0.04096717,-0.0054742764,1.142526,-0.18423082,-0.1194801,0.22743544,0.7342938,-0.40834948,-1.1035249,-0.069085225,1.0163158,0.7632174,-0.7463661,0.6625004,-1.1445096,-0.7182479,1.0756749,-0.118459105,0.46909764,-0.23465978,0.22518933,0.66795313,-0.482738,0.651583,0.51660234,0.10422998,1.4569541,-0.34372187,-0.00045457337,-0.23484522,0.47578475,0.3302033,1.3227811,0.093242906,0.78108203,-1.4926914,-0.31647152,1.5426852,-0.9881554,-0.4935363,0.9748887,0.12729876,-0.44537893,0.11714134,0.21035548,1.8126234,0.18971463,0.00034690616,0.44333217,-0.15807371,0.8375822,-0.28772458,1.5376198,-0.26372772,0.8568807,0.07387786,0.8882978,0.20158018,-0.41603762,-0.35645702,-0.052995633,0.83410347,0.58749324,-0.19057538,0.3500987,0.41559365,1.386878,-0.20849392,-0.6721719,0.32073647,0.8907775,-0.728546,-0.27686203,-0.5937917,1.0100758,-0.57506806,-0.031518806,0.10552297,1.1568025,-0.5814016,0.624519,0.5089356,-0.654742,0.7184675,1.25804,0.7713761,0.9933642,-0.06436075,-0.47758338,0.38964957,0.28260025,-1.5789094,1.3548348,1.2316258,1.3147947,0.82431006,-0.89202946,0.99616057,0.046008337,-1.0043932,0.09136612,0.10271713,1.2111129,-1.0333731,0.31872985,0.852962,1.2458497,1.4513391,-0.04994161,-0.06877064,0.8366103,-1.2092793,0.71258515,-0.27992198,0.6509695,0.12933931,1.0179914,0.036260393,0.37547472,-0.072045945,0.30531174
1.2803061,0.55906725,-0.8571177,0.48264045,-0.8973364,-0.029168515,0.059387162,-0.24194816,-0.05220862,-0.39354432,0.40855926,-0.251959,0.62105685,0.7727777,-0.0835713,-1.5257587,-0.86909795,-0.9472734,0.94810545,0.49142817,-0.44227067,-0.060493603,-0.09176836,-0.20900445,0.45666337,0.185518,-0.21725973,-0.15330094,-0.87106186,-0.5209099,-0.11815768,-0.74985737,-0.012502265,0.13415617,-0.31971043,0.07138609,-0.13730703,0.11621165,-1.2760863,-0.11960893,0.04468388,0.48600024,0.49000096,0.224308,-0.36345223,-0.52653056,0.005230491,0.3604101,0.023588093,0.02920543,0.026760481,0.10762222,-0.38022155,0.0517886,-0.6789506,0.10547537,-0.08014877,0.03403649,0.33027047,-0.5060619,-0.68607277,0.5569172,-0.2802785,0.6866354,-0.10787737,0.9289672,-0.19841921,0.19161455,-0.22141053,0.9110071,0.8757166,-1.1537995,0.3534784,-1.0787117,-0.81277233,-0.10712225,-0.08005621,-0.070385024,-0.33527678,0.62078446,1.357216,-0.22110875,-0.3277515,-0.35677364,0.91831726,-0.527513,-0.5091107,-0.36865944,-0.3094887,0.5042766,0.4993706,0.5138525,-0.08462137,-0.5607492,0.060467698,-0.5094888,-1.0686308,-0.7039667,-0.33897465,0.4747068,1.2925438,0.9385435,0.6335707,-0.17340532,1.0747231,0.6320183,-1.3167502,0.37318367,1.3583139,-0.31703886,0.19452468,-0.96660185,-0.92826694,-0.66612136,-0.7239092,0.2828015,0.46960852,0.56278133,-0.12422409,-0.66762257,-0.2398181,1.0773616,0.85031223,-0.36625603,-0.8525833,1.0076946,-0.13427977,0.10036293,0.017077927,1.1331049,1.2702227,-0.35313174,0.16568519,-0.15617163,1.0421109,0.3813442,0.47234112,-1.0386086,-0.20025036,-0.45041066,0.11017298,0.36926985,0.54792094,1.4765458,1.1983603,0.89479727,-0.81139505,-0.050642706,-1.2909751,0.4319382,0.63017374,-0.36811927,-0.0005909401,0.41381818,0.28519952,0.43709034,-0.13050775,-0.25160727,-0.08301312,-0.66128856,0.43709046,1.5549492,-0.06255173,-0.09865396,-0.56436586,0.34817967,-0.4468429,-0.96011025,1.0956335,-1.0066469,0.012823942,1.184095,-0.25296196,-0.11642276,0.35469803,-0.39739484,-0.65615845,-0.6434259,0.07533642,0.5187083,-0.5830582,0.49718457,0.009584726,2.609686,1.3796781,-0.2731152,-0.31340712,0.22366701,-0.116439946,0.21364707,-0.08040122,0.12414176,0.040490225,-0.115880616,-0.50232595,0.37395313,-0.108753145,-0.41971886,-1.3003973,0.91088516,0.38791624,-0.087655246,-0.96845704,-0.25670394,0.99964184,0.14463675,0.05855207,0.6058603,-0.05302789,-0.7575102,-0.10450929,-0.2284488,-0.64797693,0.6622563,-1.3007054,0.7974817,-0.14052121,-0.053397242,0.95823914,-0.032883964,-0.55862135,-0.66479087,-0.7809273,-1.2537024,1.0848458,-0.4019417,0.7933477,0.93023163,0.8672715,-0.4756943,0.18358794,-0.486335,-0.1771948,-1.8276243,0.07358208,-0.20481862,-0.2838424,1.5619936,-0.94460815,0.8390669,0.25273347,0.00284885,-1.4744711,-0.8509942,-0.39301813,-0.71668243,-0.60096395,0.56846404,-0.014721119,0.013999772,-0.4156817,0.040790107,0.80431604,-1.3887132,-0.53485644,-0.89815855,-0.6080117,1.5636516,-1.1452404,0.7252334
0.27775976,-1.0782695,-0.2154417,-0.8269571,-0.29950145,0.490489,0.7314472,0.79445,1.3078067,0.379289,-0.66053325,0.014817899,-0.27913493,1.1429144,-0.38091087,-0.23743558,-0.28181788,-0.10010695,0.20512645,0.2589903,-0.44516793,-0.5714742,-0.31103018,0.12472936,-0.11853223,0.7115748,0.2616971,0.48312786,1.2767174,-0.049399287,1.4180598,1.0538526,-1.0379887,0.21379481,-1.0322385,0.9400587,0.3616919,-0.29612252,-0.7816099,0.33730745,0.24868071,0.25034204,-0.08990823,-0.57268184,-0.16731624,-0.399056,0.5696768,0.46068034,-0.75848085,-0.7990984,-0.9615499,-0.12834503,0.30115458,-0.55779094,-0.1593827,0.44076818,-0.1898747,-0.2716035,0.30689135,0.5048389,0.09266449,0.15410832,-0.74323124,-0.014878632,0.6810596,0.19641787,-1.2723789,-0.45222804,0.14077032,0.861172,3.4697802,-0.09323553,-0.4997204,-0.56367356,-0.6932225,-0.35726032,0.526585,-0.16394408,-0.27675346,-0.6209809,-0.6090814,-0.1743797,0.0063220114,0.32178083,-1.1573102,-0.5434163,0.037679043,0.8304102,-0.4258859,-0.03425359,-0.57341075,-0.34690326,0.9456394,-0.49470645,0.7007613,-0.29640627,0.62244856,-0.46178243,0.03266756,-0.086912885,-0.54566133,1.224935,0.08940431,0.03638232,1.3103286,0.26090252,-1.004325,0.34864977,0.1707023,0.70687413,0.08135361,-0.8072129,0.44005656,-0.22346464,1.4431202,-0.046068877,-0.71849287,0.55652976,1.6646905,0.07098922,1.2446733,0.6643945,-0.08175529,0.6227963,-0.4311252,0.91225135,0.22657678,-0.44359326,-0.8553379,-0.60278165,-0.7015769,1.0279028,0.5310355,-0.012663663,0.6320292,-0.08974863,0.16142261,0.014456985,-0.16559654,-0.35157168,-0.16421874,0.3029157,-0.0017882377,-0.37788498,0.40247548,1.1816403,0.7555054,-0.18636511,0.111882694,1.2724078,1.1300379,0.057251904,0.7290963,-0.35139048,-0.24255371,0.026966827,0.22511183,-0.7873294,-0.086071715,0.06651972,-0.3613666,-0.30791476,0.37340182,-0.3106691,0.15184282,-1.1486381,0.6231329,-0.20215222,-0.08702393,0.21548206,-0.10463911,0.019786008,-0.48904273,1.8319156,0.8952273,0.31829718,-1.1002722,0.58831084,0.48687953,-0.7388836,-0.9313831,0.34171423,1.9585174,0.23968847,1.1126223,0.063786104,0.63404226,0.17314892,-1.3076537,0.71241885,0.44109556,-0.6483287,-0.65272266,-1.0944992,0.84317803,-0.012035352,0.42785156,-0.15270124,-1.5676682,-1.1074051,0.2631365,0.43648338,0.0022162017,0.5062565,-0.17598145,0.9546791,-0.585955,-0.5225842,-1.0012952,-0.98252195,0.3143188,-0.33651894,-0.7937632,1.2222655,-0.31345585,0.4881354,0.3024878,0.3915219,1.7761145,0.5551137,-0.28019437,-0.3175079,0.2581662,0.04554789,-0.78771824,-0.1325782,-0.09998897,0.5684547,-0.7277029,0.05269204,-0.010409832,-0.055866204,-0.0852479,-0.7211416,-1.2490709,-1.0920761,0.755392,-1.1818771,-0.13186058,-0.13036394,0.36618146,-0.45051152,0.101816766,-1.0871235,1.1204854,0.3808961,1.4913967,0.7444813,0.09877987,0.045932494,-0.3483933,0.8353555,-0.06196551,-0.14451969,1.2799649,-1.0310382,0.72929865,0.6793077,0.70261973,0.13113007
0.787853,0.10450324,-0.011516151,-0.24641494,-0.17874666,0.23956463,-0.111344956,-0.23893468,0.015236633,-0.67983884,1.1734895,0.17307772,0.5957002,-0.19644764,0.5091204,-0.0009389953,-0.5662407,0.053249102,0.39905816,1.1912192,0.29782277,0.050416842,-0.04429229,0.51901066,0.25885236,-0.3240217,-0.27192593,0.15541862,-0.26162755,0.20211306,-0.9208463,0.6049982,-0.6842799,-0.23375006,0.2371316,-0.9020789,0.2225439,0.20669651,-0.79223657,-0.109033555,0.6201955,-0.73514706,-1.0471531,0.26706907,-0.4863373,0.8192464,-0.004449916,0.5754235,0.5610449,-1.192907,0.13751991,1.3433421,-0.42564744,-0.45012593,0.4797854,0.5272111,-0.8881644,0.18053697,-0.98352545,-0.2197288,0.93286264,-0.625665,0.4627036,0.43256935,0.7504047,1.5204573,-0.07302013,0.58022004,0.36649957,1.34597,-0.2601522,-0.50254446,0.4429774,0.052416638,0.80907935,-0.6246577,0.39969397,0.13789417,-0.05424791,0.18905349,-0.5061321,-0.05491998,-0.15200208,1.5266119,0.50828075,-0.10849867,0.05240666,-0.20365089,-0.5356411,0.3409306,-1.6577737,-0.49050745,0.29015282,-0.3285325,-1.2635949,-0.31161633,-0.30091834,0.8025021,0.9703423,-0.04808255,0.5082374,-0.18715191,0.5461245,0.44291535,-0.20583998,0.57398695,-0.2712947,-0.27962193,1.2380031,0.27950713,0.3644138,0.5464623,0.58128494,-0.50768375,1.2210348,0.45107147,-1.0604652,0.6210593,-0.14854239,-0.89042133,-0.45316797,1.0145774,0.75852466,-1.0893795,-1.0254856,0.15861239,-1.0876255,1.1419857,0.7108945,-0.5968106,0.13210325,1.1314282,-0.6575247,-0.10026363,0.24354741,-0.40019155,-0.7255478,-0.44470125,-0.5941044,-0.32590824,-0.35408437,-0.26283517,0.94961315,0.56132084,-0.39977768,0.67771035,-1.6313888,-0.20108517,-0.26657286,-0.2096833,-0.13555802,0.50275725,0.44239727,0.28820443,-0.32115564,0.77646565,0.40391922,-0.770036,-0.075014986,1.1618476,-0.7123248,-0.09020543,-0.07196297,-0.6041203,-0.066569656,0.014447874,-1.1933844,0.32333976,0.48660055,0.25137118,-0.40851346,0.85553056,-0.42646134,-1.0031055,0.59062,0.16524912,0.04080873,1.8627851,-0.41258156,-0.4714688,0.690134,-1.4881729,0.526476,0.66166025,-0.22233084,-0.5616601,0.02490941,-0.6371904,-0.6043687,0.9970634,-0.4772131,-0.55652195,-0.021462167,-0.2846641,0.3111866,0.8975693,-0.6573682,-0.034852847,0.50065833,0.14220037,0.3409715,0.3669499,-0.5409057,0.11384342,0.54426587,-0.14125006,0.77808225,0.034868795,0.120092705,-0.7819751,-0.7024259,0.36477426,-0.29774404,-0.8494338,-0.29238504,0.7942211,-0.036304675,0.4654221,1.0728528,0.21813458,-0.03340421,-0.21235108,0.9261242,0.14596012,0.17413957,-0.89387494,-0.24069583,-1.1884445,0.25635174,0.29470602,0.012684401,0.11584559,-0.8516129,-0.069963984,-0.68343955,-0.041631952,-0.77618873,0.26241884,0.3919567,0.18025376,0.07511724,-1.455945,-0.6815467,-0.5946067,0.27052143,0.37932274,-1.0302432,-0.18892972,-1.183015,-0.19037871,0.31790712,0.86845976,-0.37381136,-1.8210237,0.032508712,0.23280555,0.11558031,-0.22793004,0.56407493,-0.65979385
0.38057378,0.12918848,0.28218126,0.8553757,-0.26992297,0.030400861,-1.299203,0.52969915,-0.41815954,0.7476906,0.65415573,-1.0069479,-0.9221762,0.5518255,-1.0668586,0.4683687,-0.5653416,-0.5885126,0.3661225,-0.33656535,-0.9701495,0.19210078,-0.0052083926,0.31445464,0.2991951,-0.18791074,0.40129077,1.0001674,-0.3602836,0.67598975,0.37945467,-0.2294608,0.9853921,0.979124,-2.2525282,-0.89862406,-1.822846,-0.8379745,1.3237838,-1.3518257,-1.8382568,0.24214734,-0.33330348,-0.41020346,0.38768727,-0.18120947,-0.9516267,-0.11268567,-0.40274826,-0.30941388,-0.0824253,-0.18977696,-0.30997255,-0.54272324,0.4030336,-0.08569284,1.491691,0.9822437,0.39800262,-0.6113631,-0.24369505,0.6069659,1.5094994,-1.0226616,0.38847208,0.17302853,-1.0401396,0.35868737,-0.14857735,0.34117004,0.50031173,1.0028998,-1.2252325,-0.23146826,0.37154815,0.40868074,0.52702975,0.81207156,0.1526437,-0.3551399,0.13438135,-0.38920948,-0.6967103,0.6399853,0.5408817,-0.60453826,-0.9439087,1.0063304,0.53239775,-1.3161486,-0.28522444,-0.27740103,-0.52398616,-0.40818998,-1.3143016,1.0833828,-1.0754752,-0.5523741,1.9477935,0.5747716,0.24675566,0.17900677,-1.2935426,0.09279624,-0.13315421,-0.22939955,-0.6089848,-0.07984857,-0.7370177,-1.1272956,-0.08165777,0.58209217,-0.60972553,0.6493671,1.1433773,0.2007524,-1.1567587,-0.0950239,-0.06681355,-0.96925586,0.04817131,-0.69068563,0.3972642,-0.019325072,0.11341365,-1.135027,-0.64437556,0.8570912,-0.19810134,-0.69699115,-0.8768879,-0.012500409,-0.2040365,-0.7198609,0.67756414,0.3200801,-0.16889337,0.8138239,1.3086377,0.10342516,-0.39549106,-1.2506226,0.41798005,0.1249657,0.6277147,-1.3688743,-0.51257896,-1.0864297,0.8359049,-0.6280598,-0.23292586,-0.008149256,-0.86776876,0.3531396,-0.5708412,-0.66768265,-0.679598,0.3253546,0.75245094,-0.074754626,1.0105581,0.5693297,0.43547234,0.045383476,0.09215965,-0.7156083,0.42220446,-0.07625721,-0.41728398,-1.592995,0.114502504,-0.10043902,0.510384,-0.9312146,1.20567,-1.0248514,-0.009867331,-0.044294037,0.16709113,1.1934571,-0.42004266,-1.6640851,0.23564053,-0.91709983,0.3442441,-0.8776537,0.6843646,0.58092535,0.38316485,0.09527226,1.1481985,1.1974304,0.7764754,-0.9622047,-0.9783422,0.32416525,-0.5616083,0.6025791,-0.011931386,0.43967214,0.43415463,-0.3109198,-0.6018816,0.6551967,0.84582496,-1.3183316,-0.6003902,-0.97669506,-0.89975864,-0.6788558,0.20616032,-1.1448675,-0.7949416,-0.3894362,0.24214551,-0.16676024,1.2479899,-0.5554044,0.3011706,-0.0612383,0.40390423,-0.15045032,0.5406564,0.069641545,0.45049784,-0.49366876,1.0437897,0.4719953,0.54128146,-0.5152858,0.55661935,0.1483084,-0.9309418,1.7140526,-0.72627103,-0.8122589,-0.10076853,-0.8162496,0.22834198,-0.25814185,-0.74262464,-1.3865229,-0.10777093,0.76938516,0.8800022,0.36858365,0.9731085,1.207795,-1.3543991,-2.1278167,0.46763346,-1.2401284,-1.215147,1.1736923,0.23919386,0.27577803,-0.52606547,-0.5410172,1.2716053,0.016836466
0.13957016,1.3224535,-0.6426032,-0.8209537,-0.5735597,-0.13104843,-1.5316807,0.16827793,-1.1271203,0.24953969,-0.29127443,0.3621511,0.76646,0.08223752,-1.0987612,-0.41019896,-0.23204619,-1.0785607,-1.064113,0.13673468,1.4307458,-0.6393898,-1.303579,-0.09422246,-1.195672,0.343646,0.35871238,0.5071208,-0.7086821,-0.22411428,-0.10158368,-0.13632235,1.1941121,-0.34375492,-0.3462302,0.46827564,-0.34588486,-0.052396543,1.0952909,0.89634514,-0.59700596,1.6329772,-1.8384395,0.29657513,1.0127168,-0.6449849,0.78783375,-0.23047708,-0.45053637,-1.0330913,-0.0053890697,-0.3009999,0.6765937,-0.13482599,-0.18199809,-0.6653458,0.55164236,-1.9867322,-0.5294756,-0.3025704,0.8619853,0.0070043765,1.2469428,0.102535956,-0.69009453,0.007876674,-0.8758458,0.5986451,0.5530534,-1.0201843,0.6348273,0.15105769,0.5077439,1.0918097,0.307209,-0.2573946,0.32808557,0.4766608,0.5692885,0.61943257,-0.055998314,-0.009054623,0.083082244,0.34215027,0.9873646,-0.7848917,-0.9462961,-0.37185314,-0.13647486,-0.2948059,1.0115618,0.060207993,-0.051813625,0.770123,-0.80560774,1.0096269,-0.14358856,0.28757662,1.359825,0.4365343,0.43957835,-1.0324787,-0.3204327,0.28214172,-1.3036064,0.35700947,0.4396257,0.23246846,-0.8353658,0.36335757,-0.21996021,-0.06525564,-0.67041755,0.6055036,-0.10502445,0.21717875,-0.5380766,1.4884634,0.701562,0.12998034,0.7387702,-0.5789742,1.0545186,-0.4959527,1.0315541,-0.058528304,0.23770525,0.2910393,0.35744405,-0.035295747,0.10598506,0.3935118,1.1601853,-0.4324677,-0.3537352,1.8701706,0.69380593,0.4196305,-0.08244621,0.041836027,-0.80328393,-1.0595281,0.18852761,-0.10962856,-0.583335,0.30111447,-0.13771164,-0.9218953,-0.46954212,-1.6535711,-1.0754591,-0.47124824,0.9332665,-1.2560458,-0.2701965,0.68638605,0.44030467,-0.12140055,0.29724154,-1.6579398,-0.35748693,-0.9330835,-1.6640279,-1.5796919,-0.5305158,-1.3640414,0.08645344,0.78953093,-0.78640676,-0.078880414,-0.12167825,0.2678122,0.18896951,-0.32929957,-0.009840425,0.2853562,0.83308506,-0.2879478,0.13635398,-0.31552687,0.36394063,-0.011339983,1.1115775,0.06120329,0.9514815,-0.4570445,0.37667727,-0.13595627,0.8260383,0.14131159,-0.48753682,-0.92318624,-0.07474672,0.7598268,-0.591622,0.07213087,0.8644978,0.84675354,0.051670868,0.3781317,0.047953743,0.95041543,-0.40068927,1.0608435,0.98204356,0.55777436,0.3880574,-1.9538853,-0.84739757,-0.42881843,0.3396458,1.3266773,-0.731287,2.4195726,-0.14950435,0.52590925,-0.5715116,-1.0931834,0.03445879,0.26613864,-0.6737772,0.05848119,0.5605135,-0.27254856,0.020167917,0.04407599,0.18100314,0.48712045,1.0122358,0.063811444,-0.9758752,-1.5385277,1.0166867,-0.3653736,0.92305386,-1.1123667,-1.529798,0.22379471,1.4060581,0.07219581,0.60031116,-1.4565814,0.41345307,0.41664457,1.4748691,-0.11869575,-0.28088972,-0.35595062,-0.036479104,-1.6338882,0.7390014,-0.9408241,-1.7867665,-0.4458024,0.10064175,0.3490253,-0.025504172,0.011306029,0.36022556,-0.68618476
0.8091713,1.4012322,0.65209836,-0.32057655,0.7150391,-1.0936368,-0.010814301,0.73330307,-0.30497217,-0.35927305,1.1675458,0.30180866,0.26537108,-0.3186123,0.43820083,0.05715254,-0.91035914,0.25304317,0.9353459,-1.3280483,0.28145128,-0.27460715,0.14387597,-0.14180441,0.07043071,-0.38589558,-0.7682341,-0.6001556,-1.2032824,0.8728526,0.30838218,0.6399015,0.0011322006,0.42932615,-0.71180147,0.31810537,0.8732023,0.37115353,0.3046699,-0.08393158,0.3049605,0.15756373,0.5808997,-0.4631292,-0.51266253,-0.17327078,-0.34323487,1.0802319,-0.04301055,0.22304106,0.6260415,1.1748308,-0.3477808,0.30625695,0.0018345272,1.3072453,-0.25050357,-2.3378544,-1.8322091,-0.72282654,-0.0049813893,-1.2761304,0.10429247,0.36294198,0.49260488,-0.7545,-0.11561819,0.24070182,1.5327638,-0.30538723,-0.36864182,-0.3026603,0.40154865,0.6537887,-0.13481262,-1.4456493,1.1565902,0.13865276,0.39022642,0.9694121,-0.12304225,-0.6754638,-1.5793619,0.11136382,0.72357684,-0.7491218,-0.843468,-0.8143794,-0.45574117,0.0650376,-0.68021244,-0.893479,0.6308792,-1.1454742,-0.51334506,-0.73444885,-0.8806612,-1.1651604,-0.12934238,-0.9952082,-0.99369425,-0.75618285,-0.28017494,0.862784,-0.10073644,-1.1333685,-1.1954992,1.5326867,0.9142686,0.8526054,0.27447835,1.3350347,0.33358717,0.12872249,-0.3983893,0.07965031,-0.24866441,0.52287716,0.4869095,-0.61540616,-1.4037759,0.6676449,0.70771563,1.3996227,1.2711269,0.97303766,-0.81444615,0.16777894,-1.5533619,0.51592714,1.5507653,-0.319664,-0.09671335,-0.60008514,1.2590458,-1.1185704,-0.8337773,0.020685438,-0.5383351,0.3073288,0.37587428,1.7701662,-1.0387031,0.14769942,0.62995845,-1.1155257,-0.07963113,-0.72825044,-1.01895,0.77497756,-1.3210827,-0.51171875,-1.2592012,-0.13069618,0.9148749,0.7617245,1.2082082,0.11118042,-0.9091506,0.22854745,0.5590817,0.319517,-0.17486861,1.1611824,-0.16995534,0.86997986,-1.1720699,0.117912985,0.27448413,1.2589114,-0.59185386,1.1644133,1.2168791,0.45546168,0.54225856,1.4943502,-1.1016772,-0.3196623,-0.19259258,-1.0770644,0.0728293,0.7728861,-0.16912107,-0.45908064,0.6439625,0.23086858,0.59334695,-0.12673359,0.1450665,-0.7006965,-0.14762989,0.9904602,-0.7926351,0.05305186,0.46998456,0.13406716,-0.16735682,-0.0536084,-0.7201962,-0.6570222,-0.798042,-0.17043382,0.024778929,0.13106108,0.09246063,-0.6912671,-0.52301466,-0.0035179998,0.4338491,0.3147043,-0.12678218,0.32793906,1.330853,0.10380609,-0.94074064,-0.31335536,-0.5416168,0.0826538,0.12182081,-0.048485294,-0.6846362,-0.012490018,-0.8621916,0.91546607,-0.65351075,0.3773643,-0.0059799817,-0.34388044,0.2422945,0.35495532,1.0688624,-0.82233006,0.34691566,-1.1151645,0.94046605,1.2973784,-0.63538826,0.44088185,0.4802256,-0.73685294,-0.23125276,0.83834034,-0.7965966,0.5938161,-0.18522012,-0.43312928,-0.8850424,2.0318334,0.2991885,0.1530695,-0.70800453,0.6044753,1.0468656,-0.7996125,-0.9975669,-1.2034938,-0.004976986,0.3023054,-0.21619195,-1.1552882
0.5607459,0.25703976,-0.049652632,-0.22116885,-1.0346575,-0.70307505,-0.48209497,-0.82554317,-0.3652774,-1.1523156,-0.73040545,1.2944856,-0.27259836,0.2547285,-1.133793,-0.84879714,0.6687042,0.11516605,0.66080827,0.54887795,0.21932594,0.9691969,1.261672,0.48345196,-0.453812,0.3907129,1.0519905,0.023430059,-0.38108635,-0.51996547,-0.1918627,-1.9791424,-0.6986109,-0.48070675,-0.20715424,0.004494366,0.8142975,-0.95704305,0.7918994,0.18908782,1.1554339,-0.04511642,-0.5511506,-0.7039322,-0.7801915,0.21345176,-0.37025258,0.34019104,-0.28183457,0.38218075,-1.0038974,0.7256495,-0.9078692,-0.7906119,0.26917598,0.28976443,0.8975307,-2.180946,-0.53203684,-0.61336166,1.714705,0.85090256,0.5325511,-0.49986678,-1.2778693,-0.4491453,-0.8224566,0.3466969,0.26609957,-1.1103506,0.85894316,0.121571474,-0.1405056,0.6392334,-0.8897137,-0.054230686,-1.0333412,1.6825361,1.0142791,0.7940904,0.38343647,0.25138056,0.69617194,1.9368922,1.3427336,0.10684616,-0.41108412,0.04708814,0.9241263,0.026191866,-0.9247623,-0.3794108,-0.51195985,0.27138767,0.48432255,0.5724861,0.12975019,-0.016811876,0.17950754,-1.3610729,-0.3060403,0.3146278,-1.2871253,0.4570352,-1.7110606,-0.037912685,0.27907118,1.4133123,1.3013343,0.334885,-0.09762129,-1.314353,0.27654526,-0.03092318,-0.5626938,0.61249363,-0.043507505,0.60840714,0.4469213,0.3914137,-0.42242253,-0.48089048,-0.38793653,-0.11739966,0.52028966,-0.0005546341,0.7951938,0.16200313,0.43229094,-0.47191486,0.70506424,-0.9678408,0.33778533,-0.23599309,-1.2823148,0.84311926,-1.1637065,0.12899368,-0.45533574,-0.06647163,-0.7503385,-0.16281796,-0.21764956,-0.34981182,-0.49574608,0.36557034,-0.32892546,0.4030762,-1.7300138,0.15192045,0.2220345,0.28124738,0.57420456,-0.71543014,-0.4001667,-0.02713609,0.5506829,0.7696242,-0.117337674,0.23542903,0.78794986,-0.08653432,0.28980488,-0.5820961,-0.67909783,-0.8663521,-0.372971,-0.52986306,0.14408295,0.7121843,0.30642802,-0.7150679,0.61234695,1.4437181,0.75843567,-1.11642,-0.34870878,0.01706555,1.3943086,0.015490268,-1.2465314,-1.0591813,0.18798798,0.65848714,-0.853439,0.10950303,0.032210823,-0.6536491,0.6728864,-0.25194433,0.09320551,0.6898728,-0.72141486,0.79111737,-0.7271807,-0.94248235,-0.15445592,0.5152627,-0.6928388,-0.73442745,0.27627867,0.60225815,1.4360878,1.3790277,0.20295542,-0.0038321721,0.89237535,-0.26466143,0.5382236,-0.9584591,0.2051457,-0.14111069,0.3024181,0.8390187,0.3112784,-0.5607969,0.16971523,-0.7682007,-0.6172679,-0.14186023,0.325775,0.27196613,-0.30135283,-0.9149654,-1.1792206,-0.1517934,-0.79810274,0.45050654,-0.6716531,-0.34369868,0.94411707,0.83492905,-0.23597454,1.1824225,-0.65142107,-1.6039954,0.23392689,1.5811197,0.15489508,1.1361853,-1.0660806,0.29091898,1.2352064,-1.2916678,0.100393154,1.274636,1.3718618,-0.7896915,0.05047266,-1.1596801,-0.07139452,0.25433967,-0.09290703,0.56976396,0.22826448,-0.047501188,0.0031579484,-0.85353184,0.40094885,-0.5064516
0.58335763,1.1114541,0.09474239,-0.93821776,-0.33827004,0.19061157,-0.94108903,-0.29712412,1.0998421,-0.4131467,-0.8465544,0.3707091,0.17155999,0.29422262,0.4510787,-0.08730824,0.34643117,-0.30449402,-0.256723,-0.33681983,-0.39862826,-0.047662273,-0.63034916,0.32367226,-1.4451956,0.04383316,-0.22790188,-0.60642254,1.0329195,0.3728646,0.008644986,-1.4528583,-0.07330658,-1.0058707,0.01631181,-0.41734856,-0.27197236,-1.1620778,0.33622715,0.046556577,-1.2999464,0.21188207,0.4525032,0.08304888,-0.3249034,1.2574359,-0.4318629,-0.3321261,-0.41738188,0.7504513,-0.80684984,-0.82795906,0.2065971,-0.12378748,0.17478031,0.08463317,0.30226552,-0.7850002,-0.7843477,-0.13399163,0.03273321,0.42981136,-0.4746263,-0.19613889,2.9147754,-0.3319543,0.45027676,-0.3452975,0.5316194,-0.21902502,-0.86987615,0.25100547,0.087703966,-0.8563562,0.74172,0.42448795,-0.45505556,-0.21926048,0.024126692,1.0149639,0.17828399,0.067633905,-0.76642704,0.09221294,-0.29040775,0.49350855,0.5572926,0.4941879,0.48680773,-0.3195035,1.1157765,-0.15863872,-0.13508482,-1.4397366,-0.15551795,-0.3896553,-0.21995519,0.2587754,-0.3751577,0.29137078,0.46959886,0.50735056,-1.2573462,0.37101167,0.46924046,-1.055701,-0.5754395,0.19462667,-0.25158614,-0.11947018,-0.55469763,-0.41704148,-0.61138475,0.7009305,-0.493665,-0.83448315,0.49839103,-0.36667648,-0.8767212,0.8603078,0.42363682,0.45626295,0.9976731,0.06283192,-0.29688713,0.42191333,-0.03522515,0.34322166,-0.4534115,0.7640382,0.19972992,0.03717353,0.4625463,-0.11786198,0.2524787,0.26289293,-0.21970482,1.4822606,-0.5916727,-0.9794401,-1.4188961,-0.71420646,0.28275117,-0.22553216,-0.9071801,0.09425528,-0.73782635,0.103413835,-0.4162114,0.99581015,0.31362423,1.0224706,1.0366831,-0.50534886,-0.0065786974,0.26464877,-0.38097522,1.1191796,-0.05389184,0.2054614,-0.080280215,1.0594324,-1.0761,-0.97138095,-0.54495347,-0.103544295,-0.049676187,0.82374066,-0.8425299,1.4819016,-1.4511498,1.5544744,0.7950753,-0.7754849,0.4117769,-0.17641816,0.24655701,0.42134216,0.10861828,0.43251646,0.3505053,0.94158715,-0.42414555,0.7284587,-0.6908026,-0.57041466,-0.9981506,0.087368086,-0.26009735,1.4471972,-0.33569413,-0.49737817,-0.03773183,1.2381941,0.012660434,-1.5401481,-0.22625846,0.5950629,-0.10115345,0.07720106,0.04370567,0.22818561,0.77664244,0.53113806,0.44834563,-0.7983762,-1.1445606,0.25473183,0.3893946,0.13268735,1.1625896,0.081174225,0.08528151,-0.32500818,-0.8890159,0.6480601,0.17294358,0.512955,1.1631318,0.06207353,0.32388833,0.8485663,-0.31992912,1.1186922,-0.006451907,0.050448507,-0.088513434,-0.8878055,-0.48679057,-1.2796842,0.3892044,-0.6901822,0.8924962,-0.11499995,-0.21201262,0.1884393,-0.7848905,-0.12444899,0.37256593,0.19698681,0.04500053,0.75268734,-0.5031911,-0.39356074,-0.038205262,-0.93398935,-0.079308644,-0.7678539,-0.3945515,-0.20492016,-0.087489575,-1.2227578,-0.10793843,0.57063663,-0.21621813,0.43918943,1.3300807,0.6945758,1.0487511,-0.12625542
-0.10890971,1.1554871,-0.90432495,0.5965214,-0.6013631,-0.018645696,-0.12475869,0.38508624,0.6396586,0.64386505,0.5807997,-0.2558196,-0.86029506,0.15387714,0.62030095,-0.44623414,0.83587915,-0.51743466,-0.3371312,-0.2078708,0.2994154,-0.5152664,0.9041837,0.66653186,0.19940777,-0.008864267,-0.12824737,-1.890307,0.15906478,1.3169647,-1.7359983,-0.14160362,-0.70095754,-0.86250585,-0.22716811,-0.35105154,-1.2412328,0.6511971,0.85860306,0.41103494,-1.0336231,-0.17723042,0.30207184,0.96487135,-1.204175,-0.62206,-0.1860455,-0.117917836,0.3806296,-0.87453854,-0.14956293,0.26921898,0.12933451,-0.94327575,-0.2392463,0.5171626,-0.07402688,1.0350926,0.70435214,-0.22771974,-0.18920648,0.81364197,-0.9275812,0.12258765,0.99883646,-0.6440291,0.334405,0.12665877,-0.62871563,-1.146922,0.16258696,-0.39363906,0.21141884,-0.6193782,0.28798932,-0.25279087,-0.60861987,0.49973363,-0.6956343,0.12523805,0.84755766,-0.6490034,-0.31595775,-1.0123868,-0.5205413,-1.2794791,-0.97149694,1.2111818,0.417498,0.53712004,-0.08742604,-0.4507743,-0.28938505,-0.19658129,0.044217523,0.2565417,-0.5692074,-0.66790026,-1.6984884,-1.1663284,0.25525823,0.6568578,-0.23733662,0.40911174,-0.23755431,0.14600855,-0.04433456,2.2727861,-0.98328257,-0.5718575,0.34376845,-1.8169168,0.07603579,-0.31898162,-0.31667548,1.5137897,0.5368377,-0.6379427,0.2705421,0.92365384,-0.20319307,0.4607715,-0.3341002,0.24643828,-0.6158526,-0.28151315,-0.44379368,-0.68166745,0.7595949,-0.32037255,-1.2257468,0.68762934,0.9566457,0.3267473,0.8863443,-1.591134,-0.08750017,-0.87335837,-0.24947053,0.10309432,-0.20347746,-0.3699957,0.62416875,0.7139689,1.4236797,0.5158166,0.4890094,-1.0816426,-0.8990542,-0.24365675,0.3853372,0.38234138,-0.09503567,0.26000732,-0.74030924,0.40752402,0.7492508,-0.0018066865,1.1166943,0.022260297,-0.18488257,-0.82268935,-1.6264209,-0.0077038174,0.74419963,0.8106678,-0.2956637,0.18688378,-0.83798957,0.56270725,-0.1673045,-0.16059119,0.30261788,1.9337128,0.43670684,0.9674785,0.4018312,-0.33383965,-1.3732026,-0.84665114,0.44435337,-1.2386777,-0.11680274,0.01064435,0.9941186,-0.68412805,-0.05260275,-0.07351247,0.25588134,0.3695548,-0.9567939,-1.0771439,-1.4789659,1.1706202,-0.0802155,1.5691972,0.1022181,0.36977947,-0.40170282,0.045224417,-0.2814376,-0.9625965,-0.76856697,0.31303364,0.7898941,1.8441592,-1.3560195,0.2844757,0.7194603,0.0021241254,-0.91643417,-0.076619945,-0.036372572,0.32098675,-0.4924581,0.93408036,1.3405688,-0.1966482,-0.613794,0.288546,0.4640498,1.1703495,-1.3093123,0.72223336,0.19586466,0.96822196,-0.43448249,-1.5572357,0.7953966,0.7425036,0.41191176,0.29275548,-1.4483505,1.0743852,0.5890845,-0.61671627,-0.03387431,1.1890494,-0.60821915,-0.48069304,0.47570726,-0.61338437,0.22069716,0.8106854,1.2678324,0.8935345,-1.5274036,-0.8566376,-0.62856084,-0.031369857,0.9829063,-0.23873149,-0.13704151,1.0557263,-0.20639163,-0.692982,0.38378215,-0.49437279,0.39614385,-0.6163654
0.33042935,0.319248,-0.78212196,0.13828856,0.05468248,-0.28829277,-0.13142583,0.7417952,-0.82403314,1.5775625,1.4054406,1.7850962,-0.6402869,0.82269377,0.7465729,1.2824258,0.371362,0.0008578721,0.117456816,0.1497991,0.13260047,0.8877759,-0.89418715,0.56087065,0.05057893,0.31971222,-0.527217,-0.16951771,-0.11795818,0.5197039,-1.0223085,0.3853186,0.020358706,-0.8516832,-0.9467614,-0.75622106,0.012390815,-2.0602057,-0.8744066,-0.123139694,-0.07453081,0.796779,-0.54228216,0.4827257,0.4957704,0.6938414,0.026916848,-0.8734897,0.8237293,0.27278602,-0.34172624,0.05469894,-0.49048105,-0.5656199,-0.2605253,0.41613275,-1.4538327,1.2127179,-0.5280474,-0.6108265,-1.007662,-0.6042995,0.017731732,0.75351536,-1.0514879,0.12243018,-0.75609225,0.22986034,0.5612485,-0.6683456,-0.006520313,-0.37883484,-0.08810178,1.1027558,0.629138,-0.15035196,0.46328446,-1.1577016,-0.35713816,0.6062422,0.0731124,0.26354903,1.1272979,0.84921604,-0.037679862,0.4827516,0.32687786,0.003778866,0.048962377,0.14687932,1.4077392,-0.020722061,-0.0070757666,-0.061619245,0.15347642,-1.365909,0.23979837,1.0195396,-0.5179836,0.7331064,-0.121763706,0.5309389,-0.42669672,-0.8733875,-0.3472505,-0.8149438,-1.9807956,-0.43982127,-0.5938385,-0.28206912,0.6251443,0.42417443,-0.74990135,0.39247677,0.3033994,0.19190438,1.2456634,0.08360828,0.83792037,-0.8971501,-0.5798005,0.9633593,-0.49987808,-0.026761504,-0.180772,0.47444373,0.7467323,-0.48884124,0.6278694,0.7142982,0.97517115,-0.089686505,-1.1145856,0.34417123,0.5364921,-0.14500877,0.9810901,-0.37132075,0.629638,1.2269027,-0.39712918,0.14296092,0.88367975,0.15819563,-0.63092196,1.0845532,-0.9748835,-0.42465425,-0.9144671,0.956567,0.38597047,0.20699656,0.45072693,-0.88659537,-1.207903,0.73448056,0.022344964,0.41331854,0.15528905,-0.16505027,0.047650915,0.34997094,0.764871,0.116095334,0.20885475,0.32682046,0.2987343,-0.07224276,-0.36032164,-0.17130016,0.599196,-1.3641542,2.004845,0.3536029,-1.3937697,-0.27239826,0.13872683,-0.9153052,0.043418076,1.0135138,0.104284935,0.0077902596,0.17270547,-0.4715721,-0.8765973,0.15825231,0.44384328,0.69845545,0.5004897,-0.4314258,0.22364774,-0.9884032,-1.2599907,2.1669564,-0.11183572,0.49302799,0.8501782,0.35018918,-0.06913728,-0.2565275,-0.13445689,0.12922497,0.24582766,1.8133985,-0.69164616,-0.45197132,-1.1943631,-1.117506,-0.025913123,0.5200354,-0.8321863,-1.1206256,0.22160442,-2.1263013,-0.0075278697,-0.3776481,-0.47032526,-0.702916,0.55258465,-0.66438365,-0.3144501,0.72964096,-0.2356422,-0.6825067,0.6838714,0.37677908,0.7197906,1.0561268,0.16212074,-0.9355386,1.5296857,1.1609181,0.107370354,0.033648435,-1.1365803,-0.48006025,1.2134101,-0.026070684,-0.47843072,-0.41419408,-1.1316514,-0.11614236,-0.9484307,-0.5420416,-2.167752,-0.5695741,0.38699436,0.049363814,0.49162054,-0.123523444,0.64069575,-0.029654454,-0.6866997,0.2518557,0.38947177,-0.47439122,0.033661295,0.53059685,0.15664698,0.19747998
-0.70369476,-0.56083226,0.047454827,-0.16039293,0.621955,-0.05701214,-0.09849945,0.5275285,0.7866148,-0.3106829,0.4170048,0.495869,-0.14004044,1.1571665,0.4340619,0.15584318,-0.9961626,-0.101209514,-0.70373386,-1.45071,-0.19472887,-1.3197976,0.5644929,-1.4243939,0.58083194,0.74770445,0.88166326,0.09966118,0.5080371,0.8485653,1.6000684,0.9072098,0.36160982,-0.0090506105,0.35915753,0.95947224,0.21607283,0.35171092,0.9942876,-0.8182401,0.124579236,1.4344352,0.36027458,-0.7847614,0.65701133,-0.90971845,0.6125914,-0.02415081,-0.012145287,-0.5166169,0.40543365,-0.49635077,-0.66065776,0.72809285,-1.4919152,0.07174988,1.3810831,-0.059414454,0.7374874,-0.715823,1.3472378,1.1230837,0.35296422,-0.84143645,-1.0363659,-0.13226402,-0.89517033,0.46900183,-0.45608655,2.3335745,-0.3097617,-1.2685126,1.400143,-0.095419526,1.2351437,1.4891628,0.8091849,-0.15597433,0.53952384,0.07240126,1.8594607,0.6446709,0.16319667,0.96998566,0.2909796,-1.0653145,-0.742938,-0.6506194,0.13197024,0.17539743,0.0898807,-0.6678787,-0.3528,-1.3182557,-1.1526284,-0.4442039,0.43174058,0.65996176,1.1453449,-0.96786636,-0.3183788,0.20096558,1.1252499,-0.34852153,0.38253826,-0.33007345,0.19494751,0.7954239,0.21112423,0.20604151,-0.39483792,0.21783534,0.6087881,-0.23460536,0.6298054,-0.1479751,-0.06644878,-1.450461,0.38525242,0.66537064,-0.12978238,0.5625844,0.03953252,1.5076467,0.58362013,1.019414,-0.1466127,-1.1047399,-0.83773494,-0.15490976,-0.752031,-0.47976348,0.113713555,0.11628508,-0.347192,0.522409,-0.5961291,-0.44416407,-1.2656208,1.6219026,1.0005587,0.7946155,0.2018385,-0.54406804,-0.45129293,-0.6633551,-1.196994,1.3075622,0.9898764,0.067858696,1.1087804,0.28970483,0.6674527,0.018339092,-0.6555496,-0.23613352,-0.15894437,0.5006887,-1.0705072,-1.0090518,-0.21486634,-2.1842856,0.55609393,0.4921525,-1.1770264,-1.1027896,-1.1963768,-0.10226932,-0.5502254,0.7216957,0.51023763,0.94918835,-0.5257704,-0.99148905,0.05499581,-0.21729344,0.86097723,0.5257323,-0.26397014,0.2568478,-0.17698751,1.5224404,0.6258403,-0.5130597,0.07436284,0.044701416,1.2382377,0.22203583,-0.07996104,0.7731146,-0.40079838,0.9316511,0.8889479,0.51613915,-1.2467269,0.51364917,-0.75812435,-0.44394746,-1.3778296,-1.6691879,-0.4176748,-0.033456363,0.043946937,0.8350992,-0.04890659,-0.23463088,-0.01855166,-0.37716582,0.8903133,-1.2223485,1.0411334,0.45425853,0.5216419,-0.050777085,0.12842749,0.9116743,0.48418278,-1.2480304,-0.2690816,-0.4685461,-0.3360291,0.66627467,-0.9776953,-0.2386917,-0.731618,-0.43789995,-0.42840484,-0.14666198,0.5886037,-0.70227164,-0.2350306,-0.7278026,-0.34240818,-0.5736339,0.17906705,-0.42877677,-0.91848993,-0.121661864,0.1436731,0.48243967,0.348728,1.3886888,-0.377419,0.17078808,0.33487445,-0.7130634,-0.26994413,0.38691032,-1.2126207,-0.47388494,0.44598216,-0.39821923,-0.5147058,-0.57860446,0.21775024,0.19437861,-0.5910948,-0.11541883,0.41401863,1.0599781
0.89221203,0.012443756,0.16042978,-0.88307166,-1.2273146,0.10661621,-1.3252242,-0.26439673,-0.34943196,0.15581007,0.34622523,0.30674657,-0.1743692,0.4827459,0.13682388,0.15020016,-0.5825334,0.30418193,-0.5911119,-0.3359546,-0.4371258,-0.3075277,-0.54584223,-0.39320016,-0.11820915,-0.79553634,0.6469474,-0.3253037,-0.40878347,-1.0607135,-0.90754706,0.25474936,-0.6782804,0.1620705,-0.2044355,0.61235523,-0.68709373,0.8820128,-0.37813044,-0.54371876,0.84108216,1.0984174,-0.011806416,-0.36003074,0.8428722,-0.24547833,0.26074177,0.60968655,-0.11739599,-0.36901152,0.7339945,-0.072103664,-0.19540891,-0.65351474,0.62613165,0.051162966,0.111419536,0.058455855,-0.7303185,0.01380559,0.379967,-0.25618392,-0.43097633,1.2947276,0.76991606,-0.1041725,0.17796066,-1.4873691,-0.36334932,0.8981702,0.40878457,0.1769233,0.654403,0.43879628,0.20313728,0.19576773,0.41868722,0.57061666,-0.7965659,-0.607039,0.20636645,0.7426591,-0.20167036,-0.41665134,1.2223716,0.12829314,-1.3793135,0.436168,1.0110118,0.17451736,-0.41881403,1.0311842,1.5669662,-0.094692804,-0.11106451,0.17717984,-0.27456263,-0.22325397,-0.15087974,-0.41891304,0.54190356,-0.028342033,0.8206251,0.28423265,0.5818139,-1.7119017,-1.064903,0.5844175,-0.7670742,0.82850486,-0.5682257,-0.5458857,0.04033882,-0.45243043,-0.110240944,-0.36069387,-0.06411544,0.45634082,0.1781829,-1.1618941,-1.4939582,-0.7346733,-0.3568172,0.15269677,0.10562459,-0.2649177,-0.34360677,-0.48630676,-1.0527346,0.2760955,-0.46113616,0.061379936,0.21950711,-0.6399927,0.03427877,1.170906,-0.23704806,-0.44898286,0.20501713,-0.15083472,0.66953355,-0.32605186,0.3743166,-0.2379113,-0.54387367,-1.6332141,-0.31942543,1.2384905,-0.5955302,1.4516274,1.4493423,0.020326313,-0.2432485,0.93521714,-0.6660509,-0.3769795,0.027107326,-0.79210615,0.2880673,-1.5937713,-0.57757854,0.14700374,-0.39264423,0.37697577,-0.38318717,-0.2418022,-0.1609961,0.4311722,0.22354695,0.18188521,-1.1486548,1.3700374,-0.44804528,-0.646148,-0.66880995,0.95834535,-0.27430606,0.4874125,-0.03653971,-0.19142608,0.14450222,-0.31812465,0.17710651,0.6729612,-0.15737085,-0.18204662,-0.5280675,0.6959253,0.57801867,-0.84206176,0.13046078,-0.70003223,0.52187145,1.358808,-0.40968436,0.36056185,-0.14515324,0.23206866,-0.9790737,-0.45511696,-0.2881367,0.63450414,0.0641226,1.3248808,0.6185181,1.1543568,-0.9735105,-0.89104515,-0.9327662,-0.2933067,-0.27236718,0.23890679,0.73352164,-0.15417086,-0.63150996,0.19541602,0.36831108,0.24280655,-0.025024619,0.046269093,0.3276295,1.4337775,-0.52451,-0.3471478,0.48808682,-0.9470054,0.4931912,-0.3364532,0.36126631,-0.20923464,0.26585567,-0.35525036,-0.17224865,0.19459167,-0.0021651424,0.6522801,-0.21363892,0.9845184,0.025612004,0.30148214,-0.22706348,0.4681499,1.4183991,0.2922808,0.676935,-0.24213932,-0.12965506,0.4249275,-0.24469215,2.2647834,-0.33968192,2.0513835,0.24936028,-0.041901913,-0.5546716,-0.546325,0.29370913,-0.24982037,0.37166834,-1.7398293
-0.76221436,-0.32874197,-0.3772817,-0.027320363,-0.17665772,0.7659515,-0.6350425,-1.2264473,-0.338193,0.6486308,-0.15352961,-0.19073726,0.4638586,-0.59716785,0.32735565,0.6158088,1.0398259,0.27796188,0.67579705,1.036148,-0.10626533,0.39617902,0.25149056,-1.6839228,0.28861153,0.03320327,-0.7984574,-1.1073401,-0.4436501,0.089055866,-0.7722572,0.4819854,-0.2524315,0.19413076,0.8098372,0.57193714,-0.9133668,-0.8151346,0.14163463,1.0376449,0.40458068,1.3424774,-0.9299181,-0.17377818,-0.36721605,-0.6105424,-0.52139187,0.56953955,0.18092538,-0.23931292,-1.1931435,-0.78660595,-0.21906689,0.20476112,1.0646805,-1.0548702,-0.6283986,-1.5773798,-1.6065086,0.90933204,-0.7772221,0.8038001,-1.03698,-0.30868497,0.9321259,0.5052672,0.02758616,1.0139306,0.4221981,-0.083295025,-0.14041363,0.52145445,-0.16880587,-0.18722638,0.09550287,-0.1330746,1.1618631,-0.124441504,-0.16416617,0.74217844,0.9423428,0.236978,0.012510263,0.049389616,-0.69886875,-0.05529667,0.33991376,-0.21144176,-0.37581968,-1.3883708,0.118034616,-0.07300783,-0.49982452,-0.54817635,0.33215472,-1.0893403,-0.31445396,-0.50050133,1.1697139,-0.28511783,0.11276733,-0.050281435,-0.26125818,-0.75159216,-0.09584744,0.36386314,0.49182534,0.54073864,0.35610864,0.81233084,0.4757521,0.026021957,-0.56856394,-0.33164865,-0.45817426,-0.41352496,0.33958876,-0.28465104,0.2147646,0.39569515,-0.8603486,-1.6547431,-1.121306,-0.20653073,-1.7193501,-0.32651755,-0.4284675,-0.520579,-0.8281037,0.38843554,0.37296128,-0.1721632,-0.39294994,-0.4859115,-0.12532899,-0.026372474,-0.8506018,-0.914088,-0.37656727,-0.48124874,-0.44959685,0.3701392,0.694719,1.0582021,-0.11316497,1.0615084,0.56688416,0.37520352,-0.41450405,0.63481396,-0.09142038,-0.24475852,1.7018687,0.077851,-0.44415867,-0.3991904,0.2970913,-0.32275277,0.28992975,-0.67590094,0.44584528,-0.15597539,-0.04990031,0.23009823,-0.008230947,-0.25166234,0.90981406,-0.16686675,0.5306872,0.5408833,-0.33087882,-0.27477655,0.19141148,0.97840744,-1.2784457,-0.6731076,-0.61406296,1.1285003,0.71174276,-0.7104165,-0.41600788,-1.0461538,-0.32689646,0.9535136,-0.297491,-0.4212623,-0.95440644,0.022167567,0.70134664,-0.37804824,0.7113735,0.33879238,-0.35507905,-0.6641709,-0.08518272,0.4582176,0.2041668,0.6367833,1.2268087,-0.26772806,0.2490945,0.072850436,-0.79294634,-0.8090742,-0.25983152,-0.6141493,0.4920088,-0.3093518,-0.35599276,-1.081284,-0.16686483,-0.64497614,-1.0104586,-0.014151989,-0.6522022,-0.6855785,-0.46455505,-0.6673314,-1.7636571,-0.55111754,0.046419464,0.484437,0.6279975,1.575622,0.3892218,-0.096248694,-0.7103806,0.030911248,0.31473386,-0.24280947,-0.21382266,-0.85498905,0.29597563,0.32716385,-0.11709075,0.22371376,0.7649041,-0.08263079,-0.5342152,-1.0320852,1.0501853,0.57346606,-1.0488,-2.1502736,0.49488795,0.35631016,-1.088681,-0.25506872,-0.117595896,0.6540631,-0.48153642,-0.90144867,-0.20569614,1.0375793,-1.9960057,0.06671389,1.0108273,0.62123877,-0.24962653,-1.1640991
0.36330193,-0.888133,0.13833156,-0.32264373,0.22816642,-0.72710663,-0.63230276,-0.5489634,-0.86422336,-1.0206201,-1.8045102,-0.8284615,-0.9936505,-0.11174798,-0.06974985,-0.27229685,0.5586693,0.35976094,-0.21287063,-0.5496096,0.38552833,-0.26789907,0.5676697,-0.82206047,-0.6928403,-0.060304902,0.17720544,0.16965023,-0.2904814,-0.8293829,-0.23013803,0.44575423,1.0688415,-0.6767618,-0.1167823,0.08015451,1.8525176,0.57312727,0.0340617,-0.84218216,-1.1854562,0.6347393,-0.34142458,-0.9976099,-1.3261962,0.67318916,-0.5793616,0.329645,-1.004071,-0.80144966,0.7693066,-1.7861944,1.1601214,0.06239159,-0.16266927,0.99986005,0.035424564,-0.40332532,1.5009784,-0.83146626,-0.6737882,1.505998,0.61513424,0.11794731,1.4881796,0.3504532,0.15367368,1.3394724,0.5094793,0.59415466,0.17473593,-0.027941884,-0.58612,0.13637583,0.10287743,-0.93482554,0.62328583,0.9224199,1.0250937,0.061815433,0.30409586,0.2861044,1.255997,0.725304,0.7729204,-0.8103338,-1.0160902,0.0007486611,0.6540564,0.19530708,0.3526568,-1.9405779,-1.1353396,-0.97312915,-0.6479012,0.72341967,-0.9390795,0.7915862,0.72461116,0.20034875,-0.38609555,-0.5843135,-1.3227255,-0.12108994,-0.97441906,0.20267811,-0.3107013,0.52816796,-0.13890438,-0.14152849,0.05376664,-0.100836426,0.10969482,-0.46907684,-0.27515152,-0.85817456,1.2952963,-0.0014549117,-1.02593,0.33940947,0.5749357,-0.41494694,-0.16814639,0.13584267,-0.35696772,-0.9690718,1.172038,-0.13337025,-0.20825934,-0.52144927,-0.8388653,2.4992964,0.7657374,1.2587496,0.16421743,0.52215695,0.23910908,-0.17254303,-0.87313056,-0.9937374,-0.5357365,0.5646496,-0.42324302,-0.20339946,0.44885305,0.96870315,-0.60731167,-1.456603,-0.5979722,1.0622677,0.4114545,0.19515015,0.2826476,0.091507934,-0.5369154,-0.092530094,-0.39527217,-0.7754125,0.33820873,-0.40480322,-0.96140563,0.24352363,-0.6847639,-0.09205698,0.22819501,-0.24586572,1.1751893,0.6787697,0.9634562,-0.43040597,-0.028617201,-0.01705845,-0.26827267,-0.27733746,-0.78674823,-0.68710244,-0.063545115,0.2782631,-0.08311781,-0.3179551,-1.3228045,1.1655523,0.5006615,0.045696303,-0.9740242,-0.9846103,-0.083525896,-0.6619776,0.6399141,-0.37533256,0.56096655,0.13935474,0.1387574,0.040736165,-1.4531453,0.14673284,-0.044816114,-0.57962376,-0.32782605,-1.0051731,-0.20752276,-0.13690136,1.0333363,0.5540335,-0.6608944,-0.3431468,0.5903695,-0.18873501,-0.24687244,-0.46370944,1.0840113,1.2696588,-1.2712439,-0.48475805,0.021724954,0.53023237,-1.3964763,1.4192562,0.03549749,0.8141007,0.39915204,0.35618144,0.36914822,-0.9464567,-0.7859343,0.9342341,0.6254711,-0.26386407,-0.25932953,0.65567905,0.06502846,-1.2002652,0.22077909,0.11214378,0.7897888,0.15845028,-1.6427428,0.58522654,-0.010579394,-0.21539634,1.2710025,0.6077619,1.1921445,0.118425295,0.109552905,-1.0002856,-0.373982,-0.8340681,-2.101431,-0.48894155,-0.1143518,-0.33063862,-0.64357483,0.10811219,-0.18651158,-1.9942994,0.08713981,-0.68593854,-0.62633055,2.0721235
1.4397453,0.8357724,1.2231522,0.6030357,0.623351,-0.89862025,-0.31989744,-0.26920745,0.9178972,0.7242527,0.91094935,0.88659674,0.7993959,-1.0647199,-1.0816042,1.4131352,0.0069782645,0.9824459,-0.5424955,0.04812105,0.9202048,0.449875,-0.4783011,0.9032763,0.5227202,-0.2087186,0.33886197,0.15494925,0.03349758,-0.1299385,0.018115066,-0.50823283,-0.14947043,0.24406357,-1.8653393,-1.086955,0.43704262,0.285618,0.12845853,0.025938021,-0.7981659,0.03464342,-0.013478503,0.3774009,0.5815426,-0.47665444,-0.013250068,0.25375956,0.53057474,0.27646264,0.34863147,0.00084459886,-0.15462556,0.7844322,0.26038665,-0.29117224,-1.6843632,0.33201587,-0.079792574,-1.3724178,-0.21388099,0.1712614,0.7744013,0.026848197,1.360556,-0.013983091,0.82959086,-0.33591115,-0.42524752,0.2677425,-0.45227122,0.4386648,-0.704219,0.80567336,-0.650103,0.5531733,-0.6510537,0.0684833,-0.3658602,0.34755751,-0.75530905,-0.9696838,0.05743144,-0.1210041,0.26034048,0.13212793,1.263982,-0.50867075,0.19639947,-1.4151479,0.09823203,0.21230088,-1.1104974,0.062423833,-0.27100936,0.010194948,-0.560762,0.8089604,0.9185203,-0.59808475,0.0039148484,-0.42841068,-1.5305507,0.3665569,-0.8501084,0.16350633,0.5951688,-1.0498086,0.1057282,0.63294435,-0.026894402,-1.2560464,-0.3925078,-0.9224875,-1.1088635,-0.16421,0.54418725,-0.22181481,1.0506595,1.8479277,0.65725183,0.841445,0.6075884,0.7886762,-0.5420622,-1.1610217,0.3750006,-0.27537614,0.023844874,0.8841264,-0.68389845,0.37458992,1.8826832,-0.585424,-0.5476432,1.5021954,-0.45730808,1.2940742,0.652228,-0.78253007,-0.6094325,0.3782189,0.14094873,-0.12833577,0.18629724,-0.42097884,0.14659664,-1.1134315,-0.07574866,-0.958414,-0.37209645,-0.83262175,0.05085581,-0.5937615,0.55086505,0.086902015,0.036680277,-0.21447246,0.37596598,-0.023749119,-0.63265,-1.0801705,0.30304807,-0.33946112,0.11946014,0.49483225,-0.38784742,-0.8474116,-1.1183412,-0.038484972,-0.5834846,-1.6116654,0.4705288,-1.6378402,0.024724403,0.033464186,0.38557953,0.8042677,-0.76511943,0.99035096,0.58152777,-0.3874315,0.1296959,0.1955833,0.07242544,0.47493693,0.38655192,-0.13621363,-1.2351755,0.7234394,-0.044025794,-0.50289243,0.22403124,-0.80661154,0.5654607,0.2938667,0.082746804,0.42310238,0.123014145,0.6936865,-0.11167413,0.00877853,1.001913,-0.93841964,-0.11648298,-0.5971189,0.1807287,-1.2635237,-0.1890881,-0.12114645,0.025943484,-1.0918478,0.005415331,-0.016735148,-1.1296864,0.0792391,-0.97040915,-0.60386044,-0.021142192,0.42191425,0.39055297,-0.42388016,0.40428144,0.119614065,-0.808251,0.27431574,-0.23819904,-0.03411322,0.043077506,0.2549665,-0.41670552,0.7623214,-0.7262468,0.81310344,-0.55633765,0.027891539,-1.6484281,0.6808171,0.04978143,-0.4675402,0.6609724,0.5851989,0.12821233,1.2521889,-0.86196053,0.61269253,0.7097209,-1.616895,-0.43505615,0.6234955,-1.2138331,0.44188786,-0.21942762,-0.8843599,-0.110237256,-1.4877193,-0.22288647,-0.5627756,-0.20382197,-0.7197468
0.40199336,0.35852093,0.1799762,0.64012516,-0.37330732,0.48268113,0.36873633,0.15171064,-0.77475876,-0.056367073,0.20545109,0.62805426,0.85315526,-0.36835742,-0.83318657,-0.68743855,0.7788102,0.5169371,0.89070755,0.014792557,-0.1147146,0.54047,0.06302093,-0.29526687,0.7310596,0.36020297,0.65230507,0.0338477,-0.43154097,-0.47941136,-0.5336635,0.08394329,-0.3685574,-0.6781452,-0.0081324475,-0.6281768,0.42039695,-1.5447726,0.12313909,-0.23545326,-0.98413444,0.08587859,-0.06292656,0.1932915,0.5035782,0.8284253,-0.25479636,-0.80714214,-0.26532212,-0.59612465,-0.5405093,-0.1434554,-0.3156124,-0.055777133,1.0960058,-0.1137075,-0.89015555,0.14214921,0.4342379,0.25142038,-0.9496684,0.15076427,0.78942215,0.43968242,1.5505271,1.0578532,-1.1555582,1.2115529,0.37624678,0.44895607,-1.3808588,0.8005694,0.24150962,0.9094619,-1.3067757,-0.6974585,-0.2396311,0.13102339,0.06449328,-0.8881285,-0.15247035,-0.34171265,-0.33903039,1.0272509,0.25580892,-0.37793717,-1.4451698,-1.1122316,-0.72488457,-0.09213957,0.8192704,-0.89372706,0.47056532,1.1476169,-0.6723189,-0.5967921,-0.7748279,-0.7748573,-0.46135634,0.60363346,0.11481387,0.22212765,0.76915926,0.10330156,0.9265666,0.022823118,1.2403654,2.130989,0.6240313,0.2346706,0.39245072,0.16974221,0.35900912,-1.365948,-0.1687692,-0.17118329,-0.23263843,-0.4957836,1.1894305,-0.4369034,0.36466938,0.29455718,-0.24247946,-1.4825908,0.34577408,-0.14501202,-0.10387846,-0.051403012,-0.8449407,0.09546266,-0.4148974,-0.81248665,1.2587408,0.0640115,0.044321023,-1.9202677,-0.10154767,-0.018856859,0.33267784,-0.6302246,-1.458701,-0.27155185,-1.0474612,-0.08113607,0.536089,-1.3896918,-0.5261352,0.089831024,-0.97326106,-0.8194326,-1.3804498,0.17851594,-0.16927357,0.41549188,-0.35768828,-0.5791419,-0.099701904,0.9444388,-0.35654446,0.10109176,-0.2757652,0.61523026,-0.52312994,-0.42168528,0.29212594,0.0965601,-0.56471866,-0.39314654,0.4363954,-0.29771876,0.09322314,1.2381133,-1.2821355,-0.31934366,-0.12302673,-1.1994689,1.1114496,0.08340055,0.43315747,0.16033097,-0.13139337,-0.46570438,0.9255497,-0.97686124,-0.59437865,-0.017575147,0.0014735053,0.3925646,-0.63494617,2.2682643,0.1378712,0.8318505,-0.1788146,1.7521918,0.8027324,-0.06567372,0.71879935,-0.42175022,-0.8116744,0.019089902,-0.9667676,0.39698064,0.1044769,-0.30227205,-0.34064677,0.03156941,1.1335827,0.33810812,0.4167568,0.98709625,-0.20976399,-0.11666156,0.5030215,1.0447372,-1.6119033,1.0923462,-0.8258519,0.3160845,0.12752594,0.2130186,0.5690702,-0.3269018,-0.43031302,-0.87575334,-0.9474964,0.15856378,1.4664474,0.10372369,0.14670575,-0.8004757,1.8178828,0.16000687,0.13260974,-0.4894034,0.71600384,-0.80543345,0.8048833,-0.8397847,-0.4687273,-0.12913129,0.59260494,0.3628428,-0.74689174,0.35201195,-0.50404495,-1.4027357,2.202131,0.15726155,-1.9173741,-1.2344315,0.7006967,-0.7432307,0.4704495,-0.20971535,0.659777,-1.5812327,-0.4812048,0.84450716,-0.004854529,0.12711403
0.31975546,-0.44837752,-1.0573739,0.48094773,-0.26530704,-0.5778588,0.65431494,0.32051986,1.0740162,-0.021526918,0.7221833,-0.37919772,-0.30222884,0.011986126,0.03916104,-0.36255428,0.51363844,-0.52403736,-0.59880185,-0.050431576,0.79227525,0.17682298,0.9797024,0.6364279,0.2047397,0.1080568,-0.32762414,-0.114828385,-0.04769906,-0.038989622,0.27576697,-1.155269,0.2379577,-0.5818356,0.051865567,-0.18705769,0.37758014,-0.039930012,0.77746826,-0.16567636,-0.5600963,-0.39782497,-0.08730576,0.17065643,-0.28340796,0.11909721,-0.26061928,0.8186963,0.22662431,-0.6651957,1.2424912,-0.40678558,-1.0776787,0.026038872,-0.0787168,-0.887957,-1.4332153,-0.5672365,0.29913005,0.05238659,-0.66232073,1.143248,0.24812631,-0.2558846,0.5189932,0.99903905,-0.008566504,-0.9247116,-0.31323063,1.0165433,-0.28708208,-0.76720077,-0.043653786,0.77452797,0.7378127,-0.011370027,-0.43631184,0.6623273,-0.93956023,0.16808178,-0.87091434,0.29561868,-0.30457,0.59114915,-0.7176856,-0.41116098,-0.03478879,-0.15967081,0.7630463,0.15924132,-0.35770386,0.7588484,0.03136637,-0.92903155,-1.0954387,-1.5103676,0.44983825,-0.8385426,-0.50498194,0.05525485,-0.5599516,0.9069669,-0.5706678,-0.0747037,0.24883753,-1.1805457,0.0596563,0.64138067,0.4305136,1.3588965,0.21472429,0.35490695,-0.5295075,-0.34148675,1.2145553,-1.6568512,-0.37081164,-0.40505987,1.5751008,-0.5145529,0.6155654,-0.2581547,0.5701044,0.16748476,-0.00802847,0.18540406,0.96909505,0.8724053,1.5954784,-0.35811487,0.33939648,-0.19246241,-0.39779913,-0.2864097,0.15313578,-0.13149361,-0.77260816,0.34845155,-0.19982195,0.50413257,1.079556,0.08073753,0.59430265,-0.79254746,-1.562597,0.42385092,0.19804333,0.651692,-0.3696529,-0.024020186,0.48592275,0.9096451,-0.18859771,-0.52090985,-0.20918205,-0.49833173,0.7758171,-0.9389965,0.08554353,0.31903744,0.53537714,1.577098,1.797123,0.48515406,-0.7765485,-0.6755424,0.31370324,0.67776775,0.5982395,-0.6454798,-0.7949127,0.6154802,-0.47703585,2.0446332,-0.5128587,-1.9971575,-1.0406802,0.4612738,1.1204573,-0.08399302,1.3538115,0.57236326,-0.7665869,1.1487843,-0.14880662,-0.060127858,-0.020836381,-0.0031473278,0.019520205,0.11797726,0.5847294,-0.17709309,-0.046234548,-1.5719099,-0.29754305,0.2957951,-1.1555477,0.8081355,0.046870124,-0.6820304,-1.484743,0.95102835,-0.3495484,0.16178465,-0.27954364,-0.25480735,0.2603821,0.18072946,-2.241433,0.8516733,-1.2517442,-0.688749,-0.97844404,-0.714445,-0.7509571,-0.32245007,-0.4401783,-1.2728581,-0.27269387,-0.23367707,0.645699,-1.2489941,0.21247816,-0.08026837,0.18096913,0.4194671,-0.5136875,0.019777065,0.67787963,-0.3442655,-0.45635068,-0.34049407,-1.5036948,0.99948937,-0.24948512,0.1092322,-0.46262866,0.6194725,1.0250227,-0.42084998,0.38964653,-0.08791851,1.429559,0.16700947,0.030215545,0.12113758,0.056119,-1.9223719,0.5384135,-1.5940608,0.024784327,0.5923398,-0.45650354,-0.12205145,0.13369676,-0.3298263,-0.36503038,0.33428392,0.38120583,0.42382815
0.47861585,-0.0020026371,-0.56174254,0.4520122,-0.52156204,-0.69124025,-0.66426146,0.07066481,0.078204766,0.38160336,0.8850652,0.16058956,-1.0638627,0.8058375,0.15959427,-0.32611147,-0.13919827,-0.23681399,-0.80476546,-0.48611376,0.7448395,-0.90920764,1.1569508,0.76477325,0.911014,0.23067982,0.2670182,0.16147833,0.24938431,0.21679445,0.88844424,0.34682748,0.71712184,-0.11512245,-0.86821365,0.36074248,0.1939518,0.30054668,-0.07837655,1.00091,-1.0075263,-1.0986133,0.7808766,-0.49683085,0.020756386,-0.99994934,0.77919716,0.10848963,-0.86234844,0.5341679,0.28822443,-0.087565795,0.32992998,-0.33410326,-0.33874518,0.17059113,-0.74429244,-1.4198872,-1.0370988,-0.08755932,-2.0730393,-1.0426266,-0.3124598,-0.10996211,-0.4315756,-0.7739034,-0.43911976,-0.45062792,-0.959821,1.0828716,0.7479418,0.946196,-0.24042241,-1.1247896,-1.8126034,-0.07459904,0.5905457,2.169953,0.7062425,0.742997,-0.5799963,-0.12769097,-0.58269346,1.100285,-0.51381046,-0.22294076,-1.0531493,0.17450306,0.27449095,-0.085143834,0.0831079,-0.13517042,0.056800876,-0.11161979,-0.9373721,0.5799733,-0.71332854,-0.4407023,-0.34247404,-1.4305648,0.26534104,1.4441236,-0.40333995,-0.23782179,-1.0678172,-0.73048043,-0.6088296,0.6533264,1.2211121,0.749819,-1.8907489,0.34212086,-0.31488612,0.67789716,-0.8318174,-0.4878775,0.66731495,0.54467505,-0.2889415,-0.8177642,1.2636592,0.5786538,0.48000535,0.1783714,-0.8655259,-0.34943855,0.51616997,0.03003708,0.28082773,0.48697817,0.4890219,-0.4982378,-0.31224766,0.15781765,-0.46301156,-0.21863382,-0.5657162,-0.43766716,1.091859,-0.09456782,0.43402594,1.7726685,0.65159285,1.3765137,0.3021775,-0.9465108,0.14549266,0.27366436,-0.07830335,1.2243412,1.8635936,0.53324914,0.34172907,0.44862473,-0.43877015,-0.12825921,-0.36962107,-0.6585026,0.2021659,0.17331055,-0.66993755,0.14940971,-0.7657875,-0.77171487,-0.24015848,-1.6863686,0.13507025,0.79635644,-0.6459336,-0.51391506,-0.023695812,-1.0796903,0.65715784,1.1695497,-0.40865943,0.20132396,-0.3271205,-0.6294929,-0.5456116,-0.4389378,-1.5072331,1.828739,0.91775185,0.4320438,1.1942954,0.13683349,-1.4874572,0.19366756,0.2801649,0.5378015,0.29426715,0.3889833,0.060662784,-0.45934615,0.41087472,-1.013085,0.77915156,0.05140304,0.37299272,-0.121378414,0.67987925,0.92926407,0.79159826,-0.18383162,-0.06795239,-0.28370503,-0.25083253,-0.0885077,-0.050360907,0.26343524,-1.4490448,-0.17242286,0.80433553,0.43994758,0.58670753,0.19563133,0.2170305,-1.4344516,0.37476254,-0.1427751,0.48293963,-0.99887574,-0.8630781,0.22625747,0.42011026,0.6241114,-0.45506567,0.7189052,0.56815416,0.19817376,-0.94601697,0.043430034,0.74247926,-0.27995437,-0.016018352,-0.18384364,0.78568894,0.6246023,0.038552582,1.0576138,-0.47619185,0.69596666,0.611698,1.8608749,0.24502024,-0.058924466,0.553249,-0.73937756,0.9991919,0.22336242,0.16630206,-0.39053228,-0.20391619,0.15773092,-0.3387366,0.3857864,-0.19967157,-0.08360696,-0.61374867,-0.84123737
0.95380086,1.1189352,0.37503546,-0.10836737,0.115043424,0.5151656,-0.46936905,-0.0018173901,0.85282034,-0.7645365,0.11309983,0.77108717,-0.13442987,-0.32152748,-0.21756966,-0.996921,1.2678121,-0.43631506,0.07969847,-1.5378867,-0.93318,0.49466655,0.09704202,-1.2297285,0.027134022,0.9388817,0.6760235,-0.54704803,-0.035672206,0.1937748,0.052834436,0.23960647,-0.21109734,0.24202724,-0.58899546,-0.3666573,0.62086177,-1.5879303,0.86663574,-0.34900358,0.44291595,0.701708,-0.11252934,-0.6433738,0.32193017,-0.70051295,0.07486575,0.21323983,0.33150443,0.03394517,0.30297038,0.25620827,0.4245983,1.1435721,0.59861505,0.3164306,-1.1108737,-0.28746817,-0.2251361,0.51027274,-0.12692185,0.34798628,-0.18039457,-0.07303622,0.35962903,-0.08455068,-0.22681718,-1.0558809,0.45088735,0.03079093,-0.028213575,0.176767,0.65704036,0.7427012,-0.34547088,0.30047196,0.8387521,-0.047855176,0.4786757,-0.57835746,1.442855,-0.026629122,1.2064059,0.77654546,0.22427116,-0.09951094,-0.28795975,-0.21177128,1.0087308,-0.99722385,1.0784377,0.02778986,-1.352423,-0.17250289,-0.017048106,0.19662233,0.030924546,-2.520082,-0.5227875,-0.5689597,-1.1282388,0.72007984,-0.6928358,-0.2235288,0.44335324,-0.20294264,0.33634344,0.93439955,0.052343898,-0.24945188,-0.5988725,-0.6787027,-0.4230613,-0.30996883,-0.17119746,-0.23519754,-0.5266412,-0.6512201,0.556923,0.37865442,-0.30751815,-0.49356443,0.53334486,0.4253922,-0.67701036,-0.43948787,-0.49696568,-0.61722547,0.64952105,0.6574773,0.00026666984,0.50149035,-0.12229139,-0.58304054,0.028887348,-1.0851665,-1.268821,-0.7599081,-1.270976,-0.6395701,0.2149789,-0.08211481,0.16871049,-0.7105414,0.2743663,-0.7786127,-0.29238433,-0.1329013,-0.3737095,0.1424136,-0.9184494,0.58161235,-0.66257876,0.0503643,0.2589064,-0.81015366,0.36540836,0.3319319,0.46818793,-0.36849743,-0.44780865,-0.6978604,-0.18717146,1.183135,-0.54850614,0.49477798,0.46969014,0.23574485,-0.7113322,0.6155282,0.08174095,-0.99211514,0.5839394,-0.6068979,1.0270656,0.5742976,-0.36864555,-0.21999136,0.7954353,-0.30731332,0.05950983,0.6395486,-0.31453416,1.2788596,0.62535447,0.14554226,-0.67123336,-0.45527503,0.98817384,-0.31978855,-0.14495778,1.2691905,-0.36821657,-1.1369972,-0.15649456,-0.4732173,0.008494637,0.43162078,0.045558628,0.11907619,-0.39165774,0.2094145,-0.16801046,-0.38499323,0.9592357,-0.27531174,0.26586792,-0.38765457,0.39806363,0.48649776,0.5928853,0.3564808,0.010703485,-0.23420727,-0.07876614,-0.2996472,0.90697235,0.12611377,0.63918436,-0.040584967,0.07648513,0.7302829,-1.3358167,0.52444625,-0.19463913,0.56410253,0.3494195,0.50884414,0.8095652,-0.15166627,0.9227875,1.1886588,-0.2888112,-0.68039244,0.86772114,0.7483312,-0.36951253,0.71326244,-0.09082733,1.0186732,-0.7142785,-0.17601798,-0.0016870664,0.29841563,-0.806968,-0.18517652,-0.4346955,0.72693455,-0.76337314,-0.28747207,0.7299813,-1.1121849,1.0894302,1.7410383,0.061290585,-0.42321622,0.5990273,-0.027892884,-0.19041555,-0.2179815
-0.61995155,-0.03912727,-0.04588652,0.14907612,-0.78903043,-0.37764612,-0.17562684,-0.6430654,-0.6666497,-0.069835655,-0.363231,0.3323785,-0.08873447,0.92228794,0.8669068,-0.7923666,0.05275706,-0.2070002,-0.98504543,-0.06622565,-0.22671789,0.7726253,0.86657214,0.6679539,-0.5446692,-0.79672885,0.08103924,-0.28466412,0.19832817,0.34963986,0.4218385,0.2240148,-0.4382423,0.24211873,-0.38380268,0.5459344,-0.006594906,-1.1597475,-0.5191619,0.57989085,1.0041935,-0.66173995,-0.5948608,0.42817348,-1.1719404,-1.1042504,-0.3672203,1.0750344,0.12392409,-1.2722992,0.095656924,0.24640003,-0.027752642,0.6713461,0.26513505,-0.32372478,0.4977798,-0.29878268,-0.050646964,0.20920551,0.85380083,0.3484238,-1.1521527,0.19366817,-0.91124076,-0.48206997,0.24347661,1.134887,0.039291,-0.3322384,0.11929122,0.81675214,0.51348424,0.24440092,0.28137118,-0.6546227,-0.24195622,-0.2618398,-1.0198635,0.44067514,0.44879216,-0.4341172,-0.64076483,-0.49703443,-0.3543273,1.8234206,0.45011008,0.0077786157,0.028204534,0.58544844,0.94838107,-0.11367365,0.84639925,0.046044324,0.07197837,0.7886208,-0.6871698,-0.5180125,0.52831256,0.31980368,0.44534054,0.1600655,0.13326405,0.8063788,0.0885708,0.21213175,-0.49440488,-0.7757797,0.6006783,0.08453363,0.40654168,0.89194316,-0.7475837,-0.32544202,0.49905372,-0.72660995,-0.1565099,-0.7007033,0.30979943,-0.9359507,-0.9646042,-0.005967393,0.83018875,0.44907287,0.016296823,-0.7533981,0.79251415,0.3857029,0.34243837,-0.47414783,-0.099116,-0.3064563,-0.16814514,-0.78950965,-0.11998698,-0.09004746,-0.40013528,1.4538792,0.051592417,-0.24196775,0.45100534,0.91733944,-0.50651276,-0.15058517,0.72332686,-0.3459527,0.3691379,1.1043422,-0.37132612,-0.99451977,-0.4262306,-0.32944614,0.9195484,0.20580128,-0.27563384,0.5764921,-0.41696972,-1.2846762,-0.58630955,0.37772584,0.9026395,-0.7954771,0.60274225,-0.9840699,-0.6011593,-0.6775821,0.6478033,-0.201528,1.3355469,0.18065748,0.8876132,0.49747398,-0.33663213,1.0659893,0.074790366,0.16363528,0.52064276,0.066260256,0.55513895,-0.07523841,-0.94176626,0.47064638,2.3649032,0.11339416,0.17050642,-0.015844932,1.1185079,0.5251075,-0.2768941,-0.22664002,-0.08216011,0.14247437,0.6546492,-0.67043114,0.5752863,-0.83160293,-1.0700666,0.7817872,-0.1820264,0.0007036334,0.23225549,1.0318198,-0.0476677,-0.94013065,0.97704184,-0.82014656,0.14532302,-0.20360988,-0.37979138,0.09200732,0.14361836,-0.5405796,-0.014856569,-0.28206792,0.23093012,-0.24126759,-0.26158565,-0.38674828,-0.29152402,0.54915,-0.5205923,0.1287509,0.60940284,-0.015134489,-1.3002148,-0.48146206,0.97548366,-0.5635864,-0.21535581,0.34771225,0.31291467,-1.2568816,-0.20819563,-0.5538823,0.28534007,-0.061609086,1.3508626,0.19397363,-0.96504414,-0.49894214,-0.34465125,-1.4417,-0.26973382,0.22462592,-0.38542733,-0.39950728,-0.1350095,0.45251548,-0.34138295,0.70172113,-0.13476978,-1.1574497,0.18146034,0.17440814,0.24666543,0.5256126,1.0614244,0.22958472,-0.32997406,-0.57876134
-0.3360844,0.3466069,0.0663174,-1.591968,-0.1648612,-0.6604591,-0.24267197,-0.17625959,-0.46957743,0.90005577,-0.77719384,0.01679594,-0.042601094,0.4515695,-0.3605484,-0.21041746,0.58425665,0.012235689,-0.25832272,-0.18282014,0.02727875,-0.15147766,-1.0387567,0.33450577,0.88712937,0.020762745,0.53320193,-1.0690864,0.71552527,0.2211078,-0.76092255,0.037677106,-0.26975372,0.26454896,-1.0162306,-0.93373996,1.3505117,1.8408704,0.18306793,-0.02269932,0.16234829,-0.44821888,0.5133642,0.16866858,0.29056478,-0.33024225,-0.9061456,-0.9115528,0.1908085,0.14759183,-1.2864314,1.0105491,0.5647027,-0.003386605,0.2672839,0.04028866,-0.3083054,-0.32136798,0.85205966,0.6154705,-0.3372147,1.6894827,1.1559898,-1.0942621,0.1550485,-0.008614679,0.4655911,0.80015326,-0.30717853,-0.13442606,0.15143122,-0.530279,-0.20214202,0.043491747,-1.1220568,0.63918924,0.011633677,0.7576606,-0.19636816,1.0161034,1.0166925,-0.7251206,-1.4519218,0.72973526,0.29139045,0.009580684,0.38343596,0.22422759,-0.0404588,-0.21506132,0.53458744,-0.56937385,-0.68837464,-0.7148362,-0.2534817,-0.6192165,-1.4216062,-0.5469855,-0.25368664,0.8745082,0.07157121,-1.1226096,-0.395258,0.6389862,-0.23292184,0.4293425,-1.2133881,-0.90638727,-0.20411335,-1.1628325,-0.21730521,-0.44673112,-0.28370124,-1.0421848,-0.58069676,0.0068839374,0.29798663,0.7645678,0.514488,-0.39535123,-0.73122805,0.06463718,0.6761045,-0.23434697,0.31413716,-0.78606397,0.00613192,-0.3172433,0.52981365,0.4721901,0.35275093,0.5422587,-0.1998021,-0.17026779,-0.30249292,-1.3828951,-0.57977253,-0.96655506,-1.3416612,0.88409954,0.2706261,0.09606575,0.6861668,0.7418191,0.67794824,-0.01869416,-0.30407912,0.13344774,0.4363077,-0.3959642,0.2796872,-0.3299267,-1.3606946,-0.4325603,-1.248359,0.49297887,-0.57522964,0.09061123,-0.7943636,0.5743809,-0.99356586,0.7858037,0.57473576,-0.6457827,-1.1125436,0.5150504,-0.21159156,-0.6265251,-1.1818869,-1.3441458,0.29152083,-0.013334202,0.17006606,-0.06539726,0.38639337,-1.0205445,-0.5564975,-0.46139452,0.89583117,-0.17485926,-0.8260613,-0.35228157,-0.3487113,0.9009774,0.16691107,0.13367942,-0.25830793,1.1533144,0.38184988,-0.11885313,-0.6271361,0.9435301,-0.22771753,-0.7064688,0.7733815,0.35158983,-0.46462792,-0.15955788,-0.88220817,-0.11004552,-0.7096036,-1.1996627,0.253971,-0.4210766,-0.120198116,-0.17515717,0.47980523,0.024367312,-0.48405433,0.2051313,-0.20835331,-0.39186096,1.0749027,0.06838955,-0.80872875,0.30012968,-0.4313599,0.8480295,1.1671369,0.07062043,1.0196697,0.22118875,0.41492045,0.23160028,-0.921329,-0.16372037,0.6653525,0.87281746,0.5052381,-1.227557,-0.12573068,-1.9818866,1.8253459,0.63770527,0.54803675,0.04572019,-0.009264513,-0.24834314,-0.081809506,0.9427368,0.92542285,-0.47226518,1.4058788,1.0386938,-0.12025699,0.21978258,-0.15149222,-0.74842155,1.4111509,-1.5537372,-0.1180432,0.16902918,0.48330373,0.54787564,-1.4779595,1.3689663,-2.1218343,0.88466644,0.9868426,-0.10541035
0.93826854,1.2523615,-0.6184376,0.40066808,-0.016890865,-1.5009252,-0.84876174,-0.30627224,1.1973313,0.5623469,-1.1507947,0.578884,0.47659266,1.4291483,0.5637779,0.56472605,-0.10214213,-0.8546149,-0.14984863,0.3699885,0.33544964,-0.5772962,0.112431444,1.3035872,-0.46242028,0.011451043,0.82409483,-1.1074585,-0.43976775,1.6694902,-0.22261797,-0.6725918,-0.7664779,-0.30548936,2.7535686,1.7105078,0.435836,0.8538663,-0.13159433,0.31220222,0.05536369,-0.43371162,-0.22589706,0.22912556,-0.52804446,-0.0128398305,0.1935712,-0.36743233,-0.20290558,1.5200025,-0.5300195,-1.0721728,-0.19202246,0.81098074,0.3426129,0.75563633,-0.44332463,0.0043574804,-0.57493985,1.1212788,-1.3459566,0.24823493,-0.2897446,-0.35655376,-0.14713453,0.9196835,-0.28208143,-0.1861938,0.765614,0.3804725,-0.8157997,-1.1063218,0.2581235,-1.0096915,-1.7274501,-0.17951274,0.82429713,-1.5652245,-1.169556,0.5369767,1.1598233,1.3154778,0.4982121,0.5000278,-1.2413126,-0.39044362,-0.4535075,1.0947675,0.37321553,-0.6152769,1.0492995,0.02317959,0.46710995,0.6472698,-0.27179354,0.54316235,-0.7951,0.19277334,-0.86023694,1.6292222,0.4958738,0.6155721,0.2974882,-1.1117705,-0.50797594,-0.56716985,0.0055992724,-0.8384453,-0.7813179,-0.40611768,-0.6078924,0.14510119,0.57381785,-0.30247384,0.04529522,1.5521013,-1.1971766,-0.66618973,-0.42849153,-0.7890208,0.93740416,-1.390428,0.359634,0.99365664,-0.764745,1.2365439,-0.078378916,0.27788806,0.45483413,-0.9845908,-0.60181063,1.2501763,-0.59643936,-0.23739581,0.19260734,-0.37472594,-0.63065964,-1.1231266,0.2090792,-1.2321163,-0.72613233,0.05611203,-0.33018997,0.2348729,-1.717755,0.19959405,-1.4814849,0.6392083,-0.76174825,0.82189775,0.45612118,-0.2808541,0.39158148,-0.086251326,0.442719,0.4621775,-0.39341116,-0.15221597,0.31198117,-0.93490106,0.3904658,0.0045151967,0.073841006,-0.4813096,0.7221315,0.3362036,0.030697776,-0.7753545,0.7562397,-1.1267543,-0.8740156,0.91989106,0.0090064155,1.1846292,0.2149808,-0.69896185,1.1685812,0.7695261,-0.50024486,0.66627204,0.5101377,0.77244693,1.0263203,-0.3710618,-0.34373304,0.09114993,1.3673952,-2.0868664,-0.42946762,0.06555255,-0.31942603,0.6939628,0.66889894,0.12538154,0.005777176,0.46946546,-1.2741343,0.6346651,-0.046922613,1.0774997,-0.15205222,-0.6954986,-0.5075145,-0.74488384,0.023733096,-0.6158465,0.1600946,0.75249195,0.74163365,0.8807917,-0.138462,0.4383796,0.43580648,-0.11606512,0.36986342,0.12060785,0.26419246,-0.28320396,-0.47779712,0.18515408,-0.35872576,-0.027409496,0.3454073,-0.16740209,-1.1338947,0.59159225,0.029004436,-1.1514804,-0.53519887,0.7061569,-0.55121607,0.08077394,-1.829618,1.381434,-0.73040205,-0.6773316,0.5477995,0.12374999,0.5202266,1.0147929,0.4393033,0.018387446,-0.098556906,-1.4263275,-1.498592,0.8887569,0.6719605,-0.28226727,-0.30478436,-1.7156765,-0.09492919,-0.58896405,-0.398058,-0.35102725,-0.8641402,-0.29159433,1.5499817,0.7583625,0.042460345,-0.9204647
0.0033233247,1.7513467,0.36052406,-0.24154028,0.59334874,1.0308048,-0.487552,1.5953331,0.20139793,-0.94235677,0.41754955,0.7124809,0.67899716,-0.35056502,0.7151209,0.67893416,-0.29047868,-0.5923531,-0.72650516,-0.952924,-0.025422612,0.21836315,0.34903425,1.4374882,0.18341033,-0.08802064,-1.1944245,-0.29381296,0.48259526,0.8658061,0.6561304,-0.69713765,-0.8639109,-1.3230708,0.30442986,0.89591026,-1.1640316,-1.9287943,-0.8668306,-0.17042229,-0.058435764,0.58080316,0.83239824,-0.37499267,0.23524415,-0.49147978,-0.23421954,0.50399876,-0.6833482,0.5521794,-0.14604749,0.4049294,-0.8135392,0.31528184,-0.976903,0.22463444,-0.04403748,-0.5746865,0.4284104,-0.18911438,-0.17443879,1.2157234,0.41769484,2.609897,-0.26664364,0.6313188,0.5790103,1.459424,-0.73260033,0.16162078,0.25395212,0.20668428,-0.14804016,0.42708,-0.3608849,0.83388525,0.11940422,-0.16227278,-0.14692178,1.366136,0.61569023,1.05646,0.71973485,1.7127917,2.3746955,0.74456453,0.3794168,-0.2608334,0.35522243,0.30494767,0.24084012,-0.79112554,-0.5390373,-0.16480884,0.47108155,-0.7116097,-0.62223125,-0.21698958,-0.8239762,-1.0311178,-0.22813427,-0.030125938,0.5539551,0.7064322,-0.53821456,-0.47712973,0.2210583,1.4264616,-0.43272436,-0.36133474,-0.77898675,0.4385239,-0.43429437,-0.18113185,-0.68902487,-0.2857116,-0.53640115,-0.16085179,-0.6176267,0.058910973,0.36571428,-0.85964394,-0.3014852,-0.93797123,-1.3461636,-1.3329865,0.9561647,-0.69035584,1.2602981,-1.2943763,-0.673637,-0.1684283,0.42131922,0.6912243,0.17562406,0.21619277,-0.36870322,0.64007044,0.35820097,0.09207154,-0.20140183,-0.026708797,-0.8441403,-0.16615409,0.036336713,-0.59166837,-0.60196054,0.61387795,-1.0605075,1.7253865,-0.94627255,-0.9991821,-0.732187,0.30824274,-0.7570827,0.2934002,-1.3979056,-0.81967276,0.39860988,-0.8584001,0.60652184,-0.30460835,0.69876283,0.4566609,0.3859245,-0.39420187,-1.0479167,0.8021755,0.0008346165,0.56066483,-0.121449456,0.7034142,1.1065853,-0.12317084,-0.4642423,1.6298804,0.052717358,0.30441278,-1.6039276,1.0156819,1.3183694,-0.43037194,-1.6963879,-0.045529343,-1.1493193,0.19104466,-0.093435585,-0.20283017,-0.33406338,0.7861111,-0.43047842,-0.324189,1.7138612,-0.44825062,0.13575839,1.1720948,-0.17872855,-0.059636686,-1.0564598,-0.57987905,0.3701201,0.082991794,-0.15946303,0.30610222,1.6368191,-0.31958476,-0.24132401,1.2084626,-0.51244444,-0.26421285,-0.80961424,-0.07631948,1.0700843,0.42874154,-0.663712,0.9424719,0.17096466,-0.61138743,0.42504847,0.8688341,1.0200319,0.61193734,0.6837329,-0.678747,-0.5016693,-0.49903435,1.1658937,-0.5427539,0.3294828,-0.50933594,-0.06436276,0.42489183,-0.10087184,-0.41758138,-1.1815339,-0.7068539,-0.56115663,2.3218815,0.20171723,0.2047749,-0.43791407,-1.6306647,-0.021364445,-0.28792635,0.8969332,-0.7364983,0.85234195,-1.9910601,0.6008604,1.1958514,1.0781775,-0.8336101,0.47143564,-0.66094416,-1.1791451,-0.00316857,-1.0606617,0.7234585,-0.95659274,-0.02387034
0.5699041,0.13022329,-0.19475506,0.903269,-1.234281,-0.02594681,-0.24986783,-0.4377818,0.035993062,1.2194647,-0.28922546,0.9455589,-0.79798836,-0.5032258,-0.65112746,-0.52985036,0.1603625,1.3461155,-0.2913625,-0.21144149,-0.31003007,-0.33206958,0.23888224,-0.51289606,-0.9283749,-0.94702893,0.74598175,0.14910272,-0.34353256,0.4312601,-0.31593114,0.33220574,0.11038932,-0.16015555,-1.2232217,-1.0643213,0.41053584,1.6043346,-0.47614178,-0.31374294,-0.5677909,-0.72531223,0.1699691,-0.19105504,-1.3790754,-0.5056538,0.24777417,-0.56250554,0.34266174,-0.33239478,-0.41086578,-0.85087454,-0.15465936,-1.2197708,0.23009123,-0.002463315,0.7093847,-0.29241928,-1.6288468,-1.1553552,-1.0045801,0.24041563,-0.65595466,0.87434715,-0.14184149,-1.2322959,-0.24935718,0.5971328,0.43290383,0.18091394,0.3776735,-0.14191815,-1.2625312,0.9169485,-0.6018275,-0.3310903,-0.5967122,0.27317458,0.14735568,0.19633539,0.7988525,0.72851664,0.6194031,0.3691301,0.62309325,-0.01584634,0.022160057,-0.41022614,-0.51796156,-0.05110364,-0.887275,-0.38866755,0.20874427,0.45793563,-0.6321982,0.15427648,-0.33133844,-0.7754718,-0.86203814,-0.11620538,0.21799639,-0.24515691,-0.053244267,-0.65905964,1.0265226,0.4160725,-0.612623,0.39063135,1.078169,-0.095647894,0.06103591,0.8559574,-0.57901335,-0.06963954,-0.68875086,-0.3554539,-0.11906795,-0.7516739,-0.74630594,0.87013745,-0.71681505,-0.69151896,0.29491988,-0.10214486,-0.17638038,0.16618495,-0.1746595,-0.7331203,-0.4042435,0.042488616,0.45662498,-0.37390924,0.18553,-0.62669927,0.5323346,-0.9106041,-2.2307775,-0.67035776,-0.9515986,-1.0860715,-0.6418638,-0.66660315,0.1264758,-1.4418136,-0.6165204,1.0292965,-0.18136431,-1.1985766,-0.3046817,-0.42112654,-1.3684536,0.22164321,-0.121937074,0.75522125,-0.15940398,-0.4316436,0.3460894,-0.22455032,0.40683028,0.012554524,-0.34648228,-0.3465929,0.39353904,-1.1561304,-0.18191732,0.7897397,-0.21319622,-1.1800841,-0.4585781,0.66254157,-0.08441096,0.2655132,0.23595299,-0.34950936,-1.9800404,0.6526952,1.1499468,-0.8752523,-0.18966304,0.7449729,0.21755008,-0.36758772,-1.4291812,-0.51984096,-0.5786021,0.5428223,-0.33727965,0.75127447,-1.4501982,-0.98490435,-0.2112955,-0.28275755,-2.0751977,-0.49285936,-0.08056756,0.3946657,-0.099223256,0.67756265,-1.115857,-0.7342082,-0.87745076,1.0781524,-0.7002472,-0.67322916,-0.5554202,-0.24125232,-0.05559624,0.0300831,0.6092022,-1.0579349,0.01738719,0.9288932,0.73684615,-1.6200134,0.6627094,0.41927466,-0.3259132,-1.3624353,0.16937451,-1.0943418,-0.047237337,-0.80697787,0.65516555,-0.7830619,-0.90543514,-1.0429544,1.8533866,-1.4634043,-0.7253541,-0.729718,-0.78142315,-0.14264879,0.35488972,0.014440719,-0.48494405,0.03731368,-0.14510562,0.2236338,1.2808331,-0.40390077,-0.49122894,1.6105515,-0.032253463,0.30902943,0.8370419,-1.1856457,0.45623457,-1.0836827,-0.18344563,-0.8255792,-0.71220624,-0.13486809,0.14316791,-1.0721899,-0.03881653,-0.3443513,0.9273677,0.34657422,-0.42054918,0.37088937
0.3708028,0.05667715,-0.9435639,0.56085885,-0.06496508,0.04353708,0.7751356,0.6270012,0.27280736,-0.15762112,-0.31626436,-0.85123605,0.4597323,-1.4719378,-0.10449313,-0.19185387,-0.4372715,-0.43909982,0.069431774,-0.032810163,0.7521932,-0.67857426,-0.35170415,0.14862897,0.19799155,-0.21718413,0.17929839,1.2052375,0.98601127,-0.6223975,0.21010697,-0.7029989,0.38816193,-0.32286492,-1.1546364,0.3931671,-0.66416764,-0.14874038,0.7000694,-0.44038987,0.52374226,-1.4837332,-0.24272305,0.04831959,-0.45475045,-0.4207684,-0.566851,-0.53447604,0.24066378,-0.14313559,-0.2980948,0.93085515,-0.20448035,0.0071329526,-0.086005345,0.80701935,0.6736688,-0.15043677,-0.7346693,0.29236224,-0.5310499,0.44527802,-0.32210973,0.30667868,-0.35912317,-0.80205065,-0.9951948,-0.048229575,-0.5916305,0.5050079,-0.23169968,0.39400068,-0.053576846,-0.63926154,-0.12115974,0.8297055,0.22956926,1.7267278,1.015213,-0.051992577,-0.2689127,-0.07609408,0.47050443,0.76657915,0.7801872,-0.5046869,-1.2938876,0.30464083,-0.11943914,0.7567317,-0.8244653,0.5776678,0.788946,1.3836834,0.90993816,-0.43980867,0.3059715,-1.0131358,-1.1684709,-1.1566408,-1.112027,1.1866323,-0.7513928,0.46605527,-0.7126343,-0.64189374,1.1686258,1.7500247,1.4302117,-0.28947696,0.1151241,-0.48588517,-0.20486124,0.06149427,0.9311795,-0.22294703,-0.8829564,0.61592454,0.8267714,1.2341805,-0.4626432,0.09527133,-1.3893776,0.11358564,-0.4080597,-0.71697205,-0.09321496,-0.052064706,-0.31095028,0.22601624,-1.552687,0.045785602,0.8303208,1.7236196,0.51094437,-0.62266797,-0.73915434,-0.4615118,-0.853627,0.28519902,0.5523512,1.2706625,0.0885135,-0.52756524,-0.7746732,0.34242454,-0.1311294,0.22410353,-0.10960417,1.4147867,-0.026085457,0.15008153,0.70314026,-0.7255571,0.27481887,0.023935456,-0.91982365,0.21613693,0.058944028,-0.91313654,-0.33434427,-0.55820346,0.9499306,0.15303771,1.0689812,-1.3057659,0.9498574,-1.1275362,0.028583597,1.0464367,0.22666502,1.1550288,-0.941221,0.78274447,0.9635724,1.1771574,1.4746928,2.4904068,0.086650416,0.7854883,-0.37815145,1.1923982,-0.9666639,0.98351836,0.41369286,-0.20438014,-0.84987885,-0.051616497,-0.5324494,-0.043413233,0.19366083,0.21253629,0.14437239,-0.049055606,0.27476084,0.70081186,0.14388,-0.7989418,-0.24009046,0.35619915,0.27680853,0.30402112,0.3270106,-0.02390138,0.41241887,0.32352903,0.7578176,0.90538394,-0.34519482,-1.3958936,-0.31887433,-1.5651445,-0.020080537,-0.78014755,0.28194904,0.20214643,-0.041458182,1.0280459,-1.0935341,0.5370933,-0.80794555,0.39961675,-0.040975742,0.8738775,-0.9833021,-0.36006612,-0.318762,0.42880866,0.46147475,0.9784761,-0.89806026,1.0749792,1.2949411,-0.98447764,0.29562715,-0.13275984,-0.5069648,0.26574126,0.6680024,-0.44154283,-0.69090676,0.5316502,0.077658355,-0.36478972,0.047289357,0.6110753,-0.5500105,-1.0817649,1.632529,-1.7441957,-0.23652904,1.7222834,-0.46765894,0.8551113,0.2665819,-1.6547339,-0.04616771,-0.23537813,-0.2803506,0.95655173
-0.5997835,-1.3258448,-0.7440795,-0.22026542,-0.010452393,-0.25659543,-0.21385925,0.44643086,0.18223946,0.11412983,0.49455962,0.15918666,0.11401861,0.30726376,0.30111116,0.43036956,-1.1973972,0.20648292,0.9112293,0.15509182,-0.4263414,0.011411683,0.09709747,-0.24789298,-0.17647241,0.25432137,-1.2272749,0.30461442,-0.31817764,-0.03047813,-0.46724066,-0.11440547,0.8025821,0.09645663,0.28924403,0.63737273,-0.37610185,-0.7089933,-0.5994014,-0.56631804,-0.22029501,-0.4244095,0.46332115,0.40873727,-0.63813764,0.1330811,-1.1395149,-0.95626575,0.97223777,0.6515581,-0.4189615,-0.12652285,0.16429716,0.40833983,-0.28338006,-0.28784153,-0.79923815,0.33059043,-0.77660775,-0.15811825,-0.30643365,-0.94162494,0.3975729,-0.15205033,-1.2779874,1.19948,0.024543239,0.40264463,1.0360532,-0.3668955,-0.98651004,-0.57692504,0.824334,-0.65905744,0.055875197,-0.32112783,-2.022998,0.57419854,-0.03590071,0.40543225,-0.4492104,0.017786702,-0.31611514,0.27209833,-0.1536123,-0.9565863,-0.97097147,0.29862836,0.16169165,-0.18073468,1.0053933,0.28545928,-1.6102154,-0.1938011,-0.47306675,-0.6945032,-0.404975,-0.18422078,-0.30141675,-0.5906041,-0.63081855,-0.9901262,-0.18140355,0.1718601,-1.2922698,-0.2567024,-1.0576819,0.053991783,2.295926,-0.2961269,-0.29473948,0.36166206,-0.6956526,-0.0036926328,0.47339982,0.65829945,0.5357878,0.5075283,0.5630653,-1.0697168,-1.677998,-0.17390242,-0.3494823,-0.488859,0.5989943,-0.048328746,0.16597852,0.9160032,1.3934696,1.637877,-0.2912102,-0.58739036,0.33781266,0.9557951,0.18518116,-0.8425406,-0.9547949,-0.8195214,-0.7706619,0.83005625,0.3815652,0.712246,0.089541025,0.5682273,0.29621232,-0.6917507,-1.5201696,-1.527629,-0.5821106,-0.91856676,0.23865427,-0.9711075,0.30787268,-0.9142604,0.09896007,-0.5255946,0.31831056,-1.328036,-0.959484,0.7979818,-0.7926717,1.387824,0.85540926,-0.409322,0.38726005,-0.544313,0.780715,0.4161832,-0.37899795,-1.344238,0.41195053,0.33337817,0.47677147,-0.6227171,0.466145,-0.96169794,-0.50371265,0.47309166,1.31765,0.5666324,-0.045121092,-0.7617615,0.5692291,-0.3010227,-0.053492345,0.7049597,-0.21991058,-0.6673401,-0.34439373,-1.188184,-0.04926423,0.3173012,-0.17463222,0.85182685,1.0602846,1.5747489,0.22528924,0.40919268,1.125917,0.90773684,-0.40514126,1.5705202,0.44205528,0.44620577,0.42131233,-0.39349034,-0.51860064,-0.9913397,-0.38599494,-0.3345717,-0.45370972,0.25455278,-0.022382086,0.67035055,-0.43023846,-1.0175091,-1.0509608,1.6965096,0.99406445,-0.6040017,-0.4917965,1.0844448,-0.8716241,1.3019366,-0.63035816,0.08706409,0.11417805,0.38210794,0.26959187,0.19271547,-0.30678302,-0.6390444,1.3346064,1.1060321,-0.05515586,0.5057122,0.0088995,-0.829716,-0.54383874,1.0425957,0.64625186,0.32832524,0.92312604,0.91181993,-0.31956145,0.3334539,-0.03524813,-0.0182284,1.5891944,0.05886204,0.7748517,0.6028717,-1.3879076,-0.6441103,-0.751817,-1.5526111,1.5722971,-0.20336686,0.7581736,-1.1755092
0.4222298,-0.3522781,0.70568484,0.22671764,0.33183894,-0.66628855,-0.37622696,-0.663786,0.41030344,1.2513251,0.30909964,1.0359081,1.5687442,0.24743342,-0.56317043,0.057645075,0.53599006,1.1899233,1.2233466,-0.476537,1.0803385,0.09184924,0.21856283,1.086711,-0.23099555,0.039469894,-0.98048514,0.010622767,-0.6464757,-0.6831747,-0.36128828,-0.68220377,-0.7283065,-0.32599735,-1.9783021,0.30489683,0.3590686,0.72786564,0.38149482,-0.10437126,-0.7146556,0.47110745,0.976668,0.44784242,-0.4984808,1.0284688,0.0056130416,-0.27468428,0.12068393,0.80115867,-0.30560803,0.64076304,0.43798226,1.2915269,0.55513793,0.49984533,-0.8718571,-0.42664587,-0.2835059,1.0710857,0.6315332,0.6835961,1.8395876,0.6674452,0.6283977,-0.24415056,0.51875186,-0.5565908,-0.19257239,0.58808887,0.7586512,-0.11178432,-0.042398285,-0.7854391,-1.0436819,-0.44564784,-1.1681944,-0.5148735,-0.8509077,-1.4174334,-0.09347639,-0.3009184,0.29724264,0.182966,0.31060824,-0.6606884,-0.24930523,0.21915716,0.9067215,-1.3260144,0.37882948,0.44346935,-1.2416286,0.38728234,-0.23070812,-0.5946927,-0.4058414,-0.7897422,0.12166822,-1.1748847,-0.1491787,-0.22600597,-0.019495022,2.1678512,0.4120631,0.062395856,-0.20460534,0.2606802,1.049931,-0.13102919,-0.17234358,-0.07319208,-0.12233397,0.083444186,-0.47687927,0.21022294,0.025047405,0.49760288,0.72829837,-0.113037616,0.28363463,-0.66753304,0.34479222,-0.0705932,0.7077492,-0.26690173,0.37606052,-0.0542466,-0.42543566,-0.02067847,0.38037804,1.3883727,-0.5226733,-0.38772127,0.24052587,-0.47205085,0.40141776,-0.21168454,-0.06210999,-0.48550552,-0.54421675,-1.129075,0.22790435,-1.0196594,-1.3464942,-0.44641113,0.16860013,-0.88368154,-0.81865776,-0.21313044,-0.77423495,0.04627231,0.3873642,0.2879225,-0.23701265,0.7683674,0.18839614,1.1290107,-0.5703509,0.26270977,0.18016784,1.5983102,0.46593985,0.5193693,0.3850399,0.7681894,0.51682293,-0.029482428,0.27655986,0.22402805,-0.90554774,0.32957867,-0.9741487,0.49016476,-0.12263421,-0.3441204,0.25964266,0.5112571,1.0794466,0.56646097,0.59711504,1.0494647,1.3831792,1.9788926,0.34929237,-1.1911606,-0.20969209,-0.23486887,-0.22629814,-0.9934016,-0.84126705,-0.66492605,-0.7434783,2.6238267,0.02439034,0.7487737,-0.485779,0.5185847,-0.614815,0.052957777,0.101112805,0.98935056,0.50427806,-0.72005975,0.66548556,-0.41788065,-0.5305694,0.24831672,0.7650794,-0.10734125,-0.22040531,-0.48958167,-0.3526213,0.94364566,0.119798064,-0.4841425,0.25969973,-0.21613789,-0.6710674,-0.018763792,-0.54931206,0.580085,0.19362639,-0.20346655,-0.043713886,1.2196182,-1.2233332,-0.35154223,-0.73489296,0.0023265905,-1.1479576,-1.0437376,0.65558785,-0.7029949,-1.2566323,-1.1230478,0.10515548,0.028699124,0.69838244,-0.7937264,-0.488609,-0.7005806,0.81041765,-0.35211828,-0.62615794,-0.7617912,-0.2866747,-1.1851915,-0.94136924,-0.60708797,1.0941403,0.5853747,1.3892491,-0.36358353,-0.11153633,-0.79117393,0.31358737,-1.1037177,0.6401709,-0.5660594
0.020490972,0.6436814,0.5372577,0.4032192,-0.37428346,0.35828373,-0.8036744,0.14644182,-0.6006746,-0.21452351,0.057429224,1.0871044,0.021425478,-0.18566349,0.83983874,0.065931275,-0.051190186,-0.07140376,0.79436386,0.7752276,0.8190578,0.51775223,0.6428081,-1.2911757,-0.10099021,-0.156297,-0.76124126,-0.47902447,0.010601178,-0.5436081,-0.25236443,-0.5824536,-0.2393759,-0.8581929,0.5061572,-1.3298948,0.31114042,0.47833925,-0.38933337,-0.0056659277,-1.3000243,0.5029117,0.38699642,0.5366927,-0.5511407,0.51151496,0.6618595,-0.061504744,-0.12087311,0.0015137099,0.4301837,-0.43292782,0.18344764,-0.85542744,0.73471713,-1.0717597,-0.10364066,-0.6648191,1.106261,-0.6248717,0.47299257,1.3671837,0.5010416,-0.246899,-0.69298404,-0.34293637,-0.24751024,0.27385837,0.24850075,-0.36578345,-0.19092274,-0.22962716,-0.6706132,0.3480665,-0.31656992,0.11650584,-0.7494315,0.6159888,0.08628391,-0.088851206,-0.52956426,-0.91469574,-0.91929805,-0.0056684506,-0.19059056,-0.38040552,0.031156985,1.1043606,-0.35964963,-0.41659513,-0.1472691,0.85729754,0.39236584,0.73148674,-0.23890045,-1.7921637,-0.12499517,-0.55443156,-0.60273826,-0.92789143,-0.40598932,0.72131884,0.5602335,-1.3920388,-0.5132239,0.06497539,-0.46818316,0.79970044,0.5422631,0.34905624,-0.46445957,0.088412255,0.027413689,0.44358817,-0.68728346,0.02456574,-0.24243796,-0.4465239,-0.31438687,-0.39053586,0.4562273,0.15041079,0.6441089,-0.6761801,0.4358963,-0.6220125,-0.41973084,-0.45121744,0.17691454,-0.56165326,-0.20444706,1.1148034,0.38803887,1.2737337,1.0941945,-1.1071532,-0.7848415,-1.3221539,-0.9972046,-0.10711365,0.6016519,0.2925714,1.2821525,0.2431012,0.46554074,-0.2144315,0.46956858,-0.3136351,0.8683072,0.35881203,-1.8267635,-0.07122523,0.057136875,-0.12473304,0.31357303,-1.32233,0.1855962,0.03438322,0.6589954,-0.19070917,-0.0069688363,-0.84270316,1.1577805,0.44046408,-0.49624184,-0.12590827,-0.6221548,-0.87354237,0.41016188,0.15405996,0.7829123,-1.7290303,0.013729515,0.5605351,-0.8928863,-1.2312837,-0.8644414,-0.21439451,0.06854838,0.41914302,0.79672015,-1.5569758,-0.9049267,0.5087712,-0.3683488,0.47350544,-0.22612824,-1.4026297,-0.6857942,-0.67985785,0.0047789114,1.6161848,-0.35583273,-0.34462804,-0.6583521,1.6796036,-0.079769954,-0.6580107,-0.07704355,0.2456014,0.7200236,0.05832504,-0.36343008,-0.29296777,-0.17760704,0.93766373,0.326512,0.56745875,0.9711832,0.16571823,1.851094,0.9664291,-0.65963167,-0.10621198,0.7127876,0.358576,0.025160728,-0.47089964,0.5997676,-0.8459563,0.67677677,0.8605981,0.19645683,0.47055608,0.2545668,0.4713021,0.20371948,-0.46497545,-0.113546886,-0.2374455,0.27557036,-0.38006926,-0.60291356,1.3428978,0.188568,-0.23601767,-1.0741444,0.4919114,0.12061299,0.35848093,0.5194406,0.61192983,-1.4639167,0.13746373,0.75261456,-1.404475,1.2073644,1.8910358,-1.4548705,0.6184239,0.10377539,0.25474986,0.051432673,0.19670272,-0.46978074,0.4133213,0.7709543,0.69511724,0.06258934,-1.6092792
-0.48537517,-0.07272562,-1.2299993,0.16914228,0.25797945,0.65253276,0.6188964,0.03300448,-0.2473529,1.1649766,0.065195106,0.3375247,0.115608804,-0.8652902,-0.41753697,-0.7506135,-0.95131797,-2.0827708,-0.16021724,-0.15977737,0.1301199,-0.07527316,0.97677714,-0.25294676,0.24547641,-0.6678992,-0.7295223,-0.007905719,0.52943856,0.6112222,0.23446925,-0.77947,0.49654442,0.050245125,0.7330413,-0.02909939,-0.4801334,1.8796884,0.4129297,-0.4881183,-0.565641,-0.4978599,0.18876916,0.4260541,0.3910183,0.08261046,0.34467846,0.8021034,0.16944058,1.1763068,-0.29589584,0.3435378,-0.9261875,-0.51539254,0.12644528,-0.24871574,-0.1379838,0.5881652,1.5431861,-1.3115788,-0.22152464,0.13292135,-0.20149685,-0.4204103,-1.0611161,-0.018401055,-0.32617977,-1.0759041,0.31834775,0.25577593,-0.44913995,0.02002015,-0.21875073,-0.8630884,-1.6383632,-1.1200602,-1.4925786,-0.14372396,0.5193651,-0.43463665,0.12739873,0.7303683,-0.3109382,-0.22827618,0.7191314,0.055361036,0.51500887,-0.26139668,-1.2196159,0.12302558,0.88998604,0.15635918,0.42169192,0.49670583,1.0463246,-0.11536922,0.5374465,-0.835991,0.7179237,-0.72487175,-0.35807973,-0.041726876,-0.9404533,0.17037082,0.051940925,-0.29438117,0.5662518,-0.4975533,0.3476058,-0.27820697,-0.10430482,0.8569958,-0.00040018046,1.3195583,0.2302102,-0.59634715,-0.3682541,1.5251877,0.7430011,1.0312833,-0.4564452,-0.76396525,-0.71463823,-0.63345927,0.78046733,0.6827086,-0.96022,-1.378609,0.39352265,-0.0017141498,0.12661378,0.27969462,-0.82893646,0.14734796,0.03455334,-0.39143544,-0.6098558,-0.05249295,0.07645202,-0.45046684,-0.6821114,-0.56210536,-0.4063887,0.71917415,0.98576164,-0.830419,-0.0690292,-0.2522573,0.019920222,0.4393315,0.90508664,-0.365439,-0.31097895,0.4772431,-0.6294071,0.11022312,-0.75066245,0.72664094,0.37767005,-1.1331418,-1.3159168,-1.0195334,0.9141926,-0.35875103,-1.2967863,0.3766109,1.1998751,0.53856486,1.1933882,0.83361053,1.1382302,0.22395267,-0.12973057,-1.9916245,0.7703441,0.8918632,0.077644706,-0.64812565,-1.9036434,-0.18519299,-1.0377394,0.69989324,0.6172615,-0.47414532,-0.7937417,0.16960596,0.99054605,-0.3610225,-0.33068925,-0.09847702,-0.5891319,-0.3691416,-2.23219,0.36911258,0.6480721,-0.24528296,-0.012877515,-0.5753212,0.5478531,0.08749366,-0.1874914,-0.37471232,1.2006446,-0.0021055792,-0.20067315,0.8361056,-0.7059819,0.17476605,0.6280145,0.6811032,-0.29762036,0.027778285,0.41908932,-0.46975052,0.025253758,-0.5035598,-0.93392396,-1.0626224,0.63868505,1.0190415,0.008123119,0.8636295,0.0532321,0.61026454,-0.31476042,1.6241827,-0.44523102,0.9407027,0.35839692,-1.0308498,0.7701111,-1.3019216,0.1425814,0.035272226,0.77162933,0.28543484,-1.2356586,-0.08340271,-0.157816,1.1264057,-0.68842405,0.97170675,-0.9420187,-0.64890593,-1.1728839,-0.56254995,-0.99853474,0.6919262,-0.8037854,0.6742272,-0.33232906,-0.82140124,-1.0896792,1.138305,-0.7277002,-0.43515736,0.52827716,1.6586242,-0.06593463,0.6382632
0.31578085,0.08810941,-0.034119714,-0.075083345,-1.0640332,-0.35534495,-0.075844705,0.48279047,-0.55037826,-0.073210396,0.44209665,-0.15007505,0.039230764,0.18260069,0.21074566,-0.55849874,-0.8732365,0.39041203,-0.98269576,0.27028263,0.033750452,-0.21652174,-0.633184,-0.41565654,0.22107142,0.53373605,0.55925274,0.7077271,-0.43845972,0.5194556,-0.012683411,-0.32647783,0.9951498,-0.6610367,0.29660153,-0.033552542,0.060496565,0.42464536,0.33210352,-0.86505616,0.48285168,-0.25245824,0.1149805,-0.12919724,-0.16915865,0.60962224,-0.32453158,0.29423416,-0.46154186,-0.85625565,0.085714854,0.16076598,0.60471344,-0.18033893,-0.26878974,-0.099077865,-0.5358975,0.36481372,0.1876473,-0.11207521,-1.3993821,-0.1288684,-0.023068931,-0.9253263,0.9117488,0.14067541,-0.7886033,0.24728197,1.0029141,0.09500844,0.037574533,-0.29616982,-0.033324488,-0.8838091,0.13496874,-0.14426064,0.28923973,-0.44719705,-0.013768432,-0.06514173,-0.71236974,1.0472693,0.66024494,-1.0042638,-0.27859604,0.49712545,0.051222075,0.065132454,0.742485,0.044950552,0.9827627,0.5499536,-0.17213528,0.32438394,0.13071527,-1.1547445,-0.8539149,0.44916502,0.0492477,-0.36932188,-0.7817448,-1.243186,-0.3605627,0.11565269,0.8466023,-1.6160625,-0.0770345,-0.30439547,0.18054776,-0.024678804,0.42949656,-0.46059355,-0.6266169,0.2809097,-1.041704,-0.6075861,-0.16140029,0.4034601,-0.20702603,-1.0910416,0.059602465,-0.77973235,0.09212931,0.16922237,-0.084023714,-0.043613423,-0.04725013,0.6262881,-0.71145284,0.57867014,-0.3860196,-1.0053942,-0.35538658,0.7195109,0.09307183,0.51095253,0.5178149,-0.099068835,0.22639917,-0.46244717,-1.0282568,-0.15255618,-0.2680933,-0.19654594,0.6663023,-0.08021097,-0.74478227,0.7723579,-0.1673993,1.1801732,0.759497,-0.50827867,-1.1225535,1.3300622,-0.06693603,0.07283043,-0.25991938,-0.18987252,0.40405145,-0.39138308,-0.09479332,0.29280505,0.04957973,0.92291015,1.3278967,0.34409726,-0.11717171,0.66657925,-0.5640007,-0.08788991,-0.5403471,0.04014744,-1.5950576,0.45480648,-0.31957674,0.08744834,0.9761927,0.05236481,0.10891446,0.5800843,0.643642,0.58253473,1.6024222,0.4442881,0.511244,-0.11051148,-0.1756619,0.6936138,-0.24249797,-0.8924634,0.09835418,-1.8874651,-0.63631594,-0.7525393,0.06770748,-0.100768425,-0.3462428,-0.55149305,0.14730984,-0.43795323,0.18628643,0.35417148,-0.363993,-0.7892571,0.48676744,0.68864965,-0.0020119718,0.30548602,-0.3795702,-0.35545614,-0.043866962,-0.37904185,0.110470414,0.49686483,1.1346254,-0.36736906,0.17563641,0.44231713,0.89629525,0.038744114,-0.28865293,-0.26408252,1.2449033,-0.40864623,-0.79834014,-0.12880877,-0.9516173,-1.1518047,-0.7904319,-0.9358924,-1.3235449,-1.7144612,0.052732546,0.20095818,-0.9216053,-1.1699713,-0.67129105,-0.8348051,-1.1328062,0.28462625,-0.020609364,0.98729163,0.7694723,-0.23123136,-0.3395281,-0.22309299,-0.1650573,0.78907144,0.5330895,0.7317389,-1.0136014,0.17942001,-0.9092882,-0.5355852,-0.3541535,0.3733357,1.2250888,-1.0903479,0.2759653,-0.3802812
-0.22690274,-0.2774873,-0.036643036,-0.47030163,-0.080403246,0.10484772,0.36362067,-1.15942,1.393678,-0.14574875,1.2842597,-0.52486396,-0.41642025,-0.24322227,-0.74275213,-0.5214191,0.46004477,0.11600957,-0.25059363,-0.28446484,-0.4684313,0.8210573,-0.10620358,-0.1935925,-0.43699428,-0.4766724,-0.84126365,0.053475223,0.4199981,-0.7745393,0.500878,0.507334,0.43679714,-0.0143522825,1.4937421,0.39693534,-0.43328908,0.34860796,-0.86435425,0.55581397,-0.23231108,-0.054509204,-0.8086466,-0.73620325,0.7553308,0.39844733,-0.5638169,-0.50833786,-0.058170844,-0.13156252,0.6304302,0.631159,0.9538726,0.9184428,0.08921598,0.23189178,0.81934446,0.2699216,0.0122530665,0.39411274,0.35319653,0.07399201,-0.6190465,-1.0712384,0.1260717,-0.76084363,-0.07730754,1.1174802,-0.7471689,0.7397655,0.8827997,0.3705739,-0.33112666,-0.79301775,0.47373405,0.91451937,0.74236995,0.6863058,1.3310409,-1.0504227,0.20926878,0.26293403,-1.0481771,0.40811723,0.584065,0.632868,-0.82754993,-0.23729432,0.33737528,-0.45261142,-0.85064864,-0.24012071,-1.9091829,0.2252417,0.12260824,0.7034838,-0.33414724,-0.650075,-0.015753949,0.7107527,-1.2614952,-0.046776004,0.047086075,-0.39901567,-1.1492013,-0.37567842,-0.26696026,0.88973826,0.6121075,-1.1913822,-0.12532498,-0.84003246,-0.001996563,-0.40706342,-0.0801535,0.15200375,-0.07877654,0.87271386,1.1229619,1.1083287,-0.8558803,0.023757668,-0.20825721,-0.0012045526,-0.59052396,0.8047826,0.2198211,-0.5857014,-0.54646045,0.87163013,0.1348016,-0.254601,-0.5304688,-1.014802,1.1898867,-0.94423413,-1.5297521,-1.1197219,-0.7004086,0.5354383,-0.3119549,0.33614075,-0.18709303,0.55963767,0.64712316,-0.12422603,0.60729265,-0.77447784,-0.48049548,-0.35294396,-1.375162,-0.60329694,0.31785876,0.21678528,0.03352163,-0.84207934,-0.112811886,0.0603689,0.053818755,-0.9048426,-1.1978408,1.120013,-0.17190434,-0.65067214,-0.018952446,0.66751903,-0.66110426,-0.027224332,0.10124512,0.18953203,-0.24765381,0.44055873,0.68157417,2.3916695,-1.6695515,-0.01153916,-0.4007543,1.5781977,1.9242815,0.2311899,-0.3105763,-0.22297513,-1.1843266,0.25208014,0.97763294,-1.4683211,-0.053856317,0.059187602,-0.0313738,0.15983875,0.33479095,-0.67476064,-0.04718641,-1.1665893,-0.43080565,0.60258734,0.20081274,0.12373459,-1.3659391,-0.73795277,0.2526348,0.32253724,-1.2419459,0.8266132,-0.09994211,-0.24947053,-0.320385,-0.5915455,0.3744365,0.65620786,0.35665777,-0.5709204,-0.58354306,-0.35977387,-0.19414176,0.18099466,0.7338634,0.80934626,-0.21843557,-0.29383993,0.123975225,-0.24197108,-0.09584297,-0.6299965,0.6755519,0.12078816,-0.4648597,-0.20014468,-0.88170505,-0.21194665,0.12831262,0.7729994,0.026826425,0.92376655,-1.2665145,-0.32119048,-1.0368901,0.061512724,-0.29412806,-0.35860127,0.10892255,1.1786226,-1.0720732,0.21372184,0.36641613,0.44578296,0.2602993,-1.7701136,-0.3205722,0.062351506,-0.07885569,0.47069544,0.5014022,-0.06416527,0.8254815,0.21283229,0.78986347,0.1778311,0.16817136,-0.64546216
1.0297511,0.4964565,0.6908941,-0.07671288,-0.43478724,-1.4778934,-1.5795239,0.3327084,0.20084603,0.00441161,-0.5065144,-0.2575884,-0.7493173,0.06552723,-0.52607656,-0.29114148,-0.2032013,-0.7577831,0.90926194,0.34359336,-0.31429806,1.1271394,0.34032664,-1.2914938,-0.77487415,-0.28904736,-0.18274632,0.022891467,-0.29902074,-0.06730246,-0.13925952,0.36051932,0.023469394,-0.37722546,-0.069609,0.69952273,0.38066486,-0.45037335,0.14962968,-0.105172075,0.15576963,0.09404209,-0.87548864,-0.8528946,-1.1440387,-0.6706934,-0.29610536,-0.2753019,-0.51923984,1.0393748,-0.7840624,0.28786555,-0.16819951,0.33030194,0.049006924,-0.32540086,0.343949,-1.2340331,0.27646026,0.3228476,-0.063112944,-0.23596539,0.14308238,-0.7411851,0.04131414,0.88747466,0.6317627,0.6471662,0.9602518,0.4217106,-0.24846344,0.18297078,0.2396777,-0.7027613,-0.053731762,-0.19946395,-0.24832477,-0.2019822,-1.712099,0.2611712,-0.47854114,0.45620617,0.9887198,0.022218555,1.2055452,-0.9575372,0.347073,-0.52576315,0.63461095,0.7390586,-0.663431,0.20702395,-0.5083071,-1.0914958,0.8176265,0.18526219,0.32895112,0.43476608,1.0804331,0.52458066,0.11286514,0.027787728,0.7391543,-1.6223962,-0.7220774,-0.30254158,-0.46897665,-0.5797676,-0.3312652,-0.22008441,0.563075,-0.5700823,-0.107019246,0.5727104,0.38640884,-0.14598504,-0.05246741,-1.7106684,-0.055337023,-0.41598886,-0.56439745,-0.21781845,-0.52085406,0.50208235,-0.68097544,-0.06272192,0.6741281,1.5919536,0.28952608,-1.5212076,-0.08001021,-1.276403,0.14094438,-1.1889013,-0.039945148,0.120640844,0.7940586,-0.3576421,-0.32744542,-0.96291804,-0.033739462,-0.7366455,-0.8229038,-0.9315253,-0.33770776,-0.17130098,-0.5624011,0.73960257,-0.38161314,0.9362816,0.33364874,-0.14155515,-0.79267347,-0.31950438,0.8389243,0.05922899,0.6764856,0.44569966,0.88321453,-0.46465018,0.15993822,1.8046577,0.9870079,-0.13693158,-0.6113666,0.6006099,0.108205296,-0.028468566,0.32267264,0.8000324,-0.2463203,0.4984388,-0.011556175,-1.0741187,-1.4054987,0.60406125,-0.4215619,-0.29610932,1.4069623,-0.73317045,-0.29794583,-1.4822023,0.7363365,0.340523,0.23920645,-0.39976737,-0.662537,0.6750925,-0.2232603,0.60356873,0.04881554,-0.75794345,0.15056114,-1.4188507,0.02184137,-0.16333899,-0.09677302,0.6139514,1.7399504,0.45742133,0.8749046,-0.559361,-0.77014655,-0.65637374,0.7142812,0.58295506,-0.6297609,-0.17808972,-0.2548289,-0.32143813,-0.21919368,-1.148002,0.8202099,-0.20081961,-0.1572147,0.62491596,-0.3796997,0.9575607,0.2747841,-0.88863194,-0.16940573,1.3090496,0.03060928,-0.67780775,-0.90798825,-0.6977889,0.39361003,0.8185699,1.4565829,-0.6253998,-0.18018319,-0.023260247,1.8631374,-0.4623255,0.2556069,-0.35326856,-1.1686456,0.95892125,-0.28976625,0.12166926,0.076968186,-0.5367899,0.26060045,1.098496,-0.74672705,-0.0959311,-0.71318245,-0.07565002,0.21444662,1.0291417,-1.0126567,-0.74132013,0.17731456,0.4690922,-0.7541931,0.67001045,0.40912586,1.2195481,0.75226414,1.0201092
0.66733533,0.0127451345,0.041042093,0.81688595,-0.39110106,0.42323428,-1.1506575,-0.11641169,0.61894375,0.19694827,0.60261166,0.01769197,0.7292551,0.20408428,0.24008888,0.19841257,-0.6076743,0.37693956,0.42826027,-0.49130097,1.9418846,0.01644,-0.14794564,-0.17946257,0.91260463,0.19464962,-1.2758164,-0.10581521,-0.48656985,0.016020697,0.9451598,0.97230643,0.66943896,0.67749125,0.11328377,-0.4357244,-0.15187286,-0.7924881,0.53015995,0.07701267,-0.3541533,-1.3309903,-0.7974685,0.51049715,0.32033825,-0.109092034,0.2109393,0.40018564,-0.6506195,0.06454766,-0.6206923,1.1489129,-0.19092111,0.6197702,-0.007583397,0.22491467,-0.34005305,-0.6469518,-0.33411357,0.3162518,0.008437153,0.46600953,2.1832807,-0.043171998,-0.47010538,1.452811,1.4775666,-0.071623094,-0.044473357,-0.057659898,0.7554139,-0.051782295,0.0061249803,-0.755475,-1.0270097,-0.032460175,-0.44352123,0.69797087,1.3087206,-1.0608857,0.1633061,0.61305696,0.32078204,0.060006198,-0.76613617,0.13563703,0.47027653,-0.040904604,0.13828175,-0.2801162,0.28284535,0.4493755,-0.5794082,0.3297931,-0.20192713,0.15131219,-0.34040737,0.84797025,0.36857745,-0.53718036,0.19872186,-1.2621332,0.08789278,-0.8817504,0.08502849,-0.15234457,0.5186614,0.22242059,1.0511329,0.38558838,-0.19697519,0.5454518,-0.5445478,-0.057822485,1.0608596,1.1443952,0.5344374,0.93818724,-0.26401427,0.3657849,1.2293875,0.16126233,0.41152963,-0.24564657,-0.1959406,-0.14945808,-0.52909523,0.42612657,0.15638602,0.09533161,-0.41504273,0.40879223,0.47052124,-0.65129155,-2.1274972,-0.28829268,-0.4547053,1.1409646,-0.6772306,0.3231436,-0.71828705,0.347008,-0.41901094,0.6737708,0.8690545,-0.5169646,-0.26912934,-1.1821338,-1.147149,-0.89844435,-0.79051596,-0.36908388,-0.26422906,1.0036997,0.32049745,-0.30830076,-0.29404134,0.6870199,0.02497335,-1.3179092,-0.45050102,-1.2139406,0.20943037,-0.67536825,-0.13843347,-0.20666595,0.44964474,-0.20762661,-0.5372773,0.57830644,0.23885928,1.3519757,-0.03132574,-1.6444404,-0.81946725,1.110319,0.16820541,-0.5814755,-0.0086230775,1.6245781,-0.19269595,-0.17336188,-0.22771944,-1.4198087,-0.3579545,-0.51913214,-0.8993558,0.38206968,-0.08048819,0.5373472,0.9724868,-1.2023755,0.3807078,1.8802731,-0.056470532,-0.33599365,0.41328046,-0.5725311,0.005683266,0.17950709,0.3243541,0.033918552,0.44485676,0.12812257,-0.25675535,0.78081125,-0.2723159,-1.8051637,0.088101596,-0.49824974,-1.3670996,1.0705477,0.2236854,-0.2841144,-0.4873338,-0.8685209,0.046654735,0.26848143,-0.0045977873,-0.64353335,1.442126,0.25555637,-0.07904578,0.47068813,-1.5234103,-1.1902118,0.96829134,0.84765756,-0.7140802,-1.0423553,0.24042554,0.19040266,-1.3683214,0.46612388,-0.4589487,0.44538316,-0.96977293,-1.4527885,-0.66504806,0.32168937,-0.2960595,0.082466364,-0.21886417,-0.3525638,0.07989531,-1.2757249,-2.6486974,0.77890193,-1.8339505,-0.6447229,-0.00543004,-0.46363986,-0.6153499,0.73143864,0.02864264,-0.19797535,-0.39103195,-0.12301061,0.43198282,0.3088182
0.27440166,0.8120769,0.85382146,1.0968027,0.100523815,-1.1351323,-0.8372727,-0.1324908,0.85087645,-1.4729657,0.30001554,-0.52709764,-0.7121001,-0.14894244,0.13818981,-0.18684782,-0.17776842,-0.21843198,0.5870768,0.6849191,0.80858004,-0.56117153,-0.22609995,0.53555435,0.41009915,0.40570143,0.9591118,-0.32932448,0.051789735,-0.83125836,-0.17135382,-0.008998965,-0.5034382,0.17123938,-0.5280931,-0.019826096,0.19514182,1.0121931,-0.20049122,-0.27537525,0.5001098,0.24935097,0.123576805,0.08081369,-1.122251,0.23542832,-0.60976535,0.05371612,0.34560144,-1.642601,-0.88518965,-0.10993175,-0.7935159,-0.39984086,-0.6950766,0.831269,0.6271695,0.055376425,-0.6653637,0.22104612,-0.25844684,-0.22128226,0.6194586,-0.82193846,-0.049231406,-1.0539274,-0.26638997,-0.32616866,0.64156306,0.56166786,-0.378225,-0.07050895,0.7694361,1.5399175,0.4834333,0.5403965,0.3572436,0.9598972,1.3409067,0.22783735,0.6937459,-1.2653311,0.67678016,1.2935117,1.4208537,-0.69971323,0.43431252,0.09943839,1.1923031,-0.5400028,1.1127704,1.204099,-0.27513152,0.33433682,-1.5562817,-0.67262626,-0.57435554,0.17465034,-0.40477455,0.6751764,-1.0020658,-0.5397418,0.22021356,-0.9180409,-0.40984857,-0.3960044,-0.521826,-0.12536865,0.28312725,0.0014733318,-0.25810564,-0.19416909,-0.7150142,0.31485495,-0.59242517,-0.68125963,0.50901645,0.46872213,0.16184287,0.11714721,0.31322402,-0.3061669,-0.14345175,-0.83946806,0.30792567,0.018937806,0.25352052,-0.17413357,1.1735718,0.010723571,0.7569533,-1.0645174,-0.021570107,-0.29512694,0.25794503,0.6114166,-0.6609747,-1.3174057,-1.1997404,-0.87277097,0.84287417,1.2285211,-0.04170413,1.7567189,0.9842378,-0.46742472,0.67051834,0.63751733,0.5424599,-1.8246549,-2.2462168,0.4687175,-0.8697195,-0.27790663,-1.1269016,0.32363516,-0.76787037,0.57621235,0.60634327,-1.2752784,-0.43553078,0.28471303,-0.30627915,-0.10650907,0.052946884,0.64497787,-0.32962346,-0.13795571,-0.007826387,1.0190656,-0.119229496,0.1400962,0.26887816,-1.4030259,0.53563726,-1.3197159,-0.7079883,0.6312896,-0.007643318,0.3163924,0.22936834,-0.7419821,-0.9581677,0.653798,0.5390781,-0.5739452,-0.6465638,-0.06783249,-0.49042124,0.17262459,1.2655354,0.27349213,-1.3864928,-0.5513903,0.52751154,0.75255865,0.90640646,-0.65085465,-0.4483434,-0.30366632,0.26463813,0.44452643,0.17073627,0.48941398,0.30948144,0.1839422,0.30891845,1.3795716,-0.5689679,-0.16238718,0.7144255,0.8820633,0.55001646,1.8580567,0.44408947,-0.14817367,-1.4588068,0.43897066,-1.0009353,-0.6051592,-0.51455534,0.40783992,-0.42165548,-0.91737056,0.5583568,-0.026199413,0.81897366,-0.47388598,-0.5727393,0.7625674,0.52719915,0.7640613,-0.3821279,-0.1226801,-1.4351337,0.30516723,0.07220948,-0.85231215,0.15366168,0.5975254,0.7953925,-0.20725776,-0.4741895,-0.3839665,1.1360886,-0.06148663,0.8204946,0.25398502,-0.7646859,0.4419014,0.8638618,0.41494083,0.5116712,-0.42074215,-0.06519577,-1.9605874,0.031061787,-0.90155905,-0.15208581,-0.38134804
0.86925054,-1.1119578,-0.22324795,-0.5081788,-0.14350002,0.542507,-1.1394206,-0.49192962,-0.39607733,0.45852092,1.033311,0.86587983,-0.31343195,0.68371254,0.1285179,0.47072595,-0.41888538,0.8336683,0.78371227,0.41792873,-0.4385737,0.48208076,-0.4331374,0.26026884,-0.75014275,-0.4475935,-0.25936377,-0.29835463,0.898026,-0.3184059,-0.1380886,-0.084063746,-1.2825676,-0.41380343,0.37541458,0.6301964,0.31871724,-0.43919608,-0.588311,1.0001178,0.195674,0.2962559,-0.4649615,-1.1699755,-0.4526782,-0.27096865,1.205933,0.80118823,-0.2432272,-0.7001301,0.021893982,0.9920701,1.263316,0.27185586,-0.3652459,-0.5244895,-0.28743193,-2.3191824,-1.264113,-0.32740435,0.49850214,-0.55010074,0.79059213,-0.21006356,0.9616544,0.13477768,-0.7027373,-0.054286357,-0.25445417,-1.1382304,-0.1649615,0.4513081,0.7899316,0.35810974,1.0569675,-0.10512339,-0.13265467,-0.6320231,-0.430464,-1.1126448,-1.582282,0.61156994,0.8094452,0.4709839,-0.33571482,-0.20132853,-0.58278936,-0.8252521,0.47359666,0.13590528,0.5344875,-0.8189313,-0.2460699,0.2157603,-0.6124951,0.19398433,-0.44127718,-0.23107243,-0.19046526,-0.36393365,0.67727655,-1.2951179,0.4805239,-0.8884208,-1.803673,-0.75296855,-1.1110425,-0.7831645,-0.118214175,1.3098323,-0.12910073,0.058042035,0.3529994,-1.349995,-0.12128615,-1.2590039,-0.28490844,0.21279891,1.2156818,-0.25345567,0.17362362,0.2557358,1.0897908,0.95691955,0.92264074,0.6368892,-0.6995542,-0.31864157,0.5537503,0.2678556,0.7024845,1.2661633,-0.34441075,-0.47788486,1.2059491,0.31291616,-0.20398241,1.46348,1.8463234,-0.0041988003,-0.04041823,-0.9406167,0.28722227,-0.532451,-0.7080686,0.14422774,-0.6727109,-0.9248867,-0.050724864,-0.015535559,-0.21152054,-0.25872773,-0.5534935,-0.3263049,-0.18322869,-1.5327901,-0.21419664,0.35655883,0.14618951,-0.82564235,-0.32484984,-0.45312753,-1.3691375,-0.53740615,1.607136,0.17404632,0.14588928,0.70636374,0.81897885,0.64574504,-0.6019902,0.12527314,0.1285268,-0.07546755,-0.1507491,0.22990702,1.1803368,0.096223824,1.0186301,0.6667607,-0.8635454,-0.07973396,-0.63483685,0.15007976,0.26504377,-0.88252234,-0.24516217,0.074094415,-0.19097768,-0.35385293,1.0644885,-0.58094144,-0.0070660845,-0.85464996,1.2279242,0.34680277,1.0651629,0.36006337,1.2576199,1.469437,0.790016,-0.017712215,-0.87369776,0.13547723,0.5442341,0.2585195,0.24828175,-0.5223412,0.5057788,-0.5431268,-1.7522731,0.504474,-0.810183,0.25050196,-0.17866895,0.34295806,1.5173007,-0.04414601,0.59150285,-0.10400408,0.713617,0.8949359,0.3227125,-0.39419457,0.8493964,-0.063999586,0.0823144,-1.0972886,-0.84990954,0.5946522,0.5065735,0.4024454,-0.04957501,-0.73174113,0.18767801,0.4115911,-0.4067229,0.24133375,0.8608244,-1.1681113,-0.06366491,-0.4044795,0.14780997,-1.0957112,-1.0105035,0.04688167,-0.7843848,0.2950204,-0.32869023,-0.49448785,-0.03515393,1.5879927,1.0834018,-0.3883047,1.1865051,0.5056249,-0.8838097,0.024546286,-0.49722174,-0.28762844
0.19588582,-0.040301353,-0.08389017,0.48694757,0.05198257,0.54592234,-0.35987476,1.1991538,0.21206272,0.8648677,-0.566642,0.48770383,0.05418947,0.6956899,0.1283058,-0.16036804,1.1349108,-0.1465604,0.2702944,-0.10611271,-0.024101675,1.1706629,-0.7083148,-0.937293,0.3355991,0.0306385,0.55107886,0.8419247,0.034902606,0.009346164,-0.8110042,0.24369955,-0.46651414,0.6172119,-0.12337504,0.109831385,-0.6039484,-0.25789264,-0.11359957,1.0356678,-0.19009505,0.61793983,0.6766084,-0.44648623,-0.38645095,-0.8617226,0.49346918,-0.29802546,0.015182066,0.37230837,0.19448884,0.98805946,-0.43161255,0.30187955,-1.1338851,-1.0351839,-0.6466064,-0.45749602,0.17368686,0.39041469,-0.46567732,0.3919185,-1.2020662,0.4330496,-0.3045582,0.44028243,0.388116,-0.35154048,0.19771244,-1.9396383,0.724992,-0.34550196,-0.14360507,0.39275014,0.49619275,-1.3785385,0.37783438,1.5117989,0.6115383,-0.33456895,1.0615593,-1.0572122,-0.2944637,0.6052917,1.2737994,-0.48895732,-2.0784078,0.44079867,-1.077306,-0.8962448,-0.35242805,0.77393705,-1.9477068,0.55425817,-0.5373359,0.007952187,-0.20051476,-0.08909026,0.14034638,-1.0946759,-1.29065,-0.29996046,0.50326884,-0.6467325,0.67170686,0.15996106,0.5852786,-0.5252302,0.904707,-1.4577665,0.67717063,-0.18699856,-0.9462148,-1.4996188,0.95234543,1.4326326,0.33568844,-0.31456485,1.5570779,0.1198867,-0.11629347,0.8921978,-1.4733121,-0.92121726,0.12558809,-0.36522967,-0.22565988,-0.6659544,0.3711657,-0.69455487,1.0902131,0.44720176,-0.008214943,0.8680739,-0.6590082,0.5498779,0.5070466,1.5961566,0.8290927,-0.65623754,0.53922164,-0.33860186,-0.32037604,0.4823956,0.009611906,0.89337957,0.32605922,-1.3496554,0.251183,-1.414322,-0.6310385,0.1975042,-0.005577021,-0.51521915,0.22005118,-0.0019391791,-0.3993019,-0.039547563,0.36238822,0.123802096,-1.6539923,-0.18686485,-0.76639557,0.73172843,-0.27631545,0.18081279,-0.7091678,0.42872137,-0.14288406,-0.6883858,-0.12045169,-0.5065733,0.31781325,0.6934061,-0.18831362,1.0450995,-0.71890414,1.2757655,0.5406417,-0.3963115,-0.44467658,-1.7573673,-1.4210161,-0.7770747,0.13188256,0.6532817,-0.32170054,0.56076115,-0.5287227,-0.82551914,-0.0628222,0.5973179,-0.13192716,1.5321678,-0.6423781,-0.8112895,-0.5288192,-0.2714393,0.5758681,0.5890614,-0.98520064,0.4665207,-0.547417,-0.20196398,-0.4226091,-1.1117195,0.23071802,0.6183549,-0.80949044,0.10678741,0.61371815,-0.28162012,-0.19177367,0.8282487,1.261386,0.05609931,-0.3588518,-0.34819874,0.4949445,1.363019,-0.5290085,0.8271016,0.51123667,0.6929083,-0.44993383,-0.40372723,0.9318993,-0.15382336,-1.1297024,-1.287301,1.2524377,-1.3996408,0.0953997,0.10347783,0.33407092,-0.73361886,0.21888782,0.04426806,0.47031003,0.6060831,1.0205531,1.0946724,0.74409175,-0.11811598,-0.6713096,-0.22983804,-0.1922481,-0.07040766,0.82437986,1.4080298,0.008558983,0.094942786,0.31752306,0.54276806,0.005342564,-0.56123245,-0.23822425,0.33346376,0.400777,0.26713392
0.1820991,-0.37674338,0.18087131,-0.802855,0.06492545,-0.05702345,-0.62618434,-0.030431727,-0.063454986,0.60678446,0.27815866,1.2251366,-0.49450934,0.46358597,-0.010633817,0.47371608,-0.2756193,0.12107019,-0.49525777,-0.026053589,0.47616443,0.07315416,-0.38366112,-0.093843274,0.045784228,0.5174369,0.40416193,0.30231667,-1.3776816,-0.24763325,-0.17055845,-0.6569035,-0.0014491299,-1.0946692,-0.5434002,0.5524181,-1.4850461,0.3556244,-0.008471369,-0.06268907,-0.3301558,0.5245209,-0.3730553,-0.4589612,-0.2241557,-0.36415496,0.3187708,0.9035682,0.96830934,-0.3882207,-0.88851327,-0.8019601,-0.6788421,0.24016847,-0.003030478,1.3736826,-0.9732484,0.6807389,-0.4467211,-0.5639867,-0.44015706,1.3246527,0.07705918,-0.39527354,-1.6760756,-1.5750695,-0.7248534,-0.14820638,-1.2811844,0.39098176,-0.41971776,0.109890126,-0.341162,-0.4873854,0.20233892,0.3337336,0.23321672,-0.77055424,0.22857432,0.3920931,0.17396206,0.5575592,-0.6015446,0.22998588,-0.5489259,0.33284846,1.1119695,-0.94188863,0.8505571,0.06101662,-0.31320414,-0.9703887,-0.8523938,-1.12069,0.108560495,-0.6337619,-0.30613783,-0.1066853,-0.7309972,0.06601708,0.076825745,1.6738124,0.52480966,-0.805062,0.56165063,-0.024160063,-0.5599003,-0.059695944,-0.43086642,0.021365093,0.6164116,0.3984217,0.57680374,-0.5019351,0.039236087,-0.3089363,0.1140145,-0.33559126,-1.0943385,-0.72837365,-1.2468764,-1.0874898,-0.55408424,-0.57016855,0.88424087,-0.9559148,-0.23130961,-0.140441,-0.618486,-0.07094731,0.39343125,1.1885498,-1.0829495,0.040181972,-0.4030315,-0.85764277,1.386288,0.47944757,-0.4955915,0.375517,0.5871136,-0.98644584,0.11161188,0.011180735,0.56487197,-0.9581328,-0.75514364,0.87649703,-0.08586434,-0.43613157,0.0656887,0.1082106,-0.5892526,0.71957386,-0.4326525,-0.40166306,0.5036502,-0.16273032,-0.12545085,0.05335512,-0.85124904,1.101432,-0.19874273,0.40503547,0.06679001,0.35621917,0.4084277,-0.96882254,-0.61039275,-0.43372333,0.028631423,1.0471278,0.2731071,0.7426044,1.72263,-1.525248,0.20318322,0.6646096,-0.45926678,-0.0053104404,-1.0683656,1.8340724,1.3100282,1.3221666,0.43715382,-0.24429049,-0.5507167,0.95193243,-0.42249492,-0.19017719,0.33188176,1.2649443,0.12844442,0.4525926,-0.46614313,-0.05765841,0.5308214,-0.20433253,-1.2475396,-0.36490119,-0.1580322,0.10756066,-0.3511504,-0.70376176,-0.19138178,0.0819808,0.9088778,0.30435255,0.42466232,0.6152045,0.17806679,-0.08836332,-0.7455179,0.18783422,-0.35993484,0.76678777,0.46156716,-1.4345722,0.3912695,-0.49652585,0.41098124,-0.3214323,0.12495562,-0.10923175,0.8228979,0.5498746,-0.06763184,0.55574846,0.55630046,-0.5828086,-0.4944604,-1.2888116,-0.087761454,0.37395614,-0.6381807,-0.8833411,-0.7933525,0.7076258,0.2171768,0.46721926,-0.95786613,-0.0066114385,-0.2075403,0.43171403,0.2083823,-0.23587024,-0.20830627,-0.54193664,-0.18651596,0.7876973,-0.16576965,0.1012908,-1.4441701,0.12703182,1.2535348,-0.38196474,-0.121714994,0.7797543,-0.33027405,-0.6100874
-0.026318194,-0.04956453,-0.54610276,-0.20631608,-0.24183697,-0.45673102,0.36777046,0.52569073,-0.36012262,-0.45205456,0.69028723,1.4976408,0.875496,-0.71903,-0.70818937,0.26933047,0.40581593,0.1039773,-0.45559922,-0.26143837,-0.31379908,0.7619285,0.6483838,0.24004371,-0.94250816,-0.620517,0.7652921,0.45266274,-0.21489117,0.100687854,0.5037256,0.5697505,0.018342508,-0.54537356,-0.025929136,0.78865165,-1.7310832,-0.7631457,0.67357296,0.58560884,0.34563032,0.12529334,0.2060245,0.1914945,0.5387065,1.0480634,-0.16195221,0.14393897,-0.21717322,0.6904024,0.60152584,-0.19670095,-0.13904315,-0.17182498,0.28453773,-0.36739433,0.8305937,-1.0888116,-1.3863193,-0.5613578,-1.6128913,-0.6339547,-0.79496855,0.28267393,1.9451559,0.80552953,-0.24056672,0.57303375,0.7919613,-1.8255546,0.21570915,0.16209686,-1.6010617,-1.0185441,0.72292227,-0.90824956,0.114803605,-0.31895652,-1.5875149,-0.7039287,-1.2276243,0.6593381,-0.06705216,-0.14584173,1.7958452,-0.11089418,-0.90690655,0.21974728,0.006241163,-1.0795605,0.012518995,-0.1034927,0.38809568,1.0160022,0.32048404,0.4384009,-0.6289563,-0.96478605,0.018607916,0.39551088,-0.3357986,0.638105,0.38564798,-0.24202426,-1.0874529,0.55750257,-0.7044462,0.06275346,1.0570935,-0.74563074,-0.7592822,-0.33688542,-0.21943119,0.08910045,-0.5324205,0.18773153,-0.9082827,0.03194643,0.71491516,-0.24655434,-0.15178907,0.112237066,0.79366314,1.0779889,-0.97013795,-0.10663081,-0.5866085,-0.049408227,-0.97987574,-0.13727067,-0.04142459,0.13627069,-0.44457933,0.43404016,-0.6029039,0.5380997,0.46722293,0.17185053,-0.84116405,0.8243321,0.4300882,-0.248305,-0.006089873,-0.71133024,0.15776618,-0.37442824,0.23353419,-0.57252944,-0.29269886,-0.4323652,-0.39390132,-0.4766473,0.32652172,0.2216264,-1.6304386,-0.6734444,-0.55501086,0.2001785,-0.039574552,-0.82623714,-0.45636553,0.68546313,0.39527828,0.044991132,-0.304448,-0.9742845,1.1916618,-0.3389291,-0.31122917,0.5307364,-0.10100314,-1.6635242,-0.9201209,-0.14092454,-0.5130939,0.53469056,1.2253969,0.38034514,-0.6424538,-0.21620563,-0.58490455,0.8141671,-0.69516695,-0.31117132,-0.07410195,0.19758862,-0.20745538,-0.60153645,-0.20107463,0.53636384,-0.18192177,0.99352455,-0.70237726,-1.6279446,-0.6603406,-0.36250824,-0.14792447,-0.43088365,0.7866806,0.35186997,0.84184855,0.20109901,-0.13844293,-0.5987901,1.6449248,-0.49175093,-0.11916996,1.2089883,1.7369107,-1.1902647,-0.044684324,-1.1873171,0.46219814,0.40660006,1.028198,0.0011273295,0.21979825,0.6543081,0.5552993,-0.94684464,0.13244686,0.69520634,-0.89620864,0.0017422262,0.87793815,0.016643357,-0.78432727,-0.32667983,1.319423,0.5770829,0.4842145,0.9662698,-0.32513565,0.06863163,0.8006622,-0.7323605,0.35953665,0.028346546,-0.41378668,0.82185566,-0.002571551,0.8432467,0.21013938,-0.75421077,-0.911087,-0.09776767,0.13846864,0.9242242,0.46985164,0.7809498,-0.25401744,-0.3038749,0.11662529,-0.10398546,0.0767429,0.02239476,-1.0119146,-0.745725,0.11068793,0.42764995
1.6610732,1.0493735,0.594253,0.08499106,0.058648024,-0.81617457,-0.35802528,-0.19421235,0.09738016,-0.40991166,-0.47941586,-0.27826065,0.1034651,-0.16043058,0.81801397,0.22921629,0.99994165,-0.7378783,1.0645868,0.017965743,0.13571739,0.09643864,0.27801558,-0.44316214,-0.6114476,0.59031487,-0.3392487,-2.1231089,-0.76455444,0.3018293,0.6861282,0.10452748,0.8085088,-0.6572376,-0.14254802,-0.2076253,-1.0536953,0.4837341,-0.23685113,1.3683205,0.10179039,-0.38814571,-0.9661534,-0.29027215,0.895848,-0.011523205,-0.08926158,-1.3710834,-0.7051699,0.19266887,0.8443105,-0.35783342,-0.35344753,-0.16946921,0.24162874,0.5806986,-0.3193641,0.3559305,-0.73803866,0.8852849,-0.89079094,-0.11594523,1.4600226,0.66168875,0.013175243,0.4364597,-0.69657737,-0.11906984,-0.2307946,0.35764197,0.5156431,-0.91327906,-0.27159002,-0.34897244,0.36071774,-0.82485884,0.67820555,-0.6891992,-0.13353069,-1.3531172,-0.14888155,0.8303297,0.82641035,-0.88334244,-0.07724698,-0.78864175,-0.41597235,-0.42864206,0.043530505,0.30447638,-0.37621155,-0.68004453,-0.5326477,-0.4516027,0.08952802,-0.5267142,0.37623158,0.5200836,-0.6986278,-0.18308431,-0.870417,-0.14763525,-1.5734444,0.42784312,-0.11281268,-0.23693998,0.6471942,0.17975831,0.56469935,-0.7706546,-0.005930672,-0.82861465,-0.14183141,-0.36508176,-0.8045146,0.030112628,-0.46458173,0.030100297,0.93268645,1.0287333,0.85048306,-0.65586925,0.7068753,0.10844663,-0.3815651,-0.038764346,0.6942092,0.015163277,0.63988703,-0.24746777,-0.06859265,-0.18467055,0.24082884,0.72968537,-0.32029247,1.3697823,-0.24894035,-0.1435362,0.097502925,0.28703922,-0.06848861,0.67302036,0.18890642,1.1269681,0.47324142,-1.1369547,-0.33267766,-0.8681355,-0.4572189,-0.21296163,-0.2667208,0.19527933,-1.1161003,0.9660063,0.6506447,-0.5934084,0.25418264,0.1900364,-0.08182232,0.45160598,0.51944035,-0.21116023,0.2767126,-0.65991056,-0.7707119,0.7637536,0.96797603,-0.4382457,0.5668593,0.3311749,-0.43232957,-0.3167318,0.021271324,-1.8706008,-0.43863925,-1.3384665,-0.24073315,1.044244,-0.33773774,-0.79819924,1.0715592,-0.7663453,0.6577588,0.8517855,1.1199949,-1.3369598,-0.7510691,-0.118717805,-0.237422,1.2004281,-0.008884773,-0.99299467,-1.0909615,1.2939917,-0.99555606,1.3249038,0.03562388,-0.4081128,-1.461453,-0.86534435,-0.1150051,-0.61348766,0.36965787,-0.25999686,0.87433374,-0.78009135,1.1460532,0.06932473,0.68911695,-0.5770751,-0.6116529,0.6820346,-0.8458711,0.11596752,0.13747615,0.61789,0.13460161,0.22485575,0.30368787,0.6094424,0.44269133,-0.16426168,1.0437803,-0.0740741,-1.1943897,-0.4225351,-1.1524702,0.31875983,-0.31782413,0.36267075,1.0487424,0.5412147,0.0033727263,-0.58384585,-0.15719245,0.023247391,1.6397086,-0.44501355,0.6792691,0.85851955,-0.83976203,-0.7509887,-0.22732857,-0.74642825,1.8684107,1.0030652,-0.66750413,0.1025948,-0.49772215,-0.6981362,-0.5587378,-0.052446626,0.7871365,0.2616312,-0.3632157,0.30610347,-1.5608532,0.2006574,0.6450532,0.16951692
-0.60946286,0.13987508,-0.4909263,-1.4549147,0.5556149,1.4150856,-0.035261527,0.84591264,0.4474234,0.10164539,1.7444383,1.4349014,0.44608098,0.5517843,0.7323971,0.75300276,-0.91064245,1.049151,-0.037082233,-0.047741205,0.96010864,-0.9137963,0.33088425,-0.016184207,-1.0960726,-1.0075562,0.486289,-0.4614675,-0.7185053,0.4297892,-0.5957707,0.8949761,0.16048746,-0.681895,-1.6816157,0.15145569,-0.2948259,-1.8941505,-0.31089383,1.5461645,-0.025172634,-0.533586,-0.20167431,0.06637283,0.5779026,-1.2652872,1.0602053,0.12910865,0.36761144,-0.37267417,-0.08634782,-0.5343576,0.5656255,0.17641287,0.69207215,-0.1336188,0.37023428,0.15133609,0.6249406,-0.49545136,-0.067646444,0.8379959,0.69110835,-0.49646682,-1.1621038,-0.27475864,0.31714517,0.49153674,-0.36682245,0.33407572,-1.8658419,0.06455287,-0.03027452,-0.31734774,0.9126036,0.11626773,-0.78133774,-0.42946038,-0.8602015,-1.49,0.20743042,-0.27868474,-0.7847679,-1.3463776,-0.79856855,-0.49138966,0.0047788573,-0.6756512,0.5117926,0.583606,-0.11398036,0.11392306,-0.34836972,-1.168487,-0.9541731,-0.77811575,-0.5671326,-0.1626858,-0.08778332,0.03888097,-0.7338794,-0.22868142,-0.47360042,0.8349307,-0.49989015,-0.38208127,-0.12140719,-0.20661156,-0.84069705,0.14342542,-0.652799,-0.064411156,0.29429114,-0.944784,-0.29876882,0.4055224,-0.8339722,0.89033663,0.4749922,-0.5620274,-0.050220653,-0.17170337,-0.09158413,-0.18541136,-0.61816764,-0.13603674,-0.3749579,0.79815966,-0.56160545,0.5227083,0.80722684,0.7556749,-0.43189,-0.30412903,-0.74401504,1.314541,-0.7254833,-0.008510286,0.3968023,0.5095912,-0.58196247,-0.2420841,0.18787175,-0.9131299,0.19546074,0.45613703,0.30822954,-0.4787514,0.45061043,0.57383186,0.5062663,0.41793928,0.6694547,0.4892114,-1.3908556,0.45177415,-0.08663578,1.2392607,0.8480856,0.27596444,0.27123055,-0.32186452,-0.17451145,0.86309135,0.55406094,-0.10566858,1.2458521,0.11501809,0.64695865,-0.69399786,-0.9241527,-0.46652353,0.28169355,0.75877124,1.0157233,1.5209774,1.0660653,0.051110115,0.00032133042,0.9005408,-0.15318304,0.57618684,-0.92723006,-0.3025868,0.23265074,-1.2687995,-0.039591257,0.27959374,-0.1921465,-0.31843358,0.00042588488,1.3828387,0.62345773,1.4389333,-0.33204615,0.07106185,-0.643306,-0.5540837,-0.37697628,-0.16106118,0.06731141,-0.7494359,-0.42691153,0.879209,0.71000415,-0.21144427,0.5152092,0.055999197,0.2190467,0.08643087,0.058960203,0.5765088,0.7480417,0.24047185,-0.29230225,-1.2835164,0.10967329,-0.45743066,0.020930305,0.021918723,-0.064523496,0.45732808,0.81098044,-1.5868945,-0.8368152,-0.06692892,-1.1844208,0.120663345,0.04974706,1.0036802,-0.4939898,-0.35034674,-0.030237747,-0.8553973,-0.9790812,0.30036297,-0.09619449,-0.28620338,0.44502884,0.29249102,0.83290476,-0.4231589,-0.45779932,-0.9378157,0.22185333,0.2380376,0.5989127,-2.85039,-0.07034709,0.03137575,0.25950983,-0.7653356,0.7102075,-0.34827513,0.53262925,0.20326467,-0.33777344,-0.5673653,0.9138595,0.18644725
0.7883062,0.40211764,-0.43527725,-0.9729876,-0.42575297,-1.0848309,-0.020441143,-0.67586005,1.1866921,0.039534703,-0.086300686,-0.50543445,0.5763661,-1.0179588,0.24005188,0.3318065,-0.047022298,-0.33262607,-0.33105025,0.18682033,0.5028227,-0.54809403,-1.1190135,-0.7035769,1.2129387,1.0359303,0.36705598,0.37787715,1.3307005,0.36805648,-0.26418447,0.12991388,-0.40832612,-0.22220176,-0.65350795,0.8823315,0.3464239,-1.9047617,-0.29582188,-0.26573646,0.08742115,0.3380813,0.41577628,0.0253716,0.90760267,0.6827846,0.5654726,-0.67389745,0.06560006,0.008862704,-0.8443506,1.0269518,0.6598184,-0.57318157,0.027400125,-0.055147786,-0.4473331,-0.5415841,-0.7241141,0.42056265,-0.56245995,2.1937766,-0.25479963,1.0695698,0.42242897,-0.9580399,-0.91253793,-0.379247,0.74520606,-0.53402215,0.100649804,-0.7359953,0.30971342,-0.32891482,0.7292162,-0.89576066,1.0049137,0.61056983,0.69404566,-0.12680309,1.098401,-0.65463215,-0.5343839,1.2082833,0.534352,-0.5050528,-0.06788197,-0.032871824,0.435684,-0.53932434,0.042681575,-0.14618877,0.7999464,0.5357906,0.3151358,-0.7326231,0.25196987,-0.37608808,-1.0747685,-0.13307002,-0.805576,-0.24760872,-0.53145,-0.89612156,-0.86134744,-0.23892888,-0.04311441,1.719073,0.6748057,-1.1995586,-0.28250232,0.05671412,-0.34333226,0.30632254,0.012951201,-0.78560597,-0.18502982,-0.5514472,-0.34950897,-0.64066565,-0.8102274,-0.36553988,0.36859158,0.05746729,-0.18173867,-0.18550082,0.08208689,-0.81150264,-1.0058568,0.34791207,0.096665695,-0.111371204,-0.5157361,-0.10869896,-0.13312896,-0.91961807,-0.5885529,-0.9524378,-1.1247526,1.7240295,1.819499,0.92382306,0.8345353,-0.41725555,-0.95448613,0.35905614,0.6807805,-0.23784168,1.0675954,0.33027366,1.0089202,0.095514156,-0.59863025,-0.33105007,0.11050431,0.3527941,0.40691748,-0.13402727,-0.88589835,0.05795608,-0.36645767,-0.045232277,0.4165271,0.27481097,0.20746456,1.0929115,0.9154428,0.5555749,-0.5419001,0.19385634,0.25498194,-0.9732315,0.7601567,-0.94909906,-0.7170651,1.9309388,0.59194106,-0.23312293,-1.3472528,-0.4627809,1.3820493,-0.21601334,-0.26416698,0.5745163,0.9236819,-0.51097286,-0.8500072,-0.23954381,0.6916432,-1.1535699,0.78824615,-0.11232449,-0.084499665,0.97609323,-0.72033393,-0.11255961,-0.11123509,-0.23738633,-0.5540516,0.9591484,0.108385004,0.87734085,0.410521,0.024443474,0.27076462,0.43975312,0.7938959,-0.27470705,-0.5017114,-0.118146345,-0.28967288,0.30360398,0.7311091,0.12466751,0.02501965,-1.504221,-0.65078914,0.83064157,0.61937475,0.29422763,-0.53656226,-0.29525962,-0.64329684,1.076419,-0.31828713,-0.18520147,-0.8808475,-0.5244269,0.49321938,-1.117408,0.93241453,-0.09058373,-0.39362445,-0.77234286,0.3097271,-0.19903049,-0.7139874,-0.04275077,0.43173555,0.54316235,0.060208533,0.1913386,-0.01631727,-0.30664587,0.6047186,-0.7142726,0.46665755,-1.2815791,0.06943221,-1.3239826,-0.93370754,0.5592915,0.7571791,-0.37990734,0.03061088,0.4797419,-1.071164,0.51084954,-0.21674973,0.15505825
1.1658094,0.23433086,-0.26675707,0.26681438,-0.29743117,0.21847433,-0.22407328,-0.031408478,0.76741636,-0.060770437,0.022221386,0.10575877,-0.039272316,-0.7049999,0.30300015,-0.22338638,0.42066154,-0.0012155817,-0.5619585,-0.703726,-0.12807949,0.086448476,0.47141078,-0.7333154,0.23582786,-0.23497185,-0.41382575,-0.49285996,-0.7808592,-0.75938463,-1.2496321,-0.25818795,-0.3771944,-0.46809596,-0.7141447,-1.4472208,0.68634766,-0.2175974,0.85265595,-0.5055346,-0.49906847,-0.00073743984,0.5745869,1.0084713,-0.21749397,0.77195764,-0.30479032,-0.7032439,-0.53131855,-0.53756785,0.85331357,0.5315134,0.21805304,0.3645984,-0.35133135,-1.0834221,-1.4360298,-1.3391355,-0.5454317,-0.880957,-0.8501741,-0.10924827,0.8384004,-0.3631392,-0.28244528,0.07420834,0.59405875,0.69085056,1.2294573,0.5438098,0.8817465,-0.2944159,0.7618653,0.020329338,1.6983986,0.1830108,0.17444156,0.9677962,1.4179027,-0.5320607,-1.0518125,-0.4652055,0.40309566,0.5586544,-0.0045268172,0.017831618,0.5090288,-0.43214962,0.8220587,-1.372888,0.51558626,-0.8588402,0.06752812,-0.22968979,-0.094598696,-1.4195579,-0.52545553,-0.45465088,-1.0392947,0.03763803,-1.0165658,-0.6108376,-0.40204653,-0.7352586,-0.05363677,-0.32556608,0.15372553,0.52331054,-0.26605642,0.5250327,0.81274915,-0.23102906,-0.9376605,-0.7465031,-0.32512617,0.4811726,-0.67751455,1.0575541,0.6840052,0.9174974,-1.5364436,-0.1330624,-0.17427367,0.46885884,-0.07762584,0.10921099,-0.32445845,-0.5874311,-0.3529911,-0.5090891,-0.4610599,0.9095501,-0.101865076,-0.5772046,0.1352536,0.1909918,0.030738419,-0.21487218,-0.3425743,0.27059233,0.018865397,-0.68452704,0.108163774,0.51411027,-0.26917875,0.109209485,0.3075975,-0.5236703,0.30322254,-1.4348121,-0.22825904,0.40923253,1.5966583,0.7293148,0.4419498,0.87397176,-0.15355533,0.8282836,-0.447047,-0.19443539,-0.5119028,-0.7218979,-0.59455174,-0.18786639,1.153095,-0.8594217,-0.42269045,-0.6770164,1.4031712,0.22840433,-0.71498704,-0.9194841,1.5310531,-0.57136744,-0.944125,-1.6606438,-1.0074528,0.56463605,1.2141595,-0.11519423,0.4475031,1.070063,-1.1932578,-0.5643085,0.1076372,-1.2834424,0.37767255,-0.70733833,-0.35183325,0.12157085,-0.8056511,-0.376153,-0.13416043,-0.2006109,1.0401417,0.8928858,0.03157669,0.33030072,0.7503193,0.021954898,0.12333518,-0.22624847,0.22657938,-0.49282578,-0.27965963,0.72411174,0.66054267,-0.8560588,-0.69921666,0.6663799,-0.49000078,-0.17961453,-0.5472867,0.5890553,0.44563678,0.16821733,1.1730696,-0.02072209,-0.22957987,-0.06523849,1.0206194,-0.64465755,0.18240912,-0.1465569,0.45706445,-1.467984,-0.24716195,-0.4580431,0.23952766,-0.27628687,0.13108987,-0.18231176,-0.25891545,-0.109925486,-0.03336365,-0.48117512,0.10538917,0.7013953,0.7709461,-1.4479544,0.548111,0.1648639,-0.9039068,-0.5488493,0.033410627,0.74471486,0.099448115,-0.47905764,-0.5028412,0.82284087,0.3600439,-0.45934436,0.4748546,1.2737408,-0.47400418,0.8368135,-0.4618244,0.0936435,0.22053511,-0.5344458
0.24952991,-1.0403354,0.8907412,0.6563876,0.92769796,0.13548383,0.2922537,0.31350952,-0.6596509,0.18603362,0.30414596,-0.10956829,1.0351024,0.24006124,0.008406553,-0.24166022,0.23804383,-0.02382113,-0.3929305,-0.51129794,1.3292658,-1.894611,-0.019664085,0.56750673,0.111162014,-0.01009465,-0.237577,-0.039907824,-0.40650928,0.01642293,1.4818273,-0.3511548,0.27850792,-0.07558281,-0.5109386,-0.4748416,-0.07097468,1.4192369,1.6842626,-1.3092598,0.34571525,-0.47659922,-1.125619,0.3821503,-0.6597986,0.9908561,-0.102712534,0.024957426,0.10340763,-0.38259068,-0.50678015,0.9365719,0.28782502,0.35963628,0.57621825,1.0687805,-0.21861543,0.31862634,0.6947723,0.38243777,-0.08645108,-0.08650682,0.62914175,0.22824533,-0.62695545,-1.1519797,0.74793863,0.5032443,-0.070213884,-1.7929319,0.14709911,-0.49963844,1.0739648,0.35996214,0.7943718,0.5809835,-0.89834094,1.1446891,0.52206045,-0.77291095,0.172083,-0.41570547,0.6275173,0.95625424,-0.027260426,-0.26226503,1.3328854,0.55417776,0.76003045,0.08076711,0.20501581,-0.33903757,-0.39492822,1.0083451,-1.0134693,-0.9588129,0.6913966,1.0512013,1.0924369,-0.08727978,-0.3303206,-0.30837613,-0.3754721,1.0946711,0.34654558,1.1291068,-0.1678415,1.050655,0.072845556,-0.91072756,-1.176323,-0.9972116,0.24719301,-1.0840602,-0.5102233,0.42057467,-0.0013983188,-0.2350323,-0.1865236,-0.5625739,0.16170119,-0.13431509,0.20983978,-0.7587107,-0.5902236,0.65657085,0.19142109,0.6919869,1.5072093,-0.840837,-0.026757438,-0.6617813,-0.0747442,0.23320521,0.64100575,-0.09943647,0.40503088,-0.22795345,0.23026755,-0.9122477,-0.086714074,0.38164017,0.40708762,0.114616126,-0.37435985,0.47670558,-0.6082611,-0.13749689,0.20509215,0.14181782,0.3787188,-1.0525999,-0.2306806,0.06740868,-0.55682796,0.4868882,0.41793367,-0.61133444,-1.1540241,1.2707968,-0.33242387,-1.2916502,0.53779364,-0.12513857,-0.9995517,-0.68803185,-0.38020253,0.62136436,0.7656337,0.12529227,0.013709127,-0.3907991,-0.5892249,-1.0785025,-0.8951393,0.7791394,0.6260899,1.2480811,0.4484626,-1.0708624,1.1523811,-0.43949625,-1.0112627,0.02737629,-0.6870788,0.9603366,1.1791153,-0.10913667,0.29429573,-0.29496202,0.68267965,-0.090795115,0.44768485,0.022740338,-0.13148229,0.08372058,-0.30501324,0.5093013,-0.16389295,0.83668226,0.12813623,1.2281533,0.9320239,0.3618924,0.4622179,0.14203401,-0.32298878,1.6706502,0.27657983,0.39012322,-0.6143446,0.34570435,0.5409321,-0.4981923,-0.85278744,-0.13809985,0.4015904,0.5967543,1.8487442,0.18018678,0.63016516,0.8681438,-0.2298656,0.35384336,0.19890907,-0.2293705,-0.4725939,-1.3811235,1.1406146,-0.46454164,-0.66672033,1.2840936,-0.38395765,-0.52189803,-0.223974,0.2810903,-0.3887931,0.26100466,-0.16250528,1.000364,0.48833638,0.5275577,0.35740575,-0.9655064,0.19805935,0.41046348,-0.40409383,-0.3758799,-0.7345589,0.25969678,0.52200466,0.10335462,-0.66832274,-1.2404509,1.2942615,-0.75948817,-0.13154697,0.5331586,0.13370328,-0.6876858
0.24739559,-0.09407253,0.045827437,-0.032590017,-0.46744725,-0.41180664,-1.1545058,-0.26547983,0.7691284,0.074084744,0.92990863,-0.1259213,0.42322615,0.4472686,-0.81654835,-0.37747607,-0.2625962,0.069590546,1.1942823,0.06532536,1.0261489,-0.050004736,-0.14553446,-0.40858465,0.10015159,-0.432521,0.61241335,-0.1675256,-0.5619789,0.098658815,1.140891,-0.70405984,-0.39638785,-2.0284054,-1.2366531,-0.002311616,-0.9030032,-0.7151799,0.9217158,0.13694565,0.46578258,-0.75104237,0.29623318,-0.17899124,-0.035462905,-0.14034545,0.18146247,-0.1777166,-0.2435152,-1.0157678,0.601369,-0.16852209,0.25476578,-1.175666,0.04149854,0.46630985,0.4369858,0.04319897,-0.45366612,0.20525607,-1.6447577,-0.7523643,-0.07959727,0.7161615,-0.062633194,-0.6530567,-0.32857427,-0.32633343,-0.52092594,0.7585707,0.42199513,-0.117451444,-0.24323787,1.3003633,0.755158,0.77692693,-0.5520377,1.8069549,1.1374123,1.0167006,0.72513056,-0.5302467,-0.47820237,0.060076185,-0.557806,-0.06488662,-1.2849183,0.06445334,0.41696516,0.3515624,-0.3035901,0.54498696,-0.685085,-0.039659742,0.13371265,0.35683945,-0.86806583,-0.6831574,-1.3159438,0.30901068,-0.4237069,-1.0234975,-0.95751446,0.51135933,-0.8319382,0.2262901,-1.2883422,1.0508854,0.59047025,-0.5256479,-0.090929836,-1.946512,-0.44537094,0.16989768,-0.8132428,-0.09902153,0.023914386,0.39107713,0.30402783,-0.18488134,-0.50690186,-0.73677593,0.61402094,1.0726622,-1.0149169,1.4111836,-0.39418688,-0.11193083,1.2186309,0.29190934,1.0226324,-0.59823716,0.30270466,0.44285226,-0.576038,-0.12401799,-0.65308267,-0.8446964,-0.19876279,-0.38165438,0.05361797,-0.11644232,1.0085503,-0.68218666,-0.58245945,-0.313039,0.07432814,0.3061087,0.29450142,0.20394818,-0.38132304,0.3225933,0.37495604,0.30148527,-0.453681,-1.2473822,0.6525954,-0.7939689,-0.750793,0.3955695,-0.8362896,-1.2508994,-1.209737,0.16864522,-0.389984,-0.39682305,0.061290335,0.04385848,-0.16770594,0.96408767,0.4429568,-0.3000056,0.61161184,-0.67658836,-0.68324953,0.46468514,-0.050598733,-2.3881936,-0.23376122,-0.2618131,0.37007773,0.112793446,0.85135144,-0.71578896,-0.31180856,0.4330795,0.54629153,-0.28509098,0.4218736,0.13990398,-0.21443568,0.11146629,-1.0318942,-0.16008419,-0.5276972,0.84054023,0.6915991,0.012233135,-0.58563346,-0.19103011,-0.11860138,0.046107646,0.56767446,-0.520234,-1.2972056,0.39414158,-0.22885874,-0.96410197,-0.2962189,0.33076993,0.0283386,-0.055524305,0.32658222,-0.11772604,-0.76563656,-0.41555217,-1.0780917,0.15303032,0.11811492,0.4435501,0.41914475,0.93507886,-0.18903194,-0.20339458,0.5234613,-0.6071088,0.2857628,-0.8151697,-1.5012892,-0.44842348,0.3401044,-0.64874834,0.35420343,-0.33548412,0.21766223,-0.42771655,-0.5762751,1.2049248,-0.55179703,-0.19781962,-0.012940399,-0.14256042,1.1000972,-1.4951159,0.3959986,0.5578578,-0.8626832,-0.11608879,2.6883035,0.94530106,0.039918453,-0.8843938,0.25544158,0.6255785,0.30658484,-0.37342623,0.08530745,-0.6840692,-0.011188161,0.7416838
0.35435885,0.3712983,0.46596736,0.17886823,-0.7640235,-0.0075037573,-0.9044895,-1.6258118,-0.5944968,0.0059098075,-0.7145612,0.21040162,-1.2305777,1.2266424,0.18734941,0.7965797,-0.11143872,1.5109777,-0.51589197,0.48307276,-1.5756546,0.43255815,0.34067765,0.22270015,-0.35582945,-0.048403624,-0.9941521,0.03253945,0.5042442,-0.2510181,0.48860428,1.1778568,0.082082324,0.3828764,0.37569198,-0.7168889,0.027258424,-0.39445937,-0.35332456,0.109685116,-0.53331995,0.6210958,0.40401918,-0.19143197,-0.8640482,-0.32205904,0.038706116,-0.4788129,-1.0104891,0.96417344,-0.13246158,-1.2413386,0.12344002,-0.55980426,1.0306507,1.0232353,-0.09601255,1.4805661,1.2718929,0.74561256,-0.16662207,1.3121749,0.29935068,0.92446274,-0.118515104,-0.07363776,0.21182953,1.0648165,0.9469587,-0.9422195,-0.5283499,-0.40342426,0.5878725,0.57180893,1.9358016,-1.1248666,0.062596984,-0.74064416,0.5004099,-0.6636002,0.69855976,-1.0605808,-0.46118218,0.44939888,0.526477,-0.94794285,-0.48709235,-0.51776195,0.2074125,-0.35574564,1.3199719,-0.29635897,-0.23187126,0.7520481,0.06018431,-0.5697273,0.22920509,-1.0899829,0.85033244,0.7176808,-0.2805989,-0.42748985,0.94251627,-0.08291095,0.45917904,-0.5586404,-0.6021665,0.35847303,0.5005012,-0.09575988,0.75541264,-0.72869664,-0.25551477,0.027928079,0.62257284,-0.41955474,0.46529278,-0.50011855,1.1171354,0.21233958,0.029646188,-1.4891661,-0.960134,0.1891085,0.5863371,-0.8931662,0.89296377,1.1178373,0.606026,0.105509676,-1.440904,-0.3958099,0.11461118,0.8611968,0.41775468,1.092972,0.58486617,0.45949745,0.45828962,-0.59612733,0.89297974,-1.0381684,-1.1785812,0.32199374,0.9783783,1.0267667,0.6878289,-0.35833362,-0.2889156,-1.4299428,-1.209012,-0.8891552,-0.45321402,0.2707947,-0.8061658,-0.529185,-0.7821106,0.81896025,0.14941575,0.050378606,0.7224342,0.1934241,0.38787887,-0.41920468,0.16582792,0.7666585,-0.28926206,-1.1753447,0.40870455,0.83031356,0.22423282,-0.25419694,-1.2815441,0.37639195,0.10229185,-0.4505721,0.43602717,1.1387192,0.5669529,0.85125476,-0.6835141,-0.88552094,-1.473459,-1.1485748,-0.62479323,-0.82437694,0.10528787,-0.21853401,-0.31863052,-0.8886895,0.43848497,-0.08260603,-0.8097278,1.8075926,0.39153323,1.2585512,1.5035554,-0.42846367,-0.38792667,0.24811108,0.6256947,-0.07554511,0.17813025,0.66804665,-0.08282158,-0.05469511,0.4484113,-0.11860785,0.35332248,0.4086638,-1.5814918,-0.27619922,-0.26750612,-0.2040757,-0.09839573,-0.2569127,0.26144624,0.011770572,-1.2423619,-0.8805179,0.47677398,0.9438618,0.46887946,0.07504952,-0.4568012,0.33204225,0.67793643,-0.697965,0.6043612,-0.7316134,-1.7533921,-0.3917365,-0.71924955,-0.8961233,0.633465,0.19011767,0.7904534,0.65078807,0.22574992,-0.626959,0.61148924,-0.6378851,0.92844844,-1.0812529,-1.5283021,-0.36406755,-2.0486884,-0.7549602,-0.09829583,0.65663546,0.3245392,-0.058479685,-1.5673648,0.15980709,-0.1050652,-0.04324305,0.7070168,0.38345972,-0.2935257,-1.4565583
-1.0692067,-0.13197191,0.046763908,-0.9266915,0.80004674,-0.5017628,-0.12525657,0.08202817,-0.55579233,0.08194917,-1.0163597,-1.2711843,0.1653039,1.5755111,0.17468868,-0.22815344,-0.633431,-0.5790582,1.0610893,0.09729842,-0.35681137,-0.27840152,-0.2795287,0.21659973,-0.5862639,-1.0862076,-0.37913382,0.13520923,0.51566696,0.06255546,-0.09024092,0.38457614,0.21128684,0.0072324695,-0.19852799,0.3647005,0.7454835,1.026507,-0.17517717,0.15707274,0.67684275,-0.053729936,-0.2969444,0.8566397,-0.39868358,0.39956802,-0.92115647,0.80516094,0.7529681,-0.92629397,-1.0094094,-0.2920398,-1.5754746,0.21421418,0.1011149,-0.94003177,-0.7522783,1.0317868,1.3564723,-0.49607608,-0.4239213,0.71677876,2.3076408,0.5940447,0.24853192,-0.3499266,-1.4233167,0.58223855,0.57472616,-0.0010251175,-0.16393776,0.09239494,-0.34066784,-0.39753902,-0.2203398,0.71443105,0.3226671,1.0735952,-0.3714522,-0.6472912,-0.94461143,0.37447605,-0.60263556,0.19486812,1.112858,0.33968723,-0.53334844,0.41105527,-0.21890803,0.55432534,-0.056776173,-0.036989026,0.05491188,0.68841887,-0.74082756,-1.2096014,-0.7736696,-1.3981394,-0.6616193,-0.25387183,-0.3968457,0.52218,-0.30727786,0.91801506,-0.069206834,-0.9479483,0.80826044,-0.3529851,0.6530221,-0.33436364,0.04547002,0.14445177,-0.34303907,-0.1708236,-0.94279027,-0.67047524,-0.06394449,-0.9405641,-0.7713386,-0.3900117,-1.8605347,-1.3335141,0.072602905,-0.11804228,-0.4354387,0.64861584,0.39929816,0.9661387,0.38370612,0.45475584,-0.6893499,0.8263744,-0.13169242,2.6354597,1.1684462,-2.4278781,-0.24441597,-0.78843135,-0.2831445,0.5218615,1.5464747,1.1833924,0.48666376,1.2639161,0.5612925,0.6410655,-1.0131851,-0.4401446,-0.36916733,0.5694314,0.56005746,-0.50871706,0.30050865,0.53154206,0.086917005,-0.175622,0.2364773,-0.26365528,-0.006806273,-0.50853014,0.5893377,0.28923753,1.4556346,-1.1076226,0.045229677,0.43426153,0.27587807,-0.17875901,0.15066668,0.4548636,0.5578341,-0.94733274,-0.53613037,1.3770324,-0.37564182,-0.45228577,0.8858352,0.9555857,-0.6908038,1.0488942,0.70248675,1.4526349,0.3524724,0.42069903,0.36705574,-0.1341303,-0.5641022,0.091922276,0.78478694,0.6546695,-0.4955177,1.5151831,-1.1609534,0.93786246,-0.4550732,1.4936984,-0.72732604,-0.18130131,-0.9351109,-0.5121553,-0.22927798,-0.022481509,0.5921862,-0.8370867,-0.63246477,-0.32691237,0.53022665,-0.1412015,-0.7469933,-0.7711476,-1.2368448,0.11154108,-0.7756414,-0.24286127,0.15528163,-0.43084288,-0.88629526,-0.6550752,-0.8079606,-0.38173577,-0.41134444,0.21084864,0.18015395,-0.2055706,-1.1946597,0.98331547,-0.34066138,0.5160996,0.27802894,0.07563452,0.39161688,-0.9050055,1.9699475,-0.71626395,-0.14277029,0.66493535,-1.1748292,-0.12513247,0.7715542,-0.57321393,1.1229944,-0.44381398,-1.621539,0.7978368,1.1201571,-0.11459525,1.595442,0.3510636,1.4071616,-0.551395,0.7456008,-0.6887267,0.28728858,1.3389544,-0.7865887,2.0572352,-0.4063857,0.20123117,-0.17992127,-0.39446324
-1.1863596,0.50902086,-0.19069037,0.8303932,0.35345548,-1.571041,0.3153626,0.008368898,0.70518637,1.0997684,1.5024104,0.35350215,0.35257596,0.092250414,-0.155154,-0.35324517,-0.1335408,-0.15570138,0.4480411,0.3144267,0.13034491,0.35700342,0.3633886,-0.11650636,-0.22112834,0.2773758,-0.26599672,0.45886138,-0.29947424,0.45332977,0.3141233,-0.061079215,1.9843951,-0.4310336,-1.6877452,-0.5513199,0.6439549,0.15405528,0.43110922,-0.46236217,0.050015934,0.0650556,0.5412579,-0.12626107,0.31050226,-0.14798458,0.05494684,0.7574048,0.34274834,-1.7363902,-0.5007887,-0.47173205,-0.02136318,-0.25507095,-0.037040737,-0.54604316,0.93124783,0.006072052,-0.3398927,-0.20090762,-0.4893141,0.6283152,2.1650858,-0.6259661,0.3006979,-0.6041136,-1.1697985,-0.4817675,0.18943894,-1.0099735,0.5998493,0.641256,0.52332157,-0.58170354,0.008420596,-0.33795148,1.0555063,-0.08549183,0.88549757,-0.0012655496,-0.56731296,-0.8222781,0.6580556,0.035924856,1.795117,-1.0506496,0.084001765,-0.5218721,-0.581528,0.23729862,-0.783641,-0.21109428,-1.5991907,-0.2061012,0.043624066,-0.9224001,-1.0264344,0.16398665,-0.5629278,0.9185665,0.31149384,0.69503397,0.39696607,0.57827634,0.5381062,-0.07187398,0.4931493,0.55139077,0.7302279,0.04077676,0.45148164,0.04962407,-0.9020863,0.16210085,-0.074973844,-0.33919513,0.13144265,-0.65675175,0.7513916,-0.16239178,-0.24170616,0.9547375,0.58047706,-1.1668705,-0.92349786,0.36504325,0.26669335,0.06497954,-1.0776767,0.531711,-0.22514944,-0.32476553,-0.37504783,0.82780373,0.7433017,-0.29537246,0.26627785,0.28848612,0.31744966,0.6732247,-0.04690275,-0.8299839,-0.1034366,0.26135942,0.45380706,0.24278514,-0.69323367,-0.5693814,-0.47942096,0.67936945,-0.7531971,-0.31400573,-0.084665865,-0.9389217,-0.15790674,0.071536735,-0.020480242,0.13011773,-0.23655923,-0.47497416,-1.015977,-0.16980132,0.2327278,-0.9266756,-0.23532747,0.28566906,0.7706747,0.08523867,0.37628055,-0.7404649,-0.6367212,-0.20709713,0.014554445,1.2214075,0.9965493,1.0342649,0.45986864,0.08550448,0.13359396,0.40919223,0.9902423,-0.64763296,-0.4822582,-0.26510587,0.42110127,-1.7637807,-0.25685844,0.40845835,-1.4219522,0.27001348,0.011139476,-1.4751831,0.1411051,0.2884982,-0.18149133,0.5914838,1.1075219,-0.058612294,-1.1970252,-0.8255568,1.1292976,-0.06530828,0.86304116,0.5826727,-0.19239527,-0.07184551,0.084126584,0.3244508,-0.8124997,0.18186733,0.17370513,0.12979387,0.18345767,0.23900853,0.782894,-0.37874654,0.038751833,0.16976283,-0.4940563,-0.15706694,-0.035736594,0.9642016,0.48168573,0.29067382,-1.050337,-0.48635325,-0.38361,0.3555254,0.054900773,-0.08586615,-0.80371916,0.181814,-0.54799944,1.0942123,-0.8522791,0.11379611,0.9371296,-0.9797593,-0.4270279,-0.26068494,0.43386143,-0.7208915,-0.42332128,-0.41488054,0.053600043,0.9961221,-0.0033620321,-0.14724724,-1.2513667,1.4383963,-0.43056443,-1.4801024,-0.27864456,1.621696,-0.78037983,-0.49347773,-0.23408647,-0.42405382,-0.11354298,-0.7255623
-0.34288928,0.41916192,0.56274056,-0.2174677,-0.86862445,-0.4464606,-0.3197303,-0.40233722,0.7046709,-0.6125395,0.641417,0.085092604,-0.4820771,-0.17104174,-0.5396901,-1.0334529,0.48161465,0.559911,1.2690057,-0.2391816,0.15839258,-0.6941761,0.34681404,-1.0382453,-0.55128473,0.06121423,1.3424473,0.014343954,0.7122193,0.19723803,1.3603984,0.355465,-0.9504682,-0.82633805,1.4386271,1.1351031,-1.713098,-0.40586874,-0.29197404,-0.050074823,0.43467316,0.117458135,0.18850268,-0.7437848,-0.026706558,0.26570755,-0.29195148,0.696319,0.1749469,-0.2526237,-1.8774148,-0.20412098,0.5503028,-0.07428872,-0.7009878,-0.77484953,-0.12296346,0.016324867,-0.17358674,-0.29865536,0.6789578,0.5206725,0.009924425,-0.35802165,0.35041708,0.5231813,0.64725834,0.4544361,0.6611194,-1.3208704,1.3313305,-0.4167276,-0.5007308,-0.6434047,-0.53219754,1.1512449,1.0393251,0.067880705,0.96584606,1.0282812,1.3973638,0.24088381,0.2972422,0.16508688,0.62608665,0.16375808,-0.075067356,0.9880072,-0.29738948,-0.6243003,0.053092692,0.17460328,-0.56680274,1.6204551,0.5297211,0.8297075,1.2562045,0.28067422,-0.41076788,-0.69926524,0.39234588,-1.2897726,-0.40047175,-0.45553657,0.56131417,1.8030051,0.8293224,-0.07242128,1.1182541,-0.12231734,-0.4480597,-0.37426096,-0.24456903,0.8518102,-0.76220024,0.530147,1.2737738,0.2434372,-0.25582156,-0.06526706,-0.78389746,0.18135768,0.8544973,0.07511746,-0.935555,0.10463257,-0.210611,-0.18627965,-0.77847403,0.5296353,0.98628646,-0.81062436,-0.17778549,0.16875248,0.69747216,0.15995148,-0.084599614,-0.22936189,0.2428335,-1.121106,0.29976666,-0.59385854,-0.75589037,-0.3774835,0.09122432,-0.6203133,-0.69065,-0.17953968,0.19028279,-0.32821584,0.08578514,-1.5535529,0.45185518,0.017861754,-0.30909917,0.9670766,0.49799842,0.3799679,0.38607484,-0.21692233,0.22807398,0.9144446,-0.60253716,0.6927899,0.24372086,-0.57313204,-0.36535895,0.1495882,-0.6554206,-0.20179611,-0.52150047,-1.9967015,0.1436537,0.2270322,-0.5004377,0.75885206,-1.173289,0.39555287,-0.41340148,-0.48320675,-1.045942,1.8446925,0.53208816,2.3163736,0.45101395,0.39045888,-0.5253324,0.8253401,0.63544136,-0.38202488,0.4822415,-0.22155192,-0.03818958,-0.5603328,0.9407596,-0.04915264,-0.58386683,0.1113312,-0.5340451,-0.3730149,-0.2686075,-0.56167513,0.37737396,-0.8314939,-0.066660754,0.5799557,0.4033324,-0.098820716,-0.32603434,-0.0041291723,0.5713952,0.82973844,-0.4739424,-0.825489,-0.0774127,0.7581099,0.093914926,0.22923268,1.0725406,0.43016768,-0.1609107,0.4231355,1.0284958,0.48283866,0.24519579,1.2503668,0.4091292,-0.3588971,0.25050056,0.13260378,0.17767242,1.0894727,0.19416642,0.2058311,0.61956203,-0.008059266,0.18581018,-0.3592289,-0.65084034,-0.39909542,0.2617583,0.3421026,-1.2439423,0.7941556,-0.62176263,0.058149505,-1.8815203,1.3578204,0.27113947,0.14317593,1.5081286,-0.33993354,-0.17443143,-0.38746202,0.20272514,-0.8350068,-0.11060306,-0.34492305,0.50400853,-0.17490329
1.419764,0.4213124,0.40036282,-0.27276745,-0.8248276,-0.18970984,0.38574988,-0.50587004,-0.41307637,0.36799324,0.024138449,1.5177461,-0.10112062,0.6838714,0.38757452,-0.3834756,-0.44985336,-0.3987159,-0.35704848,0.47924957,-0.8639416,0.016009357,-0.97618705,0.51053417,0.080496825,0.100257374,0.84567034,0.6412164,1.05097,-0.14065215,0.9271843,-0.19375932,-0.124728136,-0.21296401,-0.7217552,-1.3184096,0.7522252,1.0273032,0.9378723,-0.2935807,0.7422785,0.33738598,0.33796474,-0.68907166,0.3531452,0.59653306,-0.6076183,-1.0071293,-0.46079427,-1.0980259,0.111285076,-0.5086156,-0.35177127,0.7142424,-0.59467417,0.07275748,0.21734253,0.04409876,0.08418087,-1.0169319,0.06844564,-1.1187174,-0.1790709,1.1881417,-0.87346375,0.61484045,0.73498785,-0.31731763,0.26918587,-0.4187724,-0.4597536,-0.13982718,0.40617234,-0.034045212,0.9530943,-0.6982004,-0.543788,-0.9397429,-0.52256167,0.31131402,0.35912228,-1.0056064,-0.12443549,-0.9527709,0.48205557,0.4586124,0.2844175,-1.1291014,-0.3124579,-0.2820793,0.41209346,-1.453673,-0.097692356,-0.15612696,0.35788742,-1.1192937,-0.5169036,-0.27516434,-0.8583861,-1.2014606,-0.67616206,0.003807618,-0.23293805,0.04749986,0.41115713,-0.14727391,1.0529828,-0.4937072,0.21882609,0.61481285,-0.5014743,-0.5405315,-0.9443703,0.46157727,0.22058855,1.6178555,0.080891125,-0.4329042,0.08618268,-1.5917406,-0.28761402,1.2570204,-0.086378746,1.0181636,0.31782764,-1.8648962,-1.3632619,-0.3708614,-1.988787,-1.1289907,-0.13832757,-1.0302144,0.6391334,-0.50982654,1.1701205,-0.13509446,-0.63044703,-0.1677873,1.6733446e-05,-0.12503386,-0.16420388,-0.14554608,-1.5449685,-0.16059333,-1.1313808,-0.6876609,0.4572331,0.43603903,-1.095642,-1.4784644,0.1872906,-0.38694492,0.67640233,0.76699096,-0.65304,-0.3057797,0.6302211,0.40604973,-0.6269833,-1.5133166,0.005266388,-0.62448066,0.46551666,-0.6109472,0.79195863,-0.09554801,0.42591763,-0.18015386,-0.14584662,-0.6892901,-0.056241244,-1.7189384,0.08373965,0.28949407,0.47856864,-0.25568104,0.5348331,-0.40157408,1.2466178,-0.5108448,-1.5628898,-0.7140992,-0.347417,-0.337271,-1.0048593,-0.20597291,-0.22045068,0.38312736,-0.77177185,0.7159546,0.34002712,1.2315542,0.5375325,0.4622223,0.78653073,0.38261083,0.073903024,-0.9561098,0.025771223,1.1145355,-0.3679168,-0.07928118,-0.23624931,-0.5356442,-0.5638463,-0.32921642,-1.2466625,-0.46315017,-1.1502472,-0.59925634,0.7498187,-0.15038213,0.9171439,0.39090514,0.39056152,-0.45001832,0.3180834,0.18829516,-0.66927314,0.0456914,-0.19442753,-0.6629141,-0.7441351,0.7049784,-0.51188827,-0.6624267,0.19557403,-0.13204189,0.64820373,0.33838722,-0.88825595,1.6044407,-0.6236339,0.9528115,0.3342638,0.30567503,0.9226705,-0.084329925,-0.08573981,0.1310775,0.68377477,0.26485458,0.12392472,-0.44647416,0.5566701,0.54947746,-0.19563846,-0.6249302,0.07865516,0.91778046,1.4034944,-0.28807774,1.0332419,0.8146497,0.14730039,-0.36438555,-0.8922729,-0.6887757,-0.2326761,0.06492008
0.024995893,-0.425129,0.45041516,-0.3397707,0.6395275,1.010492,-0.34288794,0.016993983,-1.3180125,-0.51644003,0.5100172,0.58806133,-0.19330193,1.2547559,-0.28445137,0.25044703,0.0455166,0.80501527,-0.00272906,-0.42295423,-1.1023786,-0.01565973,-1.0720577,-0.64133763,-0.2439954,-0.51897186,0.38399312,0.47905627,-1.2058105,-0.21452636,0.28440687,-0.09967382,-0.09575261,-0.36688787,0.78108674,0.46284804,-0.8487264,0.52040935,0.3797275,-1.2872114,0.22570407,0.42786646,-0.10074118,-0.9583043,0.2626387,0.2726995,0.65322345,0.64796156,0.60180694,1.0284503,0.7498013,1.0292501,0.69818354,-0.76998395,0.5307054,0.055233017,-1.0279891,0.8192652,1.1290817,-1.2211754,-1.1426678,-0.26220348,-1.1727499,0.47771713,-1.0604202,-2.2373157,1.2021165,0.7206021,0.5605338,-0.24423875,-0.26510528,-0.6454287,1.0601676,1.2311766,0.3977665,0.6117151,-0.07616098,0.51532,-0.26801512,0.6671816,-1.0657728,0.33125716,0.23062792,-0.1341609,-0.81497705,0.69806534,0.7949134,0.43030095,-0.12201325,-0.50652075,0.085656404,-0.18538882,-0.7244889,-1.3782473,-0.35726824,-0.016994396,-0.90092915,-1.8918284,-0.8861506,0.24451038,0.42783353,0.8343337,0.55851966,-0.58477056,0.10503536,-0.9909637,-0.8554592,0.75694907,0.05605754,-0.11631568,-0.10213676,-0.32122356,-0.103314646,-0.40399462,-0.8867807,-0.40637124,-0.6926228,-0.17273276,-0.3535398,0.3733947,-0.65459603,-1.151646,-0.35306075,0.74604595,-0.4379276,0.6643759,-0.6869274,1.0817224,0.30174577,-0.058290396,1.043434,0.504626,-0.7046639,-0.2234342,0.23340978,0.90899706,-0.11964364,0.18642521,0.10156171,1.1178668,0.25964633,0.9115983,0.7784803,0.055562004,0.35081464,1.4904006,0.720621,0.057176862,-0.47362104,0.2575963,-0.75990784,0.2058931,-0.3004752,-0.34074616,0.4237575,0.49581555,0.23422708,-0.3689755,-0.6567577,0.5648205,0.07896901,-0.06277702,-0.7940821,-0.12070259,-0.5071724,-0.2339767,-0.59295076,-0.12505446,-0.28395328,-0.8078826,-0.5439896,-0.40311033,-1.0070593,0.85738105,0.67378753,0.82265633,0.29180062,0.5309376,0.079260476,-0.42020464,0.16488159,-1.476636,-1.5564018,-0.5113128,-1.119552,0.0441698,-1.2926637,0.61665356,-0.3616636,-0.8338774,-0.11146619,-1.3692489,0.46807325,-0.7321446,0.6346069,-0.3356076,0.8915094,1.0957444,-1.0881866,-0.5513513,-0.053286515,-0.40986493,0.29221776,0.17787696,-0.5521381,0.17056717,-0.38536602,-0.0023661347,0.578092,-0.9160804,0.00889798,0.6668372,-0.20963262,-0.533619,-0.8216628,-0.34114206,-1.0692948,0.3049358,0.46888822,0.90769994,-0.55589604,-0.08591286,0.077075504,0.66746163,-0.022842407,0.044252977,-0.033813484,0.46743575,-0.097205445,-0.19380984,0.84328765,-0.31841105,-0.54004186,-2.3454156,-0.34716046,0.13433556,-0.46883708,-0.15394336,0.44337088,0.38337573,-0.8607389,0.3831536,-1.6089934,-0.901394,1.451555,0.27634048,0.84594244,-0.48568118,-0.25377476,0.18862087,0.5424444,-1.0048918,-0.52009934,0.4125163,0.039884556,1.3658093,-1.2142031,-0.062137846,0.40021178,-0.5547387
1.651248,0.7510335,0.007954818,-0.59409827,-0.15368679,-0.9276782,-0.539665,0.29231277,0.46519196,0.15066956,1.060003,-1.0106077,-0.47971964,0.3524943,0.85083795,-0.6079346,-0.7969056,0.40560016,-0.5728353,0.22890367,-1.0144181,-0.4742351,0.35553157,0.113934286,-0.38793647,-0.58555365,0.6503467,-0.67936707,1.2615844,0.43467566,-1.1720645,-0.8780537,0.16072372,-0.15716802,-0.24193944,0.8424758,-0.5749743,0.62105185,-0.15045972,0.69958633,0.12780236,0.30212995,-0.16802779,0.3554406,-0.3613598,-1.810476,0.20259987,-0.03826843,0.1308539,0.10644872,0.7032542,0.35959217,0.74801683,0.8116808,0.36147767,-1.4593587,0.12600166,-0.28671747,-0.18223217,-1.11777,-0.12801832,0.82844794,-0.8734485,0.39897275,1.8981338,-0.19060014,-0.11773173,0.4028569,0.4890201,1.1982756,0.11167605,-0.00030681049,-0.6288106,0.20210268,0.5998405,-0.42585766,-1.0899659,0.1015182,0.58303624,0.66926694,0.12687862,-0.79451936,-0.8271423,-0.27276927,-0.2722211,-0.56736135,0.31318066,-0.6228168,-0.426,-0.015815452,-0.29342234,1.0153166,0.42683354,0.41415668,0.3120752,0.48889172,1.4041842,1.0372636,1.9210228,0.44734025,0.7387198,-1.8511121,-0.9904747,0.6005912,0.46044606,0.5791228,0.07545172,-0.32851022,0.18429802,-0.16905646,0.2283595,0.17172581,0.51593614,-0.43128848,-0.117478535,0.14099048,-0.65254986,0.5569748,1.2449267,-0.03852198,1.0864305,-0.509736,1.0889399,-0.21632685,-0.2466882,-0.424845,-0.15156482,-0.32483006,1.3143511,0.36977908,0.3085459,-0.15162879,0.38968745,-0.9946068,1.1350746,1.2140538,1.4001851,0.91413414,0.78716433,-0.42846945,-0.5455062,-0.015283664,-0.59381664,-1.0604545,0.30945387,-0.5693955,1.2801163,-0.7761417,0.18643619,-1.0093311,-1.4409426,-0.9299157,1.127116,0.22024655,1.3183286,0.0021380284,-0.42604136,1.0790162,-1.0542744,-0.43228734,-0.6623558,-0.054050773,-0.34905922,-0.41474977,0.7309666,-0.64736867,0.533469,-0.28829375,0.2696223,-0.37729967,0.083159626,0.4092654,-0.005502444,1.2112641,-0.46634895,-0.15488213,0.83536595,-0.01749599,0.37663296,-0.65626836,1.729723,-0.53975433,0.016595177,-0.568327,-0.068127565,-0.018623704,0.08715558,0.532807,-0.6056192,-0.49785867,0.9915034,0.035368893,0.56555474,0.07736524,-2.0273597,1.0922052,0.41270363,-0.25009403,1.6151547,1.1428338,-0.03716313,1.0852079,0.9326682,-1.001681,0.18262127,-0.028219555,0.8581285,0.7011577,0.057298128,0.55650383,-1.4914494,-0.5374517,-1.8158863,0.9626731,0.8849952,-1.042617,0.32863215,0.576055,0.059706952,1.0427709,-0.8164262,0.19849367,0.22776133,-1.0497487,-0.43703014,-0.8397975,0.30330402,1.4097935,-0.6807075,0.33779043,0.519463,1.4577682,1.6954919,1.9119849,-0.049463104,0.3478964,-0.2589479,0.7354393,-0.22577603,0.04806346,0.29411015,0.7518925,-1.0090526,-0.50854135,0.043082595,-0.70087,-0.28771952,1.463325,0.29908702,-1.4221411,-0.4027395,-0.8594672,0.3610391,0.10660473,-1.2615435,-0.27654505,0.6901357,-0.3380177,0.64607775,-0.3964282
-0.129462,0.9404021,-0.15439141,0.96244127,0.40519843,-0.6130283,-0.5182435,-0.50982755,0.1401588,-0.8811804,1.1893889,1.9046144,-0.55266136,-0.119166635,0.20961908,-0.64321154,-1.1814852,-0.28234112,-0.065399796,0.058803663,-0.0017414457,0.38036847,-0.50065845,-0.50339425,1.3108633,-0.31162846,-0.9728614,-0.7563085,0.1407486,0.43716365,0.1782243,0.49019402,-0.014176835,-0.40830076,-0.5733303,-0.22900227,0.28152964,1.5624899,0.054640815,1.1338917,0.14020646,-0.23882064,-0.20922363,-0.29486287,0.059093267,-0.24597217,0.24636368,-0.69049805,-0.005416739,-1.0212129,0.47623867,0.35833433,-0.33889163,0.5003839,-0.33468807,0.51240355,-0.06062236,-1.7809839,-1.278111,-0.21832205,-0.0538628,-0.7156548,0.6372921,-0.9887662,-0.69546586,0.7671924,0.52109224,-0.35680574,0.1785259,0.9794088,0.43003443,-0.37423986,-0.17270605,-0.37527323,-1.0131341,-0.20383357,0.60314417,0.8626219,0.8322653,-0.96149176,0.48848096,-0.33726868,0.80911946,2.4929893,0.82569045,-0.060454056,-0.83188474,0.98330957,-0.2899113,0.13467304,0.78076655,-0.2587785,-0.4084476,-0.09836069,-1.0374246,-0.37064216,0.04932998,-0.6523002,-0.21766052,-0.1860581,-0.47765487,-0.74039674,0.3525135,0.06393748,-0.24369852,1.0083361,1.2019556,0.4144426,1.6607577,-1.0139562,0.4057871,-0.2999646,0.8224313,-0.23701037,0.3102806,0.49593687,0.27025056,1.1203166,1.6270945,-1.2069492,-0.8076508,-0.4374302,-0.753408,-0.24015011,-0.4016395,-0.058851164,-1.6570684,0.23946796,-0.8185589,0.7223966,0.8826287,0.15396395,0.22237027,0.03538385,-0.5719837,-0.95677817,-0.2339631,-1.0781494,-0.57695055,-0.39591318,-1.078467,0.30658087,-1.0099216,0.30992183,0.12763716,-0.024896549,0.47093216,-0.41221008,-1.0695345,-0.8321838,-0.40467545,-0.17223082,-0.54649824,0.010396202,-0.017743332,-0.046034962,0.077914245,-0.04225531,1.5565096,0.38768005,0.20708323,1.2489916,0.5948128,-0.47502878,-0.69406974,-0.4629704,0.09310958,-0.13069807,-0.19102089,-0.6590572,-0.016287165,0.4979031,0.74943197,-0.41335195,-0.17218922,0.66698956,-0.14678578,0.6160505,0.052748676,-0.67093027,-0.43078992,-0.63899434,0.27539793,3.6437778,0.9512581,0.16632435,0.1859806,-0.40349898,-0.01786348,0.37426805,0.042599272,0.2617625,0.5488025,-0.20972972,0.08132249,-0.1875199,0.23215233,0.34820747,-0.8397409,-0.64218134,-0.38679585,0.6527306,-0.6515601,-0.35316113,-0.35731187,-0.8375914,-0.55864567,-0.6292405,-1.1054862,-0.0057879523,-0.05647416,-0.55351573,-0.98829645,-0.37203312,0.30225268,-0.29151803,-0.061845835,0.04769413,0.8218082,0.2230308,0.64400816,-0.33799544,-0.30801803,0.5268059,0.8586314,-0.23006205,0.37240145,-0.051574893,-0.44856745,0.45335066,-0.07709319,0.0844046,0.9780608,0.12372634,-0.6059605,-0.1028693,0.44876194,-0.39021018,0.44356036,0.6213335,-0.074129306,0.5077084,-1.1739243,-0.6293751,0.45058528,-0.3053736,-0.5973259,0.25825965,-1.2799392,-0.77431047,-1.0030338,-0.98288244,-0.09546293,0.77476966,-0.79008645,0.5584674,0.25842088,0.035101987,0.37361357,0.25565597
0.11380359,0.10196895,-0.90650827,0.40384978,-0.6557496,-0.7793997,-0.47869912,-0.9872984,0.2333709,-0.64520794,1.479473,-0.91652614,0.036609184,0.58027756,0.19311869,1.6517566,0.56500316,0.65010893,0.5819367,0.26683316,0.47530383,-0.76138425,-0.6987254,0.43315795,-0.15585749,-0.7284103,0.070838116,0.43929935,-0.19720216,-0.19504157,0.45427027,-0.10183413,0.121078216,0.55494136,-0.56813735,0.6984321,-0.7351526,-1.8941617,0.15470444,-0.2706431,-0.42416608,0.2834754,0.23607351,-0.7933119,0.91383356,0.3707439,0.28902107,-0.49690506,-0.3606417,-0.3585985,-0.048512217,-0.1581966,-0.083240144,0.21215849,0.43807003,0.4235856,0.34862512,-0.62373686,0.18308465,-0.050694413,-0.220038,-0.41075915,0.89762616,-0.9874864,-0.5918289,0.5394047,0.5308153,-0.05825074,-0.04341774,-0.43158987,0.9566928,-0.9599634,0.8594521,0.13668035,0.48238295,1.0615212,1.4446223,-0.11676759,-0.23200633,0.49517375,0.046675466,0.3911811,-1.5190612,0.08664798,-0.2783903,-1.0988013,0.13792802,-0.2776758,0.52442276,-1.398606,0.034301728,-0.5839737,-0.8092305,0.34945765,-1.0587064,-0.71720773,-0.07765243,-0.55505043,0.6493298,-0.92305535,-0.38813746,-0.05561012,0.29452935,0.75547373,0.038743135,0.16030578,-0.16206902,-0.14282624,0.37875426,-0.3908701,0.8696735,-0.44026828,0.66134727,-0.041114993,0.33859545,0.46728194,0.76057076,0.04626419,-0.6222826,0.75653356,-0.106138974,-1.0053453,-0.08623992,0.1158528,-0.94904053,0.3141545,0.37934393,0.06749564,-0.2484562,0.06493427,1.5018902,-0.7610784,-0.5480694,-0.2876721,-0.054696776,0.1532404,-0.9564811,-0.34737015,0.16183591,0.038981162,1.5153128,1.2561814,-0.8094967,0.8219362,1.7142267,-0.18598989,-1.897049,0.60051286,-0.05940978,-0.0947601,1.0881801,0.65921265,-0.12204009,-0.27292183,-1.1967357,-0.2779975,-1.4413476,-0.3975662,0.48874098,-0.046724785,-0.8823739,0.43002462,1.1894423,0.114895016,-0.9044592,0.48915112,-0.15802047,-0.40280256,-0.39995092,0.11779506,-0.11582457,-0.00013553587,-0.46472135,-0.3816452,0.89902836,-1.0281072,-0.30015314,-0.475918,0.23994534,0.22850883,0.6395441,0.18210542,-1.034899,-0.24070923,0.017601416,-0.7913061,-1.1921959,1.0346353,0.65315413,-0.2586752,0.21295474,-0.7440748,0.43031588,0.21652207,-1.7177875,-0.73612595,-0.16777654,-0.62574315,-0.32117566,1.0629323,-0.0154062575,-0.29410896,0.09161242,-0.89708865,0.05909589,0.08334943,-0.8530212,0.22839284,0.12752603,-0.14056167,0.50362617,0.5297853,-0.2389281,0.14691776,-0.06008176,-0.6283031,1.2171085,0.81349415,-0.109833084,-0.9209049,-0.82771796,0.54793406,0.89338815,-0.9093058,0.34816438,0.03852763,-0.68778783,0.027617997,-0.010419315,-0.077645555,-0.7596832,-0.12428526,0.98888177,-1.4313418,0.6545124,-0.08656037,-1.447581,0.34531993,-0.65831167,0.74730116,-0.1996618,1.1623327,-0.5580454,-0.9288797,0.71695524,-1.1710083,0.21815127,-0.2219571,-1.6906977,0.029220572,0.37948766,0.0050989385,0.577173,-0.35267514,0.5202171,-0.62877667,0.61565447,0.10757,0.54451984,-0.29333034
0.58775383,0.47357953,0.36977524,0.79847986,-0.3911341,-0.11296864,-0.20509821,-0.7644074,-0.0040285443,-0.54695904,-0.20483291,-0.9107773,0.32593015,-0.097916774,-0.943438,-0.3437944,-0.336297,-0.3174647,-0.025393793,-0.5376199,-0.078714155,0.876251,-0.20225625,0.053432524,0.04965547,0.858779,-0.47410324,-0.47043422,-0.7603564,0.20873976,0.52045006,-0.011240844,-0.5912561,-1.0898465,-1.8088076,-0.36973757,-0.19469698,-1.3091431,-0.10764421,0.082801186,-1.4109794,-0.09410701,-0.21248493,0.631556,0.08672398,0.52797467,1.3594191,-0.69923496,-0.37386608,0.5688497,0.6828739,0.98290825,-0.3378801,-0.7288787,0.9544254,-0.84012973,-0.280919,0.36370546,0.04805945,-0.60102093,-0.24023008,0.07934645,0.34534037,1.070504,-0.14294511,-0.032577276,0.825352,0.005671832,1.0319607,1.1256499,0.6038892,-0.18994628,0.65548116,-0.30377045,0.49824122,-0.6512101,-0.37111956,-0.15932094,-0.4609057,0.104943775,-0.57011354,-0.04705074,0.6280985,0.14090757,0.0146745825,0.21637018,-0.51972204,0.097976565,-0.14859255,0.1103966,0.6164916,0.5109733,0.119566426,-0.8967172,-0.6303322,-0.96328574,-0.16051853,-0.48713905,-1.0728337,-1.4099994,-0.4274798,-0.56930816,-0.80619603,0.83201003,0.6178971,-0.45959607,0.36163515,-0.24239247,-0.44473743,0.20919357,-0.21682437,-0.5195353,-1.421601,0.22675683,-0.6658844,0.13979407,-1.1176314,-1.2748122,-0.4350416,-0.091216125,-0.64267445,-1.2182151,-0.4003558,0.142745,0.40361637,-0.89043164,-1.2414625,-0.19477077,-1.0056804,0.62961215,-0.85115206,-0.79684645,0.35421112,0.46765223,0.86255556,1.0794352,0.5624467,-0.019384071,0.444778,-0.32409564,-0.22265022,0.86307025,0.38237917,0.74607235,0.0037254181,0.05884984,0.76649046,-0.21625817,-0.6653161,0.32170102,-1.1330092,-0.78090566,0.072295986,-0.31179404,0.33991843,0.5110678,-0.2664228,-1.0317568,0.05546356,-0.92943937,-0.021888219,-1.3273025,-0.47290143,0.93740684,-0.7136272,0.31156048,0.11315787,-0.6010187,0.59992677,1.1230154,0.40604874,0.2305135,-1.3146698,-0.43720096,-0.4782953,-0.388537,-0.2835737,0.97538126,0.37907264,0.35476074,0.61054313,-0.23938134,-0.61051136,-0.39041832,0.086766414,-0.5983449,-1.1045396,0.110465154,-0.7732441,0.39850706,-0.20138285,-0.12570825,-1.0259823,-1.038021,-0.039214592,-0.41801178,-0.027960757,-0.17041808,0.767776,0.19307345,0.6394084,0.46404612,0.25804213,-0.4569986,-0.6824851,-0.33833525,-0.00090296805,0.19506969,0.3761285,0.10096444,-0.25573948,0.12934597,-0.04399844,-0.50286305,0.36299247,-0.61782986,1.0003284,-0.45176867,0.74894834,0.57717454,0.0548179,0.34537652,-0.6193315,0.2970541,-0.1573806,0.42496872,1.0576451,-0.0014573504,-0.87872297,-0.721543,0.2082196,1.5016111,0.36366764,-0.44365844,-1.0621482,0.026868455,-0.14008678,0.2677205,0.3934227,-0.743106,0.2275745,-1.1562514,0.6106101,0.58168435,0.746131,-1.34442,-1.4148308,0.29550046,-0.824777,-1.4930276,-0.22972417,-1.1652678,0.91728336,-0.22192682,0.083964154,-0.112493336,0.81305975,1.1343137,-0.18785794,-2.0045593
-0.35057095,-0.6261797,-0.69642013,-1.2077056,-0.016603142,0.14493148,-1.4176649,0.03467542,0.28528666,-0.37975702,0.5140862,1.1694225,0.33303902,-0.24820471,-0.32391673,0.19913462,-0.5924844,-0.5726694,-1.2265832,-0.7856553,-0.3844792,-0.12701747,-0.075705595,0.83377546,1.2392484,0.4216239,0.37781107,-0.39085153,0.25100765,-0.48153093,-0.26247558,0.36597705,-0.12930168,-0.28549775,-0.29476815,0.6857486,0.16558002,-0.5518016,0.7767639,0.2244741,-0.6317506,0.19102702,0.3704806,-0.5154407,0.4002332,-0.6614229,-0.6093919,-0.46127173,-0.60679865,-0.6634184,-0.50043344,1.1223407,0.17684661,-0.23166947,-0.4298932,-0.29010248,-0.5063837,0.3023417,-0.3951253,-1.0851372,0.13028213,0.87369615,0.6455605,0.5896577,0.007795573,-0.29991984,0.070875965,-0.015053388,0.05631846,0.79669076,0.0016508456,0.029771347,0.8832384,-0.56929404,1.0270271,1.5905963,0.5193171,0.5379732,1.5318958,0.20484494,-0.43283826,-0.6364717,-0.75194526,1.0919464,0.2906197,-1.46025,-0.2891975,0.37710977,-0.6842416,0.55908024,0.69638056,-0.6342788,-0.12827937,-0.2926545,-0.7879619,0.2954727,0.8788202,0.12508535,-0.33060944,0.4542245,0.6505418,1.1831828,0.09021138,-0.42928615,-0.1696099,-0.34824607,0.43176335,0.81506246,0.13667023,0.3285363,1.032345,0.8004318,-0.7648404,-0.2969658,-0.23489895,0.5958846,0.9870479,1.1614301,1.6179281,-0.13069506,-1.3065069,0.43122464,-1.480968,1.1195476,0.08856696,-0.22901449,0.6489084,0.20105316,-0.2907696,-0.012717735,0.28843966,0.1349962,0.70591104,-0.33967662,-0.5238866,-0.8456862,-0.5647522,1.3190004,-0.39123255,0.91286784,-0.2158302,-0.5637152,-0.43458244,-0.16238627,0.216139,-0.86536926,-1.4186786,-0.3742796,-1.0934294,-0.7982386,-0.83594006,0.3635228,0.14546598,0.52782655,0.13045923,-0.5708542,-0.4762746,-0.107386805,0.30415523,-0.8111516,0.5500152,1.1773832,1.011794,-0.022828994,-0.78984505,-0.6621352,1.2430159,0.7612892,-0.22836949,-0.23726797,-0.44488764,0.5302998,-1.3460268,1.2744102,-0.38424018,-0.34028542,0.30290386,0.084090486,-1.0688409,-0.27589607,0.07552174,0.22958957,1.1418171,0.6190126,1.2485005,0.22717601,-0.48432538,0.43895468,-0.09435806,-0.49070212,1.1836281,-0.120442264,-0.017263468,0.08041767,-1.3222077,1.0114247,-0.51391095,0.08629321,0.17277348,-0.08705831,0.35740855,-0.26244044,0.4468469,-0.46799403,0.031179624,0.26644993,0.20232123,0.23222175,-0.70934474,0.3281762,-0.2807713,0.5087527,-0.23621246,-0.37482572,0.61237776,1.2416793,-0.012288959,-0.4333834,-0.7050361,-0.28799754,-0.056923028,0.2647588,0.6219657,0.29087368,0.47014174,-0.27678034,0.29302374,0.41351715,0.91060936,0.031878967,0.10961748,1.3998314,-0.32620987,0.2954424,-0.39322266,0.2703065,-0.92394215,0.7328719,-0.35641706,0.6490266,-0.3676125,0.35207462,0.24241348,-0.905466,0.9144805,-1.0756538,-0.61080027,-1.5321891,0.46502632,-0.04143033,0.33953473,-0.36071274,-0.99141914,-0.97422826,-0.20846125,0.34500468,1.131903,0.7459651,0.045412283,0.4461992
1.1440016,1.12297,-0.5316769,0.11833552,0.16037908,0.04521493,-0.6775691,0.1541368,0.48550004,1.0095794,-0.6037462,-0.24097492,-0.84055835,1.3733495,0.22883476,0.20638235,-0.28958705,1.121149,0.30324367,0.32051542,-0.4041695,-0.20585759,-0.46940368,0.60955155,-0.6658058,-0.27299798,0.3525904,-0.14543715,-0.386351,-0.27209416,-1.0120416,0.5144979,0.9080212,0.16965389,-0.9454508,0.031731006,-0.7905839,-0.2514435,-0.12273082,-0.13643949,0.22706303,0.53285277,-0.6230506,0.0015812892,-0.11301393,0.26610762,1.19211,-0.048940156,0.12091395,0.3780945,-0.4655721,0.11464048,0.3549115,0.054628544,-0.5361892,-0.40740398,0.41704917,-0.2781396,0.16335702,-0.119814605,-0.014726281,1.7623032,0.107179366,0.07328221,-0.4609719,-0.023501504,-1.4657636,-0.6385379,0.08501376,-0.99058485,-0.6063686,0.72146064,-0.19075799,-0.32116166,-0.820118,-0.053785786,-0.5989352,0.70859903,0.5796886,-0.16727348,-0.88300705,0.3338015,0.7243174,-0.4547886,0.695357,-0.38519123,-0.54635066,-0.7145893,-0.28918347,0.025063174,0.34185174,1.3169166,0.1261006,0.18688971,1.101111,0.3311964,-0.049240317,-0.6460028,-0.027862938,-1.2484223,-0.7438,-0.15331873,0.21968122,-0.3949181,0.36577255,1.2018527,-0.01916675,0.62048316,0.23246396,0.04901439,-0.63347226,-0.3546378,0.6380321,0.116280064,-0.50803226,0.33308125,0.83579564,0.4791722,0.9226366,-0.5523809,0.21091615,-0.4410861,0.16585456,0.40857503,1.1298518,-0.6159015,-0.9495615,0.5576097,-0.87353194,-1.1329668,1.0356394,0.614635,0.69553417,-1.3935498,-0.23464073,-0.6518686,-0.05234576,-0.29134244,-0.04341676,0.7494536,-0.18899168,-0.20361373,1.1645474,0.28614232,-0.29739672,0.03507529,-0.39692834,0.5892547,-0.51732814,-0.88840216,0.1591159,-0.42831233,0.03870009,0.88179713,-1.4835956,-0.85621846,-0.94388217,0.5357144,1.0620207,-0.581005,-0.20542715,-0.21798545,-0.34426007,-0.60718656,-0.73532933,-0.77833766,0.16425234,-0.7490992,0.35826948,0.3818687,-0.59373444,-1.8693873,-0.42501956,0.80593073,0.8194689,-0.36323157,0.5037648,0.9274635,0.08112734,-0.23525615,0.9570812,-1.5768329,-0.12649667,-1.5123603,-0.6100159,-0.22569369,-0.77054363,-0.40054855,-0.33954707,-0.02897956,0.60573786,1.1272736,0.33012393,-0.6968848,-0.37577468,1.2921036,-0.46371192,-0.32928023,-2.0438027,-0.84685105,0.15323284,-0.52074933,0.4532349,0.61400914,-0.08644614,0.17495972,-0.1889083,0.45805296,0.06612782,-0.9290519,0.59601927,0.21809864,0.3499906,-0.46369106,0.52158755,-0.615577,-0.67574143,0.05282489,0.80395824,-0.13582416,-1.5947436,-0.7899301,-0.21755515,-0.025845466,-0.8398137,0.5340851,0.9456055,-0.09533185,0.17762479,-0.6688257,-0.5477354,-0.15083519,0.09177716,1.1943326,0.070670284,-1.6287359,-0.35420078,0.3410635,-0.055910733,1.0320301,-1.1100618,0.11698516,0.1902527,1.168744,-0.6960472,0.38238257,-0.3729755,0.44938385,-0.5363503,0.38270813,0.76637185,-1.1246719,-0.5285424,-1.2933098,0.3513572,-0.5440252,0.5567881,0.79482913,0.008867997,-0.18809694
-0.7747944,-0.9033987,-0.7087007,-1.0546091,0.1876581,1.327685,-1.0537941,-0.23188077,-1.3545997,0.9874414,0.20301494,-2.4727988,-0.13330105,0.5079336,-0.52210134,0.24932866,0.2780471,1.0889167,-0.33418503,-1.2212489,0.3347603,-0.5508594,0.5591993,-0.41511595,0.81406826,-0.23446883,-0.25006276,-0.16587457,0.18828143,0.4328865,-0.5527849,-0.33777842,0.6995364,-0.11144018,0.4301243,0.8419783,-0.8189138,-0.48344114,0.19195776,0.42174852,-0.09822575,0.005027815,-0.35150167,-0.55216384,0.28189078,0.99228716,0.39603156,-0.7394677,0.29964113,-0.47747695,-0.36819643,-0.12008054,1.5086137,-0.7037364,1.2998334,-0.72847134,0.013288168,-0.3778315,0.53086036,0.21037355,0.010795266,1.0778654,0.7389348,0.15712859,0.95459306,1.3675858,-1.0814695,0.21395884,-0.3324725,0.38756487,-0.38843977,0.109742716,0.23991948,-0.11270632,-0.8358073,0.6696941,-1.3342292,0.05152989,-0.41462344,-0.31487292,-0.47990736,-0.7053308,-0.1179202,-0.017095324,-0.4589207,-0.5032444,-0.63082457,0.066326,0.9056598,0.06744672,0.39228082,0.521089,0.72220117,0.83831686,-0.4498493,0.55626434,-0.29152724,0.47893262,-0.4125473,0.18248142,-0.21234883,-0.20244062,0.59647053,0.55786985,-0.5645555,1.1907687,0.9363943,-0.9221561,0.42350408,-0.6367647,0.14839104,0.37386557,0.1920923,-0.5036679,-0.6993498,-0.68796283,-0.0024436216,0.38690412,-0.33749324,-0.80630785,-1.0335859,-0.054580603,-0.18158919,0.53979313,-0.40541703,1.006539,0.24899665,0.41404817,-0.3111364,0.9751575,0.12761961,-0.79735184,-0.27074552,-0.6229557,0.1619357,-0.19946225,-0.35472155,0.62887025,-0.028108802,0.051714484,0.6469734,-0.18002728,-0.50985557,0.31773418,0.13774928,-0.7455792,-0.27979237,0.41188243,-0.13485491,0.2648543,0.762197,-0.24738379,1.1613313,0.47191253,0.16956286,-1.0742277,-0.19068396,-0.08799469,-0.39292493,-0.58761287,0.89025813,0.9955632,1.5625454,-1.2132454,0.27172878,-0.40283096,-0.8264062,0.27970138,0.76779944,0.75350803,-0.044859834,0.12207287,0.05224942,-1.1490115,1.6453828,0.20595017,0.3612028,1.2479098,1.7662086,-1.5522854,-0.44324005,-0.9069146,0.67055523,-0.12972438,-0.93753886,-0.6589038,-0.76686454,-0.15836151,-0.57449967,0.5416517,-0.30952215,-0.46711302,0.22330682,0.39395854,-0.38900116,-0.460261,0.25491408,-0.35362402,0.4316133,0.74313074,0.61030865,-0.56609416,-0.111716196,0.7119526,0.13770355,-0.32551625,-0.40522054,-0.06829909,-0.6915608,0.4079345,-0.24768057,1.1504639,-0.28481796,0.15984328,-0.23356488,0.2431437,0.5984218,0.12463155,-0.30148086,1.0705637,0.5608891,0.6736106,0.22695228,-1.437611,0.4383195,-1.7951112,-0.65911746,-0.734718,-1.2314464,0.018673852,-0.2527006,-0.3764607,-0.3434432,-0.7637582,0.070257105,0.35874063,0.111274324,0.43486717,0.19567963,-0.12461778,0.4801573,-0.255269,0.21815847,0.29055467,-2.0651567,-0.038978644,-1.1396791,0.05995946,-0.0026900945,0.30031893,0.24479946,-1.4004475,0.12784466,0.99768525,0.1605532,-0.39895132,0.6672052,0.80740684,-0.064602256,0.069872074
0.29537338,-0.16220978,-0.40064493,-0.52723783,0.05691592,-1.2392238,-0.13619076,-0.4432294,-1.2325629,-0.21104477,1.0395951,0.6291353,0.61638325,0.14601322,-1.0364414,-0.6972205,-0.43329012,0.13423112,0.261902,-1.6087337,0.11109194,-0.071325906,0.21899223,0.7496617,-0.5740602,0.68513244,0.7178971,-0.40860277,0.20751467,-0.25750956,0.008018662,0.27912483,-0.57524514,0.422226,-0.02004168,0.31536186,-0.23119465,-0.41342744,0.380361,-0.10986911,0.8255277,-0.16949767,0.43227482,-0.72658587,-0.08592291,-0.5323694,-0.7713088,1.2787925,0.014468375,0.6454966,0.09696439,0.5737865,-0.49662104,-0.72502446,-0.8843325,0.6041893,-0.3554856,-1.1144034,-0.74058574,-0.8936012,-0.69116104,0.47622406,-0.09548908,0.42998075,-0.04959044,1.3173435,-0.80963075,0.48615324,-0.2515714,-1.952002,-0.5180447,0.62762064,-0.41387874,1.2315704,0.99359053,0.43795323,-0.97914577,1.23943,0.5784531,0.38868034,0.03098238,0.25055453,-0.59654224,0.1557434,0.5965319,-0.58919024,0.26297906,-0.7715374,-0.28415608,0.33596137,0.78554547,0.10167282,-0.05160266,-1.5788054,-0.8013074,-0.51773566,-0.27639517,-1.3242582,0.33251303,0.8630282,0.4863598,0.3334247,0.6740456,-0.3486499,-0.4250966,-0.7572657,-0.69023454,0.70351017,-0.6594863,0.1397343,-1.2233121,0.8028293,0.2350772,-0.20999292,-0.8312297,-0.2942499,0.5930795,-0.22485605,-0.3621743,0.895398,-0.21656682,0.494742,0.32871735,-0.10236602,-0.20666885,-1.2186095,-0.26654366,1.3854501,0.9122304,0.3636225,-0.30872473,0.5443989,0.41344038,0.40308136,0.8620125,-0.5577501,-0.07753631,-0.6051748,0.9189475,0.298201,-1.4716556,0.39687368,0.32745475,-0.82371294,-0.638254,0.22261508,-0.5866967,0.9309945,-0.25466767,-0.9612914,-1.4599079,-0.11209864,0.68996185,0.49657032,-0.018207723,1.091058,0.22195037,-0.15124016,-0.2904045,-0.22958587,1.1332028,0.79725367,0.6698825,-1.3824508,-1.0670387,-0.8116239,0.38975307,-0.21135984,1.3109616,0.58309644,0.22832163,-1.6272175,-0.13433835,-0.45089293,-0.42858234,-1.1057771,-0.78923327,-0.81478137,0.066848636,0.50225836,0.41263923,-0.88161176,-0.88960534,-0.006913101,-0.21400937,-0.58697295,-0.47380093,-0.38079926,0.23367679,-0.3219928,0.1418002,0.72165006,-0.77201074,2.4764676,0.20281985,0.38173732,-0.47045618,0.8830933,0.13249469,-0.49376178,-0.5722695,-0.15105668,0.19610249,-0.039501786,0.29196295,-0.429216,-0.9812358,1.2201972,0.5951787,0.13858317,-0.5114985,0.109394744,-0.06742184,1.2435184,-0.0039934106,0.5132847,-0.247412,0.13207982,-0.19197974,0.2836137,-0.3464668,-0.03688015,-0.9043613,-0.39703262,-0.45693207,0.4113276,0.27485323,0.75594515,-0.10713893,0.30194977,-0.46348107,0.99014187,-0.21118872,0.6928888,-0.14188607,-0.09405891,1.1501347,-1.1762141,0.38144663,0.13335901,-0.88426936,-0.32550526,0.6380725,1.2738544,0.19553527,0.19720446,0.042071365,-0.90543824,-0.37314305,0.1729618,-0.74506605,-0.0439204,-0.036704626,0.8750698,0.13270229,-0.93776125,0.68566006,-0.8428661,-0.7254876,-0.6441747
-0.1683286,0.30293706,0.5009759,-0.84353274,0.23536475,-0.20608257,0.32747796,-0.19648139,-0.7214251,0.26757315,0.11065775,-0.0638193,0.33675566,0.14132719,0.93333006,1.2698784,0.5872402,0.57822764,0.36664027,-0.3669945,-0.34130505,0.4244436,0.16050933,-0.09684614,0.07041639,0.7479429,0.26210555,0.3216511,0.69609934,-0.22138527,-0.9483023,0.49846426,0.50507534,-1.1674553,2.2928913,0.93060493,-0.80194044,-0.63517433,0.53034,1.2002999,0.38170093,-0.26154503,0.12942202,0.07476326,-0.5380382,1.0641425,0.20577186,0.21821178,-0.034738496,-0.15477471,0.8519882,1.3152512,0.42894688,0.14144824,0.28194818,0.14213002,0.21985492,0.09211862,0.046391524,-0.5407149,-0.06676277,-0.022775112,-0.6486892,0.0161457,-0.0627053,0.3538428,-0.23173295,0.5750069,-0.14911085,-0.9494424,0.37391233,0.25045574,0.45572853,1.1360238,1.125039,-0.2662815,0.35000783,0.2793396,0.8458312,-0.11842562,-0.4156438,0.501996,-0.6244013,0.05770991,-0.116580024,0.18432547,-0.87202364,-1.3494498,0.6577656,-1.6941583,0.3165475,-0.352137,-1.2652602,-0.70033234,-1.1097119,-0.18761382,-0.8632018,0.23170972,-0.59719706,-0.65303653,-0.47193754,0.2016796,0.3926512,-0.6657723,1.4239376,-0.13840964,-0.8083608,-0.23281705,-0.6023859,1.4774998,-0.050846674,-0.5055185,-0.019849604,-0.016346429,-0.8757941,-0.4596103,-0.52529454,0.7548999,0.25077367,-0.51880324,-1.0097644,-0.11312027,0.7524603,-0.07893312,-0.5154606,-0.93755895,-1.1445386,0.10149376,-0.23182379,0.1348589,0.8359009,-0.76628715,0.59290063,-0.19053006,0.22454745,-0.5271772,-0.7724831,0.20639789,-0.69687784,1.8806871,1.4222194,0.7835548,1.4217495,1.6306368,0.22096965,0.7056458,0.1600859,1.0584489,-1.0386246,-0.13613692,-0.94698066,1.371331,-0.42201552,-0.45141125,-0.24927926,-0.14297028,0.029214501,-0.193446,0.53588015,-0.33142847,-0.6983932,-0.84371763,-0.10022181,-0.817601,-0.18997894,0.11852396,-1.4686382,-0.38537073,0.37404832,-0.94476855,-0.61063105,0.16566843,-1.1752316,-0.40332907,-0.0372384,-0.08829425,-0.29857284,1.2793436,1.6474466,1.2719427,0.29524848,0.4452849,-1.7420155,-1.548796,-0.2855545,-0.116022,0.23033386,0.16678444,-1.0816762,-0.34389478,0.34818193,0.05090681,-1.0959923,-0.6856507,-0.54763836,0.8758799,0.031985823,-0.47514617,-0.22061864,-0.19929326,-0.8317189,0.5044723,0.9374449,-0.08729112,-0.35192633,-0.13551417,0.1635371,-0.059955917,0.068360224,0.9369538,0.7107089,-0.72127897,-1.3141086,-0.23335642,-0.512854,0.23599803,-0.84947044,0.95420164,-1.0055921,-0.8620548,-1.0000911,0.92715335,-0.5963372,-0.311121,0.33774582,0.28296092,-0.6751955,0.5499893,0.30025905,-1.1106956,0.27631447,-1.9063169,-0.2950117,0.16119154,-0.33106464,0.42560944,-1.7643263,0.24663001,-0.72477406,1.6091555,0.511605,0.260312,0.055504803,0.10378987,-0.049805958,0.48404425,0.24635893,-1.2135745,-0.8658199,0.28119633,-0.12535155,0.42659834,-0.7231886,0.19670598,1.599121,-1.2402247,1.5008861,-1.1269821,-0.16567491,-1.4481424
0.25845227,0.34582472,0.3027263,0.18508674,-0.49246496,0.021964874,0.14500353,-0.45207986,-0.61962897,0.30870965,1.1479174,0.4525215,-0.92591405,0.8070117,-0.6331831,0.06370322,0.4296345,-0.60028064,-0.29902992,-1.1089959,-0.32180262,0.8863935,-0.14274687,-0.019434009,-0.069769256,0.25398713,-0.0058900616,-0.8803777,-0.2998367,-0.7019275,0.02925887,-1.3752458,0.15608,1.5540823,-1.6431633,-0.43542156,0.77968806,0.63329256,-0.801128,-0.37699625,0.65220004,0.4639832,-0.292203,0.46746647,0.05342935,0.2799014,0.36308444,0.51694715,0.7880458,0.32491165,0.742906,0.42627805,0.2532756,0.06561546,-0.1065615,-0.06259303,0.5721841,-0.6761386,-0.6592289,0.12489972,0.46624264,-1.0017897,2.6678553,-0.10627055,-0.75138825,0.12997714,0.20607916,-0.3008768,1.0226128,0.66891634,-0.09084045,-1.6199061,0.5899389,-0.03424816,-0.8525321,-0.42027044,0.2622998,0.049046,-0.20736991,-0.7592036,-0.8625209,0.8657243,-0.57854444,0.7186437,0.49075672,-0.75489235,-1.730857,-0.050674923,0.2325853,0.17070274,0.14344668,0.108168855,-0.07237132,0.3508411,0.4283629,-0.441854,-0.46404332,-0.9600296,-0.14704068,-1.7050118,0.11456396,0.85010767,0.47565675,-0.8901566,0.4981704,-1.3248647,-0.80980015,0.58274287,-0.29318684,-0.47133866,-0.62156796,-0.5196938,-0.0968375,-0.3994937,-0.24793153,-0.28687245,-0.3454983,0.23569532,0.93280727,-1.5295606,-0.942475,0.8637351,-0.26299748,1.1015146,1.6450938,0.072270885,-1.3711874,-0.02877268,-0.65002143,-0.33846992,0.003253255,-0.45370126,-1.4890444,0.048757788,-0.63753444,0.43700048,-0.8320476,0.17189996,-0.47224763,-0.123475835,-0.09891612,0.7782722,-0.9232174,-0.62976927,-0.39261964,0.5292838,-0.7282135,-0.92963624,-1.1014239,0.144115,0.55601096,-0.3431401,-0.4994435,-0.21384272,0.2909774,-0.20009266,-0.9312702,0.121665694,1.3675375,-0.22883138,-0.33397564,0.22184272,0.6022763,0.77703834,-0.092073634,-0.64706075,-0.14399365,0.74437684,0.50219977,-0.37087592,-0.371267,0.5272857,-0.2164818,-0.8386663,-0.070501536,0.28213185,-0.96073437,-0.41847688,0.18794253,0.17614903,-0.37892762,0.9899262,0.58600074,-0.08020124,1.1777018,-1.1257359,-0.6132996,0.16115665,-0.20021631,-0.31747457,0.3675344,0.8000907,0.11193927,-0.70113695,0.106272705,-1.5232319,0.029905543,0.35099444,-0.8501431,0.37418675,0.43709755,0.1889798,-0.7696413,-0.47949386,-0.5329479,0.33678302,-0.3834548,0.33462813,0.0460238,0.25298786,-0.07776136,-0.19695032,0.4931072,0.716719,-0.87637866,0.100513555,1.4427797,1.0467469,-0.5602639,1.0307609,-1.3969452,0.5998595,0.013053504,-0.39054504,-0.80031824,-1.7344726,0.2090917,0.51104116,0.14448352,0.1971585,-0.7465352,0.8386099,-1.7938458,-0.6007848,0.521665,-0.38860354,-0.8161988,0.6305393,1.0187383,-0.18612112,0.7515294,-0.019032534,-0.59793717,1.4485955,-0.025517907,-0.15471278,-0.12896207,-1.5561274,-0.5177149,1.0849425,-0.76653636,-0.41156933,-0.5726081,0.3110752,0.28462455,-1.440077,-1.2853687,0.66203684,0.58294106,0.45088834
1.8228792,0.57090217,0.9245036,0.7811634,1.3442122,0.5204195,0.96014124,0.082420446,0.3328498,1.2274176,-0.27426806,0.3494943,-1.0840822,0.27294064,0.2769824,-0.59773934,-0.5450086,-1.0606536,-0.60073704,-0.11204106,-0.34555653,0.35457563,0.5794731,0.21962684,-0.2573642,-0.3833454,0.83533984,-0.2458704,0.53566074,0.026498366,1.0716064,-1.1154487,-0.95128226,1.6811655,-0.65163875,1.3211851,0.711749,1.052734,0.34254086,0.5551434,0.4733624,-0.49153143,-0.68413585,1.8273264,0.8146577,-1.3599219,-0.39903975,0.19947444,0.31001082,0.51108104,0.17007084,1.6670692,0.27604225,-0.13569695,0.6194045,-0.18632229,-1.0102695,1.7289962,0.75946265,-0.2626122,-0.20102416,0.45330435,0.702938,0.09933133,-0.34417892,-0.095434114,-0.7185641,-0.06967393,-0.15925425,0.58157647,0.21499676,0.11847584,-1.0489416,-0.45018402,0.33646166,0.8626253,0.2202061,-0.5019436,0.62498134,-0.048742667,-0.079196945,-0.16591294,0.40083778,-0.8356798,0.3285641,-0.006392895,-1.7269561,-0.22297105,0.26203364,-0.044102337,0.8858545,-0.1393618,0.29081252,1.3854841,2.6620347,-0.76691335,0.7902462,-0.018066743,-1.4004399,-0.10810686,-1.6166348,0.2496872,-0.462062,-1.0467874,-0.5540472,0.34228095,0.337917,-0.1508503,-0.6328783,-0.2228757,-1.5650877,1.2753448,-0.050922416,0.33854732,-0.08613177,-0.17364295,-0.010822574,-0.13772793,-1.3933583,0.7686269,1.146099,-0.77869266,-0.622465,-1.1154695,0.864456,-0.82042485,0.24344328,-0.8413982,0.40446752,-1.2021879,0.043359164,-0.24100213,-1.1647109,1.0866344,0.85518104,-0.19826308,0.08901068,0.59422773,-0.39719427,-0.5497463,0.1379531,0.1608958,-0.4428025,-0.68548554,-0.8111587,0.026000924,1.5423177,0.4016283,0.1407801,-0.1667137,-0.84662074,1.4505281,0.73154163,-1.0230566,-0.786411,0.52024204,0.3451244,0.18766916,0.16982988,0.22800204,0.54609424,-0.14516348,-0.4647268,-0.13416609,0.682939,-0.9588246,-0.0993514,-0.15268965,0.17408636,0.17851649,-0.5352426,-0.73646003,0.4349525,1.5713017,0.083831154,0.114564136,-0.08891735,1.0382088,-0.18676062,-0.65241194,0.13561526,0.48523754,-0.09146809,-0.5423729,0.7752423,0.92181814,0.25718716,0.98849195,-0.3935898,-0.113491036,1.1838558,0.02173317,-1.2373067,-0.41921166,0.4608075,1.0463164,0.13262801,0.16721259,1.2749662,0.10186714,-0.16543864,-0.05807867,-0.600807,0.0062216446,0.41805395,0.38755167,0.5373039,-0.047285974,-0.9595233,-0.40041623,0.3303446,-1.400724,-0.73804575,0.6726537,-0.31421337,1.1014731,0.78087056,0.44859177,0.090946764,1.0915955,0.5890081,-1.1781646,-0.05978288,-0.44967258,-1.7534475,-0.033240378,-0.023098443,0.054459993,-0.47511587,0.9898911,1.0422419,0.05946007,-0.24548812,0.101266734,-0.40386397,-0.8652513,0.4593552,-1.3162726,-0.34211752,0.097017474,0.40168175,-0.21432136,-0.5324077,0.12023678,0.84078676,1.385714,0.3832852,0.594726,1.8659691,-0.19980235,2.2884336,0.2977141,0.7493531,0.5287266,-0.29689685,0.5135856,0.036304917,0.24951196,0.93499273,-0.46914807
-0.9845302,-0.11070599,-0.69298315,-0.8551967,-0.21103163,-0.7118333,-1.3024832,0.68792784,-0.27091685,0.5318583,0.05339851,1.2546475,-0.5721435,0.28579926,0.23029096,0.36903673,0.2047862,0.16626492,0.0009259626,1.2747909,1.3195257,0.25688854,1.2922424,0.52029556,-1.3765609,-0.90697086,-0.28038347,-0.8304832,-0.10750304,0.26504812,-0.15007566,0.82967687,-1.2092584,0.37050864,0.4415625,0.39312068,1.3105164,1.0323483,-1.3245329,0.25540662,0.18957971,0.5993734,0.87698644,0.026472934,0.8709567,-0.7300717,-0.5873449,-0.092047304,0.50900906,-0.4807335,0.717835,0.6570866,-0.4090007,1.6578321,-0.5379932,-0.5864397,-0.16761427,0.4992922,-0.28237164,0.26987916,-0.21831983,0.14448377,-1.0154026,0.40237042,0.18175599,0.6976682,0.65653425,-1.1708668,-0.5163211,-1.3324845,0.5684988,1.0136763,1.3762405,0.05910085,-0.5068476,0.0087409895,-0.61203164,1.4213554,0.67337304,-0.030824637,1.2981435,0.34236357,-0.3385175,0.85131866,-1.7960868,0.71374995,0.7866611,0.9634094,-1.7581401,0.69960916,0.56077325,0.8112238,0.33157,0.9798824,0.69454163,-0.15654667,-0.32876897,-1.756999,-0.007923838,-0.25822368,0.33296117,0.65780497,0.7652677,0.06762567,0.30163935,0.5452827,-1.1628817,0.08666798,0.9277211,-0.4214326,0.021718306,0.49148634,0.26466307,1.2213234,0.7198393,-0.5774964,-0.8532754,0.31958336,1.3056713,0.28535703,-0.9513136,0.5289125,-0.19404879,-0.4395411,-0.587132,-0.8131306,0.3123267,-0.28690565,0.33528477,0.7710623,0.8412535,0.79788786,0.34350795,-0.64109254,-0.19454215,-0.58508545,-0.7090141,-0.039908916,-0.9128269,-0.65314764,0.04495127,0.49368834,0.3491456,0.91763246,-0.13326462,-0.61481804,-0.06247153,-0.922982,-2.2183332,-0.9358862,-0.81228024,0.9428745,-1.3797704,0.23170534,0.72863054,0.1788478,-1.1779251,0.0019914608,0.08362044,0.17794412,-0.7652662,-0.011774764,1.721314,-0.9196811,-2.0980144,-0.16607116,0.011386108,-1.1834177,0.33975488,0.5805482,-1.0547578,-0.15677577,-0.04283177,0.05154434,1.4841369,1.4323317,1.6301987,-0.9301586,-0.9605956,-0.80813885,-0.74456626,-0.3617231,-0.023907272,-0.907418,-1.3933427,-0.5095567,0.102759585,-0.5471131,0.57287645,0.5160143,-0.81357193,1.2558874,-0.43629742,0.3701021,-1.0988594,0.9122312,-0.16906726,0.6467766,1.0687299,0.21808486,0.8583039,0.85930294,0.32267088,0.65421087,-0.07622977,0.22913861,0.75499547,-0.4467308,1.1087009,-1.7072933,-1.4427738,0.3799329,0.005087081,1.214501,-0.97716564,1.1157966,0.51168495,-0.078043774,-0.5463688,-0.09814382,1.0024232,-0.18684986,-1.5721395,-0.059255417,-0.311438,-0.254737,0.74136806,-0.14359693,-0.23054215,0.7869993,-0.27810776,-0.0048076203,-0.6562459,0.5822164,-0.13683279,-1.0017822,1.0694762,0.39720422,-0.48452938,-0.32156685,0.35213777,0.18627928,-0.02443082,-0.34459117,-0.044422407,-0.044022333,0.73454106,-1.4720459,0.88612306,1.305849,-0.19823329,-0.08122145,-0.0027888757,0.14855531,0.8258248,-1.4867139,-0.39149764,0.16940975,1.032115,1.46777
0.9595166,0.2343794,0.48106095,0.32212478,-1.0302761,0.23983222,-0.16678596,0.052307464,-0.70577055,-0.21630786,0.3154977,0.29914737,0.77111024,-0.059482887,0.5916261,0.1488189,0.7543358,-0.4154451,0.36959255,-0.42001575,0.85833776,-0.023982303,0.62339824,0.562688,-0.6645222,-0.21740234,0.9895802,-0.70794237,-0.7537736,0.7356205,-0.3569522,0.44850573,0.09562603,0.2629152,0.30452725,0.09082669,-0.6942736,0.7108716,-0.7604359,-0.79838246,0.64230865,0.32480204,-0.8189055,-0.21470985,-0.00091146387,0.075087965,-0.8618652,-0.53794146,-0.46409136,-1.5870688,0.81305486,0.4579248,0.014098013,-0.4588478,0.16677183,-0.39869153,0.5913254,-0.016764287,0.055398423,-0.7264252,-0.07253996,0.66684777,-0.7818405,0.50659156,0.33935356,-1.9237283,-0.74721235,-0.84501106,0.9382903,2.0309834,-0.45573518,0.39726165,0.10199338,0.42199755,-0.06628785,-0.8294471,-0.15711892,-0.46860078,0.63178796,1.29765,1.2940108,-0.1965276,-0.58767325,0.293501,0.4930881,-1.0540338,-0.18350124,0.6595261,-0.570494,0.5620614,-0.28076133,0.65348977,-0.07297032,-2.266987,-1.1204666,-0.6810361,-0.35889056,-0.99799216,-1.0416754,0.86164445,0.20243862,1.1978087,0.4430457,-0.18046592,0.27715218,0.058418546,-0.17806599,0.59009063,-0.3831137,-0.598691,0.8276133,-0.7049348,-0.65574574,0.06340359,0.2022121,-0.27060494,-0.4987663,1.1742336,0.23779191,0.4734062,-0.73175794,1.3825828,1.089183,0.13977599,-0.67140657,-1.0822227,-0.90387607,0.62930304,-0.22600159,0.33801624,-0.24906386,-0.4568253,0.9641298,-0.5085008,-0.8828358,0.02722416,0.14827748,-0.3631916,-0.13357125,0.3742171,-0.86949635,-0.027046585,-0.7148689,-0.25827602,0.10791986,-0.040214982,0.58047426,-0.48651385,-1.0828695,-0.15417801,-0.1785661,-0.42862555,0.36026514,0.9531906,0.055590726,-0.97327995,0.7213881,-0.70553356,0.09785756,-0.18861942,0.116793446,-0.7549101,-0.272813,0.67775863,0.84545255,1.0494772,0.6807574,-1.0430938,-0.12165292,0.10389639,0.74021125,-0.15200646,-1.5630374,0.122859135,-0.21726859,-1.4041227,-0.6695247,-0.71106625,-0.27010787,-0.31849784,-0.27996382,-0.6346286,0.33072394,-0.6519137,1.2098832,-0.4777785,-0.31698665,-0.37747356,-0.8345928,0.5127492,0.41605625,-0.22572471,0.32169622,-0.49454528,-0.70526344,1.5072356,0.7149427,-0.39901325,0.39604545,1.2481562,-0.36257803,0.42208457,-0.5229135,-0.07510639,-0.5709657,0.14289106,0.4537111,0.7013843,-0.056771085,-0.30442482,-0.082786724,-0.4603396,0.2980035,-0.51713425,1.1218413,-0.20538586,0.8349346,0.7765013,-1.7831042,0.118157655,0.084587365,0.90473986,0.07931092,0.9209347,0.70961356,-0.75229245,-0.03302412,-0.24022584,0.6788305,-0.5714054,-0.36765268,-1.0695122,0.44561628,-0.2981746,0.27127448,0.9328475,-0.85821474,-0.21519476,0.7840603,-0.39899868,0.2663222,0.80877876,-0.6127597,-0.051113006,0.85836977,-1.2855768,-0.56113774,-0.19183116,-1.412542,0.39485377,-0.4220725,0.09491453,0.31684017,0.5495203,-0.46280688,-0.210836,0.28521612,-0.5919589,0.5656338,0.43462023
0.254698,-0.77337813,-0.5420409,0.47642654,-0.2086468,-1.6941074,0.0976304,-0.14036518,0.025797093,-0.011538727,-0.4532017,-1.0521283,-0.61970466,-1.7823983,-0.5444202,-0.63928,0.020967584,-0.691517,0.5262106,0.121683985,-1.2469273,0.54468066,-0.1815876,0.6943284,-0.0966333,0.21374775,-0.37099716,-1.1778153,0.01298029,-0.5498562,0.36813527,0.650428,-0.22317839,-0.015122277,0.96034694,-0.55689436,0.8683576,-0.5086914,0.46262494,0.38383594,0.15416373,-0.8043279,-0.09022388,0.39235562,0.18438025,-0.53254944,0.7668911,-1.33891,1.2373964,1.1000798,-0.8013023,-1.895747,-0.5340925,0.03771465,1.0199451,0.19009745,0.33353385,0.76359504,0.760255,0.10352047,-1.0715508,0.3151744,0.5571789,0.18923461,-0.85397065,0.27132392,-0.71213794,0.42125988,-0.34705305,0.6323972,-0.23108093,-0.44126767,0.60221136,-1.0992992,0.42421165,0.6171741,0.17254977,-0.9093627,0.21126403,0.07365802,-1.0087157,-0.95191646,0.0865908,-0.24597238,0.55792546,-0.5780077,-0.3360257,-0.2345129,-0.44984525,0.523894,0.92507935,0.6862384,1.0413916,0.021266688,0.6165163,0.128852,0.62066406,-1.2547141,-1.2432085,0.11615559,0.30560902,-1.4086282,0.518552,-0.791086,-0.5648114,0.1911952,-0.0563456,-0.54143184,-0.15988818,0.3689452,0.12546892,-0.43756646,0.16059859,-0.8511697,-0.5096746,-0.5623564,0.872617,0.07823999,-0.48630702,-0.10782391,0.49665362,-0.2969571,-0.27721974,0.77022904,0.97214603,-0.62067896,-0.15902513,-1.2711363,0.34138155,1.0793236,0.10382394,-0.08044156,-1.1788536,0.20460238,-0.07720245,0.53057986,0.3179055,0.12392794,-0.5268748,0.60704213,-0.11263535,-0.48693308,-1.4845794,0.43606782,-1.6247175,-0.22228843,1.0586575,0.5153244,1.3577626,-0.99631286,-0.9024388,-0.17164952,-0.40752897,0.588192,-0.31917667,-0.022454564,-0.390408,-0.68126595,0.32115537,-0.5005809,-1.0057367,0.0259447,0.979005,0.045333993,0.47687724,-0.38529304,0.21774174,0.7165282,-0.7057886,0.2531753,-0.5154642,-0.09581631,-0.50118744,-0.9723967,-0.37605485,-1.0377191,-0.05468607,0.14158525,-0.63469523,0.18334836,0.029631438,-0.3124186,-0.051478483,-1.3566055,-0.4299059,-0.033547375,-0.83470714,0.18979885,0.8637775,-0.23722091,1.1444951,0.4102723,0.4147783,0.8356533,0.32319927,0.46979693,0.23497255,0.064606644,1.0093677,1.8418632,0.8109535,-0.15984163,-0.33497724,-0.17906664,0.3066187,0.8373085,-0.14781831,-0.5890207,-0.28442597,-0.37528685,-1.3840102,-0.74747634,0.23359805,-0.5006376,-0.633213,-0.24545243,0.05803816,-0.23539335,0.10708227,0.55550164,-0.1493977,-1.346904,0.63827825,-0.82890326,0.18804891,-0.5055378,-0.1968029,-0.7810257,-0.16134843,-1.0099748,0.62398756,0.55346614,0.9443979,-0.17469876,0.7287266,-0.15021484,-0.019196754,0.25185442,0.7696505,-0.6683246,0.30563584,-0.20706391,0.7453488,0.0867108,-0.15070292,0.3493285,0.7254962,-0.90340066,1.5889859,0.06483691,0.20364076,-0.38458517,-0.25556293,0.98071104,-1.8388747,1.7234958,0.45444268,0.074404545,-0.3181245,0.915299
0.57805437,-0.9186058,-0.88822365,0.3350697,0.73541737,-0.11969974,-0.63903755,0.15804745,-0.13846855,0.84337735,0.20117582,-0.25371698,0.56760323,-0.39650398,-0.5758656,-1.5600392,-0.5823715,0.7809498,0.29770395,0.27140605,0.41387263,-0.04451906,0.20067643,0.4368285,0.03705367,0.23127809,-0.07259189,0.5638117,1.1241045,0.79611224,0.043699253,0.34123328,1.3545463,0.2430754,-0.6015489,0.06841752,0.69763327,-1.2109922,0.47743165,-0.13044348,0.6909512,-0.5729233,-0.41808742,0.45234624,0.6054258,0.17648198,-0.25319594,-0.21680067,0.028968863,-1.2810671,-0.12774846,0.68212664,-0.45042437,-0.06165675,0.5707047,-0.35784188,-1.0419084,-0.004959803,0.39037713,-0.3228983,-0.8739516,-1.3705028,0.56170833,0.43842128,0.9267859,1.081546,0.17111768,1.2024373,-0.699533,0.8563659,0.061214246,0.9687565,0.34233692,-0.35269988,-0.6228065,0.53749096,0.050377425,-0.436651,0.80168587,-0.8112616,-0.11428596,-0.30221176,0.14089623,0.17169231,0.02920619,-1.05193,-0.117187455,-0.2509276,-0.050730336,-0.022354875,-0.3536625,-0.12446611,0.48093548,-0.26240385,0.53543746,-0.28895143,0.8919247,-0.5962617,0.4298944,-0.9234438,0.051883586,-0.2922507,-1.0987874,1.0578586,-0.21868479,0.22543107,-0.6690322,-0.08700142,-0.97570604,-0.24192843,0.29634365,-0.23263922,0.49218664,-0.6599829,0.5569193,-0.25669828,0.26366273,-0.18287146,0.1405222,-0.3974152,-0.39354467,0.5911626,-0.2314025,-1.9397764,-0.6489033,-1.5429304,-1.0694009,-0.07625657,0.38105708,0.20399696,-0.6002713,-0.27355605,-0.9011148,-0.53342265,0.34851715,-0.25293005,-0.64870054,-0.9156129,-0.44004843,0.4245384,0.47447693,-0.8179259,-0.037731048,-0.05126544,-0.43000466,1.1731472,1.2587398,0.45593107,-0.1383652,0.43718603,0.38419637,-0.18542401,-0.19184655,0.21129118,-0.38822636,-0.47093272,-0.11061998,0.09045178,0.31784824,0.17972368,-0.4145793,-0.65385586,-1.0868224,0.25442538,0.91180784,0.49489003,0.64421105,1.871582,-0.22364256,0.42387396,-0.27746642,-1.3495955,-0.9103318,-0.6337757,1.250459,0.53541404,-0.09950587,0.110225976,1.4947835,-0.64651805,0.056775987,-0.7533894,0.6454762,0.7065754,-1.5383672,0.16229211,-1.3332912,-0.21104866,1.4391699,-0.7557394,0.5231153,0.44566396,-0.17340474,-0.022505637,0.22571085,1.066003,0.20636766,0.6051905,0.30915737,-0.27281693,0.82737285,0.9098087,-0.181725,-0.2602668,-0.8562524,-0.4332291,0.23544419,-0.22742192,0.23098916,0.12742637,-0.3259458,-0.29281008,0.31163144,-0.20593059,0.2218283,0.88037,-0.30021098,-0.17423455,1.0546541,-0.88887304,0.8841813,0.44580325,-0.8817025,0.16740707,-0.85346115,-0.3122184,-0.32746083,0.6375295,0.91354364,-0.19607605,-0.6511295,0.026116924,0.6285699,0.091470376,-0.4300278,-0.75600564,-0.06921629,0.91497225,-0.3176341,-0.1994547,-0.3646661,-0.4722581,-0.32873774,-0.57641196,-1.1457944,-1.4030474,1.3727357,-1.2014663,-2.1328535,0.25212282,0.51753855,1.0415807,-0.4607178,-0.1724675,0.17876016,-0.3861367,0.8079124,0.39558646,0.4080187,0.9528748
-0.3612002,-0.24771437,-1.1400677,-0.3913271,0.47804755,0.19870926,-0.94439214,-1.6255319,-0.85387886,0.8850765,1.2839763,1.9155,-0.45038912,0.6323711,0.4079178,-0.85748893,-0.4639357,0.6790208,0.33003494,0.32313862,0.057507996,-0.6316373,0.3259967,0.42845246,-0.34200224,-0.35287532,1.119001,-0.27242002,0.2561681,0.26862037,-0.26903632,0.06278754,0.6859172,0.96550786,-0.8330631,0.5661002,1.6636959,0.21925354,-0.4123739,0.19809394,-1.5248255,0.041717056,1.4753833,-1.0347992,-0.45134544,0.35457164,-0.15777732,0.5117187,0.3817407,-0.3748012,0.3016936,-1.4401724,0.40881863,-0.017956588,0.43700463,0.9125264,-0.7022272,-1.5867236,-0.10632144,-0.13343254,1.1000022,0.27690417,1.0150772,-0.24803938,1.0772169,0.19834302,0.5135122,-0.21616803,0.2903025,0.9076552,-0.83571786,-0.24725246,0.84459066,0.95414764,1.4946754,-0.4250029,-0.62831324,0.524211,0.1679156,0.55075425,-0.03648576,0.9702373,-0.11279636,1.3712701,0.9210819,0.39567667,0.39442068,-0.6667924,1.1881827,-0.47365603,-0.6384273,0.44320193,-0.6098378,0.18304627,-0.35033607,0.1528933,-0.93009114,0.02871888,0.53773534,-1.1083374,-0.72684646,-0.8611469,-0.7129102,0.59721935,-1.6887887,-0.73466885,-0.7979592,-0.13184083,-0.9270837,1.3514267,0.281294,0.3638103,-0.004920369,-0.44508237,0.9196127,-0.14260776,-1.3495456,0.15578295,-0.04856296,1.259387,-0.16934295,0.40327156,-1.7978072,-0.79092175,-0.24046923,-0.9839022,1.526031,-1.3269132,-0.64397836,-0.27700248,-0.12021087,-0.888131,-0.44717863,0.0015596511,0.83633435,0.1638084,0.006445696,-0.20219858,-0.86899143,0.993634,0.33234078,-1.0304186,-1.0484113,0.26798674,-1.8270097,-0.20857301,0.11417899,-0.8999372,0.051189214,0.20315449,0.5615098,-0.018114267,0.72382164,0.18247417,0.43750957,0.4047479,0.10910509,0.026479099,-0.39356846,-0.7275988,0.5160895,-0.30967557,1.3534249,-0.6156402,0.21948145,0.20858148,-0.26948783,0.54107964,0.8894235,0.11209036,0.026773343,-0.15024383,0.95138335,0.13300157,-0.673307,0.12767696,-0.586118,-0.4733166,-0.00238246,-0.21277554,-1.0755984,-1.097117,-1.8584329,-0.48707226,0.68742305,-2.000337,-1.2374457,1.1330774,-1.6952865,0.25038195,-0.19044828,-0.82260036,0.13486923,0.37924555,-0.47899315,-0.12503,0.7392635,0.37685758,0.61854225,0.9835637,0.77407473,-0.54324216,-0.81491405,-0.16015983,-1.3049495,-1.1404749,1.0192645,-1.1287899,-0.44196448,-0.22307132,-0.10772722,0.5726463,1.6927538,-0.2445621,-0.19099039,0.2810979,-1.016177,0.08920468,0.28831,-0.3725164,0.45094824,0.52247024,1.3703641,-1.5149157,0.1486314,1.3116361,-0.21120308,0.2209022,0.21611685,0.07172648,1.9372306,-0.7236004,0.3971853,0.11426302,-0.4753149,-0.104935974,-0.15397865,0.23326981,0.43730745,-0.023538094,0.09149701,1.4870942,-1.3225117,0.981187,0.69048554,-0.30860838,0.5556458,-0.31254485,-0.11764006,-0.7475183,0.59330255,-1.0312057,-0.7441497,-0.70844525,-0.36639664,-1.4858321,1.5889018,0.85455996,-0.07668462,0.75686425
0.511445,-0.027554585,-0.6825348,0.4956052,-0.21365874,-0.4663445,-0.42803118,-0.6254157,-0.82781124,-0.0819632,1.4057682,0.8237169,0.64145666,-0.20364177,-1.1235322,0.3009296,0.4223246,-0.5648424,-0.22938088,0.4240922,-0.4235211,-0.12941249,-0.37362,-1.3820016,0.5058235,-0.22641222,-0.42792404,-0.7542568,-0.08006593,-0.04614504,-0.10507634,0.37358624,0.1404943,-0.32811868,-1.1748222,-0.00883569,-0.24927086,0.07941686,-0.6158702,0.13172367,0.27805611,-0.76972747,0.4826726,-0.5194176,-1.2453774,-0.81294173,1.0565698,-0.78292185,0.20861611,-1.0518633,0.877539,0.6939104,-0.44123274,-0.4345547,-0.14244251,0.19767714,0.64057046,0.23374906,-0.93929124,-0.41307247,-0.20966984,-1.3337904,-0.4250953,-0.28406924,0.079436764,1.1788709,0.4472881,-0.23739702,0.89831924,-0.5746785,0.2462798,-0.6943279,-0.24778691,0.95700043,0.64801294,0.70306814,-0.78545326,0.36729437,-0.35219502,1.0974053,0.78860784,0.07064877,-0.546768,-0.10712131,-0.90399855,-0.3218855,-0.8320015,0.1799731,-1.1401763,-0.28375742,0.16879497,-1.617449,-0.16491887,0.34362894,0.58543134,0.27662936,-0.7905056,-0.8526309,-1.2098546,-0.11627556,-0.83821857,-0.6788957,-0.6870436,-1.7288043,0.16438328,-0.7918368,0.71580124,0.9063517,-0.3318653,-1.3682561,0.29622972,0.053696822,-0.23642811,0.4894718,-0.6833617,-0.14430568,-0.8191636,0.42257112,0.07189302,-1.0642889,-1.0475439,0.72162604,0.41524085,-0.6040842,-0.51253116,-0.5081804,0.9910378,1.6215832,0.4859038,-0.16598657,0.25027844,-0.26161006,-0.41095045,-0.13056524,0.21166718,-0.6572498,-0.035563026,-0.2775837,0.00070177694,-0.09531553,0.33236447,0.1442998,0.96888566,-0.21250725,0.2956719,-0.700791,-0.047869463,-0.81563455,-0.9723871,0.13623314,0.74454427,0.42236555,0.60215646,-0.4563264,0.098909035,-0.117059804,0.52949196,-0.33334243,-0.021377103,-1.402311,0.5522432,-0.304518,0.65353876,0.054310847,-0.04695752,0.6271698,-0.53032446,-0.1473023,0.5885116,-0.0108600035,0.14906004,-0.20328133,0.7863598,-0.5260838,0.11735626,1.2372918,-0.3000546,-0.56609595,-0.13481416,-1.4612453,0.18890719,0.85555434,-0.4449083,0.2826568,-0.26371524,-1.4387987,-0.75699323,-0.09120972,-0.8611947,-0.36407277,-0.87381357,0.18971094,0.06683841,-1.127053,0.62143695,0.47056913,0.029268958,0.22208017,0.6782339,0.4929913,0.49182397,-1.0302601,-0.21789165,-0.4164778,0.8818344,-0.14411749,-0.4163497,-0.9358593,0.07352944,-0.45163882,-0.24269861,0.6009536,-0.89151347,-0.17104536,-0.11350015,-0.05698306,0.31838068,0.6637669,0.16824235,-0.47820455,-0.8338641,-0.79383874,0.69370145,-0.23091173,-0.25199783,0.61258227,-0.2663536,0.18950994,-0.15557769,-0.027682351,1.0891361,-0.7794443,1.5684376,-0.040379558,1.0525857,-0.17923743,-0.011037639,0.32349452,0.57198375,0.036126703,0.95456386,1.6663991,1.2234415,0.20455357,0.039847475,0.4648477,0.91407436,1.337502,-0.31209952,-0.59828186,0.33498222,-0.8467068,-0.32121482,1.1323721,0.2631255,-0.06279026,0.9361265,-1.2831221,0.7851936,0.4751094
0.07044563,-1.1652687,0.0810214,-1.0747433,-0.88948786,0.3414865,0.38589403,-0.30134413,-0.62313944,0.37183002,-0.043240573,0.81670696,0.5775009,0.052826148,-0.35023922,0.15884529,0.08455782,0.31965095,0.47754413,1.2700765,-0.3091369,-1.5507523,-0.1882472,0.481553,0.809392,-0.19299738,0.17760363,0.47768998,0.12409785,-0.5809838,-0.3592053,1.1846032,-0.552438,1.1901854,1.9856834,2.2222407,-0.26026657,0.71620417,0.6260052,-0.187323,1.3433818,1.0665739,-0.8955584,-0.34064195,0.118552126,0.82029986,-0.19386104,0.8588703,0.45540485,-0.49151435,-1.1007547,0.8232467,0.2705613,0.072792485,-0.6946742,-0.36250007,-0.2624044,0.8108213,0.05552273,0.84280765,0.06578921,1.473971,0.72519875,1.2169975,-1.0864563,-0.07591034,-0.009019719,-0.14287555,-0.38554335,-0.9898259,-0.25657833,0.54054326,0.595963,1.1548357,0.83095086,0.0020273314,0.554935,-0.48678893,0.02220695,-1.351546,-1.0832056,1.3423164,0.36298323,0.6921455,-1.2363945,-0.5996363,-0.79105306,-0.17677101,0.47059917,-0.9854244,-0.04096024,0.32296935,-0.40006477,-0.12533541,-0.43589112,0.24810329,-1.1660254,0.051250424,-0.41095224,-0.84534943,-0.39081728,0.48846436,0.5201228,-1.165616,-0.89812994,-0.74741447,0.51937246,-0.7884471,-0.31888884,0.9264992,-0.4159632,0.80684984,0.2975826,-0.1182334,0.19590615,-0.024487363,0.06456333,1.0479159,0.50486046,-0.8277223,-0.41494837,-0.45662507,-0.09396486,-0.23658834,0.61406034,1.3901074,-0.71619797,-0.04060222,-1.1777265,0.12457429,-0.29977098,0.14898215,1.3760742,-0.20063771,0.2074819,0.68332106,-0.15196893,-0.81205887,-0.36549026,-0.67749435,-2.1291385,-0.7206707,-0.43797767,0.3987445,0.8164729,1.0249048,0.050571043,-0.77422947,-0.5179051,1.5539079,0.14050543,-1.4895828,-0.6238898,0.43515298,1.1952404,0.117734395,-0.4514473,-0.59664446,-0.017951796,-1.108763,-0.23415235,-0.46537688,-0.3461029,-0.9131261,-1.3095874,-0.030875523,0.033792756,0.7440782,-0.49067256,-0.14525674,0.10241631,-1.350454,-0.42910975,0.23815785,0.87190783,-0.31789234,-0.08664864,1.2537438,-0.14178416,-0.51440704,-0.4672193,0.94756174,0.71252173,-0.25435257,0.31828517,-1.3702822,0.23125015,0.7771491,-0.26625356,0.54077953,-0.63888216,0.1011868,-0.27114898,0.41202202,0.83908963,1.5586963,0.36467662,0.3606243,0.7829601,-0.12153132,-0.30594382,1.8370607,0.33528438,0.0832522,-1.3892,-0.05070651,0.7579744,0.376001,-0.27506283,-0.30952537,-0.5889524,-0.0016304237,-0.1597685,0.3691611,0.62050945,1.1845505,-0.073900364,-0.8524537,-0.45316222,-2.0277405,-1.1967088,0.81416756,-0.3011372,-0.61282164,1.2049159,0.0705283,0.37249422,0.015173534,-0.5986194,-0.037673756,0.39634618,-1.7026275,1.1014125,0.65606546,-1.0729594,-0.00085959333,-0.76951504,-0.6387726,-1.6321182,-0.7129157,0.88532364,-0.34074703,0.5590354,-0.06748559,0.04276603,-0.98706084,0.04173532,-0.29182068,-0.0023275674,-1.0086045,-0.9559703,-0.38983983,1.4184488,0.6294173,-0.72355837,0.33494502,0.8111119,-0.53141826,-0.32217714,0.4784947
1.4138933,1.1739143,0.8196196,-0.14929524,-0.7333878,-0.27865386,1.2439787,-1.1849197,-0.7457113,-0.24253255,1.0235591,0.3688231,-0.44721866,-0.23863614,-0.7505289,0.5010544,-0.19554207,0.14552571,-0.4457812,-0.22549218,1.8959703,0.14463028,0.77223164,-0.18259206,0.6836141,-0.5305091,-0.54396325,0.3493925,-0.34550053,-0.97875303,-1.1310699,0.12507366,0.21981724,-0.66687834,-0.86559165,1.2857469,-2.3222976,-0.17351124,-0.7406524,0.1817279,0.6328982,0.9721775,0.17937818,1.2962989,-0.39682564,-0.3285226,-0.9367723,-0.047700103,-0.24572666,0.86084425,0.6284796,-0.40181997,0.3185632,0.7218093,0.05982831,0.8529547,-1.3963513,0.3913327,0.18681042,0.6090732,0.109260865,0.38414916,-0.3678845,0.33326966,0.2575499,-1.0252461,-0.21288392,0.57248676,0.19346951,-0.48720545,1.2130156,-0.061039373,-0.97510314,1.2409874,0.1438385,0.45497006,-0.5869476,0.3174773,-0.25708783,-0.02518389,0.45159695,0.5240351,0.06673623,-0.084098674,0.77406204,-0.47035,-1.4747036,-0.8213531,0.23725724,-1.0307934,0.26866284,-0.922532,-0.44771338,-0.151396,-0.6757861,0.42298043,-0.53794795,-1.2992659,-0.04114322,-0.9380017,0.14920634,0.9167216,0.41826725,0.42623514,0.6667348,-0.7466565,0.39846236,1.0416526,-0.9722301,-0.40544817,1.1240835,-0.65406865,0.49568865,-0.78182304,-0.4256925,-0.84348357,-0.051934347,-1.7630183,0.08323426,0.32582843,-0.31286716,-0.53044724,-1.0373421,-1.1097745,0.43935934,0.6642044,-0.071833685,-0.5139918,-0.65030485,-0.29286787,-0.3068895,-0.05534689,0.14699814,0.18327956,0.06377555,-1.1655078,-0.06912401,0.6660305,-0.2651432,-0.70186985,-0.4962463,-0.45966896,0.50327444,0.9925198,0.0014342476,-0.28614205,-0.8383459,-0.074461,0.9922411,0.3280771,0.8699182,-0.18141884,0.5164615,1.1217105,-0.10401822,-0.2338636,-0.3499789,-0.22466655,0.82926196,0.61953896,-2.0391772,-0.1680601,-1.019766,-0.22288744,0.20009159,-0.4029754,0.2670694,-0.31296435,-0.4306374,-0.22152622,1.0623614,-0.2499062,0.6023406,0.059820857,0.7049877,0.74878925,-0.06815456,0.0295948,-1.2832556,0.070658416,-0.067230314,0.8902002,0.9025686,-0.19237393,0.34388086,0.61721826,-1.3267066,-0.13999872,0.5801049,0.8516541,0.28153786,-1.1863472,-0.54037267,0.15339194,-0.7105636,-0.7480455,-0.5374129,-0.5938309,-0.05604351,-0.54542345,-1.1022624,-0.056831032,1.0318654,0.48341197,-0.85762274,0.24368306,-0.36945882,-0.69412917,-0.5918548,-0.19622315,-0.57868576,-0.39001685,0.030658036,-0.9316275,0.5481541,0.43100864,-1.6936764,0.3670997,-0.2848438,-0.35863647,0.29324478,-0.06764007,0.3693561,0.6301704,0.47642824,-0.41063312,0.76823324,0.7907994,-0.6184724,-0.7254931,-0.09831699,-0.16562498,-0.3520859,0.4388644,0.84032124,-0.5756219,0.86068815,1.0818768,0.7138861,0.539447,-0.77735376,0.22504821,0.31814024,1.4143839,0.64098585,0.44252267,0.055683095,0.4550921,-0.4455766,-0.13012475,0.3150938,-0.63346255,1.6773394,0.8318828,-1.6675451,0.5428377,-1.4986954,-0.2987456,-0.22915564,-0.43856716
0.4163409,1.0329806,0.83596253,-0.38194892,0.050511435,0.035381634,-1.6483823,-0.036039244,-0.983724,-0.4097065,-1.3010852,-0.42401344,-1.5032454,-0.8885765,-0.24330868,-0.8080915,-0.02085526,-1.0357488,-1.5875634,0.7462287,0.33744198,-0.740988,0.47019777,-0.50849175,-0.47824082,0.17400621,-0.33879665,-0.91521335,0.5997651,1.1929696,0.20201594,-0.63560987,2.4859827,2.0541232,1.2322863,0.7862553,2.1310227,0.085392706,-0.45327455,-0.5877864,0.38365188,-0.5961881,0.66919935,0.858368,0.19101076,0.3792841,-0.9535507,0.5603437,0.34484988,1.2295893,1.127156,0.111371554,0.9554033,0.12312945,-0.22437823,0.21896549,0.6607533,0.11775247,-0.23415764,-0.39761877,-0.563278,1.3446096,-0.14383711,-0.04627725,-0.6445549,-2.3713126e-05,-0.60842633,-0.93603045,-0.9230143,0.5946764,2.2601743,-0.033183683,0.4193948,-0.78982425,0.06777059,-0.046325006,-0.8885083,0.0002300929,0.2708958,0.019934801,2.2097235,0.18701743,0.8875489,0.2176531,0.7121799,-0.1465457,-0.24494626,-0.050476298,1.6538256,0.52298236,-0.0005098299,-0.22357963,0.48068976,1.1858865,0.6019076,0.21419837,-0.6564029,0.3221685,-0.9622918,-0.29046407,-0.060689572,-0.27828303,0.11543444,1.2421417,0.42358786,1.0998464,0.91152257,0.60162216,0.7801377,-0.7397203,0.65819055,0.22286947,-0.5270017,-0.27492276,-0.22698306,-0.8061415,0.058540948,0.44288638,-0.1847753,-0.118142724,0.074560165,0.99564976,0.797719,0.76472163,-0.6324703,1.1126937,-0.54497135,-0.59156096,-0.733128,1.3197734,-0.52129346,0.0850835,0.21780102,-0.19436283,0.330059,0.03066861,0.690575,-0.15466814,0.24234493,-0.24988839,1.035086,-0.571927,-0.5381899,0.1213916,-0.52894354,-0.82039034,0.11214091,-0.4767532,-0.019039363,1.3569772,0.24542798,0.021899978,0.49838144,-0.26074073,0.42452598,0.099770814,0.76008433,0.5021821,1.0926046,-1.0435944,-0.35196346,0.08334234,0.17370681,0.067775555,0.40270168,-0.6018612,-0.039081547,-0.6031109,-0.08742014,0.5817359,-1.0274297,-0.609673,0.14934605,-1.2128838,0.6851751,-0.33992058,-0.30664936,-1.5271665,-0.07650571,0.14948817,0.32169774,0.51819915,0.4304745,0.7697716,-0.20016837,-1.1359644,-1.3157378,-0.8478889,-0.09469127,-1.4264499,-0.35178822,-1.2291917,1.1066344,-0.74615747,-0.26800004,-0.5055593,-0.23589163,0.27808315,0.3953405,-0.045979567,-0.11519995,-0.36423331,-1.1333089,-0.23152378,0.61461025,-1.5319856,-0.3562383,0.46658692,0.62308997,-0.47676829,-0.12975132,0.31312087,-0.24833845,-0.90998334,-0.33075613,-0.6911403,-0.12913404,-1.7717836,1.3820575,1.2069365,0.70774513,-0.2508655,0.81899524,-0.56612414,-1.0154033,0.5966521,1.3512444,0.15682667,-0.059640974,0.9349565,0.55808926,-1.079472,0.18617877,0.06305669,0.64210016,-1.8200212,-0.20371833,-0.7477374,-1.1431218,-0.5418034,1.4173595,0.69023883,-0.13886541,-1.1446167,0.53090096,-1.89011,-0.05760416,1.6721709,-0.4915273,-0.5084859,-0.5527492,-1.1669766,0.58787423,0.008659478,-0.2114065,1.3268315,0.20039645,0.8744495,-0.4524285,-0.66858464
0.501555,-0.40750697,-0.5588331,-1.5457567,0.49080124,-0.13383085,-0.22305767,-0.5449216,-0.43841022,-0.15079126,1.375968,0.11885857,0.53617203,0.25815243,-0.044173792,0.026208011,0.117247656,0.84420496,2.0257301,0.70972997,-0.17638774,0.41839328,-0.24734667,-0.12614849,-1.0774906,-0.108287774,-0.1138051,-0.5228884,0.62489957,-0.8092797,-0.74261534,-0.19718571,-0.5542657,-0.52653944,0.6978945,-0.6553609,-0.28601667,-0.09950762,-0.113149926,-0.37979284,-0.31488076,-1.0055157,-0.12448706,-0.46193472,-0.790276,0.1416116,-0.21206158,0.0987989,1.0675529,0.1048255,-0.31018332,-0.018671118,0.8060551,0.21373178,0.064728916,-0.65466183,-0.4741725,-0.52650774,-0.7431436,-0.29434183,0.70799667,0.19213629,-0.4016268,0.01101999,-0.0010371469,1.0772913,-0.55867505,-0.1760601,-0.28723517,-0.8022803,2.409309,-0.47798428,-0.49585834,1.3807,0.24004994,0.7547687,-0.83065414,0.66118366,1.4859474,0.19884259,-0.17272097,0.08340787,-0.31615087,0.048251837,-0.15620324,-1.2224401,-1.1665945,0.7284068,-0.14650416,-1.0459224,-0.06757842,-1.2203751,1.0152763,-0.480617,-0.23083551,-0.49480486,-0.4444535,-0.49375814,-0.008906777,0.15468124,-1.2009288,-0.6338484,-1.202114,-0.6489577,-0.87471145,0.14326586,-1.1690955,0.60201126,-0.86670125,0.54580677,0.52324796,-0.4827961,-0.5670337,0.06279812,0.2024393,-0.17303854,0.24421996,-0.3755068,0.38213235,0.09001699,0.7333073,-1.1075113,-0.6409739,-0.4266538,-0.6921144,0.6925464,-0.8801277,0.6045304,-0.32293302,0.49837098,0.101398334,-0.85882044,-0.26079017,1.1115879,0.25163886,0.30417633,1.4054621,-1.0126783,-0.19723079,0.47223362,1.0022953,0.24556571,0.19651482,-1.2539353,0.05324143,-0.6020797,0.12685487,0.11242867,0.1765343,-0.28947872,-0.9227163,0.34298357,0.40223598,-0.49597198,-0.042422887,0.9412026,-0.5623023,-0.09719671,-0.5445483,-0.41155398,0.12014741,-0.83537006,0.17157431,0.8815599,0.5531881,-0.5605522,-0.85378,0.7034613,1.0056351,0.26806828,-0.4486722,-1.0158434,1.7706928,-0.4329812,-1.6645033,0.0133622885,0.5703663,0.7681036,1.0634438,-0.7985773,-0.24462287,-1.2731792,-0.23526916,1.0029032,-0.7967487,-1.0081978,-0.50007004,-0.034681443,0.9077642,0.27480876,-0.035524614,-0.202083,0.7650113,-1.4951849,0.009197758,0.5556599,-0.06841034,-0.8863496,-0.05816154,-0.24371685,-0.13256927,0.2526442,0.64139193,0.056927174,0.7930505,-0.025705775,0.39739987,0.25624847,0.17557548,0.10509701,0.35135397,0.32963538,-0.81243116,0.29482177,-0.5847118,-0.6579343,0.36015907,-0.16772002,-0.3746842,-0.86386704,-0.4202688,0.5318568,0.1914622,-0.75262725,-0.117279984,-0.041487712,-0.020881193,-0.109920785,0.44152007,0.13340256,0.35249037,-0.7460862,0.36329362,0.37476605,0.8746368,0.8835623,0.34760693,-0.5696539,-0.4559359,-1.4188703,0.22740619,-0.83901083,0.5107774,0.010321752,-0.8168413,-0.4987642,0.04918723,-0.109936535,-0.7473438,0.33533064,0.61456066,-0.59493154,-1.0295249,0.38922474,0.05634706,-1.8328729,0.35574073,0.09389263,0.17099108,-0.70744574
-0.4602514,0.29278815,-0.31210804,-0.5888825,-0.65434486,0.07900071,-0.04820454,0.13111028,0.11973654,-0.27674347,0.97928315,1.0497011,-0.34783995,-0.42402157,0.26790997,-0.15673794,-0.63244385,0.14202954,-0.649366,-0.7238659,-0.06476674,-0.16069125,0.21305186,0.28907079,-0.29794866,-0.084168434,-0.003479415,0.37367496,0.06142373,-0.20729002,-0.060842976,-0.17142905,-0.7928633,-1.1187203,-1.0022612,-0.36763337,-0.52805054,-1.539716,-0.31459975,0.43200177,-0.2615249,-0.049596816,-0.10540362,-0.39230347,0.28726637,-0.44578028,-0.049138583,-0.19772622,-0.8652499,-0.010615205,-0.018152477,-0.1103212,0.5499113,-0.91538316,-0.45001018,0.6060411,0.11799034,-0.027218921,-0.65926063,-0.5452002,0.15558995,0.7728636,0.8763358,0.049315196,-0.24095842,0.46503258,-0.26116747,-0.029310217,0.8282867,1.4365245,-0.34943208,0.38500702,0.23945934,-1.2082834,-0.49994004,-0.012071519,-0.14532621,0.30110434,0.55167013,0.28991702,0.3325246,0.5426831,0.04556962,0.48138523,0.4132569,-0.5590361,-1.0522809,0.28773057,-0.61869764,-0.56314063,-0.51937675,0.11243618,0.12670548,-0.12070296,-0.39145598,-0.27485514,-0.17826737,0.76170987,-0.57978684,-0.4072982,-1.0767353,-0.10631648,-0.3217292,0.23053387,0.38590145,-0.34930092,0.15496135,0.64019716,0.6324741,0.5533752,-0.070846185,0.3790266,0.4878396,-0.026557708,0.21896575,0.20236476,1.1873441,-0.5274081,0.73155105,1.3418442,0.48013029,1.841203,-0.814432,-1.1005266,0.94889873,0.846559,0.41662008,-0.094136365,-0.18589185,0.9399781,-0.741927,-0.73157305,0.24141923,0.10217184,-0.132536,0.3186613,-0.6370442,-0.61464775,-0.99794453,0.36568645,1.305544,-0.77389914,0.46105823,-1.1266564,-0.11542139,-0.6036534,-0.801516,-0.7034453,-0.6310989,0.5399877,1.3607047,-0.12991841,0.7397537,0.35593045,-0.3848756,0.510028,-0.1455254,0.05840441,-1.7863019,-0.056104966,0.58359265,1.0323253,0.7639598,0.5258817,0.4479847,-0.092149235,-0.08396666,-0.20407704,0.16459346,0.44898856,0.44809374,0.7564775,-1.5936111,0.389791,0.8005765,0.50079745,2.0342982,0.70902073,0.7891444,1.2008122,1.2633772,-0.696686,-0.06566746,-0.053456638,0.08377551,-0.17312337,-0.41835558,-0.019582147,0.25109515,-0.46548295,0.4991273,-1.3911188,0.012769204,1.1431377,-0.96811545,-0.6929483,0.2834501,-0.21284743,-0.17331468,0.6514756,0.6165797,0.09368022,1.0847181,0.44192326,0.79590595,-0.68889266,-0.08479022,-0.58464134,0.41796398,0.27173167,-0.8812138,0.56389296,0.24449965,-0.13630064,-0.7975881,-0.07494678,0.080077976,0.29460415,-0.08375496,0.07596634,0.75644875,0.58119524,-0.08572261,0.54923487,-0.97830486,-0.19954121,-0.9626942,-0.8717665,0.3523156,0.27536297,0.07109046,1.5952042,0.08433587,-0.43551514,-0.32902724,0.501729,1.0426471,0.022500927,0.96055967,-0.12711807,-0.45860925,1.466548,-0.9235964,-0.21281368,0.49567905,0.16359,-1.3577158,-0.2926404,-0.37704203,-0.24362683,-0.49372822,0.014770618,0.26914287,0.07149144,-0.88875335,0.669445,0.0041788938,-0.313805,-0.052737396,-0.39799583
1.1532223,-0.4226029,0.4104981,0.09555065,-1.1296285,0.50793576,-0.17407902,-0.56312704,0.33014384,0.85892236,-0.01087623,1.2691091,-0.23231477,-0.41654631,-0.022708964,-1.1204375,1.296321,1.298213,1.0782657,1.4559547,-0.4080938,-0.16491783,0.39491603,-0.27099365,0.17840138,-0.20118253,-0.5010345,0.78061694,-0.65678036,0.78888416,0.38957945,0.13428849,-0.6381269,-0.39245602,-0.120475724,0.1781263,-0.29589885,-0.053419176,0.38590845,-0.111060545,-0.43432662,-0.27711263,0.3029577,0.5781759,-0.022312684,-0.4093189,1.3230429,0.84370106,-0.72921294,-0.70482403,-1.3356367,0.9951632,0.627318,-0.7486102,-1.3090425,-0.48832044,0.2771621,-0.84379894,-0.5896372,-0.09543738,0.25615376,-0.43617952,0.46443924,-0.81253517,0.21417859,-0.7699032,1.3864092,0.112270914,-1.5097718,-0.3146839,0.22239332,0.047896955,0.22425482,0.87289685,2.7097301,1.1544498,-0.15262555,0.0673097,0.6793461,-0.121313184,0.75065213,0.8393611,-1.0225837,-0.30720347,0.34718594,-1.0166034,-0.082405075,0.09219052,-0.92508656,-0.24275263,-0.30646002,-0.7916158,0.4573762,-0.7368355,0.06866259,-0.39800358,-0.88766044,-0.7468329,-1.7401931,-0.22471966,-0.6008208,0.9051151,-1.0248936,0.43810278,-0.07564395,-0.14096345,0.6621195,0.67530376,1.138872,-0.40059778,-0.8468494,0.22222015,-0.39645052,0.008704243,-0.6578531,-0.22785881,-0.25088578,-0.19439307,0.9132012,-0.37887174,1.5246469,-0.38052145,-0.30977115,-0.16880986,-0.03695071,2.2448928,-0.4631527,-0.21729665,1.1746707,0.27798706,-0.20877434,-0.31649032,-0.45714217,0.13485019,-0.8269707,-0.9483969,-0.22444941,-1.1512644,-0.19346087,-1.0004871,0.77953094,-0.35498756,-0.019869624,-0.00031176722,0.19901347,0.15064502,0.751851,0.25409576,0.9178223,-0.28548777,-2.0069842,0.5156824,0.6271983,0.2671056,0.82095003,1.2684411,-0.115697004,0.6578379,0.58529323,-0.37096727,0.14916407,0.44221616,0.6653345,-1.0708469,1.0456202,0.24221015,-0.5299265,-0.51765186,0.32469615,1.200725,-1.0121105,-0.9298491,0.55980223,-0.52714306,0.19320665,-1.1533794,0.054275855,0.7318378,1.527091,0.116024174,-1.4250786,-1.1831685,-1.5103579,0.7770257,-0.109374866,-0.94483256,-0.029380232,0.18420824,-0.14877231,-0.22823694,-0.20260996,-0.0044193347,-0.65256804,0.107741445,-0.31401813,-0.7825486,-0.5342057,0.91764754,0.5082122,0.15144931,-0.05420257,0.031896405,-1.0230795,0.015234182,-0.433166,0.1750677,0.33854076,0.7837956,0.31489673,0.5596721,-0.85017735,0.68587255,-2.2349172,-0.7697034,-0.30049866,-0.2979483,1.4053206,-0.7001046,-0.503172,1.2151133,-0.64283687,1.1398976,-0.6382495,0.09099862,1.4788433,0.18039781,-0.8176602,0.23621157,-0.5077146,0.7828885,-0.83339214,-0.078332275,-0.64614,-0.007001849,0.099847436,-0.72344023,-0.9563688,-0.29786298,0.4570022,0.79627514,-0.4032776,-0.22595523,1.2804965,0.06604464,0.44298548,0.072750755,-0.48343027,0.19104753,0.65713334,-0.16539825,0.7684521,1.140305,-0.22612727,-0.27208194,-0.6280899,-1.5072395,-0.63867056,-0.4785551,0.35652712,-0.041220438
0.4685363,0.53370976,0.12614363,-1.1842104,-0.66918284,0.9620434,-0.07342734,-0.20212902,-0.6468112,-0.44108137,1.4714264,0.8429095,0.47591096,1.1615812,0.20833653,0.22785854,0.059443645,1.0608966,-0.10942809,0.13947557,-0.99163425,-0.017490799,-0.3223397,0.19241825,0.15660667,-0.76423717,-1.2650511,0.67145425,0.22392207,0.79506415,-0.3766392,-0.91533303,0.17475463,-0.90143204,-0.8250184,-0.891056,0.2873437,-0.63309664,-0.23566893,0.2500324,0.7593248,-0.5121727,0.79145575,-0.38303646,-0.28126022,-0.16167778,-0.42599967,-0.27072546,-0.3938571,0.30675837,-0.4729593,-0.1434573,-0.5991708,-0.3247573,1.0297556,0.019567207,-0.42527026,-0.40407065,0.8486932,-0.31645802,-0.22099197,-0.4125139,1.0639998,-0.18502662,0.9271451,-0.060267486,-0.67953295,0.14434738,0.21222626,-0.24503015,-0.61041546,0.747073,0.45586875,0.66135037,0.6215712,0.2560819,-1.2383868,-0.055902068,1.641112,0.4424546,-0.37278998,0.6689677,0.04463124,0.060199264,0.39972952,0.039084215,0.028028676,0.74839854,0.04784632,-1.2997519,0.08105231,0.061839286,0.54199976,-0.059934046,0.506991,-0.49191844,-0.24646571,0.38614902,-0.2966013,0.14673805,-0.9007174,-1.6842964,-0.7050877,0.36195314,-1.9044594,0.33987552,-0.28398776,0.1335643,0.2777969,0.18008305,-0.23715125,-1.2579854,0.10599459,1.6318655,-0.19894509,-0.81323195,-0.3282899,1.2616522,0.23367696,0.5725318,0.0372278,0.11813655,-0.18300287,-0.7764537,0.22167741,0.54991585,-0.046295628,-0.6987818,-1.5039295,0.19236735,-0.5793846,-1.2129774,1.0430825,0.07535452,-0.087182,1.0444511,1.4181507,0.51659894,1.0179173,0.15088966,0.7284551,0.60112375,-0.7771688,0.00659563,-0.06572141,0.19841525,0.04189254,0.20219804,0.8586171,-0.5758418,-0.13805895,-1.0773298,-0.5392042,-0.08789,-0.13446377,0.3568123,-0.024591377,0.70751345,-0.19520067,-0.15369369,-0.03970665,1.4679203,-0.22186631,0.94573426,1.4121463,0.11066857,-0.11383711,0.28498143,0.20711918,0.6925782,1.0019306,0.92729515,0.16686144,0.2322001,0.85880697,-0.051705822,-0.2404277,-0.42891034,-0.2396106,0.8403655,1.2535673,-0.46359798,-0.27071288,-0.40664208,0.66656214,0.19436745,-0.5834135,-0.3159831,0.021926297,-0.83703744,-1.2045884,1.1306025,0.4348567,1.6915327,0.61702216,0.024749594,0.6530668,0.9065621,1.0203365,0.70537513,-0.84050447,0.21720499,-0.19593382,-0.6002215,0.48060092,1.1234922,0.23551857,-0.91159743,-0.35205188,0.75902754,-0.09252087,-0.10197599,0.5569277,0.13702203,0.37636837,0.714405,-0.5049532,0.329588,1.542826,-0.8565623,0.35859206,-0.23528056,0.6464722,0.35354888,-0.5037844,1.1748066,-0.4158479,1.0626056,1.2524481,0.31739414,-1.188981,-1.3989941,-0.37326437,0.9830431,0.014929829,0.5754404,-0.47852588,-0.76980513,-0.86642754,0.50607353,1.0156977,1.1564065,0.42941496,-0.60494727,0.29891235,0.4853174,0.6875797,-0.43387124,0.74264175,-1.3221353,0.14613031,-0.0213633,0.8486707,-0.14914398,-1.1357282,-0.16405123,-1.1687795,0.18598135,-1.443285,0.66400284
0.15529335,0.6598695,-0.72450495,-0.6819556,-0.0077604037,0.77930397,-0.54417914,0.13404751,-1.0463345,0.4834044,0.6903652,-0.17914864,-1.1969271,0.9766126,-0.30613223,-0.42936134,-0.8101659,0.24822256,0.37762213,0.092492715,-0.49756336,-0.31392103,-0.5103399,-0.2902512,-0.76420116,-0.5924377,-0.33705193,0.24902996,-0.034124244,-0.46491185,0.11854546,0.8633979,-0.9149265,-0.96380407,-0.3111567,-0.18011491,-0.2903156,-0.63863146,-0.73167133,0.0076637375,0.043419946,-0.002411163,-0.5581999,-0.24780227,0.7223076,-0.6862862,-0.941697,-0.23426363,0.031668764,-0.46662068,-0.98843133,0.083415784,0.22092643,-0.042239897,0.07544648,0.20822936,-0.019017005,-0.46464434,-0.45614484,0.8587347,-1.0905526,-1.4170563,-0.7744144,-0.497706,0.47330198,0.0868185,0.37641224,-0.644389,0.49984026,1.4624547,-0.16376443,-0.033328883,0.7437188,-0.29213744,-0.20770417,-0.026152512,-0.8806704,1.4101297,-0.70899343,-0.7791303,0.7024851,-0.7925106,-1.4287794,0.87505543,0.44380713,-0.42319962,0.03575662,-0.61094123,0.4663223,-1.2013961,0.4443653,0.03605973,-1.0509387,-0.70143205,-1.7733811,0.3927748,-0.9271142,0.3898385,-0.460846,-0.27311388,0.06883955,-0.59524304,-0.77162653,-1.2513237,-0.6997858,1.0663764,0.3337916,-0.7215474,-0.07237505,-0.37543377,-0.43509609,0.49131218,0.3668564,0.36670578,-0.11267743,-0.17693399,-0.92557496,0.3101317,0.056351647,0.8360864,0.02911379,1.1287069,-0.107942834,0.20456474,-0.34642458,-0.51986516,-0.122029275,0.98590815,-1.1951965,0.6144706,0.5255209,0.05759354,0.25334606,0.7862318,0.95986414,0.6192288,0.3463694,0.8312517,-0.90909326,1.1024693,0.094192915,0.24049932,0.54949147,-0.9945633,-0.88928884,0.22004323,-0.09511279,-0.20272277,-0.35683396,0.00270033,0.40553144,0.36359137,0.30373555,0.24217425,0.011837932,-0.014401097,-0.0041844,-0.21799546,-0.35325357,-1.2523123,-0.6375617,-0.1429747,0.15355489,-0.9693333,-0.09463011,-0.8955764,0.07294007,-0.6969667,0.02725003,0.46249214,0.38088983,-1.030819,-1.0372698,1.1086583,-0.7173084,-2.0780437,0.09069094,-0.0889336,0.3934011,-0.32535937,0.42098024,-0.5569377,-0.4192153,0.06591925,1.5190631,-0.33331695,-0.24799189,0.24095874,0.15700197,0.49357864,0.85950124,-0.7792745,-0.8131933,-0.43710476,0.15263754,1.4568812,0.23464753,0.51279145,1.7981931,0.40871745,0.4693966,-0.34071636,0.32803223,1.3783758,0.23605497,0.024939071,0.40220994,-0.8384633,0.8144036,-1.6264181,0.27616125,-0.2075231,-0.13341317,0.024744146,0.3617158,-0.27563655,-0.28988913,-1.0904138,0.66333926,0.41258964,1.179871,0.51548,-1.1514806,-0.9256021,0.26877406,-0.51645315,-0.058254283,-0.35389143,-0.11870735,0.25473458,-0.53561825,0.23222196,0.06818785,0.5020466,0.2950258,0.52475303,-0.07871982,0.7038219,1.0795285,0.22825672,-0.08040216,-0.27241495,-0.8449358,-0.5925562,-1.3997521,-0.21940032,0.030452346,-0.29278126,-1.131092,0.49894392,0.15087582,1.3859082,-0.89761907,-0.10868166,-0.32901913,-0.85933685,1.470263,-0.8287111,0.33291653,0.25194854
-0.25990552,0.7977426,0.79112905,1.3631719,-1.1260699,-0.8269047,-1.3404121,-0.897703,-0.5183967,0.06922062,-0.5888735,-0.4169155,-0.15640165,-0.6844126,-0.7648855,0.007189105,-0.19427542,0.8952064,-0.054395,-0.19190596,-0.8653743,-0.6117041,-0.5868845,-0.13206385,0.2633682,-0.1388199,1.4061421,-0.22581081,-0.26063696,0.13256758,-0.56563044,-0.5236577,-0.667832,1.0443358,1.4347891,-0.81624246,1.0144002,0.28467393,-0.5902647,-0.101094775,-0.7932854,0.04810633,-0.57597315,0.25144458,-0.8970165,0.30754042,0.07863617,0.7002302,0.6758479,-0.023590034,-0.09719736,0.22774507,0.12915863,-0.5492182,0.35445708,-0.48660344,-0.30602443,-0.9245967,-0.3894968,1.2567961,0.5368799,-0.008306521,-1.123946,-0.525575,0.9086779,0.83871984,-0.1915947,2.0093153,0.13231382,-1.4620452,0.7004079,0.40210688,0.64291334,1.5737926,1.9345678,0.3508985,-0.033872522,0.1543764,0.041847296,-0.16843267,1.6161994,0.6621254,-0.35897252,-0.64487207,0.65704554,0.109581746,-1.0644158,-0.11630094,-1.0162758,0.057383765,-0.25992823,-0.3201239,-0.6685823,-1.1223416,-0.7898085,0.18400916,-0.07438023,-0.81961876,-0.8162292,1.0032232,0.69618183,0.5471783,-0.7101552,-1.2271214,1.2612712,-0.2820182,0.51205814,0.37405506,0.6390715,-1.3460851,-0.935275,-0.13857259,1.2480931,0.2572857,-0.3847388,-0.536441,-0.6060165,-0.07234067,0.93033344,-0.39558467,-1.4365475,0.8926668,0.5262822,-0.29074836,-0.94393116,-1.3710603,-1.4133018,0.9331696,0.63613844,-0.18065202,0.11052819,-1.3129267,-0.56894356,-1.1131473,-1.3001227,-0.35323218,-1.31172,-0.76746047,-0.18309113,-0.76902616,1.3193524,0.2388956,0.38300124,0.8947571,0.6479049,0.26038644,0.22648124,1.3989928,0.15056244,-0.5302722,-0.9241258,-0.9061876,-0.017378563,-0.087268256,0.8964318,-0.24154194,-0.75520074,-0.15654376,-0.3082881,-1.1312397,0.07114176,-1.0625998,-1.4651045,0.5395267,-1.2833726,0.34789127,-2.1492715,0.6137543,1.0414456,-0.24997227,0.14702897,0.80981714,-0.66505986,0.35200214,-0.2228332,-0.51763743,0.82030755,0.2555384,-0.033818103,0.18041596,0.05617219,-0.022968354,0.97943884,0.30061135,0.11045131,-0.7967293,-1.2891152,0.517495,-0.4739432,1.1585897,0.37068143,-0.9485452,-0.8302632,-0.74086946,-0.044007674,0.37567192,-0.30318186,-0.018214133,-0.46504664,0.29053015,0.7931335,-0.3014212,0.84480184,0.3161414,-0.8648289,1.2071011,1.2913737,-0.30407402,0.8567958,1.8559984,-0.7479841,-0.14052965,-0.29192495,0.17273416,-0.9726198,0.63323414,-1.0816432,0.76457596,0.25464782,0.85723794,0.3753956,-0.4808366,1.2116901,0.07025054,1.4748274,0.4042815,-0.68543714,0.42578444,0.4933638,-0.2990905,-0.17561674,0.4145831,0.77968156,-0.7904433,0.6218298,-0.9554631,0.29699755,0.15412802,-0.4912768,0.22278161,0.014802497,0.040885404,-0.86413217,-0.61214006,0.74163103,-0.124547146,0.8518581,0.2864929,0.023909146,0.7079988,0.37586898,0.24762532,0.99887615,-0.46676967,0.20971103,-0.05244201,-0.0888664,0.6119978,0.19723584,0.356505
-0.3285172,-0.116646715,-0.24437505,0.4155179,-0.18767005,0.1572938,0.0071717803,-0.93657714,0.021779483,-0.28578663,-0.048381295,0.46812165,-1.4112902,0.13986272,-0.16247663,0.44750807,-1.0036093,0.880171,-0.52391,0.07668843,-0.5017545,0.29579628,-0.5886695,0.7766893,-0.009458467,0.06952068,1.0298544,0.7605817,-0.12852792,-0.025537437,1.3156615,-0.11614306,-0.70013946,-0.018571509,0.21122177,1.2605962,-0.24325033,-0.54899377,0.21655984,-0.5733805,-0.12884304,-0.2683441,0.22119431,0.10321861,-0.16200715,-0.03719076,0.16418913,-0.26957175,0.13618597,0.47893438,-0.3738449,0.7059944,0.49184144,0.7503352,-1.0996705,0.12830476,-1.2911754,-0.53475124,-1.0536253,0.45700267,0.8773739,0.8771025,0.28223878,0.067602925,-0.74462134,0.027930424,-0.51401067,0.42993477,-0.15507999,0.19497594,-0.40658957,0.5251055,-0.55677545,0.24968901,-0.8678195,1.1174167,1.494379,0.66844684,-0.37880427,-0.42480734,-0.71991754,-1.2070628,0.107841864,-0.36415914,0.012979124,-0.76306456,0.4813638,-0.17791048,-0.2787755,0.035771918,0.26552612,-0.70818645,-0.66564137,-1.6819285,-0.008526884,-0.9145353,0.08530218,-0.58187693,-0.49943742,0.17251204,1.0812911,0.39206317,0.1752536,0.19103812,0.15683365,0.5492818,-0.4011215,0.8757571,0.29348612,0.7398305,0.32171944,-0.26843023,-0.635655,0.28647482,0.2138782,0.4207188,0.36690012,0.68045247,-0.2706127,0.10877085,0.99518365,0.2534802,1.193865,-0.18588063,-1.0610626,-0.35451555,0.13461123,1.2140576,0.6318446,-1.0844593,-0.28089905,-0.25170863,0.1292732,-0.27028486,-0.1362873,0.36922893,1.1728624,0.19980259,-0.4918779,-1.1868943,0.38650078,0.31502885,0.10672307,-0.6902948,-0.417327,-0.89424986,0.054555096,0.2190626,0.27217048,0.67290956,-0.041011646,0.4430456,0.49044108,-0.24190454,0.22266579,-0.3607833,0.35802206,-1.1262143,0.6603101,0.76313716,-0.91621166,0.09875982,0.19999374,1.0492254,-0.4023274,-0.5160963,0.479335,-0.7543717,1.352675,0.6286672,-0.34687904,-0.12443865,-0.46419844,-0.449486,0.07671199,-1.7742261,1.5421112,0.55931824,0.90142065,-1.1070546,-0.2373722,-0.4736583,0.32050803,-0.78583574,-1.1815277,-0.23603766,0.14513056,-0.44272524,-0.27688512,1.0099124,0.7084777,1.2537916,-0.5544393,-0.1326349,1.5386944,-0.38677868,0.86296034,-0.5021763,0.19335787,0.7323387,-0.31982532,0.055852745,-0.42739072,-0.54054993,-0.07814182,-0.10046289,1.4045671,1.103231,0.34297895,0.20413977,-0.48091906,-0.3161444,0.12102969,0.6446564,0.2410121,1.1180366,-0.4092932,-0.21739295,-0.18651529,0.7730098,0.102958135,-0.22703052,0.29835594,-0.95804614,-0.11868115,0.7845056,-0.14576742,-0.4933884,1.2038221,-0.91133636,0.35857046,-0.36977214,-0.16403556,-0.39883998,0.34253412,0.11748166,-0.16734993,-0.2130947,-0.73518836,1.1591243,-0.71878505,1.7999184,-0.6981462,-0.94497895,-0.72477525,0.07479801,-1.5259224,0.14888403,-1.2608457,-0.89682055,0.11285353,-0.19551085,-0.08650078,-1.3557,-0.15071675,-1.4209567,-1.2186989,-0.97165495,-0.8058771,-1.0556061
0.13356315,-1.4460341,-0.87050146,-0.57090116,-0.989263,0.12518613,-0.3894139,-1.6335106,-0.91442806,-1.2093711,-0.6062089,0.6010676,0.04722064,0.23982497,-1.2305747,-0.00084310706,-0.48298928,-0.1180495,-0.6257652,-1.0021857,0.20798539,-0.10994682,0.5798921,0.6981052,0.64421177,1.229561,0.6095004,-1.4292716,-0.29752037,0.16011706,-0.14931582,-0.8043184,0.10580009,1.0102158,-0.56744105,0.9251239,-1.3374071,1.2462372,-0.1297535,0.91662186,0.38205013,-0.2972471,0.017015498,-1.3727386,-1.1640358,-0.97534937,0.24128586,-0.37068403,-0.24599303,0.21050541,0.6643288,-1.3223566,-2.0416167,-0.69674605,0.3983,-0.89498395,0.1425964,-0.74333525,-1.380348,-0.5207728,-0.82199603,-0.9336168,0.43947002,0.38791662,-0.38126123,-1.8604943,0.08841047,0.36379224,0.039184637,-0.443219,-0.9537443,-0.40448976,-1.3545399,1.434664,0.39316326,1.2477746,-0.060884967,0.47551894,-0.050763384,1.3542844,0.88932604,-0.8895455,0.12492172,-0.572094,-0.52766937,-0.03613946,-0.0745814,0.13433196,-0.5064988,0.9503953,0.58505625,-0.0013884051,-0.9289534,-0.74360085,-0.17093252,0.055739198,-0.5970767,-0.41078815,0.594769,0.008784872,-0.13734563,0.25289488,-1.0378753,-0.41062245,0.9916929,0.1189925,1.3323225,0.58122253,-0.071077734,0.010194864,0.49220347,0.25806546,-1.3348101,0.2985035,-0.0046805576,-0.23909582,-0.24821027,0.75501716,0.08200127,-0.41288766,-0.46106976,0.17320026,0.52541715,0.03221004,-1.6939694,-0.7350977,0.47249973,1.0310551,0.87216216,0.10561387,0.3964145,0.073468596,-0.00567699,0.77171737,-0.19874276,-0.9073657,-1.7351936,0.92084664,0.08108327,-0.56082284,0.2633548,-1.0072826,0.45234913,-0.65157956,-0.9488377,-0.6628233,-0.067026645,-0.16512096,-0.3073653,0.52355117,0.22535574,-0.30296582,-0.90385306,-0.5094545,-0.6298362,-2.0562367,-0.9025165,-0.07435941,-0.6051751,-0.114547715,-0.3762063,-0.3214794,1.7196711,-0.7223624,-0.2676438,-1.3603691,0.8573655,0.022419542,-0.38806945,0.13908297,-0.46243426,-0.6505978,-0.21499291,-0.84667647,0.37071443,0.30237985,-0.36013836,0.35577863,-0.55008346,-0.43267697,-1.2018733,-0.40137675,0.09010348,0.39730954,0.43462625,-0.098950855,-0.25172603,0.9283065,-0.56614333,-0.43254483,0.44921264,0.10009039,0.6877954,1.0874779,0.7968704,1.1368836,-0.1493659,0.75435984,-0.71827,-0.023627063,0.15460671,-0.617296,0.5248289,-1.7970389,-0.15399922,-0.25396666,-0.13565853,-0.36505425,-1.0958213,0.5460937,-1.0157498,-0.20374443,-0.5420694,-0.922447,-0.32628125,-1.1945654,-0.22476481,-0.41922894,0.6466657,-0.047642242,-0.30871487,-0.34140617,0.0950052,-0.46518415,0.43950763,0.65281266,-0.5416249,0.88233936,0.50051725,-0.102776356,-0.024784405,0.85883117,-1.0948235,0.29572883,0.41350716,-0.46171558,-0.54812115,0.50674814,0.33078846,-1.4937743,0.27996513,1.1357203,-0.20160678,0.40048113,0.6619032,-0.49116242,-0.076980196,-0.61924696,0.9336651,-0.35106012,-0.1669167,-0.69389683,-0.7502216,-0.19662836,-0.43373534,0.40257427,-0.7854197,-1.5654994,-0.8933725,0.18733476
-0.3988839,-0.49356195,1.133266,0.21914256,-0.9838051,-0.5722388,1.0939231,0.49340168,-0.07066967,0.2633991,0.3015984,0.52579606,-0.012286915,-0.20669964,0.4615278,-0.8902368,1.1273824,0.59898764,-0.30503392,0.1441136,0.6870368,-0.020324053,0.058220986,-0.04010957,-0.78186715,0.51275617,-0.8081481,-0.23103493,0.018260995,-0.65205383,0.46014595,-1.3634406,-0.045326166,0.064792566,1.2034061,-0.8069994,-0.5813786,-0.36745474,-1.1109859,0.36046606,0.09340975,0.1137244,-1.7468613,-0.28023595,0.37492737,0.6421176,0.065163895,-0.23247238,-1.0791607,-0.64970624,1.2483567,0.911408,-0.18749668,0.38025206,-0.3543614,0.41050506,0.78131807,-0.63392705,-1.2286748,-0.5986825,0.34826773,0.7183137,-0.8883418,-0.3090087,0.07058173,-0.10711556,-0.62120926,0.34309855,-0.06933882,-1.0152929,0.57928324,0.118928,-0.70873165,1.0759107,0.5163922,-0.8987438,-0.31608096,0.00899432,0.90898544,0.985231,-0.40146393,-1.051462,0.37634233,-0.22056475,0.8419742,-0.30316937,0.33179602,1.4986142,0.83085805,1.198114,0.05894815,-1.6853536,0.17012669,-0.66609156,0.04336024,-1.6400818,-1.5407573,-0.24798295,-1.244243,1.1265224,0.4304666,1.0329853,1.442689,-1.3575644,-0.6343451,-0.9034122,-1.1166391,0.70487875,-0.11772245,0.1826578,0.28761336,0.6215651,-0.7344426,-0.54627293,0.22461702,-0.18748605,1.8774579,0.6643757,0.45159698,-0.33790925,-0.76151687,-0.77036315,0.49257642,0.028474376,-0.090149745,-1.1759014,-0.014304185,1.0131845,-0.054672197,0.27477267,1.1346928,-1.3695363,0.060937803,0.34522608,0.5898506,-0.7460075,-0.94936645,-1.8454382,0.27406335,-0.26534155,-0.5926197,-0.8299524,0.3549168,0.25659382,0.46673307,1.3697073,1.6302857,-0.27908665,-0.29044536,-0.6406101,-1.7449013,0.093303934,-0.57794684,0.18824188,-0.9811778,0.041894667,-1.0107608,0.5731914,1.1558492,-0.2905869,-1.2891995,0.065121785,0.29334566,-1.466386,-0.2874188,-0.5916271,-0.17047794,-0.6907522,0.3059615,0.4157317,0.0483053,-0.9324169,-1.3100176,-0.7875237,2.1997452,1.036216,0.89248794,0.14726837,1.4541042,1.2810218,0.21060206,-0.08065653,0.47582543,-1.5003253,0.28645498,-0.54974514,0.14723314,0.8289813,-0.2913287,-0.14837888,0.51844203,-0.40610045,-0.3399591,1.1921871,0.9029233,-0.6381185,-0.35779038,0.49995124,-0.6769166,-1.3818216,0.48653847,-0.3309148,-0.0914922,0.6910701,0.16554086,-0.38600397,-1.3383602,0.56036,-0.8122022,0.39167744,-0.72076553,-0.5925241,0.1404504,-0.79806095,-0.0062313695,0.7702066,-1.1339428,-0.0023748677,1.0229297,0.6292304,0.28894213,-0.14533491,0.27115178,-0.6094995,0.093377866,0.9358979,0.7442643,-0.36451834,0.3771417,-0.147163,-0.3893481,-1.0855116,-0.17151126,-0.12379827,-0.45317465,-1.0208776,-0.73153156,-0.10602692,-0.5712545,0.083139755,0.8401961,-0.10151935,1.4711608,-1.464195,1.5778912,1.5001576,-0.7499446,-0.99147546,0.9356872,-0.92763144,0.6275112,-1.1078081,0.6862273,-0.8963225,-1.0562718,-0.23696302,-0.19266471,-0.050816942,-0.73079926,-0.002799314
-0.9439054,-0.40096408,-0.6001889,-0.32818043,-0.6700304,-0.79249585,-0.993052,0.14471778,0.60413945,-0.24412808,0.9999493,-0.36089516,0.28557166,-0.4856928,-0.67539144,-0.55609506,0.021324323,0.76843053,-0.6825798,-0.80252105,0.50105596,-0.009038688,0.08132352,-0.09864338,-0.2140085,-0.36601985,0.2625466,-0.4123527,-1.0633475,-0.50787276,0.02445833,-0.5447125,0.702323,0.30040926,0.74991363,-0.12917846,-0.33476615,0.09832493,0.23590349,-0.12794505,-0.42302,-0.40779716,1.4051156,-0.86775434,-0.1149603,-0.70413214,-0.22527725,-0.39979494,0.26898116,0.59168464,0.5476879,-0.40976787,0.4544464,-0.7319484,-0.07747318,-0.8221982,-0.5121299,0.27887464,-0.2892461,-0.08866913,0.27950367,0.8589083,-0.09704371,0.08843948,0.18787457,0.7493075,-0.5007516,0.12977621,1.1676483,0.38519078,-0.4529228,-0.188871,0.7520277,1.1676259,0.19290383,1.1249826,0.12026986,-0.6339233,-0.3664126,-0.061607942,-0.7211565,-1.328615,-0.10496417,-0.079148635,-0.590604,0.019090518,-0.41942197,-0.16393033,-0.2938847,0.31347898,-0.35358128,-0.59547555,-1.0473552,-0.48700708,-1.1749513,-0.77580845,0.36485896,0.3152891,-0.54599154,-0.15502214,0.3861353,0.24754003,0.49643847,-0.72184604,-1.0161983,-0.83744276,0.03100544,0.31973788,0.25928116,-0.3528641,0.46332204,0.6224003,0.058796097,-0.74942005,0.038295485,-0.04859282,-0.06959027,1.2461289,-0.82895714,-0.6655488,-0.21748078,0.26221812,-0.030703792,0.4165608,-0.63335145,-0.1337398,-0.10814582,0.22141345,-0.27567887,0.15070237,-0.5025668,0.46788698,-0.12079634,-0.82008666,-1.1769873,-0.19183469,-0.7251737,0.43451065,-0.8029259,-0.94608104,-0.74762523,0.062252767,-0.79217833,-0.18903911,-0.48011062,-0.9484264,-0.019642372,0.04917007,-0.11957092,0.23411974,-0.03346528,0.052368887,0.03247358,0.31303346,-1.1692405,0.19271308,-0.23159947,-0.04683483,0.0016574283,-0.29415768,-0.5203307,0.9582819,-0.4969162,0.3965389,-0.08556822,-0.047475442,-0.9611891,-0.61205554,-0.41857487,-0.9357648,-0.10726339,0.28796333,0.91775787,-0.21526127,-0.06372356,1.1912317,1.5061512,-0.17414947,-0.91361326,-0.7747012,-0.23823547,0.08084434,0.7517764,-0.35632572,0.13672228,1.1977903,-1.2987428,-0.48372844,0.03661158,-0.29537794,-0.043663945,-0.21932276,-0.36652115,0.05768322,-0.28294253,-1.2231572,0.5347723,0.40855932,0.7806498,0.25142658,0.37199074,-0.27852497,0.012446046,-0.011552387,-0.32853243,0.30803305,1.0051713,-0.51295906,0.2874,-0.52345103,1.3714013,-0.49141365,0.38926503,0.022852262,0.5919791,1.0097917,0.50540656,-0.1736641,0.35914752,0.21165447,0.29418176,-0.46880496,-0.23182794,-1.1475557,0.2735629,-0.66362137,0.14365721,-0.008908624,0.5505501,-0.38139695,0.96406984,0.2905155,0.12043166,-0.025094455,-0.57210505,-0.5733111,-0.6646641,0.053771503,-0.7075669,0.46891853,-1.1203023,1.1486815,-1.59043,-0.9219842,0.11254892,-1.1663232,0.49143314,0.02325814,-1.6227676,-0.5379154,-0.35450286,-0.2023929,0.91268104,-1.4004127,0.33125785,-0.51208603,0.7272905,0.0468546,0.12292768,-0.866242
0.90153694,0.22201174,-0.210751,0.37052113,-1.2314739,-0.22040959,1.5137694,-0.562389,-0.05432511,-0.5796241,-1.0133859,-0.95919865,-0.17325538,1.3404899,0.1545095,0.20761146,0.83340645,-1.2199129,0.021003978,-0.24674755,0.26424918,0.36418495,0.8786537,-0.10592412,-0.9740415,0.050519243,1.2800101,1.1171244,-0.39834854,0.40153047,-0.89813626,-0.13594785,1.2687749,0.024792003,-0.78033483,1.0876797,1.3252541,1.2748498,-0.3969837,0.09115389,-0.1077605,-1.0812951,-0.14956574,0.65080523,0.590744,-0.35277975,-0.27923986,-0.26032045,-0.8956835,0.057837714,-0.80316377,0.40458274,-0.6311075,-0.39997393,-0.93476355,0.34159508,0.3291474,0.13738681,0.67303485,0.44454452,-0.36017856,-0.547713,1.171473,-0.033455454,0.32704255,0.39133304,-0.70137084,-0.58110714,-0.36901584,-0.7227521,1.0822853,-0.51994324,0.7080723,-1.4093167,0.53320384,-0.773526,-0.3473395,0.017100623,-0.7948066,-0.635436,0.4276588,0.35494646,-0.08192091,0.3071743,0.121137075,-0.1971345,0.0017678989,0.38235235,-0.38443664,-0.21883376,-0.3458897,1.2794333,1.5865198,-0.8403276,0.7533072,0.98025787,-0.010258427,0.4440732,-0.30161119,-0.2910142,-0.71554095,0.8884595,-0.8343621,-0.796715,-0.6522808,-0.30301186,1.0054288,0.5447288,-0.84013546,-0.23192595,0.074502215,0.51466334,-0.7889495,-0.54643273,-1.4211056,-0.28172594,-0.1030433,-0.37784648,0.8073474,0.47323674,-0.533053,-0.11815507,-0.6820289,1.0692334,0.8694947,0.42931286,1.706178,0.18716855,0.36108553,1.0386405,-0.0015520499,0.3850991,0.25037155,-0.4821638,-0.042825002,-0.18942119,0.45594853,1.3134829,0.6562656,0.3942443,-0.6888508,0.5900618,-0.8512432,-0.39729497,0.75992584,-0.58307505,-0.32418516,-0.77571857,-1.3157591,-1.0909896,-2.59148,0.59051734,0.8605674,0.11512386,0.24657312,0.52693415,0.023049062,-0.18896538,-0.579951,-0.7776101,0.37257326,-0.1488906,0.41357738,0.06527004,-0.16484824,-0.50837946,-1.7622013,0.4759418,-0.8652033,0.07582472,0.44838077,-0.2071563,-0.21937549,-0.07752338,1.0490795,0.35440686,0.3423461,0.3220325,-1.0787141,0.931621,0.607257,0.004489912,-1.2363474,-1.3114585,0.14511031,-1.9977134,-0.55175596,0.26927128,0.9043235,-0.66927266,-0.12925191,-1.4247295,-1.0313361,-0.48626754,0.09107263,1.630082,0.11467697,-1.0335178,0.7152766,0.727479,0.21670069,-0.10906217,-1.1069885,-0.5093343,-0.34004712,-0.014702025,0.07471669,-0.52691305,-0.41793257,-0.14713179,-0.07027781,0.25099045,-0.7469089,-1.1644028,-0.45650992,-0.12969562,-0.6713075,-0.1138394,-0.48979145,0.3969028,1.4800363,0.26871267,-0.72735226,1.0887167,0.21580248,-0.5869398,-0.2173154,0.5412739,-0.4251927,0.0031375706,0.33482182,-0.11389914,0.1555622,-1.8420093,1.1499914,-0.6343487,-0.5397683,-0.5501105,0.21816221,-0.11649621,-0.38335794,1.2338989,0.6578924,-0.1178889,0.17175686,1.4797344,-0.27940607,0.005444233,0.33539966,-0.67706335,-0.00087757705,-1.1061466,0.21926717,0.8688352,-1.9022061,-0.2675011,-1.2208887,-0.43399462,0.55991465,-0.4187514
0.012352006,0.0056909434,-0.82331663,-1.0743369,0.27315152,-0.56646276,-0.2519378,-0.62219524,0.29886764,-0.24657063,-0.43086085,0.4592162,-0.5966142,-0.38683462,0.12991667,-0.52478474,0.10095504,0.64259386,0.4300987,0.22668493,-0.4374002,-0.8309637,-0.83748996,1.3593658,0.6530971,-0.34392193,-0.23082326,-0.88707054,0.7219079,1.3699627,0.60159135,0.50077593,-0.040835876,-1.437087,0.40919608,-0.14606678,1.3985789,-0.7534199,-0.78817743,0.4120864,1.1758789,-0.5036624,-0.45247945,-0.81601316,0.34202328,0.25107664,-1.0778894,1.0133034,0.49879274,0.860837,-0.59683686,0.6384284,0.18497206,0.21531066,-0.06228049,-0.33613658,-0.28945097,-1.1226989,-1.0010529,0.48167136,0.5846997,-0.043525767,1.0250036,0.1530594,-0.20009202,-1.1969392,0.22122003,-0.04933968,-0.49796602,-0.45185977,0.5385366,-0.67811036,0.02295315,0.57777834,-0.9314182,-0.598648,0.075949684,-0.6498977,-0.5390359,0.5019724,1.0954822,-0.3908368,0.03971568,0.800465,1.8449225,-0.9355226,-0.32023823,0.014500027,-0.75207424,0.49682721,0.16600972,-0.40620533,-0.37300545,-1.0014576,0.21212284,-0.33458707,0.97001266,-0.7196768,0.075311586,-0.7597711,1.0487533,0.5665341,1.1486031,-0.5834837,-0.6667494,-0.9113047,-0.9408551,0.21843931,-0.7407981,-0.4115107,1.0458608,0.07084674,-0.1442368,-0.7014739,-0.3520475,-0.5678119,-0.4942753,-0.27712506,1.3974961,-0.24665646,-0.21523523,0.08631148,1.0191623,0.81094974,-0.6496265,-0.3803971,0.071416356,1.2025138,0.76888484,-1.2462546,-0.467405,0.4349058,-0.49385718,0.11800209,1.0097717,0.3448481,0.21696773,-0.39094007,-0.7972943,-0.745406,0.35794538,-0.6250675,-0.8153297,0.2004282,0.17688869,0.4604024,1.0269568,-0.27192426,-0.35655627,0.3502748,0.8955019,-0.13976371,-0.4766547,0.8220304,-0.7072075,0.3554746,0.51943916,-0.6074496,-0.77453536,1.1135592,0.57984054,0.5045996,1.1986376,-0.8077043,0.18217885,0.35980934,-0.7336907,0.17300609,0.803955,-1.0170492,-0.050939403,-1.2278949,-1.3721483,0.12611717,0.6040742,-0.28782964,0.021099277,0.5551115,-0.46059683,1.5026364,0.46368828,0.94021815,-0.62544376,-1.0121939,0.34825492,0.07823221,0.19938815,-0.88413596,1.1746436,0.8871657,0.2795348,0.96637326,-0.6238369,0.13528883,-0.18832594,1.0515798,0.456072,0.9109798,-1.053989,0.17593235,-0.3963065,0.072303355,0.05707602,-0.7011367,0.08247993,1.1848007,0.051240735,0.6409888,-0.3567388,-0.66135925,0.43354097,-0.009121252,-0.07656058,-0.63093936,-0.8469655,0.82940024,-0.788053,0.9994498,0.1070052,0.83763146,-1.1705049,-0.7399806,0.5301386,0.8208462,1.2030479,-1.3220848,-0.883739,-0.21804816,0.08725607,-0.101335,0.2919741,0.7432466,0.053218085,1.3750226,0.7734393,0.5214065,0.9663506,0.12807186,0.8324315,-1.7145568,-0.57915944,-1.537888,0.74851686,-0.34557799,-0.7842149,0.6168404,-1.4723295,0.08733531,-0.46523637,1.1855003,1.0907806,0.3832,1.001043,-0.4548219,-0.28702942,0.31530237,-1.3865724,0.71001107,-0.34902555,0.60973734
0.34086317,0.121794574,-1.29052,-0.66209215,-0.78940624,-0.21067895,-0.31938967,-0.47609428,0.17124785,1.2148516,-0.06645762,-0.8721476,-0.37060046,1.1683408,-0.6343241,-0.8799194,0.2661362,0.8318551,0.2899223,0.87062436,0.009725532,-0.44089025,0.63046736,-1.4841433,-0.5448187,0.24363878,0.654235,-0.46253985,0.85594517,0.17159598,-0.108969375,0.7156343,-1.1617645,-0.23601273,0.39046463,-0.43363407,0.6191883,-0.4123624,0.5970289,-0.08141773,-0.12807798,0.7938653,0.66592014,-1.0661105,-0.4528271,0.44451714,-0.77697134,0.25385547,0.003759758,-0.68371403,-0.9859611,-1.156656,-0.39680567,-0.6675599,-0.347211,1.4634969,0.88795584,-0.78530353,-1.4572546,0.29637486,-0.86813146,1.5781912,-0.1793251,-0.71390337,-0.57043624,-1.0098711,0.12422268,0.08518326,-0.12941931,-1.2490621,-0.8504228,0.34936044,-0.09563013,0.15821935,-0.22033754,1.0186936,0.31081626,-0.5069281,0.09666696,-0.32558727,-0.37811792,0.24619275,0.11905148,-0.68674207,-0.39984477,0.5716486,-0.3793979,0.21049777,-0.87763387,-0.98942244,0.16226205,0.29737636,-0.4175633,-0.3970959,0.8239359,-0.35547084,0.5963738,0.65289557,0.26188985,-1.1888407,-1.6553062,-0.28218392,-0.36747205,-1.3189396,-0.9742625,-0.5576739,-0.5225606,-0.4863797,-0.3463473,0.1813672,0.3978057,0.48867756,-0.17758834,-0.17823502,0.16425802,0.4341956,0.055695143,-1.3677944,-0.7106574,-0.92348313,0.89502555,0.13985683,-0.60045385,0.2195949,0.7767937,-1.2014393,-0.3693357,0.31310564,-0.086855166,0.21464002,-0.77618366,0.75456786,-0.0014854615,0.8531323,-0.054200165,-0.17254063,1.4160373,1.4128593,0.64472735,1.3601365,0.37748182,0.8262513,0.039081905,0.22315352,0.41635782,-0.86518365,0.037846934,0.117746286,0.11618006,0.38353786,0.12758479,0.27461648,0.7110145,0.7690191,0.48530585,0.1961649,-0.12574302,0.08571014,-0.5398284,-1.0532262,-0.43735966,-0.5121452,0.1782485,0.034540758,0.49553615,0.55038095,0.3929268,-0.76499015,-0.5128629,-0.71769756,1.1047306,0.78282094,-0.4428253,-0.098855995,-0.9755524,0.93272966,0.40892673,0.08111602,0.012873899,-0.7197946,-0.8712658,1.070535,0.68106425,0.48660842,0.72560114,-0.8541382,0.7307729,0.75349945,-0.9423165,0.28941655,1.1748967,-1.0491623,-0.9387205,0.58888257,0.117780745,0.121311314,-0.057165854,0.8217571,0.23446956,1.1191826,0.18815807,-0.33895048,0.7045424,-0.6249077,-0.24696961,0.803771,0.11287215,-1.376779,0.40734103,-0.7303958,0.06593364,-0.46811804,-0.5912024,-0.07134911,-0.1327866,-1.1704425,-0.9729439,0.32309955,-0.6212831,0.36449522,0.9022939,0.08848352,0.61118865,0.9958003,-0.5255667,1.2058804,1.6189041,-0.33211613,0.30118102,0.31218806,0.46601176,-1.520028,0.67934877,-0.4633738,-1.0743561,0.34290072,0.2069315,-0.21192949,0.6900262,0.29762647,-0.40835857,0.15769942,-0.78120136,-0.711255,-0.2660419,0.0060437587,-0.031667434,0.568152,0.56845754,0.14823796,0.5861197,1.0383239,-1.2189857,0.042594265,-1.2598108,0.7169779,0.860903,-0.57442987,-0.7003453,0.08785951
0.47882214,0.078502856,0.7032915,0.10502659,-0.29076853,-0.9982787,-0.0478704,0.31510305,-0.90217865,-0.26206234,-0.025117619,0.4358485,-0.12919506,0.059451297,0.39310217,-0.6014272,-0.20553485,0.44441316,-0.9321831,0.8479944,0.13991666,-0.14185706,0.41289145,0.035369933,-1.2191218,0.091867544,-1.2983686,0.35799786,0.83440834,-0.047429763,0.8174694,-0.09327632,-0.87748563,-0.55547076,-0.42675743,0.044745546,-0.8755628,-0.060029604,-0.08832011,-0.08814809,-0.40014172,0.28354323,-0.28327698,-0.4842443,0.019462617,-0.1474753,-0.54628175,1.1457635,-0.12192498,-0.66384494,0.7174495,0.44754606,-0.5998915,-0.49825785,-0.16643211,0.52210873,-0.25081348,-0.11735501,0.52775824,0.053787638,-0.09907105,0.15789826,0.66207784,0.40038356,0.5253798,0.59341186,0.45121402,0.7842427,0.37983382,-0.35086703,-0.17022268,-0.79555666,0.19916794,0.20280655,-0.665916,-0.06481293,0.36529827,1.3010719,0.54043746,0.46628857,-0.33256292,-0.13923848,0.08197498,-0.54466194,-0.2013632,0.16987063,-0.9907127,-0.14290601,0.37307844,1.1367971,0.06557,-0.281182,0.24739122,0.72114366,0.37972665,-0.77923745,-0.7593594,-0.16373768,-0.9967729,0.039110307,-1.4832964,0.03283345,-0.24667795,-1.5363203,0.41914192,-0.060744945,-0.651079,0.24931705,0.43709686,0.10566296,-0.6344081,-0.12313811,1.0723026,-1.3062028,-0.47847345,-0.74306214,0.8305937,0.31292304,0.69274133,-0.14658085,-0.6261374,0.5266726,-0.49189335,-0.719323,0.2582546,-0.87390345,0.45096597,-0.35125986,-0.7949499,-0.46042177,-0.3950159,-1.1880858,-0.71698314,-0.56152225,0.16229804,-0.6335796,0.071034774,-1.4388542,0.9205208,-0.7589205,0.47083005,-0.32822734,0.16641103,-1.309848,0.7021758,-0.18541187,-0.14927132,-0.7864406,-0.15706871,-0.09414558,-1.1642889,-0.35625947,0.13386895,0.33067572,-0.45822814,-0.15237749,-0.18029027,-0.6992141,-0.3440867,0.4123477,0.090545535,-0.43540555,-0.79807556,-0.43136495,0.26559758,-0.072168835,1.4224899,0.5857975,-0.36566237,-0.05538351,-0.4724709,-0.4122643,-0.40172052,0.8187254,-0.9914573,0.9925642,-0.01006512,0.123842865,-0.13571008,0.41641983,-1.1887845,0.21771319,-0.14864121,-0.64406604,-0.21848305,-1.2321652,0.69996786,0.29204345,-1.2313004,-0.6666258,-0.79250216,-0.44807008,-0.47354674,1.8745784,-0.6194382,1.3018453,0.2796594,-1.2436999,-0.027291687,-0.24750844,0.19769228,0.47799474,0.61707723,-0.4812201,0.8879513,0.20488009,-1.034444,1.3273419,-0.24734469,0.63370925,1.1987978,0.15243769,0.55537516,-0.7362895,-0.5381026,1.0038981,-0.66236854,0.42473093,-0.64164525,-0.54296374,0.7548104,-0.0022943018,-0.5988039,0.4155941,-1.2833087,-0.68258154,-0.14115986,-0.7963586,0.6243874,0.15320966,1.0848473,-0.3336464,-0.39814365,0.16250437,-0.16398813,0.43120265,-0.14310342,-0.26679817,0.44013062,-0.4014226,-0.27031884,-0.1326596,-0.24225298,0.15269047,1.1331439,-0.18232971,0.5272151,0.24945003,-0.5488829,1.4072405,0.9532016,0.06320935,-0.66124487,-0.40033296,1.5287176,0.19545862,-0.013735041,0.72964656,0.51145434,0.43154272
0.35310557,-0.295497,0.4689925,0.74967146,-0.32920203,-1.0041894,-0.11387858,-0.34791094,-0.16252443,-0.5078968,-0.24702865,1.4653676,-1.0018196,0.7482628,-0.1712168,-0.058781613,1.805046,0.37693998,0.5930493,0.41431245,0.6630655,0.8735041,-0.2842947,0.85482395,0.13074598,0.14380173,1.1416799,-0.24595185,0.8346774,-0.97141707,0.17208113,0.5848752,0.5369716,-0.24437755,0.43366662,1.2470727,0.38919464,0.12691422,-0.32287088,0.037412602,-0.1257224,0.17822614,0.02275399,0.9147385,0.5873887,-0.24455366,1.276363,0.12302584,-0.3017596,-0.95231766,0.18978001,-0.040531002,0.3551314,0.8522639,0.2927361,0.3825056,0.3526106,-0.93628556,-0.7549087,0.8896644,0.44080707,1.272016,-0.10306276,0.2139732,-0.5869861,0.686235,-0.64321744,-0.5681159,-0.014634904,-0.39408347,0.8349593,-0.1825047,0.023987824,0.5129484,1.0289328,0.5679339,0.2115388,0.80119336,0.28664723,-0.52992266,0.19030301,-0.37526843,-0.58426225,2.7208445,0.8145609,-1.1758661,-0.11073635,-0.39919654,0.6027279,1.0881405,-0.5124554,-0.3177839,-0.32455826,-0.52716166,0.67470205,0.33338165,0.25180593,0.3183311,0.4623822,-0.016903285,1.9888476,-0.1251171,-0.19064769,-0.34695023,-0.98266673,0.6017463,0.24906445,-0.17049168,1.4783216,-0.6224177,-1.7845783,0.025636485,-1.126808,-0.93915,0.3080305,0.26943234,1.0047842,0.68237305,0.95574474,0.6739025,-0.5294286,1.6360996,-0.4274163,-0.4708798,0.120677784,-0.25374085,-0.48703507,-0.35847464,1.0040498,-1.1801642,0.075907625,0.19829148,-0.06416734,-0.44495362,-0.75489485,-0.38901788,0.7083461,0.123921834,-0.78159344,1.9241253,1.7106876,0.15077668,1.4500836,0.51266986,0.94474334,-0.8596541,0.95190746,0.3144195,0.79635936,0.002324726,0.0059585543,-0.87050295,-0.21750726,0.46106938,0.036066104,-1.2435414,-0.52928805,-0.7426668,0.48691243,0.52627945,0.15435424,-0.955641,0.5117024,0.8625041,-0.47658584,-0.32190084,0.72253174,0.5037128,0.7802198,-1.0189009,-0.941321,-0.89723194,0.15754376,1.7917916,-0.9523532,0.3061429,0.10523505,-0.7363791,1.9599646,1.5893698,-0.14330906,-0.36611766,-0.17373411,1.3446848,-0.2928002,0.09200828,-0.3816074,-0.67614293,-0.5315608,0.6829827,0.43582177,2.26933,0.11008002,-0.6445073,-0.5951105,0.2606181,-0.9872525,-0.06133204,-0.044949614,0.03443216,-0.7588961,0.18113136,0.54083544,0.34468818,-0.49569097,-0.6027792,0.5085679,-0.99396604,0.54089594,-0.0661311,-0.16431022,-0.85421914,0.25807276,0.9484123,-0.5358941,1.595175,-0.3967066,0.002739004,-0.32772905,-0.17512417,0.38220426,-0.3262651,0.13178127,-0.37746426,-0.66751474,-1.3369234,0.75637573,0.5849571,-0.1799194,-0.3649701,0.9495464,-0.5341824,0.39308304,0.43344873,0.16354112,-0.54282266,1.6291969,0.68942434,-0.016195418,-1.0521791,0.7054576,-0.5530735,-1.0586545,0.9822631,0.16574194,-0.076167524,0.187695,0.6828553,-0.7696156,0.6796524,-0.54836375,0.55612075,-1.2873474,-0.43136147,1.4988012,-2.1207592,-1.0845175,0.30343032,0.2986423,1.2330519
1.4361055,1.5167855,-0.64786965,-0.2946039,-0.8810405,-0.9200487,0.5482188,0.5133065,0.6724813,-0.8066431,1.0224359,0.6110335,-0.19878861,-0.22650194,-0.8842386,-0.9428076,-0.6940862,-0.03214387,0.66004497,0.91103923,-1.1190763,0.74560887,0.35471177,0.25182143,-0.63558406,-0.68019134,0.53121334,0.091341004,-0.7405868,0.008060448,0.1834165,0.7042283,-0.10735306,1.5715749,-0.342161,0.6273607,0.7435555,0.7763724,1.2775795,-1.5946273,-1.0819659,-1.001832,-1.1681314,-0.33822265,-1.2361974,-0.1978288,0.075250864,-0.8617942,1.2758603,0.17608422,-0.061473157,-0.012308251,-0.54113775,-0.9012256,-0.19930594,-0.1251644,0.538129,-0.61723506,0.076891266,0.0324513,0.60798365,-0.669759,0.86788493,-0.08236612,0.1013939,1.5406338,-0.59475905,-0.36534804,-0.19038314,-1.7585579,0.41999394,1.0329759,0.58240926,0.23684128,1.0571039,0.12004922,1.2416095,-0.11492372,2.301607,0.58505374,0.1486717,-0.14284976,1.2674828,0.56337845,1.1381197,-0.03692248,-0.9646148,0.63083845,-1.0977777,0.38544324,-0.25411782,-0.92391413,-0.53731877,-0.27850607,1.3440204,-0.2512549,-0.3048877,-0.7114242,-1.4442029,-0.28208387,-0.8809962,-0.45827806,-0.77097595,-0.000112765236,0.3947861,0.23538397,0.55652314,1.964423,-0.118515894,-0.94119406,0.38817093,0.13704993,0.25783372,0.41154695,-0.0712799,-0.4671469,0.6062009,1.7178952,0.62515783,0.087802514,0.88183916,0.18708053,0.15640633,0.13720647,0.5010042,-0.3798674,0.22248526,0.222139,-1.7434165,-0.24295384,0.13064179,0.44920248,1.1718378,-1.1425089,0.0037936678,-1.6890038,-1.8840699,-0.3716767,-0.942636,0.063095994,0.000982039,0.09983002,1.656962,0.8481857,0.7132382,0.2739425,1.4141034,-0.16389291,0.19195676,-0.11351829,0.7531462,-1.0060005,0.4844152,0.13337336,-0.32125473,-0.0063017793,0.88760215,0.04874456,-0.60134363,-0.7158872,-0.10605348,-0.029697489,-0.74966675,0.61869454,-0.1577588,0.14099552,0.87759584,-0.54864544,-0.52624613,0.0125738615,0.4857499,0.08957796,-0.44048667,-1.4990281,-0.42542768,-0.28810418,-0.5816508,-0.3828124,0.9842156,0.5538058,0.08408919,0.5105434,0.6767622,-0.03185491,0.08553923,0.15382299,-1.2872258,-0.10218428,-0.35582468,0.5833739,0.18162628,0.2759776,0.15285832,-0.86386114,0.27247605,2.057282,0.18912004,-0.6308743,-0.6701317,0.16266334,-0.17583513,0.24598774,0.12303398,-0.2797197,0.61601084,0.22492774,0.7402418,0.8107128,0.61654365,0.15138525,0.32500866,-0.23153022,0.37066698,-1.2476592,-0.13791595,0.25316972,-0.6293501,-1.2671826,0.19183739,-0.11885332,0.26648223,-0.15056069,-0.34691885,-0.55082935,-0.08803874,0.44047445,0.053816266,-0.7501418,-0.8226824,-0.7697262,-0.9089375,-0.04187069,-1.5826769,-1.0159765,0.08256299,-0.49820834,-0.2210078,-0.18970382,0.32253015,1.3574772,1.2535967,-0.389879,-2.7442849,-0.45802352,0.5052715,-0.3205535,-0.6783751,0.07519541,-0.23211804,-0.7400032,0.33998612,-0.40567166,0.2788093,-0.3368426,0.24606824,0.022097535,0.60648257,-1.6428287,-0.2564335,-1.2361981
-0.19424269,0.69205016,-0.43674994,-0.06875333,-0.34569094,-0.18846789,0.3907434,-0.57188386,0.018669115,0.19729696,0.27070394,0.8040315,0.23018321,-0.25546145,0.30432275,-0.048445612,-0.35529768,-1.7225059,0.025995225,0.19358605,0.21502179,-1.3036282,-1.5042374,-0.1646833,-0.32682464,0.27325132,-0.87760127,1.4932237,0.97662544,-0.28751138,-0.16735208,-0.5387177,-0.3528815,-0.19844332,1.5602777,-0.22581254,0.2645552,-0.5737472,0.4301341,-0.3844122,0.008324908,0.5989864,-0.42940015,-0.08273041,-0.29596588,1.1314392,0.4990578,1.0213292,0.2845667,-0.6234964,0.7413694,0.03425087,-0.2854521,0.27419665,-0.36715174,-0.7352919,1.0154545,-0.025992854,-1.5472969,-0.31307212,-0.7008553,1.4046681,-1.1096778,-0.24849908,-0.3978048,-0.30550718,-1.4211727,-0.8758711,-0.13430098,0.32740262,-0.7325228,-0.082587875,-0.58374107,1.4038283,0.07594894,0.7743884,-0.34039617,-0.30989063,-0.24081036,-0.26684195,0.37917808,0.30659688,-0.5414073,1.1913059,1.3992144,0.45236593,0.29045367,1.083355,0.45875958,0.10246956,0.7979048,-0.07389603,-1.3402284,-0.3130069,-0.23692982,-0.85665387,-0.48597628,-0.42069814,-0.8578936,-0.032102685,-1.0293944,0.09870962,-0.28412083,-0.39626694,-0.33752877,-0.20618714,0.9773569,1.1290674,0.058779445,0.041215457,0.76970005,-1.2173975,0.21801242,-0.37910706,0.18067797,-0.6351044,-0.36565006,0.19737369,1.2035847,-0.27593073,-0.28319594,0.08687097,-1.0863773,0.2347325,0.11112045,0.021296341,-0.3817051,-0.11453327,0.16263752,0.5822018,0.14880669,0.6805998,0.56982327,0.054891847,-0.15284652,0.5157489,0.43489718,-0.46430454,0.7954858,0.37502486,-1.6014925,-0.17338341,-1.0117704,-0.35342917,0.42621115,-1.4427123,-1.412389,0.6314237,0.7247426,-0.22909859,-0.34071785,0.13151734,1.2945496,-0.141427,0.088796854,0.5547729,0.18371432,-0.6036903,-1.387643,0.22966282,0.36537167,-1.2545292,-0.9493169,0.61560243,-0.98880196,-0.37777388,-0.022246035,-1.699384,0.12241451,-1.0993997,-0.25049034,-0.08976837,0.2613666,-0.20935994,-0.5194983,-1.4183886,0.23960252,0.057669982,1.4012872,-0.68248785,-1.0305159,-0.36590526,-0.5358938,0.121940956,-0.7616097,-0.51937187,-0.8702735,-0.5924833,0.98567957,0.14399903,0.046699986,-0.6675449,0.4578497,0.15641518,0.90229297,-0.9982433,0.6388102,0.36735705,1.5366868,-0.35716158,0.18696137,-0.19156286,0.06269194,1.3844746,-0.908613,-0.27691364,0.5016198,-0.1425502,0.9485842,-0.26855057,-0.86509615,0.42060676,0.1482891,-0.7404649,0.54772377,-1.19591,0.15797761,-0.11699259,0.029776003,0.048820145,0.5604484,-0.39407128,-0.71317995,0.37897566,-0.91073996,-0.107583985,0.26568753,-0.17690647,0.563822,0.32586917,0.80501044,1.7456242,-0.18089399,-0.8042051,0.5071879,0.049861144,-0.403394,0.88659793,0.3983871,-0.06511481,0.20543136,-0.7826284,1.5843362,-1.1015917,2.0073438,0.76018834,-0.83003736,-1.1486322,1.550237,-0.6659209,0.041003913,0.15569898,1.3523176,-0.51370984,-0.48146293,0.7244318,-0.16737138,-0.37757802,0.9513467,-0.71423733
0.41578582,-0.51757693,-0.17097366,-1.8821149,0.6017346,0.40149155,-0.5550383,-0.60731703,-0.76491433,-0.10161891,-0.7157687,0.5005677,1.221685,-0.47010362,-0.914764,0.023227189,-0.3096614,-0.12172462,-0.6712312,-0.31393826,-0.8964066,-0.7248487,0.11349036,-0.42090458,0.41618204,0.31757018,0.30153552,0.5714453,1.0662582,0.6546464,0.39705375,0.7165999,0.7765668,0.07668294,1.8114812,-0.38212943,0.0067750444,-0.8841835,-0.266435,0.29494914,0.34073353,-0.6320156,0.81465375,-0.8198998,0.3213037,0.46596965,-0.584792,0.25775224,-0.25616047,-0.08120495,0.24233565,0.7127578,-0.5141938,1.1374654,0.48122185,0.5091438,0.19014648,-0.2482568,0.018525526,0.101163276,0.34575492,-0.32870272,-0.2754963,-0.44949535,0.9643659,1.0235003,-0.84009904,-1.4645168,-0.32603365,-0.44613704,0.36183482,1.4753115,0.035141304,0.06167943,-0.67773014,1.2298123,0.47659454,-0.4917732,-0.18313216,0.77126867,-0.032262523,0.057827745,-0.5659658,0.6881458,1.9543548,-0.0981708,-0.22821291,0.29140422,-0.074614316,0.5134021,-0.34609354,0.22633222,0.43463257,-0.22525923,0.5141372,-0.65532184,0.55934536,-1.5193907,-0.76028574,-0.24283037,-1.9899541,-0.4051573,0.24847531,-0.4061905,0.022292271,0.14098263,-0.3671407,0.35818774,0.18285242,0.02655196,0.3997975,-0.25909284,-1.3879111,-0.33383873,-0.13460258,-0.21030192,-0.52619076,0.38959423,-0.9150929,-0.22569199,-0.54338396,-0.5630975,1.0296111,2.0066504,-0.22915773,-0.21056096,-0.04090363,0.33610153,-0.03490376,0.84063566,0.074802004,0.33899537,-0.39852086,-0.9413108,-0.09312292,-1.1002737,-1.0944005,-1.1504103,0.6171522,0.23675598,0.34558728,-0.32417312,0.8253835,-0.6364385,-0.9848327,-0.7988098,0.41484976,0.034110636,-0.54680085,1.1331841,0.3962988,0.51489645,-0.16490884,-0.019925827,0.56463695,-0.7386799,0.55273855,-0.8799504,-1.085173,-1.3123302,-1.3060583,-0.8176754,-0.17486021,1.3885161,0.893531,-0.91838086,0.35106748,0.8364496,-0.51732475,0.45179603,-0.09927225,0.65255535,-0.09370822,-1.3935469,0.7310553,0.2630141,0.28529608,0.42299864,-0.20811452,1.2157838,-0.47768554,-0.022233307,0.7481098,0.8312921,0.7142332,-0.57950306,-0.18686973,-0.29451042,0.381872,0.313324,-0.2362214,-0.23617923,0.39911324,-0.31209517,-0.91235775,-0.5267304,0.21329243,0.060467847,-0.05531552,-0.98591673,-0.24321489,-1.2038388,0.6427135,-0.2810911,-0.22022034,0.5696082,-0.9056379,-0.7117025,-0.13180941,-1.2071105,0.31653032,0.0769389,0.3309573,-0.16095537,-0.09097507,0.23544858,0.8188317,-0.61395234,0.32537535,-0.7683809,0.37289128,-0.38932458,0.33325633,0.56552815,-0.3234626,-0.06968917,-0.3479824,0.46364647,0.014595064,-0.44466755,1.0785639,1.4372698,-0.16064581,0.056579277,-1.7452066,0.37204298,0.20918737,0.11528053,-0.051988557,-1.1898267,0.92087287,-1.6499571,1.2646335,0.08557309,-1.1396706,0.18078765,1.2215647,-0.444817,0.22955553,-0.24815333,-0.033266686,-0.6796643,0.22819272,0.42710567,1.897278,0.27172318,-0.042406596,0.11697528,1.2338939,-0.015500109
-0.30256525,0.13785161,0.3799682,-0.0018406465,0.078045085,-0.6101476,0.08766485,0.14681372,-0.36014044,-0.33024427,1.0924506,1.5135461,-0.19990058,-0.61463636,-1.1947929,-0.7359088,-1.6738889,-0.5527449,-0.591344,0.49098024,-0.88947695,-0.357014,0.31349114,0.05017858,-1.2695862,0.5601342,0.2610713,-0.625106,-0.26479092,0.2468907,-1.2114836,0.15469015,-0.30314076,0.3304449,-0.9960536,0.010564405,-0.8057759,0.06990071,0.33636004,-0.5786698,0.62579435,-0.36406377,0.6898554,-0.49246925,0.7103326,-0.30441388,1.1763033,0.016613165,-0.55564976,1.1229908,-0.31501117,-1.268419,-1.6840534,-0.34167793,0.08944595,0.22844858,0.3982989,0.47650042,-0.54937404,0.42884958,-1.0015559,-1.685957,-1.806382,0.9518877,-0.6596165,1.1357454,-0.39693952,-0.22079629,-0.6716132,0.7507412,-0.78669643,-0.18405546,0.96290153,0.90354186,-0.64194006,-0.8875998,-0.27981043,-1.1985888,-0.47444654,0.9044903,0.23116711,-0.59387773,-0.029074416,0.099082746,-0.14962733,-0.4363204,-0.19795309,-1.3452259,-0.46042147,-0.48864248,-0.13129337,-0.23780204,-0.20059153,0.91977674,0.38120463,-0.18220659,-0.36681458,0.9056093,1.1441324,-1.1541942,-0.28140265,0.35801008,-0.06864387,0.056398463,-0.6029733,0.4606103,-0.8554,0.48042727,-0.053611808,0.21805245,1.6373578,-0.021293852,0.09249919,0.00572991,-0.19483197,-0.49306554,0.2695377,-0.09662128,0.50592786,-1.3068345,0.08889707,-0.93158025,-0.17501219,-0.4550026,0.57546526,0.7585354,0.62486947,-0.0116243195,-0.2678791,0.24976042,-0.12812386,-0.39451575,-0.41450772,0.4429909,-0.6060954,-0.31720948,-0.119206496,0.99738896,0.94387555,0.3383956,0.4486843,-0.21785949,0.2321454,-0.2732729,0.5118718,-0.25100458,0.5379634,-1.3374367,-0.08092329,-0.077298075,0.46293408,-1.4283886,-1.0742824,0.2393887,-0.020503009,-0.003207272,0.431281,-0.044612948,-0.44089732,-1.6533933,-1.032758,-0.94951344,0.8063977,0.19646837,0.15762334,-0.03869249,0.30738327,0.8269685,-1.6950474,-0.68397534,-0.32928404,-0.9430947,-0.062583186,-0.40119818,-0.2671286,0.36421028,0.6185797,0.54077053,-1.6002632,-0.022040332,0.2834222,0.42926976,-1.0071877,1.138831,0.18867481,-1.5711291,-0.6739691,0.6237261,-0.6379398,0.41958505,-1.3209454,-1.4341902,-0.33004823,-0.7661791,-0.06890495,-0.40188372,-0.036304973,-0.12344781,0.24906191,-0.7834862,-0.5226005,-0.11512599,-0.15431426,0.3023092,0.27542835,0.0671488,0.0813612,-0.7563388,-0.35877514,-0.021437207,0.12557358,0.75965995,0.16074039,-0.92426795,-0.755301,0.08181061,-0.5577918,-0.28888798,1.1395972,0.555934,-0.5312156,0.9808845,-0.18942481,-1.7979856,0.1786725,-1.0911727,-0.7358867,-0.45655945,-0.9815575,0.001748523,0.5919365,-0.8052447,-0.47662595,-0.8134723,0.08973605,-0.84240234,1.723197,0.639598,-0.6499065,-0.32597554,0.5341689,-0.38192004,0.54025185,0.85273224,2.3531556,1.3708676,-0.31477678,-0.33645838,0.7121279,0.19508207,-0.14042205,0.37518382,0.19043133,-0.42878523,0.73756486,0.681164,-1.5535672,0.8377388,0.5070382,0.09662022
0.46145964,0.8257958,0.56607246,0.16864301,-0.27245036,-0.06342497,-1.0802256,0.40082884,-0.2964585,-0.5115612,1.1598272,-0.5025695,0.05616137,-0.15566057,-0.5093821,-0.36918598,-0.18535388,2.2751844,-0.35389155,-0.034594987,-0.07376379,0.29778782,0.5547542,-0.7519181,0.051430646,0.583843,-0.15752621,-0.30682433,-1.0539551,0.3757115,0.21751957,0.14490233,-0.25225258,0.8517938,0.33166757,0.07784374,1.2014906,-0.4750921,-0.8511246,0.5707309,0.009374609,0.4321604,-0.6621518,-0.85321903,-0.51093346,0.21348089,-0.61117244,1.5842494,-0.9484108,0.42130208,0.06310483,-0.8112076,-0.5528135,0.44763663,0.103553265,-0.6942658,0.33477673,-0.4568113,-0.8468775,-0.10674288,-0.6471304,1.2822422,-0.05165956,1.5553029,0.36430734,1.2828621,0.3094256,0.9610163,-0.1217601,-1.2755271,0.6392964,0.2015637,-0.8391865,0.025229897,-0.98581576,0.45789707,0.11627206,0.28442234,0.06955419,0.06884607,0.120275795,-0.20572598,0.47410378,0.30147424,-0.5907283,-0.68125737,-0.8468414,-0.6494003,0.0538956,0.35249543,-0.10243634,0.13502567,0.075784005,-0.4727624,-0.2544494,0.10760623,-0.75027335,0.51387215,-0.6282185,-0.719202,-0.6816936,-1.5039536,-0.8557983,-1.041716,0.6764352,0.1840218,-0.5315235,-0.64836276,-1.7327199,-1.2484621,-0.44833934,-1.4984173,-0.054148156,-0.13768713,0.20674764,-0.45434728,0.5774326,1.5369432,-0.24525025,0.4973134,-0.2373752,0.29464063,0.053581793,-0.6323477,-0.034212615,0.29974744,-0.26867807,0.03978953,-0.87306595,-0.2878774,0.19549777,-0.26804286,-0.1176093,-1.0335821,-1.2016169,0.26383457,-0.085583426,-0.44829527,0.0791858,-0.26628527,-0.5904011,0.65744025,0.3745137,-0.61851805,-0.046201497,0.057832446,1.3810107,-0.7363422,-0.99406636,0.010386754,0.21502383,-0.040889617,1.4843175,-0.09092435,0.09171523,0.30798924,2.1431532,0.21506613,-0.2867066,-1.0233903,-1.2618629,-0.47434366,-0.5657565,-0.3974858,0.3929377,-0.8573875,0.16385093,-0.5960959,-0.24558179,0.9622649,-0.31036702,-1.0301533,0.27361128,1.2166482,-1.4627851,-0.24347322,0.36347705,-0.0063938987,-0.44456917,-0.4627979,-2.0095274,-0.2246713,0.06040038,0.07009016,-0.012666887,-0.20465006,-0.0054646465,0.43665972,-0.8394464,-0.6592771,0.70747435,-0.2771108,1.1303993,-0.115426295,0.49497077,-0.17582488,-0.16629088,0.53354883,-0.20338199,-0.6123598,0.9347591,0.24719366,-0.6773139,1.7180154,0.0891815,0.29948878,0.118719295,0.72346926,0.086724415,0.6099168,0.025940742,-0.75825036,-0.23836567,-0.49708617,0.43240964,-0.13044392,-0.21943763,-0.88932586,0.4213753,0.14165366,0.2364624,0.4433913,-1.1668783,0.0921479,-0.33124584,-0.30366975,0.09396454,1.0070468,-0.6736508,-0.9933616,-0.95775396,-0.71665996,0.36554483,-0.07840711,-0.016661514,1.1340561,-0.24071728,0.30128658,0.11340734,0.7653536,-0.013994569,-1.5735482,-1.0312746,-1.1111414,-1.17574,0.1819192,-1.5465616,0.48506632,-0.26929304,-0.47833443,-0.03831562,-0.12617992,-0.17610583,-0.07132926,-0.62862116,2.7313676,-0.37927982,-0.8092049,0.69954914,-0.24084488
0.392298,0.99175084,-0.78963965,-0.31108087,0.45416325,0.4584128,-0.18142578,0.5199638,-0.06560802,0.40777007,0.3529159,1.230115,-0.4314971,-0.5546949,0.3114341,-0.6281942,-1.2449343,-0.6341075,-0.6696348,0.12217319,0.34531865,0.5579717,0.66881365,-0.33523878,0.6366099,-0.42287982,0.28564218,0.50909376,0.54217446,-0.6387155,-0.67634124,0.42292657,0.8978626,-0.74555814,0.31223804,1.0734636,-0.5173183,-0.60972613,-0.53064626,-0.48847413,0.48179826,1.2851487,-0.367542,-0.26102465,0.84673226,0.4866056,0.57548887,0.15255128,-1.3249859,-0.7261701,-0.24614957,-0.74538285,-1.1061655,-0.61345744,0.12162334,-0.2595441,0.532971,-0.5678534,1.5132753,-1.697563,-0.2571787,0.6934714,0.5471778,-0.21000193,-0.5909106,-0.80400777,-1.4288453,0.63646555,-0.3466339,0.012776886,-1.2688186,0.97846633,0.8425894,0.9638142,-0.40121412,-0.13552634,0.25239065,-0.5970149,-0.01797268,0.94390255,1.0190606,0.48005378,0.8560227,0.8802213,0.40928274,0.26199356,-0.5008972,0.34081382,-0.15031585,-0.7276121,1.2469217,-0.47480476,0.14668503,-0.6029526,-1.2689693,0.566073,0.029939143,-0.3665199,0.8036903,-0.070291,-1.1655835,1.605742,-0.11221072,0.08151465,-0.16114925,-0.53063536,-0.07638601,1.079154,-0.45584482,0.5201545,-0.7081372,1.5348451,-0.61154896,-0.63022137,-0.6682875,-1.0341036,0.3782921,-0.43804997,0.24212863,0.33261952,-0.35105735,0.51656526,0.085959755,0.086383864,-1.7423842,-0.08981937,-1.5648472,-0.56991994,-0.5059597,-0.1324237,-0.94979554,-0.34479323,-0.053797007,-0.11631724,-0.77021044,-0.8082178,1.6698374,-1.1608089,-0.6546225,0.00062412495,-0.583322,0.5123859,-0.9788491,-0.21444224,-0.15942235,-0.6423934,-0.42582086,0.29720315,-0.687224,-1.1290586,0.83862114,0.32694557,0.85113525,1.0519639,0.40799356,-0.8726387,-0.5284462,0.96450955,0.084223874,-0.72397786,-0.4768364,-0.07052886,-0.09010533,-0.4031779,-0.16085099,-0.5469543,-0.45961854,0.3221388,0.007005552,-0.21179539,0.9175505,-0.855782,-1.0934664,0.5328823,0.030976765,1.0924165,0.7445978,0.3808149,-1.1566403,-0.5013331,0.7931135,-0.6712627,-1.1191297,1.0933104,0.77184886,-1.2817924,0.03490443,-0.026260417,1.0848833,-0.0013154662,-0.4914097,0.7178617,1.2616247,-1.1700326,1.0906478,1.216363,1.2000448,-0.64200145,-0.6492375,-0.55299574,-0.25703344,-0.21382827,1.5804904,-0.17601317,0.33574316,-0.78142947,0.1602518,0.93875724,-0.17767084,-1.251348,-0.11836386,-0.39512232,-0.72039133,-0.97391003,-0.058070827,0.41647154,0.11903849,0.0652543,0.45636818,0.11519517,0.7950711,0.9212532,-0.07745709,0.8789548,-0.7965709,0.42191952,0.5961398,2.0373816,0.3941372,-0.4349178,-0.014061791,-0.29202643,1.3649397,-0.08542862,0.20229176,0.6778281,2.3126175,-0.44318065,-0.5310496,-0.6869404,0.94060594,1.275767,-0.13992421,-0.19160503,-0.09456696,-1.1306704,-0.5941798,0.49882796,0.28451315,-0.37972486,0.13882636,0.36304134,0.0064884787,0.3029804,-0.15002233,-0.9905071,0.4500701,1.1576596,-0.69173336,-0.5793049
0.6371665,0.85927135,-0.023586668,-0.39447093,-0.71770513,-0.47108912,-0.49869403,-0.38153505,-0.5988482,0.6950525,0.61801726,1.028078,0.36417648,-0.7918192,-0.22069389,-1.0006875,0.11464601,-0.74534345,-0.5747311,-0.085299335,0.99108523,-0.3497704,-0.5492649,0.21630329,-0.32413432,1.5021973,-0.5121986,0.32352123,-0.15417549,-0.62886214,-0.93707734,-0.12526284,-0.094081886,-0.2927498,0.07722176,0.20083678,0.98061544,0.23833391,0.80155957,0.15999442,-0.3358247,0.29081136,-0.5964541,0.50774205,0.3702879,-0.47071776,-1.6078465,-0.55506593,-0.10851534,0.74400294,-0.19983798,0.15247576,-1.4316105,0.46852425,0.64589953,-0.42727792,-0.7936269,0.09799917,0.11152252,-0.5706736,-0.6835446,2.288626,-1.4396023,-0.6376517,-0.09701027,-0.1683883,-0.71018493,0.7785105,0.104593344,-1.9186513,0.6869732,0.76298785,-0.4240563,0.8709338,0.04649164,0.42811918,1.1675589,0.90145844,0.7381316,1.1455153,0.02056844,0.588206,-0.15459359,0.53225833,0.68478674,-1.1298778,0.7764622,0.50264716,-1.093632,-0.9720018,-0.5501125,0.8170772,-0.50979537,-0.06500035,0.8400211,-0.07677173,-0.7829077,0.34745964,0.4635891,-0.8070365,-0.02187496,0.03377585,-0.045594465,-0.5990914,-0.5209221,-0.55677474,0.007956923,-1.0117958,-1.1757112,-0.53158116,-0.56309557,-0.5428568,-0.4967314,0.70370114,-0.756298,0.12487129,-0.1356571,0.41322002,0.2657249,-0.15167266,-1.2213905,0.2908556,-1.208101,-0.65354335,0.24066997,-0.039112628,0.26676178,-1.877419,0.65643305,-0.048690084,-0.48385677,0.60471535,0.023232006,0.33758464,-0.14734912,-0.694753,-0.71830046,-0.6600674,-0.7650356,-0.10124734,-0.037410513,0.16883129,0.7722127,0.76943254,-0.33889064,-0.053398706,-0.9479177,1.1577115,1.1370357,0.5703334,0.11471384,-0.91545725,-0.049396392,-0.1336813,-0.39522794,-0.6631225,-0.38623947,-0.21821547,0.6663961,-0.5543676,-0.44879505,0.2985985,-0.98799753,0.27732462,0.33885786,0.8646534,0.003497517,0.8004823,0.5268977,0.682561,-1.269802,0.25764266,-0.4129699,-0.4663689,0.5893042,0.6939911,0.5903187,0.51882154,-0.6519501,-0.37158325,-0.46383992,-0.6967779,0.60312647,-1.3306135,0.35168576,-0.92940485,0.117441945,0.54561895,-0.30878696,-0.499677,-0.1617076,0.2108016,1.2754358,-0.24391344,0.2130146,-0.8870456,-0.51554674,0.2873381,1.0407395,-0.8575918,-0.5945831,0.00084655813,0.13349973,-0.059015658,-1.2345397,-0.13975738,1.1239213,0.87360173,-0.95596164,-0.6775251,0.6151976,0.19771941,0.15193178,0.1575755,-0.7224069,0.2410183,-1.3531291,1.2457206,0.74332356,0.4603376,0.46785098,-0.24568109,-0.92569953,-0.756562,-1.4158818,-0.16588075,-0.51660126,0.84715694,0.032672707,0.11174074,0.15740639,-0.10549458,0.8524474,-0.1320906,1.0730054,-0.5240204,1.1693211,-0.59054065,1.3363032,-0.04794228,-0.6152318,0.35758635,0.02170056,0.37551755,-0.5898111,-1.025798,0.62290317,-0.6040419,0.15073042,-1.5352356,0.40803552,0.6742463,-0.20222206,0.9038535,-0.66125053,-0.5596189,0.61602354,0.7688228,-1.0029277,0.4025538
0.6455819,-0.20228954,-0.13238926,-0.19249767,-1.4545363,-1.1330894,0.35053197,0.8813584,-0.13917008,-0.29988092,0.71635103,0.93463856,-0.21242285,-0.76917034,0.508336,0.2275973,-1.1231713,0.95179236,1.1403749,0.20525423,-1.796699,-0.13585857,0.3641413,-0.14846459,0.95531356,0.4375212,-0.84846926,-0.33121786,0.486486,-0.68620676,-0.645901,1.2009352,1.095967,-0.17531133,0.05938128,0.5414824,1.5905654,-0.19984207,0.6408464,0.12355655,-0.049350645,0.59892684,-0.7056793,0.7523959,-0.37031123,0.17749973,0.04725248,0.33737737,-1.7495424,0.5624469,1.3924228,-0.6270786,-0.8500765,-0.14101939,0.08366785,-0.7750167,-0.40399367,-0.8325496,0.34354624,0.48193112,-0.05650643,-0.39979345,0.1712809,-0.54371667,1.0116005,-0.7300125,-1.6796335,0.30650848,-0.5849721,0.94631743,-0.22098784,0.60619855,0.5153175,0.8463543,-0.2950046,-0.27485806,-0.15934712,1.2958838,0.89613783,0.5825118,2.0775535,-1.1940262,-0.49904975,1.7107352,1.3649565,0.1768271,0.6546279,-0.07806853,0.03718519,-0.7300683,-0.12917778,-1.3867238,-1.3121036,0.039923664,-0.6002809,0.15678063,-0.8099123,-0.32502115,-0.0049643368,-0.09867025,-0.51812494,-0.9572478,-0.4741558,0.56957006,0.12141841,0.013343684,0.80699074,0.739533,1.2223644,-0.15093347,-0.5232939,0.26348197,0.58317363,0.3660469,-0.07590446,0.002064899,0.48484877,0.17682546,-0.16275038,0.6395384,-0.95558,0.30260837,-0.6093214,-0.032761917,-0.1405236,-0.72149664,0.52979475,1.0605805,0.41001493,-0.1595269,0.5192483,0.56795216,0.55594015,-0.564337,-0.25488892,0.283638,1.5764115,0.60266185,1.0553402,-0.95538557,-0.030864071,0.084887415,0.7648969,-0.53615505,0.47878724,0.4382452,0.775564,0.23882593,0.81320995,0.15575013,-0.24162109,0.49215305,-0.0659106,-0.98036367,0.841605,-0.4650419,-0.38951355,0.24717721,0.045552664,0.4362661,-0.07428528,-1.0494748,-0.5139194,0.065641515,0.14071004,0.18666936,0.07317946,-0.30943984,0.20151128,0.35528347,1.2525482,0.9038819,-0.75403565,0.53384507,1.4141054,-0.13525839,-0.17230901,0.21577965,0.8731564,0.012695815,0.5699565,0.5402169,1.532888,0.45569113,0.56047124,-0.2575777,0.10586653,1.0589578,-0.5556805,-0.58365995,-0.32394257,-0.39941907,-0.71344846,-0.4596219,-0.405546,1.1638007,-1.1677366,0.54509634,-0.36342055,-1.6256466,-0.33257216,-0.49874705,0.80336994,-0.49871328,0.16978186,0.43446726,0.11866855,1.3799719,-0.6169355,-0.71141434,0.037755024,-1.4979609,1.1244682,-0.24026991,-0.23028675,0.979785,-0.6558461,-0.20911123,-0.3027283,-0.14853372,0.67655754,-0.8595304,0.29585248,-1.4253032,0.45869425,-0.4617424,-1.216396,0.5301239,-0.05502248,-0.90798426,-0.3991099,0.669857,0.403361,1.6297561,-0.6158331,-0.13722366,0.7903169,-0.7843267,-0.57217586,-0.11942066,0.52713895,0.9526008,0.264965,2.314388,-0.50141853,-1.2458547,-0.10202428,0.8192596,-0.7911976,-0.71763843,0.4132991,-0.95640004,0.09616479,0.69513905,-1.095123,1.0807234,-1.0301352,0.17860723,-0.43715945,0.50806284
-0.547332,-0.2079619,-0.17534873,-0.43189076,-0.4407838,-0.76196605,-0.46385896,-0.26327792,-0.7472404,-0.30405867,-1.1278191,-0.22167182,-0.788968,0.29080665,-0.14462572,-0.37908247,-0.64567405,-0.28640556,0.14405434,-0.45340088,0.4281537,-1.7253643,-0.6573982,1.0505407,0.4361011,-0.9902751,0.43807477,-0.23224296,0.31221777,-0.09975212,0.39144564,0.6264312,-0.761455,-0.3889689,-0.77717996,-2.0738263,0.5755653,0.71792424,-0.83248645,0.9341768,0.18953732,0.73152477,-0.12074002,-0.5018834,0.161214,0.29068792,0.55859566,-0.68134403,-0.009366235,0.927063,0.2240098,-0.7794715,-1.4240361,-0.9007908,-0.7176446,1.0744119,0.26283097,-0.2573502,-0.19582005,0.21655494,-0.60667604,-0.99456275,0.39939997,0.17237736,-0.71216637,0.7175976,-1.3515038,0.07876538,0.15416186,0.14363796,1.4460492,-1.186827,0.20436087,2.614164,1.2460886,0.8674455,0.6931976,0.26028118,0.3791069,0.61887795,1.3655307,0.9153782,0.5319439,1.1758372,0.8286559,0.5843134,0.32568341,0.19768132,-0.27113613,-0.19047667,0.6995228,0.51276845,-0.65607375,0.05963151,-0.2423918,-0.18862152,-0.9099383,0.31898633,-0.061696608,0.15327235,-0.036375202,0.4267408,0.21798623,-1.2983094,-0.41621873,0.41699675,-0.070318,1.6087824,1.2697606,0.27399117,0.048842058,-0.62877476,-0.39655364,0.3691517,-0.7245503,0.6641291,1.1859207,1.1705896,-0.22428942,-1.3215598,-0.26061878,0.17966326,0.32825273,-0.19587918,0.0005460745,-0.54086053,-1.4946166,0.2062506,0.10529105,-1.1287804,0.2980171,-0.6328373,-0.029623251,0.7775009,-0.86414164,-0.06818922,-0.81174207,-1.2035617,0.08993719,1.0243945,1.0302336,0.8014593,1.356489,0.45707813,0.08451535,-2.1993866,-0.03945514,0.24536669,-0.5732144,-0.9966853,-0.6692463,0.72085047,0.35581988,-0.09303043,-0.08108347,0.16175187,0.33876863,-0.26367462,0.62751585,0.7716601,0.95083845,-0.9078293,1.3420186,0.16856268,0.5661481,0.48091075,1.0154296,-1.0840386,0.10700827,0.47120342,0.5390714,0.86754084,0.13312697,-0.3154646,1.3372841,-0.83619255,1.284424,-0.0005416783,-0.49987578,-1.0667039,-0.79088396,-0.058988016,-0.25950527,-0.33030605,-1.6024563,-0.31527096,-0.48717785,-0.19567448,-0.4476237,0.41158614,-0.2623621,-1.4981669,-1.1985881,0.45431995,-1.2816572,-0.3376113,1.0387828,0.32204476,-0.13756818,-0.62339133,-0.4079389,-1.3871591,-1.6088678,1.0560468,0.27756807,-0.19543648,-0.94931513,1.2097499,-0.42301187,-0.36391672,1.0932164,-0.81658745,0.045474302,0.21020147,-0.33888158,0.22961901,-1.0392174,-0.091834284,0.36273736,1.525008,-0.6773613,0.62360966,0.895425,0.8135861,0.7103705,-0.3471794,0.2815193,-0.8773906,-1.1226226,1.1612716,1.4792804,-0.75181794,0.25755483,-1.0894915,-0.17896734,0.40972605,-0.637609,-0.82192224,-0.35016108,-1.8625493,-0.28345758,0.19940186,-0.35659724,-0.2963014,0.333101,0.490855,-1.2510034,-0.013199449,1.1041676,1.2040732,-0.008628411,0.16255018,1.0418469,0.8377795,-0.73156774,-1.6876831,-0.22514017,0.10238824,-0.2517569,-0.93670505
0.574751,0.5132418,-0.1026494,0.29859263,0.2789987,-1.2612216,-0.83172166,-0.73846006,-0.37512398,-0.3512084,0.9370121,0.30488342,0.055592295,1.3472512,-0.6928083,-0.46478376,-0.5262358,0.42700318,1.258141,0.51605076,0.42202574,0.3536309,-0.89170796,-0.4899778,0.63004315,-0.24565461,1.8546538,-0.004613725,-0.25912517,0.71322584,0.449615,-0.20589551,-0.091472544,-1.0068107,0.37027198,0.90764856,0.14042714,1.0552408,-0.051906124,1.0487045,-0.8636846,-0.5413907,1.1323217,-0.040412474,-0.14598809,-0.40434536,-0.29316622,0.47781718,-0.17807244,0.41492945,0.6981753,-0.32807437,0.5625154,0.9330012,1.0022364,-0.74419385,-0.7330374,0.4124699,-0.023377912,-0.5474937,-1.1778817,-0.54331964,0.2103096,0.63360494,0.087516084,-0.9659655,0.33248323,0.0995174,-0.21752936,-0.0798959,-0.7727113,0.284901,-0.6080155,-0.38222742,-0.03502537,-0.24033448,-0.8495314,1.0661322,0.3053036,0.46348137,-0.07544193,0.27533635,0.25742882,0.46461788,-0.2740975,0.02194722,-0.8558435,0.41009766,0.69998807,0.20525973,-0.37860772,-0.43551737,0.0033165205,-0.52509856,0.11409756,-0.09715954,-0.35969058,0.717365,-0.0020282532,0.035338234,-0.4794505,-0.19464242,0.33546203,-0.055130657,-0.08758989,0.9938929,0.13137324,1.075057,1.3725531,-0.51304126,-0.5803481,-0.5345305,-0.5078507,-0.037173048,0.23500912,-0.9768847,0.13905296,0.42012253,0.7935683,-0.28431952,0.40611786,-0.22530477,0.0029876246,-0.07603166,0.5419563,0.70832485,0.37822577,-0.8886931,-0.62302244,-0.80010504,-0.04274391,0.11248439,0.43460956,0.36992902,-0.009332117,-0.052126255,0.21695085,1.3297201,0.05777064,0.11597207,-0.4886111,0.5298855,-0.7647538,0.5112537,0.29562673,0.45108694,-0.22021998,-0.25424922,-1.1126771,0.9571526,0.5145735,-0.07006756,0.22723863,0.055570576,0.26003903,-0.03392751,-0.48812214,1.0737823,0.12809172,-0.4010091,-1.1747472,0.46199298,0.5410382,0.6474415,-0.8843076,0.72071767,-0.8288693,0.30864894,-0.12358245,0.77883655,0.08473554,0.5983637,-0.7622286,-1.0283039,-0.72178197,0.03237435,-0.47200736,-0.11858994,0.11462893,-0.93565416,-0.10140653,0.5629795,0.123399965,0.71995085,0.2415279,-0.15875402,0.28542,0.20527232,0.51586866,-0.46467298,-0.1765761,-0.33771992,0.8373371,-1.4078068,-0.25124878,-0.87188673,0.33935887,-0.06979186,0.19170532,0.48348758,0.055715136,-0.03906686,-0.7307378,0.1279891,1.3046253,1.2714251,0.80983776,-0.038411386,0.528475,-0.059786513,-0.17308496,-0.32538897,-1.4139819,0.42517945,0.016039453,-0.45789787,0.24383016,0.73911464,-0.8655649,-0.7178933,-0.5236524,-0.6704444,0.26151323,-0.8638229,0.22947969,-0.41506502,0.3454771,-0.7738358,1.0667965,0.56653833,0.8169292,-0.19160005,-0.37515372,0.09620131,-0.023037182,-0.2573951,0.1496466,0.6841631,-0.78793997,0.11153651,0.33610153,0.25271457,-0.60370153,-0.21093972,1.8295803,0.10808469,1.0949346,-0.23453243,0.33504707,0.1596382,-1.045363,-0.17124553,0.6008562,0.94096744,0.34741846,-1.3977072,-1.8379275,0.23312533,0.5194874,-0.0096567
-0.24034332,-0.33460853,-1.0886233,-0.20538214,-1.3323729,-0.52751315,-0.033702113,-0.69791025,0.5782633,0.61701757,0.7375522,0.6729914,-1.4981894,0.6004348,-1.778106,-0.4570837,-0.22026393,-0.044704273,-0.40866497,-1.3267131,0.08697298,0.11126766,-0.3869555,-0.38291037,0.9815786,-0.8656543,-0.19838183,0.83714545,-1.002327,0.08467557,0.27171016,0.026224338,-1.2131466,-0.26724726,-0.5260977,1.1628863,0.24617508,-0.90313923,0.056569133,-0.11275031,0.8747106,-1.4610481,0.31098658,0.18228936,-0.3594385,0.06388391,-0.87316734,0.39972475,1.0037682,-0.13732696,0.09759926,0.29832545,-0.7476641,0.18788828,0.2618523,-0.4530301,0.26513597,0.036807086,-0.5603284,0.94427204,0.2361603,-0.10508189,0.960613,0.10747483,1.0064628,-0.11207316,-0.45481578,-0.23103915,-0.7927902,-0.7484103,0.5940833,-0.46273708,-0.7285175,1.0496006,-0.60564095,-0.48479447,0.95188576,0.100559264,0.39470807,-0.06837467,-1.3144187,-1.1409521,0.8954504,-0.20440347,-0.6753059,0.23334867,0.61335695,0.01834199,-0.7987702,-0.88773704,0.3041769,-0.41598672,0.5494754,0.7900458,-0.40844494,-1.1415708,0.9386707,-0.69148326,-0.5556387,-0.04295264,0.8713239,0.65624744,-0.077727005,-0.031539936,0.2652185,0.22477815,-0.45014417,-0.6257673,1.3398758,0.20552674,0.91256654,-0.23463087,-1.354276,-0.6829209,-1.1956264,0.5138165,0.012909899,0.8559207,-0.12205132,-0.78775716,1.4259999,-0.39925382,0.6620971,0.0881719,-0.20775376,-1.296335,-0.5797223,0.48872706,-0.07977777,0.24212563,-0.23253827,-0.90071326,0.20584469,1.186583,1.1789126,-0.72887963,0.18362655,-0.38060504,0.008893721,-0.3516062,0.78711826,-0.34631744,-0.24447457,-0.9537489,-1.2742578,0.8985374,-0.7629012,-1.5010927,-2.1367965,-0.29914936,-1.2894514,0.2761462,0.98347795,0.16942637,0.2493772,-0.92952114,-0.11377193,0.40149355,-0.46296424,0.59092575,0.6671151,0.15614486,-0.5829996,0.592538,-0.43558398,0.6533396,-1.2797242,0.4297331,-0.0016075812,0.31862158,-1.6099309,-0.4001732,0.2520685,0.110420614,0.15238038,0.33227727,0.8451522,-0.13517477,-0.35467535,-0.13350111,0.058590434,0.6509703,0.9788642,0.25037554,-1.0952854,-0.3877233,0.4824067,-0.2733551,-0.41900894,-0.3159046,-0.70380664,-0.06054082,-0.5192797,-1.137774,-0.2199085,0.76843464,0.18760262,0.7593891,-0.93771935,-0.69739974,0.27515227,0.7285724,1.3420223,0.4897228,-0.3474827,-0.73020935,-0.7144419,0.05145473,1.1388402,0.38279313,-0.6932249,-0.7326676,-0.6368093,0.9362589,-0.82732767,0.537088,0.23108608,0.7000036,-0.8567459,-0.88479,0.54300714,1.1975679,0.24154498,0.5920628,-0.006932365,0.24691513,0.14129387,0.38114572,-1.0570613,-0.10884564,-0.23416726,0.004142572,0.38253313,0.5470273,-0.85467494,-0.16330573,-0.07289862,1.0911772,-1.0686505,0.41338456,0.27222526,0.39692187,-1.6514003,0.6947002,0.7621191,0.22313388,1.1126564,0.31689107,-0.29820725,0.708984,-1.2868857,0.86160207,0.9654052,0.8440809,-0.07848034,-1.0005331,0.52123463,0.23655,-0.49234554,0.5696923
0.73457754,-0.89441264,0.24537866,1.6162504,-0.11086381,-0.12595521,0.45497313,0.21602549,-0.4436046,-0.76441646,0.3209024,-1.1434133,0.47379756,0.5550908,-0.23743881,0.100422695,-0.021988098,0.78689855,0.09554133,0.12417543,0.7159891,-0.38540304,-0.085654914,0.32346144,-0.17429699,0.88029575,-0.25559065,0.22540486,0.53393334,0.2930884,0.56654495,0.22417088,0.63605124,0.54427475,0.5780938,-0.30532447,0.41960225,-0.8106666,-0.17361397,0.32037368,0.52710986,-0.51634365,0.20764805,-0.52404106,-0.4056278,0.19910856,-1.0153346,-0.0052371905,-0.15581886,0.75946575,-0.32119417,-0.44612095,-0.90037054,-0.55864024,-0.12080206,0.56993335,-1.1624371,0.26221037,-0.86739665,-0.004293996,-0.7880278,-1.208638,0.12875216,-0.54070604,0.58289814,0.4388601,-0.4423247,0.7128398,-0.60864633,-0.57018524,-0.6935497,-0.5365741,-0.033094008,-0.3477357,-0.16384047,-0.8425801,-0.34144777,-0.27031872,0.19220802,-0.6875751,-0.22452988,-0.5837016,0.500225,-0.39748377,0.61713004,-0.0632343,-0.06812337,-0.77643067,0.12773153,-0.049345624,-0.55259883,-1.0820576,-0.7755224,0.5956297,0.62815726,-1.1801811,0.38157558,-0.82610273,-0.18875182,0.4238656,-0.060673583,0.54632145,-0.33593044,0.15899071,-1.0994381,-1.3181294,0.14216295,0.070045166,0.21294186,-0.91254103,0.51286256,0.12729582,-1.5667069,-0.48204562,0.7857654,-0.037087895,-0.0010845761,-0.06050022,0.54768616,-0.060315307,0.8032401,0.38003546,-0.10223426,-0.6662582,0.0941839,0.18885219,0.25083005,0.5252195,0.81166154,0.1952381,-0.60769284,-0.42508805,0.48319715,-0.23369406,-0.4721025,1.0189086,-0.6216924,-0.47585797,0.36150274,0.45970598,0.6413277,-0.6326336,0.17592697,0.35031956,0.06592717,0.040033963,-0.12744404,-0.5100198,-0.5217298,-0.2576703,-0.21505101,1.2341007,-0.5548613,-0.98208374,-0.03696895,0.15242699,-1.1628625,-0.24743977,0.43267047,-0.5980982,-0.69166523,0.24846043,-0.1865018,0.41766396,-0.7991106,-0.011197226,0.9710679,0.32513767,-0.53464454,0.26598045,-0.014824503,1.5170288,0.30084842,-1.9659253,0.28853709,-0.590698,0.26233482,-0.21454404,0.27988353,-1.9365069,1.0120587,0.34161782,-0.5906881,-1.4425205,0.011068874,0.3123475,0.63893473,0.90906703,-0.09897526,-0.03254919,0.7204792,1.5171301,1.4453192,-1.1623391,-0.14842725,0.054030497,0.7622836,0.30357698,0.46210584,0.27070832,-0.08089922,-0.29500175,0.5580184,-0.31492734,-0.07277564,-0.12835084,0.4466081,0.66412574,-1.0672617,-0.6240322,0.04273289,-0.81922644,0.041671928,-1.0787835,0.82212305,-0.4496592,0.08626608,-1.0960212,-0.012159336,0.17773502,0.73105484,-0.33734947,-0.0115503175,-0.4203926,0.28297684,-0.036442883,-1.385959,-0.31152755,-0.19000708,0.2432804,-0.96767086,0.55870223,0.70125467,-0.0010718725,0.7062519,0.71765596,-1.6775705,0.055919275,-0.28450868,-0.36242378,-0.29546884,1.2710068,-0.29161507,0.35728166,-0.5535883,-0.11284247,0.72464895,1.3290249,-0.8776964,0.042523563,-0.48832542,0.35728958,0.1916847,-0.8759024,0.17436925,0.70966166,0.027090706,1.268275,-0.025572987,0.7072075
-0.48267072,0.1350368,0.004198598,-1.069649,0.35139441,0.39513004,-0.36837906,-0.071368046,0.37668636,0.55070263,0.35992178,-0.12377088,0.43449658,-1.1690452,0.13711415,-0.13838634,-0.68052924,-0.08481728,-0.45655656,-0.55874753,-0.8745494,-0.5666721,-0.15134276,0.36099848,-1.3951386,-0.115619056,1.0081178,-0.81317145,-0.33771312,-1.7265868,1.0080181,-1.0587759,0.22144598,0.50202143,-2.0435464,0.8269448,0.17235455,1.2257048,0.8449135,0.15589078,-0.40522823,-0.17852966,0.5396064,-0.23876172,0.67963344,-0.22880238,0.034532778,0.24398792,0.73827744,-0.25500154,0.011123227,0.5212503,0.33936626,0.15808165,0.91841435,-0.523902,-1.2959722,-0.4509512,-0.65492195,-0.17438939,-0.061746065,-1.3856844,0.19824205,-0.6105241,-0.16702206,0.5100215,0.15962219,0.19685158,-0.6664221,-0.7923085,-0.12592623,-0.17473519,0.59538895,-0.18826933,0.9520389,-0.25213727,-0.8677333,0.15332037,-0.36486736,0.91680634,0.022458278,-0.02589403,0.9385316,-0.1429201,-0.5034216,-0.709563,-0.18211451,-0.11745289,-0.61924267,0.54709136,-0.07867685,0.36299983,-0.4896386,0.76760733,0.6297267,-0.37649432,0.60308063,1.0153636,0.23624395,1.0898795,-0.555431,-0.78451216,-1.8212433,0.35695246,0.9871028,-0.25843978,-0.88569593,0.6554379,-0.09439369,-0.30795237,-0.13080235,-0.3711399,0.13078931,0.10529044,0.1444791,1.0355891,-0.43976215,0.5401867,0.8552876,-0.24493305,0.26275474,-1.6086162,0.49730924,0.57595,-0.22472803,-0.12747265,-0.26973352,-0.26786587,0.13246706,-0.25289443,0.753019,0.46385923,0.16532998,0.81742865,-0.95398957,0.7199488,0.019345868,0.38227427,-0.18734051,-0.13873385,-0.24183951,-0.44953424,0.012402389,0.18791792,0.28280127,0.39007938,-0.012112754,-0.80637604,-0.547866,-0.2744457,-1.1031778,-0.23830515,0.2942625,0.15409209,0.368609,0.116585724,-0.796002,0.6648633,-0.67774665,0.14358965,-0.6790602,-1.7728878,-0.84471077,0.88738537,-0.25170985,0.37648404,-0.44340974,0.13525505,1.0264051,0.12717205,-0.5235115,-0.0687339,-0.9685361,-0.86787015,-0.15118162,0.13762844,0.34248888,-1.2018282,-0.22533248,0.41378945,-0.88543975,0.5516895,0.16740623,0.60651827,-1.203461,0.5575576,-0.24114794,0.40040782,0.070717126,-0.66319406,0.08458139,-0.105322644,0.5216897,-0.36038014,-0.004847315,0.79395175,-0.21316159,0.14174698,1.433949,1.8165205,0.4958876,-0.3011254,0.12601827,0.15140049,-0.08841885,0.29923052,0.01837514,-0.36671686,1.0937864,-0.081621476,-0.1917659,0.49436447,-0.2723664,0.014920183,-0.20653029,0.6652408,1.8065534,0.24111502,0.69231135,-1.5473062,0.7346882,-0.572661,0.1035414,0.6664454,0.32700127,-0.8581482,-0.7664622,-0.14172761,0.61411387,-0.028798519,1.1043565,-0.12634368,0.10893091,-0.22104076,-0.59514564,0.76636684,0.40527412,0.06777223,0.11080105,-0.5108903,0.55130523,-0.14276388,-0.8393322,-0.8076616,1.0460354,-1.0814945,0.8069562,0.24580206,0.27199277,0.83684486,0.39697412,-0.23831049,-0.79569393,-0.059337556,0.47687826,-0.756389,0.35957044,-1.5799481,0.17016047,0.050871816
