2.576989,1.7298062,1.2482088,1.1941988,0.105933204,0.41000962,-0.7598966,-0.32130715,0.4336268,-0.6070825,0.5531168,0.17811282,-0.3044289,-0.6203994,-0.5416556,0.016805284,1.0262387,0.13318157,-1.0320665,0.9211742,0.18036811,1.2642834,-0.23624966,0.57548165,0.56182724,0.053737774,0.5693128,0.10502478,-0.08233641,-0.5558178,0.10235814,-0.35060188,-0.5927188,0.5108955,-1.5343941,0.28845516,-0.57718325,-0.29558212,0.41549546,0.5081264,-0.527743,-1.0203564,-0.0090607265,-0.34631455,-0.044696003,-0.02196417,0.75737727,0.12530224,-0.48473433,-0.7175775,0.17096694,0.13117428,0.22454867,1.4790136,0.04296925,-0.9336155,-0.11413926,-0.76573426,-1.2301747,0.17699447,0.5282118,0.4998368,-2.1667082,0.12839541,-0.34776893,0.3566438,-0.3011307,0.48078477,0.5654537,-0.4796633,-0.81364393,-0.976556,0.4792115,-0.44423106,-0.3706588,-1.0672321,-0.47740412,0.5513076,0.28772017,0.07535955,0.51500016,-0.5488932,-0.017948437,0.6167865,0.56794775,-0.386806,0.111323446,0.93125135,0.6153231,0.30862647,0.39407718,-0.19260968,-0.6905592,0.18528594,-0.078852944,-0.4882493,-1.2110221,-0.30145514,-0.106655575,0.27395552,1.4932302,-0.5765775,0.07510355,0.14233032,1.1498898,0.9779318,0.9572193,0.4965246,-0.12897535,-1.030894,-0.5022017,-0.7790761,0.21536991,0.10566144,-0.25222126,0.56356704,0.36628434,-0.027048256,0.14273347,-0.18471791,-0.39331642,-0.11821152,0.17525618,0.37666696,-0.20404766,0.59196854,1.2852645,1.0979241,1.0618259,0.019493124,0.40668586,-1.0127691,-0.4774657,0.14299214,-0.368467,1.4029909,0.5979052,-0.33244416,0.13875318,-0.14159319,0.06545262,0.40988842,0.27212614,0.39725316,-0.049129255,-0.39544302,-0.28932145,0.41804767,1.1779999,1.0959677,0.8724071,0.6078985,-1.6208395,0.34799743,0.6592735,-0.94679075,0.5573268,0.046259418,-0.23650585,-1.0143902,-1.0387361,0.09477241,0.31624275,0.32393858,-0.3220142,-0.03894781,-0.054329142,0.12927894,0.15603398,0.31148005,-0.40813965,0.19185828,0.7305791,0.6503962,-0.22475891,-1.0734565,0.58148843,0.4388967,-0.44075963,0.5336188,0.7657565,-0.32005677,-0.9008259,0.34064224,0.20984557,0.23220123,0.2132163,0.6526306,-0.4813661,0.38709676,0.76830095,-0.88983786,-0.29707634,0.17199561,0.16966543,-0.4647444,-0.58032,1.350142,-1.3392847,-0.8046817,-0.021122605,-0.0054604854,-0.97543055,-0.418981,-0.5877623,0.20275183,-0.44282722,0.5189291,0.3978126,1.1524893,-0.29883417,-0.022219734,-0.83850586,0.35854372,-0.49733028,-0.84825134,-0.35202047,0.28224948,0.6418278,-0.94788474,-0.1404664,-0.38056862,-1.1172544,-0.24626395,-0.040481895,-0.35852608,1.2035335,0.69704056,-0.5963521,-0.16673948,-0.39918068,-0.52271974,0.44399023,0.23187126,0.06522173,-0.15442395,-0.34087798,0.36634442,0.41842014,-1.4368021,0.7311284,0.39348936,1.3638403,0.3682602,0.56864446,-0.5789074,-0.7873128,-0.2956605,0.60621345,-0.18849938,-0.50006753,-0.6008996,-0.14708835,-0.78694797,0.14185567,1.5979065,-0.008327377,1.0729897,-0.5368123,-0.9761504
0.05673769,0.08020184,0.36654013,-0.20374592,-1.1414936,0.30515212,-0.29518282,0.5567082,-0.5442088,0.23346332,-1.3569613,0.8038817,-0.79855126,-1.6805359,-0.48944798,0.13550545,-0.58930427,-0.20345373,-0.034314066,-0.85207814,-1.1983296,-0.755963,0.94148,-0.40078327,-0.63583666,0.19614144,-0.2202706,0.6543705,-0.40470758,0.12404874,0.2999137,0.123812415,0.937427,0.2866161,0.54358065,0.23337716,0.3989914,-0.072846785,1.3848841,-1.5341352,-0.8516391,-0.16902632,-0.67666876,1.0979811,-0.11730638,0.3129733,0.5097393,0.11990098,-0.07684155,-0.24966896,0.13756461,0.43073675,0.404885,0.94548976,-0.18284969,0.2619423,-0.52017945,-0.03805924,-0.24388343,-0.3004975,0.44440597,-1.5888802,0.6631744,-0.19183967,-0.72022784,0.19785854,-0.5838458,-0.47449845,-1.3534272,1.8045313,-1.3440777,0.89448166,-0.070940025,0.1186761,0.8696433,-0.5603624,1.1794971,-0.15377694,-0.22573707,0.49143237,0.543414,0.38273266,0.51472145,-1.436169,-0.18426663,-0.71640867,-0.2569082,0.19477716,-0.45090714,0.54062694,0.20689715,0.90089273,-0.38016927,-0.6345695,-0.5957538,0.83626556,-0.09799649,-0.1746426,-0.21091308,-0.8441987,-0.012409302,-0.47711372,0.04301648,0.5965201,0.40653768,1.2376308,0.7885323,0.060677495,0.3572538,1.2779722,-0.8795217,0.4004924,0.739094,-0.12582731,0.333123,0.30334017,-0.62121207,-0.061441578,-1.3672723,-0.0013149233,-0.941097,-1.1366699,0.4820074,0.60351324,-0.07636848,-0.81595576,0.1450227,1.0776827,-0.124918655,-0.4925964,-0.19054681,0.09519757,-0.12039101,0.42297736,0.3501736,0.071118265,0.57666826,0.23734586,0.5355987,0.017998248,-0.569349,0.80770504,-0.018197136,0.80780166,-0.8316673,0.29167774,-0.9250303,-1.4101741,-0.10515925,-0.10135013,-0.16867751,-0.08508978,0.004199038,-0.33935165,0.13059147,0.16617344,0.049531516,-0.15293,0.074525364,-0.824085,-0.078590125,-0.09928225,-1.5137858,-0.7415138,0.23724018,-0.32334876,0.013380523,0.0581201,0.3241352,0.5568791,0.2434247,0.76229155,-0.06228639,1.3055298,-0.1025777,0.0031864739,0.08861099,0.050710708,-0.18439028,0.55678713,-0.7592999,-0.19619374,0.40106496,-0.71041435,0.86291426,-0.7584705,-0.18024915,0.5160428,0.65437907,0.1684167,-0.098041214,-1.0275016,0.74872875,-0.8406081,-0.6501591,-0.026176637,-0.85054135,0.13474223,0.40990612,-0.26963812,-0.24080352,-0.6826946,0.042563826,0.36168888,-0.061259728,0.8410898,-0.0050495765,-0.15052229,-0.9990218,-0.25437537,-1.2435083,-0.8510342,-0.054177802,-0.3300243,0.8144611,0.49906108,0.72226965,-0.5581105,0.7524094,-0.7405274,0.034595996,-0.48414814,-1.0166698,1.1425831,-0.91948885,0.00015997523,1.096661,0.64741784,-0.5861793,0.25891045,-0.31719327,0.0068265893,0.6375432,0.5902535,-0.45715788,1.5585049,0.048776675,-0.80075336,1.032143,-0.096898094,0.15315758,-1.0936912,-0.7413868,-1.4270902,0.57353413,0.8104562,-0.7176399,-0.019761132,0.7292924,0.76470715,-0.12626247,-0.24864651,0.3799157,0.7834185,0.69394827,0.44992796,0.11791617,0.2274257,0.8985216,-0.110070005
-0.49348998,-0.5666666,-1.3275356,-0.48651078,-0.49994442,-1.4691327,0.19672288,0.29664713,0.82939345,-1.9234205,-0.008907592,-1.0051454,0.048586298,0.11470724,-0.8188018,-1.191055,0.24569157,0.1253472,0.2630827,-0.47536534,-0.43958455,-0.98447603,0.23232092,-0.44693726,0.26423743,-1.5472226,-0.38058794,-0.3806437,0.89964706,-0.16122651,0.5725585,-0.90214425,0.64609736,0.39409596,-2.183765,-0.20636685,-0.10703729,0.4951056,-0.60961664,0.7259918,-0.23353466,-0.40594852,0.6625611,-0.13863964,-0.7187205,0.9519804,-1.5286387,0.29837358,-0.74503905,0.9065974,0.039017417,-0.6027408,0.043377254,0.41485414,1.0879325,0.74077713,0.3800992,-0.008392292,-0.6496487,-0.8370336,0.23532982,0.53972185,0.5815211,-0.5069605,-0.54779977,-1.50938,-0.49110398,0.143526,-0.72988975,-0.51756185,0.65950906,-0.1727601,-0.29257688,0.5540686,0.38374242,-0.13530436,-0.08350263,-0.44649088,-0.6164211,0.4983722,-0.041106056,-0.845494,0.17765301,-1.3742435,-0.82306886,-0.13999231,1.3767381,0.444062,-0.28795138,-0.09807184,-0.102679856,-0.06523886,-0.33988932,0.09985511,-0.3555463,-0.11973482,0.11672574,-0.36397254,-1.7660307,0.8655799,-0.507423,-1.023218,-1.1927376,-1.050772,0.21487577,0.8213225,-1.1760865,1.2383426,0.80360335,0.08700755,0.062198978,-0.38728958,1.2758645,0.68244207,-0.49932817,0.20189765,0.5338669,-1.2537793,0.31106055,1.4983468,0.3803576,-1.388314,-0.4322947,0.2566795,-0.06290431,-1.4803536,-1.1225903,-1.7598954,-0.25002065,-0.04394765,-0.8192528,-0.14651795,0.6530596,1.0651995,0.6506902,-0.83567375,-0.92747915,0.023182657,0.40783122,0.43159637,0.22470799,-0.43663442,-1.4120709,1.2175499,0.08714084,-0.33949342,-0.28242302,-0.22564313,0.7430577,-0.61891246,-0.022845559,0.17252441,1.079783,0.040897503,0.0023900736,-0.9986816,-0.36924773,0.12046868,-0.3076291,-0.9131665,-1.2257155,-0.855735,0.3867185,0.21163698,-0.094877385,-1.8687499,-0.11513584,0.26048052,-0.29376426,0.3025227,0.73092884,0.77394813,-0.7002278,-0.37848172,-0.12736149,1.5719151,-0.3285806,0.024099639,-0.5704114,-0.41985315,-0.18830214,-1.4316685,-0.66060495,0.15079246,-0.4190941,-0.82607365,-0.23729092,0.86599004,-0.13993771,-0.3368519,-0.099182636,-1.6608678,0.55995035,1.3042028,0.50564265,-0.50994617,0.078986,-0.6159881,-0.046382118,-0.56097025,0.18584788,0.0515122,0.13533734,-0.065373644,0.2975691,0.37545666,0.043044105,-0.08202525,0.03358687,0.3143294,-0.1804597,0.034369577,-0.1188047,-0.22169988,0.4027019,1.2724626,-0.09148214,0.11271528,-0.6261953,-0.37621197,1.3140723,-0.5640239,0.36303654,1.2638818,-0.36569753,-0.56808746,-0.22719075,-0.49359518,-0.87435395,0.59060705,0.85566396,0.98758656,0.1294501,-0.2937199,0.7548834,-0.4903784,-0.7080757,-0.18264772,1.1336327,0.079310685,1.1501787,-0.51117885,-0.6441121,-0.17935304,0.7373252,-0.27963153,-0.3446399,-0.81738824,-2.335011,0.9057166,-0.4363027,0.684306,0.14129283,-0.06033263,0.53083897,0.88648254,0.52997535,0.2473563,-0.55693513,1.0886892
-0.094165914,0.019157754,-0.5232014,-0.96651775,0.6300519,0.12737888,-0.08451745,0.55320144,0.43923676,-0.14292073,0.06638433,1.1285592,-0.2121013,-1.5766916,-0.77748793,-0.62518674,-0.25927657,0.3940823,0.35304594,0.30177206,-0.21014364,-1.1324732,0.56604785,0.18472564,0.23379564,-0.024405971,-0.5524641,-1.0943974,0.3100798,0.15350765,0.5275798,0.19473659,-1.513261,-1.3711671,-0.06837723,-0.16237094,1.4864463,-0.06919653,0.049442504,0.35928655,0.19496144,-0.48640043,-0.2831632,-0.8695296,1.22641,0.45135754,-0.21924686,0.40426955,0.21332376,0.39564043,-0.027639005,0.29164025,0.5905339,0.007414667,0.81883615,-0.18797812,0.107194565,-0.6478954,-0.046342824,0.6647975,-0.8093328,-0.0957967,-0.77495307,0.30480146,-0.33783075,-0.18812902,-2.057148,0.4729688,-1.2108538,0.38224772,0.30287233,0.17643526,0.6186188,0.26310387,0.18428084,-0.31353396,-1.9473754,0.65391046,0.16260001,-0.78532124,-1.5590419,-1.0875269,0.011030291,0.19415833,-0.09703794,-0.32245275,-0.8649181,0.6962206,0.9157483,0.096850954,0.37624687,-0.49356848,-0.3431084,-0.6807185,-0.099966496,0.010422439,-0.6705378,-0.7263482,-0.014925375,0.19238952,-0.1799466,-0.9851156,0.3653504,-0.2632811,-0.9156771,-0.15774073,-0.44356933,0.24930018,0.3742495,0.13301273,0.12992351,0.23449415,-1.1199256,0.13430925,-0.3055111,0.7326639,0.056466468,-0.79556215,0.3218803,1.0172937,0.11738346,0.85261154,-0.096717656,0.31679538,0.4738539,1.4881015,-0.17598023,-0.3618203,0.8501131,1.694658,-0.47686803,-0.6281738,-0.39608726,0.2030773,0.39866957,0.1009463,-1.5131564,0.17598231,1.0676149,-1.4063188,-1.2601285,0.2214705,-1.1945634,0.110815845,-0.19040188,-0.85191333,-0.36339667,0.1071974,0.5126665,-0.13023917,-0.8724005,0.17838115,0.33934793,-0.38507006,0.4968717,0.31643856,-0.595444,0.30457354,0.6178428,-0.35037664,0.95733714,0.006923197,0.55087876,0.9160497,0.44942963,0.12876318,0.7333589,-0.3817192,-0.7096734,0.8505711,0.48019475,0.26839283,1.0229766,0.56610626,0.5296874,0.12861608,-0.20962635,0.54643404,0.27697447,-0.30625838,0.06335306,-0.043627776,2.2974901,0.7095953,0.0066976724,0.5367518,-0.38077298,-0.77217585,-0.20445962,-0.58361655,-0.27345738,1.221876,0.24723332,0.053621057,-0.50577736,1.1785998,0.1052645,-0.14984328,0.96868634,-0.18605761,0.3702755,-0.8468887,0.2633055,0.30474475,-1.1419886,-0.058534823,0.04832266,-0.068115436,-0.55246514,0.4347829,1.644254,-0.06438553,0.013017761,1.3302969,-0.27482262,0.3722648,1.3780808,-0.45561418,0.03346735,-0.0708526,0.17779551,0.70591015,-0.62059444,0.36418307,-0.21785375,-0.11169489,-0.50262916,-0.7605948,0.6632566,-0.9866617,-0.061005756,-0.11715839,-0.14376584,0.3176547,-0.67256635,0.11909778,0.51082665,-0.061773054,-0.91783434,0.2529687,-0.06852647,-1.0779585,-2.1044064,0.1390384,-0.7842889,-0.89921945,1.9981232,-1.1044613,-1.471401,0.22765812,0.023324894,-0.50697297,0.3316696,0.9849615,-1.1843432,-0.024723798,0.15533137,-0.43117648,-0.3224654,-0.20780762
-0.35086286,-1.3254287,-0.20856056,-0.035107415,0.47540587,0.70370704,-0.2762442,-0.59663,0.11929906,-0.40540105,0.93298256,-0.009339559,-0.86037195,-0.24635845,-0.33708608,0.41312882,-0.28854504,-0.0023236198,-0.7977988,-0.00059866364,-0.39399904,0.5224508,-0.13645582,-0.3582298,1.5361845,-0.0066326875,-0.093288004,-0.27651122,-0.26481134,-0.15311264,-0.4077356,0.95472944,-0.21780215,-0.66019756,-1.0324137,-0.4915685,-0.7339341,-0.43177027,0.34621185,-0.6048059,1.3822633,0.07118974,-0.40967336,-0.8195806,0.2556287,0.047159303,0.30515736,0.047375046,0.30097672,-0.070441134,-0.4267054,-0.839478,-0.21187897,0.26008946,0.1018015,1.2823138,-0.9033179,0.34496665,0.48461413,1.5202849,0.18612286,-0.30248126,-0.2511963,0.5427819,-0.61756593,-0.120201856,0.44358474,-0.13778383,0.18377717,0.16316602,-0.5961023,-0.0041529196,-1.2110296,-0.5486576,0.040561188,0.48670638,0.7618886,-0.32734603,-0.63992774,0.100824684,0.14837225,-0.7673787,0.35047176,0.5897877,-0.16827752,0.0036059932,-0.18940791,1.388891,-0.5476965,0.54773724,-0.42752296,-0.36359075,0.0301137,-0.6595825,0.75106895,-0.117866255,-1.5665014,0.13488463,-0.05150255,0.3798095,-1.2311746,-0.08769221,0.40878054,0.7998997,0.3398831,0.19459103,0.3707914,-0.40080586,0.57335657,1.1577569,0.27844366,-0.7692149,-0.27457982,-0.030635204,-0.59010696,-0.08774849,0.9702262,-0.014593606,0.6617738,0.007049301,0.59365594,0.32582757,1.3813176,0.71368474,0.62028927,-0.573051,-0.3955337,0.5700584,0.91573536,0.4572348,-0.17057274,-0.16824973,-0.39242604,0.30505687,-0.17513701,0.49086034,-0.4058567,-0.15632494,0.21621096,0.3922142,0.2681829,-0.41951928,0.04126194,0.28497118,-0.25197092,-0.556443,0.42685056,-0.5349485,0.37819698,0.7271271,-0.44895342,0.12295357,0.19532108,0.24241637,-0.2977147,-0.5859017,0.20440802,0.01713547,0.26382858,1.0688305,-0.83489186,0.052000646,-1.0394595,-0.16833793,-0.5585217,0.84689796,1.1947308,-0.12263797,-0.8337548,0.51490027,-0.4582951,0.32103986,-0.67635125,-1.0691935,0.17369016,-0.49394062,-0.20900482,-0.6137258,-0.5939383,1.0121193,-0.27070206,-0.5311802,0.5050762,-0.86540955,-0.022096656,-0.40562883,-0.5094033,0.6166642,-0.12150736,-0.5540655,-0.3638817,-1.3693589,0.37362212,1.2902228,-0.67635846,-0.5005148,-0.41784775,-1.1424085,2.6620984,1.417619,-0.31158012,0.16384594,0.34552673,-0.55515295,0.44995496,0.21135645,0.046238385,-0.5175933,-0.61188066,0.04989178,-0.8585498,-1.2421812,0.6693513,-1.0575827,0.2114095,-0.25671902,-0.75733316,1.0609531,-0.74889594,0.5449022,0.9851195,-0.0954346,-0.5433399,0.19245285,-0.5358769,-0.32464343,0.15122063,0.24226195,1.1275446,0.1730539,0.124757916,0.20724992,0.16099115,1.6708094,0.06472559,-0.405246,-0.27847326,-0.123985015,0.35758835,0.34806615,0.38062865,0.394478,-0.71248686,-0.030430561,-0.22916628,0.677742,-0.3794563,1.9521118,-0.8408919,-0.6673634,-0.7723038,0.2165812,0.22129318,0.020064743,0.23832086,0.83941025,-0.3307473,0.62392914,0.43401697,0.16128898
0.86613286,0.020302493,-0.62898654,-0.25033116,0.018593183,0.09640226,0.3246989,-0.24782144,0.034955803,-0.5179976,-0.06359062,-0.40714523,0.014125529,-0.6048219,-1.3674366,-0.15855762,-0.9718073,0.27838224,-0.20187949,-1.7273549,-0.34761167,-1.3250291,0.91127837,0.08248487,0.036486853,-0.20218515,-0.14391069,1.4906477,-0.59285545,0.19885357,0.9454124,-0.019227432,-1.2477423,-1.4638491,-1.0430886,-1.7101048,-0.61143845,-1.4503974,-0.2465882,-0.09471693,-0.24594094,-0.24980581,0.16665679,0.3481383,1.1037542,0.1317557,1.0049738,-0.46920907,-0.15132597,1.2087191,-0.5436976,0.5897565,0.28347144,-0.27177578,-0.37249506,-0.1916835,-0.07155998,0.74158114,0.0037445582,-0.9310487,0.36398077,-0.96115744,-0.44347513,0.62239724,1.6058109,-0.83758783,-0.8086444,0.44870317,-0.057583746,-1.3647342,-0.36940035,0.48510554,-0.09086742,0.038796425,-0.3039478,-0.10410334,-1.094593,-0.1043894,-0.23654185,-0.18590443,-0.4534911,-0.014676999,-0.2897217,-0.21456993,0.13677299,0.20079453,-0.028403047,0.21632898,0.10202458,0.6992264,0.2361626,1.1208544,0.32347208,0.28156924,-0.324856,-0.16353826,0.08974606,0.34606755,-0.022206265,0.89443153,0.5112206,0.7365919,0.8488222,0.62964064,0.79227924,-0.15723677,0.15264544,-0.21802229,-0.8499329,-0.5898064,0.18271728,-0.53537166,-0.062487166,-0.4314341,-0.14203282,-0.26673383,0.6147659,-0.05670845,-0.02463352,-1.1907663,0.38799337,-0.64514863,-0.47311366,0.30693337,-0.6099586,0.7515901,1.9008693,-0.4290836,0.5004289,0.3853462,0.6620592,0.1506978,0.3445578,0.06774096,-0.16002578,-0.31776246,0.2187913,0.48697683,-1.181536,-1.6052448,0.64715403,-0.5115682,-1.2923505,0.97967935,-0.5721137,-0.18776296,-0.003482355,0.3230849,-0.23599635,0.054318983,1.1203539,0.20139708,-0.43673414,-0.82898253,0.37136987,0.21279903,-0.4890786,-0.46104926,0.5888518,-0.5983643,0.44866565,0.88645196,1.144908,0.2546154,-0.6820917,0.09589924,0.33180177,-0.7654758,-1.0230569,0.080843255,0.55863917,-0.8814107,-0.2974377,0.60194266,0.13841322,0.7566053,-0.06925458,-0.4481733,-0.6582549,0.41555664,-0.6605801,-0.1669159,-0.4359445,-0.8023854,0.13439181,-0.60231996,0.49516708,-0.36572498,-0.38185725,-0.48369667,-0.5121882,-0.6868198,0.64885265,-1.7356693,1.0221372,0.3308994,0.683686,-0.5754704,-0.019138576,-0.061199665,0.009548482,-0.402937,-0.66164136,-0.18354976,-0.3649245,0.12310012,0.5493474,-0.34300876,-0.105615504,-0.8949484,-0.65510815,-0.57538396,0.9120596,0.13522425,0.2793048,0.24327132,-1.0001496,-0.7185337,-0.7581881,1.2137371,-2.0566938,-0.51876605,-1.2358447,-1.3219936,0.9869933,-0.049683098,1.1960689,0.61242837,1.2686992,0.4104801,0.260925,1.0239669,-1.0213116,1.8896856,-0.37141898,-0.050078455,0.17284344,0.53098285,-0.16701336,-0.19660012,-0.21599337,-1.6537603,-1.5402962,-0.10518531,-0.18787496,-0.5316315,-0.61051476,-1.234582,-1.501011,0.0011055499,-0.054455664,0.25013313,0.84226495,-0.085236035,0.2623279,-0.24470924,-1.0652107,0.16431728,0.7767973,0.6233428
-0.9905469,-0.18121992,0.98090184,1.1277914,1.0680633,0.32917002,0.43646812,-0.5274684,-0.47327238,-0.29919606,0.14576796,0.023819843,0.93124664,0.6584165,0.041731946,-1.2128662,-1.1484739,0.0042832107,-0.34642142,-0.2636144,-1.1648488,1.0574235,0.8626295,-0.17775972,-0.33021832,-1.1027895,0.18008818,0.5967339,0.7247112,1.2190615,0.2861644,0.023920037,0.4275396,0.21320276,0.14018577,-0.050214425,-1.3437353,-1.4911882,-0.4007914,0.72712743,-0.28776652,-0.6177391,0.48221007,1.2885365,-0.505846,0.82128644,0.12351826,-0.7604139,0.92846596,-1.0566796,0.28362104,0.6636633,0.48505485,-1.4257393,-0.46226302,0.47615206,0.7902114,0.6063546,0.6540165,0.43597475,0.82720506,-0.4796113,-0.35338572,0.34466907,-1.0068698,0.8017804,0.4953579,0.11353785,-0.98156756,0.8913771,-0.19466636,0.5127406,0.5636913,0.69021803,0.35780147,-0.067177765,0.24640132,-0.09057007,-1.0319967,1.1644495,0.3528741,0.43651766,-0.106927164,-0.22117932,0.25853816,0.07870844,0.7666214,0.6252545,0.18639402,-0.14094076,-0.5628684,0.34179032,-0.10781052,0.42593807,-0.99265665,0.078039035,-0.883194,-0.5079153,-0.41333303,-0.58987343,0.30496576,-0.104300715,-0.34437686,0.3959009,-0.114538245,0.5395232,-0.08001169,-1.6247756,-1.0346353,1.5214612,-0.63001496,0.7352033,0.3310131,0.97475415,0.46810377,-0.8309192,0.81890064,-0.23396601,0.28327495,0.02504434,-0.9210535,-0.37080428,-0.8047276,-0.12306223,-1.2302481,0.6785115,-0.88854516,0.8202096,1.1493194,-0.66339767,-0.1745101,1.0072224,-0.22621588,0.2743861,-0.5307012,0.1847136,-0.4935757,0.49728793,-0.884599,0.36451644,0.71147805,-0.1797545,-0.3970546,-0.41892976,-0.29614282,-0.7724888,1.3608559,-0.48288655,-0.820114,-0.5439137,0.18079291,-0.19554164,0.20867139,-1.2949133,0.6991314,-1.0432922,-0.79108775,-0.5342323,-0.6168888,0.6912329,0.13002764,0.06792102,-0.32517385,-0.29103556,0.69037306,0.5345097,-1.4440144,0.016573938,-1.9076152,-0.15117645,0.00307358,-0.5522459,0.3450932,-0.18012926,0.3825941,0.40439788,-0.94644916,0.2583266,0.28631333,1.3046072,-2.1935184,0.034488633,-1.0400958,-1.3845953,0.57038355,-1.0011953,-1.3696219,0.8430956,0.5275843,-1.3166511,-0.4820148,-1.172277,0.15827572,-1.8986408,-0.41443184,-0.49476093,-0.7804614,-1.0347934,0.80947506,0.19472156,-0.21767356,0.44160756,0.42946002,0.8095392,-0.43038315,-0.3659856,0.63926667,2.0542955,-0.37782377,0.14475748,-0.7325808,-1.4291458,-0.4715993,0.19820265,-0.2528887,-0.24646169,-1.097165,0.36898553,0.3598528,0.13393454,0.95108414,-0.6930002,-1.012847,-0.0680003,-1.0131612,-0.39917898,-0.6079845,0.4046071,0.059856117,-0.85471344,-0.5789457,0.11239912,-0.478182,0.55656046,-1.1776737,0.21475957,0.005288567,1.0348668,1.5345373,0.29818192,-0.421037,1.3392135,-1.2450635,-1.2217833,0.7221111,0.7235835,1.0448798,1.0409003,-0.21907218,0.003677624,-0.67622817,-0.7275338,-0.25942916,0.08877881,1.3513206,-0.7565327,-1.4584496,-1.6943241,-0.90582424,-0.20102619
0.30671382,0.54784167,-0.4590961,-0.7711063,-0.2384916,0.25951317,-0.17187144,0.49096224,0.6103763,-0.55033016,2.5520391,0.7474101,0.5992289,1.2466874,0.5566928,0.09195402,0.17052588,-1.4465723,-0.117371656,0.8159952,-1.181492,-0.37954637,-0.5525784,1.5818026,0.13799322,-0.2639962,-0.5555168,-0.72533876,-0.72073144,-0.007382145,-0.28576005,1.3003947,-0.76260835,-1.1842325,1.3754253,0.28517917,-0.63073635,-0.05568528,-0.7831474,-0.06319444,-1.0243783,-0.177541,0.41610846,-0.1360516,-0.11475862,0.44192806,-0.4153439,-0.41588995,0.9520392,0.020198805,-0.45456398,0.043685265,0.37741044,-0.5207341,-0.14503242,-0.47723287,-0.29723495,-0.086654626,0.0006764502,0.18499658,0.6055189,-0.19756825,-0.7145935,0.69828105,0.423671,0.43716758,0.50949025,0.3831626,-0.5474079,-1.3138264,-0.84642893,0.29432437,-0.3716605,0.08119472,-0.61688244,-1.0521202,-0.06990519,-0.74293184,-1.0741054,-0.5410983,0.6132892,0.7438671,-0.74889404,-0.89580077,-0.54843247,0.69320863,0.7556145,0.44413006,-0.77908003,0.53879684,0.40808538,0.37317577,-1.1678078,-0.83681995,-1.2900606,-2.218609,-0.6787287,-0.33894005,-1.1330395,-0.7740276,-0.5950207,0.65394634,-0.16406952,0.46810064,-0.45236564,0.23551077,0.65603435,0.3862416,-0.121465094,-0.40438604,-0.29922125,-0.111706465,-0.8387678,0.26052064,0.5731111,0.25210655,-0.46386942,-0.6348647,0.07476018,0.31903952,0.15441282,-1.352751,0.98306423,-0.10399745,-1.3205999,-0.37753668,0.8762329,-0.40479106,-0.20991808,-0.47425285,-0.14466396,-0.7309413,-0.4229574,0.605929,-0.6578006,0.80323786,-0.4813577,0.4973782,-0.7462905,0.2928425,0.781421,-1.1293,-0.8829589,1.4538394,1.3457643,-0.5780272,-0.5605337,-0.27122304,-0.6382064,1.2820488,0.70721775,0.39568233,0.084648766,-0.6033894,-0.43284553,-0.77056396,0.98618454,-0.3010972,-0.9801621,-0.39289123,-0.18790618,-0.74811894,0.28513443,0.45873576,-0.17797461,0.16800754,1.2620183,-0.28810245,0.7216922,0.42742732,-0.7089845,0.5386305,1.1124321,-0.16733553,-1.7417787,0.7792831,-0.27864668,0.70781183,-0.19008489,-1.2058384,-0.8082361,0.47146457,0.22605778,-0.831357,0.65505487,-0.3348062,0.4240946,-0.29591134,0.003173322,-0.24051572,-0.29224393,-0.9378436,0.5458074,-1.1342732,0.28762615,-0.49129716,0.53902936,0.85292125,0.19676313,-0.36349875,0.04017891,0.15190223,0.1823593,-0.2527565,0.16539429,0.8133687,-0.1358747,-0.06420545,-0.64398515,-1.3241127,0.17821468,0.07563334,0.2394694,0.053505946,-0.8975239,0.598104,0.87865114,0.5373866,0.1385757,0.067600034,-0.84405065,0.13245544,0.025572209,-0.092983216,1.3707708,0.5987485,0.26721424,0.37258485,0.27993545,-0.76466095,0.22073036,0.56080997,-2.0345483,1.0933248,0.538114,-0.019612761,0.63876635,-0.5540487,0.066082016,-0.30976805,0.8726138,0.28128576,0.0008162515,0.676556,-0.5895953,-0.38661727,-0.09990929,0.19360259,0.6717015,0.129907,0.26857808,-1.1837248,0.9754291,0.3884791,-0.34218538,-0.37887967,-0.079534344,-0.87814075,0.16390258,0.105543755
-0.25082985,1.2601247,-1.8329742,-1.5393357,-0.974094,-0.5096299,0.105458945,-0.81198996,0.44327107,1.0369269,0.54240054,0.42923877,0.1690081,-0.25035065,-0.11604348,-0.72542876,-0.7511252,-0.041828327,-0.5052977,0.25809464,0.48508802,0.06309776,-1.1328752,0.37744513,0.3158143,0.39891568,0.6794044,0.59639597,-0.29032078,-0.20382048,-0.17047472,-1.0040005,-0.3050438,-2.388022,0.3799164,-0.6681163,-0.8487524,-0.38798746,0.7243491,-0.15110569,0.46693474,-0.58697534,-0.12750469,-0.49166852,-0.6936469,-0.00499355,-0.097452216,0.24378838,-1.238504,0.006135566,-0.97879696,0.55883163,0.5307609,-0.8852682,-0.3155311,-0.25115606,-0.06165619,0.13516057,0.33751595,0.62380165,0.734587,-0.30093542,-0.19412915,0.21507142,-0.5862166,0.34628823,0.33502564,-0.54949874,-0.84535956,1.0701686,-0.7508213,-0.7966914,-0.24375047,-0.111775175,-0.784877,-0.81993693,-0.5140488,-0.24765915,-0.12967674,1.1469591,-0.07783411,0.19230093,-0.16134833,-0.8166241,0.44432837,0.26659182,1.7387563,0.074578956,-0.4316633,-0.028821172,-0.38886106,1.5302516,0.26793304,0.2713053,-0.14849912,0.6704871,0.7505016,-0.27671054,-0.5139644,0.23869254,-1.002322,0.34807032,1.4507707,-0.3085753,0.4774082,-0.32703167,-0.76403546,-0.38453284,0.2774708,-0.23409644,-0.2061153,-0.33675107,-0.77627033,-0.7321563,-1.0112944,0.07308467,-0.07300898,-1.214904,0.33063656,0.507475,0.69366914,-1.0069735,0.25094643,-0.34662116,-0.39733693,0.026237149,-0.27616316,-0.5311668,-0.43992487,-0.4541848,0.510146,-0.18470271,1.4298826,-1.0987012,0.3997239,-0.076982975,-0.5194474,0.07165161,-0.745823,0.16006583,-0.13498987,-0.08555918,-0.81959313,0.39812365,-0.24223492,-0.5325452,-0.0884917,0.7314801,0.5959612,0.26122954,-0.31812686,-0.1607399,0.37737694,-0.7154898,0.269681,-1.0486186,-0.64437073,-0.2600234,-0.65164864,0.07383274,0.6482485,0.69001997,0.91456455,-1.564064,-1.3480171,0.3289931,-0.28781256,1.0526003,-0.1918942,0.103143044,-0.07972944,-0.24812242,-0.23812568,-0.3523785,0.24630956,-0.8491787,0.11282163,0.2987115,-0.3964555,0.5718281,0.06463207,-0.77705234,-0.45909876,-0.9705332,-0.085876174,-2.2489827,-0.0015243181,-0.924343,-0.34184852,1.1255755,0.6863911,-0.494457,0.69051135,-0.55660176,0.14235443,-1.4651183,-0.09876224,0.24466118,-0.38321474,-0.6224985,0.91780424,-0.12431033,0.27726778,0.3004171,-0.594672,-0.2699036,-0.66422826,0.361008,-0.32963842,-0.39422765,0.61442447,-0.3073613,-0.10677879,-1.1266481,1.5332606,-0.5869183,-0.17562133,-0.017894372,-0.3620505,-0.5129936,-0.8725143,-0.6530632,-0.051250894,-0.15208212,0.30316862,0.94921476,0.96139705,-0.55551505,1.020488,-0.22425812,-0.35798296,0.735113,-0.74721134,0.40675426,0.964845,0.035707828,1.118202,0.5742972,-0.674244,-0.8512449,0.79193735,-0.62268263,-1.3730537,0.2058845,0.122596666,1.1348472,0.8694105,0.09438253,0.7237843,-0.4241186,-0.43617392,2.3705053,-0.7718455,-0.3619447,0.3787782,-0.31781775,0.116365284,1.0227612,0.58649105,-0.31456876
-0.04737864,-0.43795422,-0.33136925,-1.270852,-0.16095816,-0.40067422,-0.9241835,-1.1163579,0.41594967,-1.4894642,-0.29328558,0.045874003,-0.89068073,-0.5815268,-0.13857302,0.3613891,-1.1476902,-0.37875515,0.099517696,-0.39414743,0.3092419,-1.1091608,0.12570171,0.4122831,0.4847701,0.39925846,0.5944444,-0.19952574,-0.6708691,-0.123912424,-1.3314456,1.7951038,-0.7089211,-1.1371888,-0.4939728,-1.0142928,-1.0313709,1.738702,0.3735489,0.3437872,0.5006924,0.5543476,0.3800656,1.718327,-0.63893867,0.29147857,-0.70378214,0.13926105,0.47374883,0.8749036,0.20490749,-0.3261982,0.38396156,0.134596,-0.05462634,-0.09951188,0.21095638,0.43997124,0.7852973,0.02715614,1.0286361,0.793988,2.6127565,-1.083051,1.6069372,0.85962117,0.7742293,-1.4276463,0.62690216,-0.39229178,-0.4034596,1.391975,0.54996353,-0.66540986,-0.3316216,-0.38389978,0.09977679,0.32956535,0.022067226,-0.57915586,-0.028221264,0.110796675,0.3103403,0.31221482,-1.1196023,0.60523427,0.6196164,-0.97758037,-0.44810936,0.7104563,-0.023275854,1.3714422,0.08671866,-0.8846372,0.16128087,0.4565065,0.14681767,0.3592818,-1.0334737,0.0402107,-0.22632365,1.272677,0.5674326,0.39415056,0.22570425,0.18118505,0.60007614,-0.5303785,-1.4800142,1.4164232,-0.334533,-0.20499013,0.59330577,1.1343241,1.6433008,0.6235166,-0.04014216,-0.5602471,0.46940842,-0.1455841,-0.6231143,0.8960234,1.9451518,1.0160811,0.2867871,1.9099932,0.6846221,-0.6195519,0.32847485,0.8047383,0.35188627,-0.053158086,0.5586905,-0.14211056,-0.1631016,-0.23064272,2.0505848,0.18465678,1.6104443,0.025501616,-1.3860939,-0.019560294,0.47962946,-0.12712881,-0.4438429,-0.4691503,-0.5471706,-0.3983903,0.35583922,1.469292,-1.3842987,0.9161816,0.8747612,0.16804904,-0.85053974,-0.5262632,-0.23286723,-0.001775549,-0.78296274,0.44975883,-0.56257534,0.57365066,0.091026105,-0.29485527,1.541085,-0.3825427,0.8034904,0.36313015,1.1239777,0.003988639,-1.2186577,0.6729557,-0.70517516,-0.86906147,0.89598495,1.7359827,0.08213693,0.47762883,0.14689131,0.07469491,-0.26533103,-0.46567044,-0.26598555,-1.0858271,-0.12111388,0.59523,-0.0049098083,-0.62468594,0.45206782,-0.6238658,1.653841,-0.01365521,-0.73442394,-2.0356438,-1.5523956,0.86799335,-0.6274431,-0.4542756,-1.161435,-0.69176155,-0.91435593,0.11781044,-0.69492114,1.3429055,0.16838469,-0.02290636,-0.37328628,1.3428086,-0.18376823,-0.25747418,0.973893,0.71270204,-0.97800565,-0.6753204,-0.17653647,-1.0388359,-0.12610425,0.47502846,0.41946563,-0.793225,0.52216923,-0.3600163,0.18312411,0.6566116,-0.6597068,0.44721046,0.46445942,-0.30527613,-0.107285105,-0.010084463,-0.2591204,0.35399222,-0.64031726,1.3280977,0.93550444,-1.1945387,-0.05288283,0.72329503,1.4182389,0.123277105,0.63094646,1.1956816,-0.5746002,0.63632786,1.3937395,-0.17554936,0.2638102,-0.14960848,-0.28277707,0.29617268,0.65156215,0.31159496,-0.1646541,0.810988,1.003125,0.54051274,0.77575666,1.1777809,-0.31515074,-0.017763123
1.3663661,1.506698,0.9791876,-0.5266144,0.5884415,-0.37640032,0.14668338,-1.4562007,0.39770186,0.27966538,-0.27209213,-0.55840766,0.9267992,0.29788595,0.3493479,0.85243464,-0.9519319,0.5097737,-1.2658981,0.11943891,0.24519722,-0.40476504,0.19197531,0.15913436,0.5109552,0.055729542,-0.15582426,0.15104309,0.7675562,-0.102848984,-0.49279484,0.32450128,0.4574201,0.71307653,-0.003880667,-1.0623529,1.118497,0.45365965,1.2519513,0.14508924,0.09014176,-0.008097329,-0.5833175,0.85298866,-0.65259886,-0.15176511,-2.0735788,0.38002926,0.14104815,-1.1270338,-0.70866305,0.7709966,0.4286125,-0.09288771,0.33059952,-0.46686152,-0.9685146,-0.1577017,-0.9286195,1.4728061,-0.7113244,0.25249895,0.16746293,0.015082234,0.0654492,-0.08709436,-0.10817085,-0.040433563,-0.7900212,0.7630631,-0.17302242,-0.22732495,0.77852947,-0.16886336,0.41639158,-1.1916691,-0.22864155,-0.4907531,-0.062242866,-1.1010051,0.30181107,0.41619906,-0.17484556,-0.99293655,0.27064463,0.67752504,0.4956639,0.30607736,-0.12453653,-0.364263,-0.48597762,1.0411354,0.5868573,0.6545876,1.0504603,-0.6809531,-0.6677703,-1.2362502,-0.22838555,0.28067943,-1.1593066,0.029628254,0.59011936,0.52863556,0.8020551,0.6003258,1.4441582,-1.0713707,-0.99638736,-1.191477,0.40680078,-0.24888131,0.58049554,-1.0473008,0.5625218,-1.6553838,0.8536356,-1.3167273,-0.65845937,-0.92463446,-1.1818583,0.23087606,0.38400066,-0.37225172,0.09875835,0.44041774,-0.9926787,0.39592916,-0.559573,-0.19184014,-0.6094328,-0.3637503,0.2037879,0.27284276,-0.4017849,0.40442616,1.3645384,1.1660457,0.00077304064,-0.11596503,-0.97717285,0.22969547,-0.22840434,0.4395139,-0.17035283,0.10092806,-0.8289075,1.086189,-0.10474008,-1.1500691,-1.164624,-0.24853352,0.43186244,0.55965096,0.59986395,-0.2590929,0.6728391,-0.49420014,-0.75757146,0.82579046,0.30602747,-1.0846921,1.5895125,0.5196724,1.0025243,1.4618268,0.58437514,-0.17894872,0.081750095,0.59603816,0.6666264,1.6561455,-0.8203237,0.69642437,0.41320378,0.43321702,-1.6829307,0.33177757,-0.73051083,-0.20860824,-0.61323273,0.26765764,-0.49037957,-0.35347125,-0.7520099,-0.02124281,-0.09143323,-0.33210063,-0.21074872,0.45889825,0.108581744,-0.79404235,0.13340446,0.2985565,-1.0048218,2.1759639,0.31954452,0.5145255,0.67819893,-0.37943995,0.180519,0.314282,0.6269911,0.5153781,-1.8965467,0.6819073,0.4474465,-1.1871865,-1.0173225,-0.40369043,-0.38927078,-0.56993675,1.1040956,-0.49576098,-1.187067,0.81728524,-0.5202948,0.012140899,-0.025749536,0.5739881,0.5890812,-0.65252095,0.09858218,-0.8884206,-1.2621369,-0.011136088,0.7094365,1.0798318,0.87758034,-0.9780666,0.060864042,0.603914,-0.36976412,0.19728704,0.31411272,0.86938226,-1.0991459,-0.34260985,0.27135748,-0.8695933,-0.442554,0.30182412,0.2524679,0.028106268,0.75594586,-0.41792607,-0.6381643,0.9199188,0.76880044,0.09034878,-0.8839974,0.5921461,1.8153219,-0.112127855,0.17468058,-1.1495811,-0.08436192,-0.25732115,-0.4198507,0.8748241
0.8581851,0.98943204,-0.45547953,-0.29813758,-0.16214904,0.55905735,0.27546313,-0.20254686,0.39502895,0.046804275,-0.25873637,-1.2372358,-0.6737502,0.34833252,1.7069354,-1.3142661,-1.0470443,0.32084802,-0.92901045,0.80730766,-0.19192405,-0.46538898,0.23461294,-0.8782997,0.7307238,0.39879978,0.6879853,-1.2374287,-0.24296223,0.60345775,-0.682193,0.25802574,0.6407474,0.084338926,-0.24247985,0.66239196,0.5045318,0.42786863,0.14048159,-0.7294623,-1.3643692,-0.025992917,0.20653725,0.65753686,0.1338768,-0.39807573,0.31736067,0.27364194,-0.35427466,-0.04487322,-0.57193583,-0.0072567277,0.06622881,-0.45392105,-0.514092,-1.9850755,-0.08887929,-1.0496454,0.12270343,0.4620513,0.32940173,0.039544705,-1.3992288,-1.148117,0.7398981,-0.15905541,-0.34220898,-0.1570323,-0.19794397,0.98345107,0.4637707,0.16783188,-0.61733437,0.75845927,-0.5373773,0.43704852,0.34254044,-0.7272384,-0.076797254,-0.4533927,-0.017556358,0.09697144,-0.43427414,-0.73550963,-0.092537396,0.12600559,0.15335718,0.302416,0.18057585,-0.56068546,-0.17264302,-0.2484391,1.4831663,0.84363306,-0.2458981,0.20094043,0.8735629,-0.03561181,0.9258408,0.14476553,0.2876724,-0.30921152,-0.27044934,0.03568788,-0.014743444,1.1380816,0.4050907,-0.8378396,-0.6500825,0.35993853,0.24361922,0.16530776,0.07060521,-0.07133662,-1.26447,0.76946175,0.37492663,1.3263535,1.2186868,-0.06737736,0.9612726,-0.69423425,-0.743247,1.1394299,1.0232103,0.6367397,1.4080782,0.75893086,-1.2705439,-0.5636993,0.0018609085,-0.8101022,0.47656345,-0.87497485,-1.2736629,1.6418461,1.1817425,-0.49918127,1.6356511,-0.53848654,-0.7640769,-0.7837607,-0.27664974,-0.03202783,-0.34318283,-0.94163066,-1.8516072,0.50501245,0.54804313,0.35783425,0.8651203,0.7010704,-0.14814374,0.44170326,0.472207,0.71995956,-0.3232064,0.98511034,0.7945342,-0.6929264,-0.32317322,0.45860073,-0.6018317,0.60334116,-0.42077562,-0.18839702,0.5252045,0.03222026,-0.12867214,-0.17599396,0.07853657,0.3104535,-0.26724535,1.0656383,-0.76750255,-0.5259674,0.18525721,-0.443582,0.003652635,-0.023491312,0.112063035,-0.40914106,0.4250546,0.29928318,-0.08937042,-0.3664347,-0.7453851,0.023474362,-0.27933526,0.27801517,1.0577492,0.3899197,-0.46219227,0.10705001,-0.044972453,-0.2668946,0.575226,-0.46000192,-0.96394706,-1.182872,-0.27091673,-0.9885065,0.30984518,0.117782116,-0.031835146,0.16748306,0.7005068,-0.29241216,-0.51249754,-0.2569102,-0.42479524,-0.504216,0.12080639,0.4849903,0.81581634,-0.72583485,1.6922592,0.42799273,-0.5248446,0.2728133,-0.33055532,-1.0625833,-0.37222204,-0.9227923,1.0194404,0.27913404,0.11297861,0.302597,0.47243842,0.7752385,-0.6456436,0.333368,0.17307682,0.28368995,0.29856393,-0.61902744,0.9102993,0.27067214,0.34255123,-0.6534212,1.2657068,0.5907076,-0.1289439,-1.1488233,-0.3895009,-0.58930725,-0.44694883,-0.5017907,0.67353773,-0.03939669,0.7090624,0.2927293,0.28197977,-1.1425878,0.90414983,-1.4741752,-0.64566827,0.25322202,1.7190537,-0.60498196
0.240863,0.11460488,-0.464869,-0.094899565,-0.270061,0.1698647,0.36289,-0.31357443,-0.021888223,-0.1257843,-1.7923404,-0.8684396,0.09752591,0.5744433,-0.3850681,0.048077077,-0.66698813,-0.38621473,0.013020396,0.024704045,-0.80438805,-1.1420733,1.0609325,0.48487595,0.0666455,-0.8424192,-1.5400574,-0.25513354,0.3225009,-0.061496116,0.61089945,-0.18727146,0.25726625,-0.12621298,0.580732,-1.2415746,0.88694924,0.383445,0.21340807,-0.522812,-0.003444175,-0.785704,-0.076478176,-0.14105202,-0.5060857,-0.46043348,0.16606219,0.5223534,-0.3089506,0.9793428,-0.40978804,-0.13244805,-0.09624965,1.0126475,-0.03963096,0.5093949,0.22195946,-0.19877234,-0.527444,-0.03358611,-0.473989,1.041643,-0.16645887,-0.2556002,-0.9488086,0.44430485,1.4497397,-0.34888926,-0.008512442,-0.3457853,1.4503175,0.4154692,0.12115016,-1.1983553,-0.7558193,-0.9355566,0.37587222,-0.08352043,-1.2018132,0.21672568,0.28105643,-0.27797323,0.018444352,-0.8746392,-0.080632195,0.16795969,-0.5732086,0.016478378,0.07720253,-0.31934255,-0.89174825,-0.929204,-0.844937,1.1197652,0.039958686,1.1074128,-0.39955252,1.8970708,0.8245317,-0.08434663,-0.21546574,-1.1699584,-0.07172528,-0.54809517,1.3886852,0.14273457,0.62137806,-0.6932466,-0.2619206,0.79779226,-0.5126369,-0.6831815,-0.5453969,-0.99268353,-0.20283724,-0.7668289,0.33774665,0.16190526,-0.43064523,0.38248068,1.3010856,-0.20163931,-0.37359992,0.18004957,-0.1525598,0.9558761,0.2539089,-0.2288635,-0.60947454,0.7912273,-0.9943409,-0.25676465,0.16869625,-1.1270092,-0.3492076,0.21085961,1.0784754,1.7661499,0.7976128,0.31556958,0.59131986,0.6378523,-0.41982147,0.6663104,0.91706026,-0.034912784,-0.89663893,-0.00041472612,-0.24103135,-0.3731561,0.65762484,0.3649144,-0.10006661,-0.025988711,-1.096217,-1.0451401,-0.23204263,0.19399622,0.041822724,-0.74997777,-0.522333,-0.5296081,-1.2588651,-0.15235035,0.34959123,0.87324196,-0.14089766,-0.19053452,-0.098724626,0.0059996643,-0.39793023,-1.0771608,0.2892958,1.5876344,-0.4583976,-1.2422758,1.1061329,-0.5759667,-0.013042873,-0.73985857,0.6231487,-0.1260884,-0.99594396,-0.26180106,-0.27471182,-1.9088526,-0.47967675,0.109542415,0.6413756,-0.4342755,0.4736986,0.13296573,0.9821765,1.0293726,1.2645528,-0.9856313,-0.59348595,0.78701276,2.5858824,1.168996,0.09269779,0.24490413,-0.8387652,-0.04778673,0.2601684,-0.34784028,0.14797212,0.60221124,-0.26027936,0.26144218,-0.8016882,-0.103293635,0.29826757,-1.1036764,1.5595461,-0.2795362,0.074672125,-1.3476038,0.23243743,0.59847546,-0.5075888,-0.12452364,0.43889937,0.29942894,-0.6080443,0.39441642,0.15414675,0.25209656,0.09767421,0.046797678,-0.57463497,-0.21425182,-0.08986332,0.77800745,1.3539826,0.5886156,0.09932678,1.0745792,-0.17008348,-0.5084053,0.42835253,0.20454247,-0.13570057,-0.27206773,0.89601123,-0.5270851,0.36238602,-1.3081151,-0.05132846,0.21786828,-1.238545,-0.70439786,1.526067,0.09832945,-1.5594232,1.7288002,-0.5547436,-0.6435252,0.52668494,0.3536642
-1.3956459,-0.025611104,-0.7832073,0.051848516,-1.5416332,0.09510338,0.49409115,0.45609054,-1.2516216,-0.18576437,0.8093709,-0.2615416,0.6388871,-0.52418494,-1.3965515,-0.19793548,-0.35782027,-0.5442151,0.33086875,-0.53316563,-0.50218844,-0.19429027,0.25142357,-0.17287011,0.39114124,-0.95267594,-0.106965564,0.22576116,1.4873083,-0.42318085,0.17712584,-0.6828511,0.3843828,0.069420435,-0.6364714,-0.7289081,-0.19879267,-0.6555879,-0.26846656,-1.3011279,-0.18973276,0.6118523,-0.022680242,0.44544142,0.50372404,0.20809515,0.8444476,0.15193132,-0.33659652,0.52808833,0.4105319,-1.3877826,0.719661,-0.46556497,-0.49082062,0.92929727,0.44886643,0.30890667,-0.42280844,-0.76090086,-0.9314896,-1.5375284,0.017975615,-0.013688714,0.21211752,0.5194008,0.2399777,0.7953057,-0.8801089,1.9295138,0.49453765,-0.21578433,1.233744,-0.33714125,-0.36205286,-0.6943708,-0.41344878,1.1958058,-0.34544724,-0.48443964,-0.6117861,0.650133,0.21406381,0.307992,-0.6508886,-0.14029127,-0.0014120234,-0.9385537,0.9423982,0.6243383,-0.38956398,0.9650673,-0.009208816,0.18623462,0.19127478,-0.0254095,0.81989884,0.74143803,0.69428545,-0.3034906,0.09651751,-0.30559734,-0.81395495,-0.3153514,-0.37707698,-0.52538115,1.2774645,1.385353,-0.12687045,-0.9584833,-0.32916236,-0.18140604,0.10461186,-0.46596086,-0.103996485,0.24238233,-0.16171417,1.0475605,0.3685379,-1.2684419,-0.62004083,-0.04115359,-0.30108586,-0.050649915,0.91180515,0.6546094,0.09772506,0.99092567,-0.8390989,-0.1734131,-1.6859635,0.042594697,0.80016536,-0.71579176,-0.901522,-0.26284546,-0.6219181,0.5538321,-1.4947673,-0.09650348,-0.02826967,0.15411185,0.74333435,-1.2367923,-0.402009,0.3799226,0.082638934,0.17536213,0.24775067,0.85367477,0.5158593,-1.3938156,1.0905908,0.3994801,-0.5365651,-0.21339497,0.4054783,0.06877277,0.8637081,-0.7083427,0.2444735,0.81532335,0.47003126,-1.0199583,-1.656424,-0.6453979,-0.20136328,-0.25433013,-0.48737264,0.6095934,0.72462064,0.12536052,0.575811,0.072683364,-0.19188592,-0.99150026,-0.03308032,1.0588921,-0.3977891,-0.7458174,-1.1808441,0.53508675,0.28346977,-0.6356165,-0.2420625,0.46892336,-0.30261585,0.4184099,0.19395702,-0.025294578,-0.0027039994,-0.7307838,0.46569428,1.9197555,0.11328226,0.7659071,0.48087478,-0.61145705,0.4625614,0.040619135,0.07828015,0.015594094,-0.46533045,0.90888584,0.70622057,1.8285489,0.86892503,-0.5181851,0.33738315,0.29699633,0.564108,0.62764996,0.54171646,-0.016040707,1.079616,0.01790105,-0.18655036,0.9163932,0.70585865,0.5104629,1.3095772,-0.794206,0.4233591,0.78376406,-1.1747234,0.25632736,1.2222842,-0.33919048,0.3477254,0.49086934,0.41561353,0.37616646,0.36145774,-0.05438487,0.7419762,0.6859947,-0.28673762,-0.39029878,-0.6588165,0.017034795,0.4292342,0.05176501,0.686136,-1.1252577,0.65364724,0.9784195,0.2869045,0.5613869,1.0906628,1.0788374,0.39263326,-1.006189,-0.08607413,-0.43496835,-0.164373,-1.2090185,0.97333235,-1.1254672,0.6665978,-0.3553973
0.086513214,0.2907182,-0.089993715,-0.51197326,0.61212415,-1.4937253,0.18299063,-0.25229928,0.55693895,0.24030864,-0.028284483,-0.60868084,-0.199742,0.5524617,1.1205771,-0.5639607,-0.6128427,-0.45777902,0.5378242,-0.93136734,-0.048404034,-1.4989811,0.65281785,-0.85431445,1.6034021,-0.5772986,0.4726141,-1.4300251,0.2942298,-0.91206765,0.35765532,0.023064882,-1.7302599,0.1203137,-0.5876714,-1.3548607,-0.072711654,-0.6820312,0.03478756,-0.00676149,-0.3822175,-0.20965183,0.33904257,-0.13392493,-0.98352903,-0.02822919,0.31041273,-0.2827654,0.14935909,-0.6574475,-0.36332387,0.10314666,-0.8164233,-0.51231456,-0.47119486,0.02021039,0.72887605,-0.19799255,0.013032117,-0.41163966,-0.55022603,-0.5010763,0.95273095,-0.19551986,-1.3809788,-0.45229742,0.4923739,0.49859637,-0.019737363,0.5859351,0.12145253,0.19598776,0.90278524,-0.07075527,-0.32768443,-0.12670445,-1.6144667,-0.02984483,-0.48881721,-0.73570967,-0.71211106,0.060198016,0.64536184,0.29500702,0.6039218,0.0791319,-0.05598207,-0.91824985,0.059208065,0.9587641,-0.1606531,-0.6952189,-0.8104089,0.01893182,-0.60055506,0.25001544,0.6439119,-1.0017034,0.6281375,0.7161139,0.8003627,-0.26293397,-0.95731777,0.37955147,0.4035951,-1.1807926,-0.4002426,1.1858516,0.023576126,-0.5697376,-0.07733481,-0.5982096,0.34233874,-0.76084864,-0.39227504,0.5113719,1.1197501,-0.27832583,1.0289391,0.8008731,-1.1861589,-0.12024811,0.14649314,1.1988763,-2.03335,0.12457134,-0.85563123,0.15805496,0.85113573,0.013370558,0.1643698,0.6556808,-0.3978384,0.8357911,-0.23965147,-0.6830809,-0.0029117842,-0.7478823,-1.4228837,-0.7171285,-0.3614082,0.18615411,0.3699102,0.55619246,-0.060163066,-0.31942368,0.1015992,-1.0095787,-1.2244477,0.5024512,-0.64683926,0.7428242,-0.31301427,0.7566378,-0.20433395,0.63273835,-0.026600137,0.30375847,-0.25537366,1.6375642,0.5505922,0.66081554,0.9444411,0.4013453,-0.09310531,0.34448174,-1.367311,-0.0891501,-0.5700794,0.77541196,-0.260946,0.47824687,0.19011004,0.079679154,0.42007655,-0.8940218,-0.7105758,-1.1372612,0.7897632,-1.0063257,-0.5713125,-0.4764987,-1.0615834,-1.7986736,0.018412353,0.08609314,-0.68293816,-0.33479902,0.16444676,-0.8882454,-0.0035417394,-0.7452918,-0.2816743,0.14303806,0.8625934,-1.0194207,-0.26292244,-0.78963685,-0.81559825,-0.5197442,0.74997777,-0.2002919,-0.8117292,-0.0077379923,0.19732028,0.12044907,-0.19102654,0.3705075,0.7499606,0.22618543,0.7379465,-0.5531717,0.3623231,-0.32847005,1.1020937,0.42122248,-0.058565184,-0.17942767,0.105376616,-1.5619959,0.11269846,-0.3517662,0.33816203,0.31528354,1.0600245,0.24553788,-0.27440247,-0.81326586,-0.89224064,0.28485283,0.6882571,-0.3613391,0.46241754,-0.75449854,-0.43751705,0.79575956,-0.4464012,-0.10247146,0.36632717,0.38324437,0.73782676,1.0963118,-0.052793227,-1.1021205,0.10639227,-0.04708422,-0.54120475,1.7174969,0.41832608,-0.37858057,0.9606859,1.0569302,-1.1298975,-0.3106975,-1.6181214,-1.1813927,-0.33533397,0.5468534,-0.17226042,-0.07216424
-1.1897756,0.23623139,-0.23810577,-0.7586858,0.67482567,-0.22726338,0.21098407,-0.32427156,0.85179716,0.37002555,-1.4240931,-0.023619162,0.9058052,0.5871121,0.48333827,-0.5766666,0.6782693,0.1625791,0.27976787,-0.23771411,-0.19983068,0.018857533,-0.44307986,0.38554752,-0.4427525,-0.22172686,0.19835356,-0.7271958,0.47210452,1.3000025,-0.272904,-0.8783299,0.88119566,-0.4244514,-0.09213767,-0.5083307,-0.073311195,-0.72173184,-0.39694282,-0.7039643,-0.80094767,0.63014114,0.062455323,-0.12951572,0.3150405,-0.39772534,-0.0033264074,-0.45155185,0.45127323,-0.037823763,0.5965871,0.5214697,0.0801287,1.4317905,-0.7900858,-0.5109686,-0.29691866,-0.10462456,-0.30730742,-0.7100511,-0.084719114,-0.8930243,0.41130462,0.25797895,-0.17174825,-0.6327024,0.542802,0.6600049,0.032194074,0.7947638,-0.08640607,-0.71912235,-0.16294496,-1.4191169,-1.7576385,-0.71003723,-0.13465534,-0.97782665,-0.44688752,-0.16137056,-0.48310286,1.3770049,0.4280518,0.45487916,-0.11753394,-0.19761315,-0.18250257,0.7575565,0.12878749,-0.83202106,0.6449573,-0.9860285,0.34755963,0.025023289,-0.07205293,0.2077472,0.4285727,-0.077577725,-0.47987312,-0.47846603,-0.73023146,0.37350497,0.03932651,0.0100932075,0.48414403,-0.62666327,0.814933,1.5803517,0.057232153,1.3978568,-1.0213518,1.1508142,-0.2943958,0.19513685,0.61560464,0.95794684,0.90577173,1.0612459,-0.035747837,2.356815,1.4576122,0.8625188,-0.3562448,-0.6730171,-0.80314785,-0.30766624,0.10049509,0.28269392,0.45905522,-0.7254467,0.37684917,-0.00939759,0.51540375,0.9691789,1.4478724,0.42167723,0.41814175,-0.3722659,0.93090564,-1.4256926,-0.1710608,-0.94311786,-0.24650733,-0.75158393,-0.7546032,0.9393645,1.2449124,-1.5857079,-0.6679893,-0.13954069,-0.40669838,-0.27359772,0.21901754,-0.25427133,0.7089083,0.2944304,0.6865205,0.6104672,-0.106692426,-0.2345755,-1.4509073,-0.6689499,-0.5931077,0.534849,0.33449882,-0.44064212,-0.3938024,1.1258656,0.5521809,1.4215456,0.33601075,-0.27974486,0.14945337,-0.1599164,-1.2783606,-0.4523497,-0.7643249,0.30652088,-0.7221458,-0.14567322,0.45660913,0.016587632,0.9289943,0.9855696,0.9139877,0.0757605,-0.3953353,-0.80781496,-0.5891729,1.8971249,0.03478046,-0.25726378,-0.21400988,0.21994641,-0.4050422,1.5322542,0.13390726,-0.017952692,1.1289434,0.15449801,-0.39235654,-1.1659443,0.19409703,-0.3456405,0.048384175,0.58967113,0.4607573,-0.7379986,-0.879558,-0.45945153,-0.8225985,0.028893162,0.61901665,-0.32480898,-0.3532089,-0.33108354,-0.7497259,1.2808228,-0.010087452,-0.44931155,0.7630771,-0.019995771,-0.52707475,0.617757,-1.0471312,0.7761332,0.41287008,0.0652273,-0.23099084,-0.04007522,0.18737555,-0.665449,-0.20870024,0.7669964,-0.74408305,-0.4915216,0.519772,-0.29967093,1.4036756,-0.142055,0.3312926,-0.12803416,-0.08248995,0.69173086,-0.9839619,-0.52782154,0.8995595,-0.28334075,-0.82039505,0.7477587,0.45711708,-0.13177575,0.36570513,0.16128787,0.045536086,0.5822455,-0.44443652,-0.8785651,-0.82912594,0.03696337
-0.4214947,0.061243594,-0.06506532,-0.2612343,0.09088421,-0.1876345,1.0801957,0.9164263,-0.81903034,0.41216138,-0.4547203,0.41387415,-1.05829,0.5495233,1.0989546,1.4350511,-0.123294234,-1.5917268,-0.7772273,0.38687235,-0.2636092,0.23003305,0.7462317,-0.7006885,0.26111314,-0.3986811,0.79802203,-0.33578736,-0.56145877,1.5228839,-0.7719731,-0.3147152,0.47929204,-0.23742734,0.31592548,0.8379185,1.2255495,1.0441091,-0.7128018,0.88255036,-0.283542,-0.49868795,-0.67172134,-0.002086116,0.030197887,0.09279415,0.92912495,-0.45885405,-0.8711235,-0.6801509,0.22610556,-0.37104657,-1.409839,-0.13947713,0.049291,-0.86037546,-0.3780462,0.39566588,1.6035552,0.47598484,0.23440167,0.16973346,0.35492665,0.2925788,-0.8539496,1.1947755,0.54366857,0.13515428,-0.038049836,-0.22986414,1.0357536,0.6146977,0.03556017,0.12407244,0.8359879,0.48408854,-0.5090914,-1.2763304,-0.16014795,0.73556983,-0.3823753,-0.35918757,0.3694308,-0.51237994,0.08713845,0.25449145,1.4406815,0.7582898,-0.7710681,-0.22155128,-0.5902457,1.036293,-0.4398501,-0.03666112,-0.3986088,0.7118043,-0.60132205,-0.6785833,-0.23530865,0.33567688,0.7587433,1.2055175,0.95257103,-0.6595107,0.19758195,0.016774511,0.6286297,-0.50810015,0.22716604,0.25743327,-0.6889143,-0.16610864,-0.66081804,-0.24770686,-0.90824354,0.7859647,0.6178759,-0.27856022,-0.8100335,-0.28890598,0.7649476,0.48820284,0.49736956,-0.17989688,-1.8410022,1.9276223,0.9444292,0.20776105,1.3671893,1.1839865,0.5153298,0.27802214,0.14644817,-0.44045058,0.016191497,-0.4945026,0.09194341,0.64702165,1.1862028,-1.7751906,-0.61387485,-0.78820586,1.2792552,0.44499382,-0.7787954,-0.26413837,1.4385841,0.2935406,1.9142159,0.25790286,1.3896761,0.8875619,-0.7347936,-0.54334086,-0.16802832,0.050838288,-1.1959342,0.8035332,-0.88046855,-0.6118331,1.2276976,0.34987918,0.6285966,-1.5542054,-0.4687182,-0.19971606,0.9934132,0.46026355,-0.789367,0.61218137,0.48713404,0.17637138,-1.0441405,0.2774843,-1.7129546,0.5301626,-0.658599,-0.59914875,-0.61206543,-0.2521421,0.1647238,2.1106746,0.37644008,-0.37163094,-0.07274843,0.92230684,-0.13792206,-0.06319815,0.08622167,0.67132,-0.36064324,0.6083762,1.3689904,0.0907454,0.14621584,-0.27128866,-0.12816954,0.67964363,-0.9032522,-0.6570971,-0.69893,1.2985104,1.2069815,0.0020197274,-0.20972899,0.4322779,-0.8415607,-0.15437593,0.9177701,0.76680684,0.93410534,-0.6217316,-0.6758461,-0.2640262,-1.3294996,-0.17951366,0.00915432,-0.55788517,-0.4496971,-0.0648526,0.7726963,0.53110296,0.57791597,0.19956717,-0.8951842,0.342131,-0.39303255,0.59934556,0.029385256,-0.23178694,-0.2580245,1.4359717,-0.29026744,1.492411,-0.00036349034,-0.63695765,-0.021475744,-0.25096908,-0.78657526,-0.11967906,-0.32562438,-0.7905669,-0.7785849,1.7589321,-1.7952572,0.74333864,-0.3675015,-0.15612248,0.65284175,-0.34093162,1.1965795,-0.36059424,0.046991076,-0.8021949,-1.461126,0.20284647,0.6496841,0.39593747,0.5943018,-1.1672683
0.39548886,0.9074693,0.13491765,0.0675951,0.12520836,0.0075831064,-0.35224926,-0.58257025,-0.121251404,-0.05260268,0.50382096,-0.05704013,-0.0341322,0.50195277,0.69575024,-0.5397317,0.2186495,-1.8195636,0.19173467,-0.28712177,-0.27309096,-0.15695138,-0.3407899,-0.2788412,-0.53691214,0.08501758,0.45937398,-0.054765712,0.21069029,-0.15414374,-1.1197412,-0.97778195,-0.54861915,-0.19116428,0.6748062,-0.8050496,1.3183967,-0.92745626,0.051688775,0.7424085,0.056550592,-1.2279323,-0.23645104,-1.0498146,-0.71523106,-0.14036593,-0.017127248,0.1721899,0.5689977,0.6140793,0.33835423,-1.078904,-0.14753848,0.2579182,0.20303936,0.20812511,-0.5316062,-0.40616617,-0.72072524,0.7849596,0.76256144,-0.42024952,0.46804693,-0.9648934,1.4561757,0.9941423,1.4131987,-0.2946752,-0.09922036,-1.9571966,-0.7013714,0.5841606,0.4296397,-1.2458311,-1.5845693,-0.9969276,-0.91170186,-0.26954174,-0.6537885,-1.0458235,0.034327943,-0.8782136,0.35112065,-0.3567461,-0.7149996,0.38427335,0.42330673,-1.000609,-0.5765737,-0.65800995,-0.6053895,0.54667324,-0.12423828,0.34094772,0.51688147,0.5433685,0.70467424,0.80994904,0.7596324,1.9340969,0.9041443,-0.39224565,0.7831865,1.0476207,1.2340101,1.1113672,0.82253116,0.4839287,0.8427194,-0.35452864,-0.83917296,-1.71692,-0.02762992,0.26476976,-1.2010256,0.20334764,-0.19869883,-0.5455034,-1.1119461,0.5460747,1.565461,0.71464616,-0.8752833,0.51129586,0.03070523,1.1587211,0.4935731,0.22898248,0.2777104,-0.9587639,-0.038056746,-0.46227172,0.4760114,-0.55976164,-0.16573124,1.2187364,0.63290036,1.2875267,-0.6335679,-0.26615384,-1.6173236,-0.1568262,-1.2524008,0.96119946,-0.21683003,-1.1448048,0.45638368,-0.4334477,0.28417984,1.1671808,0.4419068,0.7364434,-0.64042765,-0.4493447,1.0509396,-0.0516621,-0.4749443,-0.14064237,-0.70964324,0.3991568,-0.862477,-1.003223,0.071503215,0.069459684,-0.58892184,0.54888856,0.5193806,-0.54260564,-0.27498955,0.53637797,-0.6776215,0.38171175,-0.90910065,-0.5961949,-0.115609325,-0.42917836,-0.97116816,-0.72406936,-1.0030643,-0.5485045,0.119872585,0.46804023,0.46993887,-0.111289635,-1.4712343,0.24577929,0.064769335,0.06793909,-0.6330836,0.004084743,-0.2867883,-0.15828347,-0.09754432,0.18277887,-0.13914122,-0.034144755,-0.4499054,-0.109177604,-1.2539512,-0.9143387,0.22668082,0.7451472,-0.93382484,-0.6071229,0.43137547,0.11265383,0.27749845,0.21362819,1.5403767,1.0874016,0.65950364,-0.31415382,-0.6395059,0.31440586,-0.25216427,0.16920522,0.4389513,-1.2119468,0.83679205,-0.13868026,0.46658057,0.5865697,0.053195454,0.6321466,-0.4673375,-0.13322778,0.06765799,-0.6050475,0.25418806,0.31836298,-0.45539224,-0.23344754,0.1862859,1.3215404,0.36405304,0.39232084,1.0988722,-0.24839063,-1.3820641,-0.52359265,-0.856059,-0.6357125,1.0327878,1.5223461,-0.7960086,-1.3253185,1.0091608,0.31510323,0.031523257,0.81913745,-0.55550706,-1.5695952,-0.4605804,1.1035864,-0.8175092,0.95797896,0.27002215,1.2377658,-0.4009921,-0.21250783
-1.5728319,0.49080184,0.10881491,-0.07853896,-0.18122329,-0.19133167,0.712477,0.3054232,-0.583378,0.7214813,1.2680651,1.2797238,1.2248033,1.112795,0.78525364,-0.18323737,0.41918352,-0.5958872,-0.55097383,-0.21312007,-0.08797848,-0.30109397,-0.33091232,-1.0706214,1.5917417,-0.88923776,-1.1040579,-1.248074,0.84904253,-0.6085835,-0.25067732,-0.75326675,-0.65813726,-0.47386813,0.5299684,-0.41881695,-0.08210712,-0.09810965,0.1239715,0.07232362,-0.30183423,0.117931485,-0.3612452,0.11652075,-1.0654404,0.54249704,0.26273307,-0.84122354,-1.2315922,0.7705452,0.60573345,-0.23644505,-0.8179398,0.8815307,0.7367305,0.8033093,-0.6599096,0.0453755,0.26374403,-0.058964957,-0.8233979,-0.38554794,-0.15035892,0.36515182,0.6589653,-1.1755358,0.20826325,-0.20784922,-0.23505738,1.543364,0.10453421,-0.8071524,0.71124977,-0.74793744,-0.45074087,-0.6446002,-0.6232164,0.74369174,-1.0739216,-1.8607283,0.19556694,-0.6058527,-0.12785755,0.41697538,-0.3581937,-0.66941756,0.32950437,0.39372864,-1.1485574,-0.73582506,0.19675022,0.20633657,-0.6785644,1.380363,0.84764993,1.0962574,-1.228822,2.1195931,0.62030035,-0.355835,-0.43298912,-0.3162742,-0.4032538,0.2710041,-0.6640839,1.0527463,1.187928,0.25522995,-0.2270593,-0.23592947,-0.7312104,-0.22589998,0.06051493,0.3861948,-0.15444644,-0.67654556,-0.17205817,-0.37166554,-1.5559304,0.56024784,-0.76446986,-0.8528181,-0.22007953,0.042570375,-0.535394,0.61619186,0.20469257,-0.29403797,-1.3124659,-0.23416692,-0.9964258,0.2543157,-0.8343905,0.9496063,0.26825964,-0.025887774,0.5814622,-0.12705165,0.37322706,-1.5167682,-0.4548795,0.44214535,-0.3723826,-0.24153076,-0.43293104,-0.21447502,0.6035741,-1.0417802,0.40945652,-1.5682225,-0.36545295,1.2086034,-1.2376535,-0.44359633,-0.8955393,0.032073077,0.11974812,-0.4341312,0.0003032019,-0.035462417,0.2823734,0.02081367,-0.6365101,-0.22210303,0.20378593,0.026026357,0.46377066,-0.027730323,0.88876504,0.2012462,0.87046766,0.9892822,0.2518946,0.80092525,0.5910731,-0.6889119,-0.7396236,-0.24360646,-0.24749522,0.6982877,-1.6108994,0.60586196,0.31914875,-0.8595448,0.15123709,-0.33725464,0.7449376,-0.6029232,0.036133617,0.049376205,0.12736285,0.12410393,0.14791033,-0.23763871,-0.65486765,0.48759127,0.08663751,0.7994758,-0.08441226,0.20327352,0.4120604,1.1677948,-0.22970109,0.42270094,-0.8420538,-0.3208149,-0.6035246,-0.5501628,0.12921672,0.31512275,1.3060894,0.18299264,-0.29335976,-0.41640195,0.698398,1.4248999,-0.49132764,0.35055625,-0.5154777,0.15064506,-0.1471859,-0.028311701,0.082876205,-0.10905799,0.73445475,-1.048499,0.27475914,-0.65343505,-1.5838006,-0.98800325,0.38353404,0.17620672,0.8016724,1.4384881,-0.33564457,0.042435102,0.7389486,-0.37076706,0.27855533,-0.70679784,-0.18287729,1.0194116,0.8544327,0.6753163,0.7869873,-1.8405218,-0.27219075,-0.77267176,-0.6516111,-0.7548126,0.6727769,-0.81981623,-1.2052284,1.309319,-0.0009022518,-0.6422751,-0.5889255,0.1080553,0.065967724,0.19531733
-0.053305753,0.48788044,-0.79719925,-0.21004564,-0.41261852,-0.82652974,-0.13356057,-0.017060645,-0.73076135,0.25830188,0.42256108,-0.9385868,0.36775717,-0.9707032,0.044227727,-0.34054503,-1.0635003,-0.668449,-0.41458592,-1.0242834,-0.28183407,-1.1212206,0.37331864,0.33058718,0.035978295,-0.281378,1.3278722,0.8431208,-0.017151548,-0.015086255,0.8842892,-0.4146043,-1.1616414,0.8516892,-0.9101516,0.038203456,1.990475,0.897326,0.38454756,-0.24209581,-0.5911896,-0.29522365,-0.6684986,0.1331954,-0.17434633,0.45151427,-0.8302493,0.08736724,0.24455981,0.837566,0.5112661,-0.13428935,1.5014853,0.31352404,0.5929251,0.5783608,-0.70277506,-0.6966541,-0.20973043,-0.18035571,0.17501834,-0.49392712,0.60956717,-0.40428156,-0.016456135,1.1475294,-0.31429404,0.028420135,0.25348756,-0.35634628,-0.2261139,0.74496037,-0.0027200042,-0.45313913,-0.0908212,0.003227402,0.5631078,-0.7163476,-0.8633217,-0.21070717,-0.7506608,0.92459726,0.0066512674,-0.57412225,-0.10625791,-0.010091934,-0.3585505,-0.32510066,0.51159513,0.013798631,0.82413304,0.08113985,-0.5854805,-0.84221596,0.39119807,1.4793239,0.3715066,-0.8181971,0.8397826,0.59123844,0.81870276,0.52693075,-0.072631784,-0.08890345,-0.08827656,-0.7291177,-0.3767425,-0.30374,-0.22571917,-0.37745395,0.56473637,-0.048379026,-1.0437303,-1.0685343,-0.4463432,-0.7634918,0.05101043,0.14788315,-0.53542745,1.0210769,-0.4174849,-1.0877899,-0.111028045,0.97492987,-0.9488129,-0.65848136,-0.43065912,0.08473482,0.049958307,-0.12644994,-0.06518498,-0.048657075,0.6079185,-1.4578576,-0.3532929,0.78038275,1.5735279,1.4462234,0.84669983,-0.71703464,0.12854889,-0.49789107,-0.7557671,-0.4498214,0.35908082,-0.9082592,-0.09243345,0.6950695,0.21633656,0.6114635,-0.37269002,0.20069376,0.23865901,-0.51938665,-0.016201263,0.91238153,0.5470055,0.65971273,-0.91550875,-0.48938626,-0.3336539,-0.6703897,-0.37633383,-0.5135345,-0.46396247,-0.9270878,-0.7530014,-0.112117715,0.092771694,0.5370485,-0.5336236,-0.60116106,-1.1634386,-0.043069635,0.61398447,0.33198014,0.91473377,-0.18863879,0.2625474,0.10331029,0.64446324,-0.4273711,-1.4980384,-0.29420274,0.8104271,-1.3365858,0.6313964,-0.28515726,-1.1861755,0.65210253,-0.9121775,0.43171874,-0.3226094,0.94229144,-0.36166862,1.764824,-0.44830742,-1.0515988,-0.75294596,-0.25724137,-0.41352442,-0.16784972,0.43917105,-0.34498385,1.0305989,-0.16778529,-0.5775956,-0.4866674,-0.40736604,-0.08900327,-0.42382285,-0.17970051,-0.30328333,0.14043953,0.6994551,-0.3450915,-0.62796986,0.24147707,-0.19227356,0.9016388,-0.015740965,0.56230086,0.6500961,0.242911,-0.30708128,-0.4285909,0.13847345,-0.28790098,0.27493158,0.8344274,-0.44203672,-1.5752954,0.5509813,-0.5764878,0.22086778,-0.68162894,0.2676993,-0.5876264,0.9811946,-0.0323353,1.049919,0.039508875,0.060311027,-0.28727835,0.7367475,-0.49765742,-0.12932125,0.7263735,-0.24769627,-0.68120944,-0.3687071,-0.18879654,-0.12847024,0.26242352,-0.20500937,0.9310838,0.6219631,0.2686974,0.57691944,-0.032833055
-0.1253438,-0.21514851,-0.77937055,-1.6486437,-0.7708163,-0.71250594,-0.61478925,-0.7156266,0.2666306,-0.77692074,0.07318767,0.43081123,0.1738395,0.21106482,0.79423696,-0.7008318,-0.25490975,-0.9710601,0.847263,-0.82948625,-0.6190949,-0.13135378,-0.185183,0.073056065,-0.34169224,-1.1448678,-0.49423775,0.25447777,-0.52620095,-0.52098256,0.17506428,-0.12507136,0.27639315,0.0034113596,-0.8733524,-0.22944093,-1.0743253,0.36159837,-0.53394663,0.21887179,0.5744272,0.62346154,0.48703554,-0.96719,-0.93229306,-0.16177744,0.64405996,-0.19320855,0.6698166,-0.6753423,0.3552438,-0.56146276,0.62436056,0.35111758,-0.2674849,-0.6856316,-0.35320893,-0.31464002,-0.8803167,0.5311688,0.21810877,-0.82009697,1.1277705,1.3402253,-0.20703623,-0.10226564,1.0376642,-0.16172992,0.30868465,0.34601912,0.16514978,-0.56415904,-0.669463,-0.5562499,-0.45162058,0.9804165,0.27658048,-0.85890615,0.7886885,-0.5603841,-0.22105634,0.47473398,0.3879312,-0.26070407,-0.27543473,-0.32004747,-0.8034444,0.08411803,-0.7250568,-0.22035886,-0.07757515,0.38863912,0.55235904,0.8840592,-0.017063567,-0.5165156,0.22913574,0.03430496,-0.46644676,-0.7118895,-0.435582,-0.2775152,-0.49792546,0.49837893,0.71246773,-0.48914352,0.80416965,0.084097475,-0.45381135,-0.13308796,-0.18313655,-0.2947993,-0.16394156,0.4015602,-0.008469251,-0.051729735,-0.23066129,0.80323756,-1.1948864,1.5328617,-0.54245263,-0.40040514,0.77408797,0.27773914,0.0211443,-0.13611811,-0.4804391,0.3455129,-1.4288714,-0.24426177,-0.044704158,-0.21999457,-0.4906083,-0.07978067,-0.030848194,-0.36367068,-0.07712074,0.7691202,0.39279297,0.48237044,0.58929336,-0.61493856,0.40742016,0.34440255,1.3765906,-0.026727408,0.8438929,-1.1720744,-0.07196286,-0.39862412,-1.8416288,-0.6401182,-0.94492275,0.36287317,0.4955397,0.40067968,0.4274703,-0.9124796,0.7084207,-0.91512054,0.12073508,-1.1927527,0.53915715,-1.6133955,-0.30834553,-0.037762493,0.42969713,0.17869818,-0.7024405,0.28153923,0.63363194,-0.69337976,0.14527103,0.8545101,-1.3496418,-0.95254976,-0.24624576,0.6446601,0.11322685,0.5641713,-0.74923915,0.49891552,-0.45704344,-0.5814307,0.8878701,-0.63145304,-0.067334384,0.41497868,-0.18322794,-0.08212643,-0.0872297,-1.2056568,-0.25112048,0.6918815,0.036686935,1.3747596,0.51118433,0.09014868,0.09508388,0.6754343,1.130211,-0.077538334,0.003211035,0.39214027,0.07875572,0.8999035,-0.10699582,0.23796879,0.5282196,-0.018153757,0.49117294,-0.19019891,0.32098356,-0.38456362,-0.7854385,0.42967013,0.3007138,-0.58126944,-0.2710765,-0.522976,-0.0882473,0.8787647,-0.18301329,0.057698548,0.08345903,0.03376349,0.4545122,-0.9366627,-0.06574983,0.26841363,-0.16352357,0.6626417,-0.17125016,-1.3146312,0.0024917335,-0.19067945,0.42220712,0.9098108,-0.09917873,-0.59778273,-0.7094563,-1.7930764,0.5531994,0.37645948,0.72147393,0.044530086,1.8392762,0.6751055,-0.23051311,-0.58621764,-0.41354457,0.44779232,-0.58016956,-0.4078504,0.25480124,0.51012486,-0.17381932,-0.010453302,-0.15527405,-0.9234822
0.6769654,0.7216337,0.64261425,-0.06111965,-0.21215455,-0.20402326,-0.09845425,-0.5668505,1.0593036,0.12055688,0.5018699,0.9917266,0.4399953,1.0012915,-0.36693656,0.7842344,-1.2748424,0.17131226,-0.3982371,-0.53228986,-0.55966616,0.53730685,0.7168174,0.2436946,0.16487445,0.19626121,0.619432,0.3305122,-0.4772619,1.0207739,1.2806962,-0.8554268,0.46897098,-1.500164,-0.8448575,0.61449295,0.3370042,-0.13223663,0.81994843,-0.62215763,0.36073172,-0.45342574,-0.4460695,1.4971255,0.22964744,-0.0786742,-0.6769562,-1.0987202,-1.165734,-0.88831294,-0.49181104,1.5501277,-0.08174334,-0.34602082,0.20253694,-0.25180846,-0.49723357,0.032825615,-0.31919268,1.5594218,1.3878975,0.58923745,-0.68150055,0.61071414,0.781403,-0.31084776,-0.8567018,-0.5971593,-0.07205943,-0.9700865,0.08575767,-0.3316004,-0.7489159,-0.98027265,0.13305053,-0.9770333,0.7881514,-0.37244326,0.015194551,-1.4211534,-0.7847148,-1.1105051,0.16529214,0.12961495,-0.80307597,-0.7720913,-0.8430087,-1.1816303,0.0435893,0.065165445,0.54429597,0.0014190648,0.32029176,0.9609704,0.4395982,-0.1817577,0.72994506,0.049633395,-0.18707995,-0.49750075,-0.4952682,0.28697646,1.4331251,0.51981586,-0.030855881,0.62476337,0.84141666,0.06964027,-0.053863462,-0.014402032,0.26402816,-0.15691355,-0.2517464,-0.25354597,-0.5729765,1.0109832,0.18843386,0.06148348,1.2016767,0.0026676522,-0.7226758,0.74730027,0.33362246,-0.1648205,0.5838392,-1.083254,0.85426176,0.5658714,0.22967115,-0.20562963,-0.060797717,0.09609385,0.25542116,-0.7478702,-0.13817823,-0.20729421,-0.05882139,-0.0792637,0.49376136,-0.5071276,-0.11482689,-0.059427395,-0.39880484,-0.32195812,-0.7670757,0.10572273,0.2067024,-0.2144832,-0.02207254,0.7790566,-0.38168246,-0.01473547,-0.5291505,-0.33370006,-0.8133244,0.402099,-0.22935823,0.34330234,-0.22125414,0.5660507,-0.76665235,0.3788768,-0.07404941,0.8481205,1.1272715,-0.48636976,0.5258951,-0.022641832,-0.3036762,-0.64081985,-0.32417494,0.33190936,-0.49624458,0.45385244,-0.8661802,-0.13460362,-0.20305973,0.8745487,0.963416,-0.8583365,-0.5155363,-0.5816321,1.187248,0.75884336,-0.30656168,-0.007270094,-1.1160231,-0.42814255,0.15567026,0.096343406,0.38166058,-1.3624465,-0.0063999603,1.1076965,1.1056336,0.469671,0.51374835,-0.5187178,0.10501199,0.33250007,1.2336273,-0.34360254,-0.20458077,0.48446745,1.7794608,0.06155354,0.16083965,-0.37166187,-0.012056896,0.7350844,-0.27375144,-0.13486624,-0.52810544,1.3505888,-0.5039965,-0.6143031,-0.63406473,-0.86243445,0.022799263,-0.17783315,0.25006914,0.34128582,1.327373,-0.4113007,-1.6588118,-0.092150636,-0.3917146,-0.32971725,0.11560564,0.30096704,0.48772603,0.54113746,-0.15083036,-0.18035074,0.22434607,0.19874287,0.025388544,-0.6566889,0.016303923,-0.06850956,0.6055104,0.99937415,0.2590927,-0.56047523,-0.30630454,-0.7039524,0.1425306,-0.8480289,-0.26215824,0.48944655,0.6050444,0.8144267,-0.79142815,-0.8967787,1.03711,-0.07546391,-0.8018008,-0.15211654,-0.15302795,-0.32818484
0.013672097,0.38416827,-0.8605544,-1.7687922,-0.7226509,-1.1486264,0.011973164,0.28209266,0.2676953,0.25339946,1.1647476,-0.6071333,0.16938946,0.49986508,-0.44640538,0.107459605,-0.0032024316,-1.3475364,-0.9049807,-0.44688138,-0.8484188,0.29380926,0.5332903,-0.103732176,-0.3152944,0.5431083,-0.09858096,0.5786993,0.54124105,0.33599102,0.2898683,0.49437138,1.3539063,-0.5020565,0.3502669,0.30541173,0.3426422,0.15076901,-0.5777327,-0.071808085,0.3699147,0.44570363,1.0491948,-0.31452224,-0.6736723,-0.019011606,-1.35497,0.23670031,0.55901426,-0.12531978,-1.0301281,1.1207653,-0.029452218,-1.6280271,-0.3227728,-0.6037592,-0.70741487,0.17180583,0.77178764,-1.7500851,-0.049225375,-0.2655231,2.0996618,1.2230453,-0.12556432,0.24725974,-0.19524518,1.0538752,0.5117832,-1.3691276,0.30228484,0.44536975,-0.193305,0.13365924,0.61649024,0.07888932,-0.07134923,0.40272313,-0.08581306,0.22397183,0.20979252,-0.4320591,0.07399684,0.5451635,-0.22918223,-0.39431727,-0.24554263,-0.3450203,1.0536703,-0.26436043,0.7502985,-0.75592935,-1.206396,-0.7637663,-0.5035616,-0.025487917,0.010176793,0.21391925,0.7975747,0.31939194,0.0674015,-0.06288475,0.07167166,-0.34310403,0.6727164,-0.011949852,-0.18167514,0.46782744,0.377541,-0.15065429,-0.72913,-1.115524,-1.3728038,-0.46859905,-0.6615462,0.66311985,0.65171325,0.43080598,-0.12504782,0.80999523,-1.5883098,-1.0274028,-0.1990082,-0.010493723,0.5428213,0.9173283,-0.53467125,-0.99634224,0.33043373,-0.23852682,0.7126965,0.7938386,-0.23687157,-0.7378134,0.3122606,0.6928204,-0.061771832,0.5765486,0.97637796,-0.15389837,0.38773543,0.10083768,0.30407315,-0.641948,-0.39641944,-0.679422,0.39098752,-0.37192085,0.62610203,-0.7690368,0.5903354,0.6761993,-0.03275353,0.1407412,-1.173178,-0.3964318,-0.25857353,0.26362452,0.11484187,-1.0192828,-0.7464873,1.0764356,0.25788188,-0.7141202,-0.6007369,0.6679352,-0.47723693,-0.0831194,-0.5806196,2.0339372,-0.75702065,-0.8245363,-0.48343134,-0.4174989,-0.558665,0.455299,0.12386216,0.95003325,0.17049159,-1.1551651,0.19398686,1.621315,1.766447,0.45101926,-0.08518522,-0.14053978,-0.26367083,0.1875728,0.057852745,0.5795545,-1.2552499,-0.5463588,-0.3710135,0.8679613,0.13303179,0.14034635,-0.104056895,0.47405002,0.19919269,0.34231967,-0.60054564,0.10172259,-0.46208903,1.102013,-0.08018211,0.31449917,1.0792516,0.4593013,-1.1986138,0.42450875,1.4003918,0.68407524,0.46815386,0.67497075,-1.6597904,-1.3139483,-0.26607355,-0.98636806,-0.65727085,0.71554655,0.38370633,0.8090734,0.43186998,-1.1354707,0.5798442,0.532411,-0.37022728,-0.5210286,0.49314108,0.2735272,-0.46739426,-0.3488465,0.06424064,0.7485382,-1.2878195,-0.10235581,-0.2190862,0.57080775,0.9140938,0.04349664,-1.1402317,-0.4204736,-0.28065422,-0.3749621,0.24676023,-0.121192425,-0.703468,0.4700085,-1.0134429,-0.78842366,0.3398107,-1.525397,-1.1044333,-0.098337434,0.6655095,-0.41691908,-1.3326961,0.09438504,0.04578546,-0.06306357
1.4915522,1.081592,-0.05856478,-0.46649688,-0.44282323,1.1712615,-0.7969903,-0.11351253,-0.23276933,-0.119886935,0.28821594,0.35666943,-0.7247406,0.35390848,-0.15420857,0.071189016,-0.39139935,-0.3206016,-0.2517062,-0.51979727,0.87290996,-0.66158175,0.6977861,-1.2037617,0.64137155,0.01137867,-0.044233423,-0.00238301,0.5255149,0.92025536,0.07414136,0.179814,0.36237714,0.09300776,1.5364677,0.113738,-0.06291036,-0.17665079,-0.5880876,-0.02869826,0.072725624,-0.4883574,0.49159482,-1.9049352,0.5489816,-0.30473912,-0.30871034,1.2347283,0.58146286,1.083064,-0.13948086,0.5272548,0.14600633,0.029562706,0.5136949,-0.8256439,0.26144373,-0.1964439,-0.77108276,0.07673713,0.3356775,-0.94915915,0.2506629,0.08953453,0.17969683,-0.8777033,-0.32864422,0.20110048,-0.37070146,0.99777186,0.27536696,-0.23764636,-0.7295736,-0.52147657,-0.22628209,-0.047296744,-1.4501786,0.8223758,1.1727239,-1.6737418,0.048225477,-1.168561,0.05216744,0.13852002,0.39447972,-0.7367623,0.18506691,-0.4909038,-0.5803286,0.103250824,0.6377276,0.20538533,-0.3366216,0.0021539994,0.32903844,1.0259347,0.2311621,-0.35192063,-0.9885995,-0.33777955,-0.009481216,-0.5075108,0.48035577,0.411562,-0.2951018,-0.15879227,0.23735152,-0.20349397,0.30603668,-0.6798464,1.2876921,-0.78402436,0.49875462,-0.23480546,-0.9810235,-0.14216922,-0.6325428,1.3487355,1.635841,-2.3430886,-0.34761313,-0.4177942,1.138217,-0.14394642,0.55125815,0.099436045,-1.0025014,-0.62919563,-0.11430334,0.28271538,-0.09410831,0.22517104,-0.37666717,-0.3445539,0.29985973,0.9569304,-0.27918574,-0.45796597,0.6894661,0.053455543,-1.2489066,-0.89618915,0.013345746,0.17350064,0.50323904,-0.395141,0.9106149,-0.5610358,-0.1370394,-1.1402944,-0.615012,0.091344774,0.95490825,-0.44276732,0.8403572,-0.06264736,-0.02223099,-0.69016886,-0.3965072,-1.6375128,-0.7253001,-0.2713578,-0.78302735,-0.038345076,0.7649689,0.0284049,0.27574092,-0.66734666,-0.7045459,0.42597005,-0.37396288,1.2231742,0.37715858,0.7312925,-0.76157504,-0.18985195,-1.4951494,-0.052005567,0.3818186,-1.0950359,-0.21962613,-0.34111047,0.43976453,-0.66709256,0.20334947,0.24315603,-0.34540626,-0.64169085,0.7656658,0.7262249,0.8858949,-0.49986416,-0.61914223,1.1612138,-0.15670994,0.24086913,-0.6341332,-0.19961834,-1.3164318,0.27780458,0.5508947,0.7271467,1.0938839,0.4146906,0.5111934,-0.45305896,0.69028187,0.26085466,0.96410173,0.3953427,0.68162125,-0.65213174,0.1087492,-0.25912917,-0.15785465,0.50388527,-0.01045666,-0.7737568,0.027334157,-0.87769336,0.35013962,-0.18925345,0.45871186,0.18216026,-0.022762379,-0.62692887,-0.48407647,-0.2594872,-0.3986507,0.097923845,0.37747216,0.9193643,0.7134226,-0.9988498,0.11209708,0.2853004,-0.24315004,0.05803905,0.08905551,-0.21319814,-0.13835979,0.022655008,0.2691386,0.5820522,-0.04915967,-0.82713383,0.34198612,-0.81877744,-0.6922663,-0.7224576,-0.114359304,0.025338791,-0.5300032,1.8275715,0.039432254,0.12271222,0.2547025,-0.23624822,-0.4585609,0.41426283
0.09383694,-0.7807511,-1.0049555,-0.98396176,-0.3975218,-0.6869745,0.26386654,-0.68091995,-0.6583117,0.43499568,-1.4362657,0.123519644,0.65440214,-0.5859775,-0.75375754,-0.47758368,0.2654187,-0.023031067,-0.97276133,0.3892833,0.08436328,-0.5044627,1.0867835,-0.22920334,-0.50733334,0.14178726,0.06862915,0.25946546,-1.6186326,-0.19220719,0.016145764,-0.8197203,0.21961282,0.89296,0.346932,-0.4125792,1.34569,0.91192865,1.4383637,0.35355556,-0.17356846,1.4369564,-0.571385,-0.21466233,0.3549885,-0.21242271,-0.62473506,-0.18459848,-0.25116888,0.21307257,1.1636239,-0.7559533,-0.13393568,-0.3073676,0.098470405,0.99099946,-0.049500387,-0.107359335,-0.33026317,1.3645971,-1.3134958,0.1882037,-0.67903715,-0.34751529,0.29494163,-0.14078552,-0.28409055,1.5140749,1.2604961,-0.61446255,0.04180623,-0.021129986,1.6181982,-0.43372,-0.41739345,0.049364083,-0.49218175,0.10949311,-1.3102889,-1.3096321,-1.079806,0.5354439,0.25741345,0.8432504,0.117889166,0.3728489,0.12260614,1.2858571,0.7622682,0.11579761,-0.48193586,0.37098274,0.4578512,0.3563687,1.6298485,1.125979,0.43221164,0.20297652,0.6476037,-0.05900424,-0.42947745,0.083989695,-0.61726296,-0.87763494,-0.66149193,0.84761935,-0.1381375,-0.37600502,-0.4171522,-0.1536248,-1.2350203,1.2728363,-0.012302509,-0.5807764,-0.06346152,0.61574745,-0.41462165,1.3184578,-0.026818912,-0.8169611,1.2402974,0.2420697,1.2183024,0.44703504,0.23584919,-0.76210326,0.25033626,0.2828718,-0.4755702,0.4405047,0.5212274,-0.7809123,0.42973396,-0.29585114,0.1794622,0.9670706,0.48390287,-0.19200492,-0.414227,-0.6377463,-0.28222466,0.20019047,-1.1129117,0.34263942,-0.10576338,-0.024154065,-1.1346093,-0.8298769,-1.4260668,-0.6398702,-0.1727997,1.0663542,0.64857924,-0.35287178,-0.94279027,0.023044419,-1.0970324,-0.058175884,0.4395726,-0.13262795,0.41946653,0.024605613,-0.002416507,1.5541755,-0.11889139,0.8753531,0.36673874,-0.06198819,0.94461256,0.31224996,-0.716906,-0.8844932,-0.548797,0.42832354,-1.3036321,-0.9763281,-0.55880594,-1.0739453,-0.411961,-0.22258936,1.5204406,-1.4978293,-0.7816383,0.61558574,-0.35818952,0.55975455,-0.26875812,0.6212629,0.025919989,-0.43382645,-0.15396567,-0.7974669,1.153195,-1.5382051,-0.071243465,-0.92743963,-0.28395033,1.1273277,0.33324075,1.9569683,-0.3033019,-0.16758096,0.7847914,-0.69873637,1.1483643,-1.373028,0.30214894,0.16101173,0.4477147,-0.6694234,-0.48944554,-0.2869796,-0.15779002,-0.50689673,0.51614887,0.6918201,-1.502032,-0.8803981,0.04186565,0.5708176,0.12641522,0.19454283,0.666722,-0.107787184,-0.5880393,0.33249474,0.8601325,0.36839113,0.7323815,-0.11224672,-0.8520721,-0.24115717,0.65876126,-0.76733595,0.024943631,-0.8796444,-0.43215775,0.31237778,-0.38385513,-0.41431206,-0.3062017,-1.5195295,-1.7189176,-0.6542408,0.51198244,1.0052454,1.1506237,-0.4442554,1.1544626,0.664882,-0.09174354,0.025664303,-0.96935576,-0.9335705,-0.12055099,-0.8821847,1.5033134,0.25129527,-0.38838345,0.2550405
-0.5884016,-0.6379675,-0.40008155,0.054636143,-0.1630621,-0.5228926,-1.4392568,-0.21395804,0.055424754,0.7642872,0.58612585,0.3553205,0.6493829,1.0669644,-0.28871587,0.5636303,-0.13267246,0.34295365,-0.47548014,-1.3227096,0.39473218,-1.3368884,-0.34435096,0.1367825,-0.34899053,-0.23211342,0.56191534,0.2869493,-0.21005544,0.2833008,1.0374632,-0.5823965,0.33178836,0.05815369,-0.71076906,-0.33038682,-1.5699704,-0.80808485,0.22567861,0.04288404,-0.41316023,0.63768536,-0.072899535,-0.38559857,0.00638516,-0.041220676,-0.65795255,-0.5620939,0.20510411,-0.49091807,-0.6303823,-0.7572072,-1.2586762,-0.061160218,0.45778698,0.38583028,-0.040451385,0.4174679,-0.17292915,-0.62633264,-1.1391356,0.4063263,-1.0159409,0.09856071,0.09224909,0.4381478,0.7987178,-0.46548995,-0.99572605,-0.808812,0.27157304,-0.19621842,0.05477876,-0.23562968,1.6271293,-0.669878,-0.6627545,0.7365146,-0.46059862,1.0795069,-0.29385936,0.19606604,0.8370144,-0.37839714,-0.27367288,-0.2396806,0.56327826,-0.90178895,-0.7319775,0.5457347,0.0067515657,-0.5794908,0.8787412,-0.29908082,0.39695472,-0.49665087,-0.49344838,0.52421623,-0.2726453,-0.2640376,0.35746592,-0.74298275,0.0040595992,1.2428117,0.75194174,0.9729925,0.1244543,0.10518296,0.7858985,0.50003964,-0.5294076,-0.27645874,0.5698543,-0.89531356,-0.86514276,-1.4863621,-0.3480133,-1.8112863,-0.78346133,-0.69618624,-0.49038285,1.1267084,-0.45197913,1.2257754,0.06671056,-0.81612796,0.56069803,0.34191617,0.08317549,-0.9425736,-0.615892,-0.348104,-0.4879083,-0.5966991,0.7929808,-0.4875163,-1.333205,0.11638384,-1.1783929,0.2006761,0.42613596,-1.2505704,0.0017989834,1.4218736,0.7680582,-0.61338776,-1.0698693,0.6281102,-0.66965246,0.5123216,0.8949792,-1.0531446,1.1191919,-0.7540683,0.4522151,-1.4708657,0.46808434,0.38631478,-0.18466328,0.15308745,-0.7148692,-1.3653381,-0.22212696,-0.18237144,-0.57531023,-0.58071107,-0.38864195,-0.09758892,0.48570067,0.1655489,-0.29420233,0.62427527,-0.5778602,-0.892887,0.72586125,-0.02572344,-0.59085536,-0.5591259,0.3342662,-0.47349808,0.20581424,1.753195,-0.24183561,1.3273859,0.14462858,-0.13899395,-0.54320484,0.69816864,-0.063345835,0.27937916,0.32098004,0.33285177,0.1701688,-1.1420414,-0.18519661,0.68223274,-0.072443254,-0.012022854,-0.57456577,-0.04867259,0.30749893,-0.84285426,0.32581046,-0.7887635,-0.35526112,0.19009759,-0.3093618,-0.7272041,-1.0577205,-0.6143898,0.7587494,-1.0744606,0.74510366,0.3355236,1.2817447,0.47587878,0.7881175,-0.034978922,0.7021183,0.46839914,-0.17169207,0.51323026,-0.45699188,-0.40420052,-0.29514387,0.32830694,-0.61307365,0.6914316,-0.20882466,0.016620446,-1.2703832,0.0954191,2.1544056,0.9203564,0.27377912,0.37206414,-1.6590319,0.047884256,0.16702305,0.9721162,-0.26096493,1.1322678,-0.92911625,0.25536114,-0.20565301,1.0995744,-0.5314042,-0.42904165,0.3454841,0.20423782,-0.3251562,-0.1447016,-0.16033578,-0.23028985,-0.45174906,-0.24132363,-0.40786293,0.35248485,0.9091926,0.13643858
-0.31879508,-0.41096586,-0.52903086,0.8504876,-0.73629934,0.54008234,-0.051980443,-0.16715428,-1.0007627,-0.16918956,-1.4448355,-0.16810454,0.038795255,0.48708564,-0.60506725,0.00957943,-0.12244214,-1.0594875,-0.39332378,-0.07375618,0.10499557,-0.41859865,1.1223729,0.8776974,-0.0074804053,0.12002633,0.21533737,-0.60409105,0.45971265,0.1492324,0.27623945,-0.7075703,-0.017532758,0.30895525,-0.38097164,-0.8479556,-0.0695445,0.7339465,0.68972087,-0.39813608,0.31979993,1.4056377,0.15763609,0.24021983,0.20834641,0.016142705,0.27077425,0.05470897,-0.77672833,-0.273041,0.14180148,0.9976012,0.14556639,0.14139381,0.24463363,-1.247961,0.8771331,-1.2838229,0.28079402,0.89649063,1.049011,-0.5444904,0.2223682,-0.0822031,-0.62328714,-0.08233339,-0.7494034,0.5858671,-0.23651361,-0.9335763,-0.10998973,-0.20807801,-0.44399223,0.22338769,-0.18096255,0.77656573,0.7424658,-0.5265201,-0.3012148,0.007236827,-0.7359884,0.2556569,-0.08062142,-0.73168224,-0.15394755,0.23657325,-0.6804601,0.26798305,0.9554832,-0.17967345,-0.27344903,1.0361323,-1.0015779,-0.81372565,-0.80672437,-1.3974837,-1.466427,-1.6790322,-1.300548,0.7784715,0.13023336,0.35868698,0.012498823,-0.6986394,0.8459601,0.2847781,0.584306,-0.15489689,-1.3431531,0.28826657,0.07973617,0.576386,0.8177956,0.12671018,-1.5494508,0.28011084,-0.11230748,0.79593563,0.07510886,-0.39009568,-0.55606115,-0.04807549,-0.3155759,0.94836164,-0.249138,-0.37087104,-0.46183068,-0.34511146,0.86929697,0.44503388,0.41395694,0.50431466,0.74453413,-0.2501785,-0.4748588,0.091097444,-0.5301554,-0.10480954,-2.3607612,0.31069782,0.90349984,-1.0148587,-0.7190824,0.4762528,-0.30121693,-0.08425952,-0.5209901,0.95263845,0.58418113,-0.14115503,-0.7392791,-0.07716005,0.08365686,-0.14059886,-0.20729029,-0.2349519,-0.31638846,0.09677273,-0.42975873,0.039424077,-0.12915623,-0.915948,0.79834026,-0.04358225,-1.0354459,-0.7886972,0.24415338,-0.29612127,1.0684644,-0.7291874,-0.37914038,-0.85739684,-0.48806614,-0.8090417,1.0642992,-0.43329248,-1.3771052,1.1885611,0.41026598,-0.74326044,-0.20988709,0.09396159,-1.2164063,-1.1837058,-0.21431373,-0.35587552,-0.26297522,-0.08568007,0.32798415,0.35684597,-0.030991135,0.6461409,-0.160758,0.27663565,0.27994782,0.30886889,0.25561228,-0.54042566,-0.71488553,-0.66374785,0.14857112,-0.120366454,-1.1283529,1.1907065,-0.09413325,-0.5149031,-0.42774352,-1.1091329,0.32336795,-0.25195074,-1.7342209,0.16303639,-0.22328897,-0.22198023,0.50760174,0.19195212,-0.10188777,1.5534669,-0.45974338,-0.3295022,-0.36326888,0.27141014,0.22068352,0.5745508,0.680271,-0.10863636,0.024287643,0.9383649,-0.57605517,-0.72007066,-0.6106974,-0.5334683,-0.019871218,-0.21680295,-0.10802066,0.73884356,1.5009284,0.28682637,-0.23966673,0.16142145,0.70960355,0.09628538,0.23327415,-0.34609365,0.05748995,1.1766398,0.31978026,0.6412982,0.8559709,-1.956682,0.8628481,-1.4810653,-0.39466423,1.7489288,1.2613113,-0.026449537,0.40652448,0.2996095,0.5496955,0.42297563
-0.032612614,0.0062198755,0.47478935,-0.18651389,-1.1038358,0.8759386,-1.2718971,-0.24024594,-0.033822887,0.96294564,0.051161192,0.13579585,-0.31745934,-0.40164885,-0.39735064,-1.1725696,-0.33546454,-0.69927233,0.30827108,-0.696068,0.07802325,-0.103486314,-1.3447404,0.71825475,-0.34119073,-0.48700994,0.025434019,0.7038223,0.24415255,0.86091125,-1.0312773,0.062207557,-0.115840115,-0.21617733,-0.5377778,0.41833872,0.8026126,0.96270823,0.20576449,1.1207972,-0.2600185,-0.35638437,-0.08575864,-0.012132969,-0.5260495,0.3176531,0.6142349,0.4915997,-0.4658219,0.32249022,-0.9241912,-0.17881405,0.87057817,-1.5050296,0.043381818,-0.7229778,0.13689186,1.0798509,-0.50021136,1.0118533,-1.0820444,-1.5620067,-2.2173462,-0.70481503,0.3224482,-0.34318146,0.028727537,0.6784312,-0.2234229,-0.18297262,0.06444935,0.36142212,0.76335686,0.31395826,-0.1991058,-1.291881,0.19876912,-1.0039335,-0.16748643,0.6713358,-0.16277774,-0.89460415,0.060456283,-0.3325697,-1.092516,0.006580871,-0.07233481,-1.0148277,-0.043335944,0.10978992,-0.8597724,1.338292,0.9851181,-0.28860292,0.5049816,0.785966,0.5312674,0.20721637,0.35509527,0.52514476,-0.46394625,-0.5860505,1.7053343,-0.52367145,-0.5873742,-0.78179586,1.111177,0.45339793,-0.3163701,0.5721926,0.0891632,0.21890411,-0.58459556,0.14055121,-0.88575953,-0.650457,-0.6655518,0.48968694,0.6405812,0.8520177,0.30513126,-1.1647754,-0.6524654,-1.0044872,0.064894676,-0.2584403,-0.25339544,0.30285093,0.7775117,1.1300229,0.095997825,1.0914392,0.8346438,-0.056020025,-0.31846714,0.8023485,-0.19901812,-0.2257113,0.2749945,1.0367473,-0.45587492,-0.4058113,-0.9070089,0.29890007,0.09993167,-1.3114587,0.2923857,0.085521765,-0.92574894,0.6512782,-0.50561595,-0.4073005,0.10330924,-1.3011177,0.99015987,0.13452116,-0.2762979,-0.2378404,-0.23132189,-0.3243859,-0.12584892,-0.0031926755,0.7463846,0.7492372,0.15788448,0.19160199,0.027920986,0.043182626,0.07249817,-0.042772647,1.5866883,0.49579793,-0.7682192,-0.24101211,0.5187535,-0.28336427,-0.085220054,-0.8219251,0.84791446,-0.7432697,0.84185797,0.5372744,-0.21432994,-0.33617264,-0.33769014,0.22613612,0.32334906,-0.27140233,-0.58460325,0.86612624,0.33763167,-0.59629107,0.92503047,0.9638115,0.04409779,-0.17098816,0.18065904,0.6984201,-0.47374165,0.020943252,-0.3762605,0.35142025,0.053349335,0.11365955,0.22222558,-0.18844722,-0.021304477,-0.19214013,-0.20446408,-1.0095402,1.1750419,0.1949884,1.4865977,-0.9456612,-0.2198386,-0.72453153,0.12244399,0.342813,-0.7205738,0.20164268,-0.79071397,1.4593809,0.5967146,-0.15736248,0.7057919,-0.9398281,-0.53689265,0.53293127,0.8104941,-1.2029008,-0.41600302,0.0086911125,1.0915709,-1.0795469,-0.7899667,0.37777963,-1.0579134,-0.58049285,-1.0029685,0.4516,-0.1597799,-0.58004236,0.97461176,0.8743419,-1.3268481,-0.22157602,-1.2873113,-0.64906454,0.2454456,-0.9362098,-0.74633163,-1.2961949,-1.5311759,0.42454186,0.33757758,0.75851965,-0.24405439,-0.17653006,1.0522983,-0.7058219
-0.29941618,-0.18394184,0.7802229,-0.81350815,-0.16423486,-0.7366398,0.32797334,-1.1523267,0.5696757,1.3241241,-0.3169339,0.25041288,-0.18752255,0.24245185,0.3161022,-0.21084578,-0.116439484,-0.13326135,-0.10735757,-0.77414644,0.48068702,0.21775654,0.15412745,0.3633424,-0.416682,-0.60809493,0.32299104,-0.3973534,-0.079907045,0.4314789,0.0035829507,-0.21616285,-1.2047173,-0.55805385,0.63103956,-0.03410264,-0.661875,0.0076511707,-0.17388797,0.6920593,0.004384763,-0.6531555,-0.5972713,-0.7818514,0.5879371,0.62224233,0.2861489,0.7487784,-0.53785336,-0.07580098,0.60901165,-1.5778315,-0.50655043,-0.059413653,0.13402525,0.79105794,0.12510037,-0.6759776,0.21130487,0.32643947,-1.6063777,-0.030714631,0.19676839,0.17566177,-0.6177784,-0.21641748,-0.26069218,0.5968884,-1.0356503,0.039846122,-0.8286395,0.22139569,-0.4300602,0.7404746,-0.11334512,-0.82532156,-0.73931,-0.21907839,-0.5178365,-0.7637822,-0.19690745,0.08303644,0.18737373,-0.3991998,-0.13760017,0.061524995,-0.0054704705,0.113237895,0.3710179,0.30609146,-0.27119964,-0.22909567,0.35468847,1.1393353,0.67252094,-0.7742338,-0.46669924,0.5769708,-0.43255436,-1.0503505,-0.5487122,-0.12703161,-0.64501685,-0.20976587,0.54623175,-0.091167495,1.107766,0.8702012,-0.13871725,-0.24134496,0.5941015,-0.2500396,0.19646953,-0.4928159,0.27859083,-0.19924974,-0.41371045,-1.2916535,-0.3648581,0.08989372,-0.20145984,0.34883943,0.1786225,0.2583272,0.05304272,0.75900096,-0.4689849,1.027111,0.28069788,0.41593334,-0.6963631,0.6386985,-0.079525076,-0.92054546,0.31557727,1.0878586,-1.0068113,0.41054752,-0.2681029,-0.4589426,-0.23183054,-0.0050077895,-0.3839565,1.1665242,-1.0086709,0.5192558,-0.4139954,0.945619,1.9550282,1.5761673,1.3418262,0.020845102,-0.68737257,-0.8313488,0.43389225,-0.4054524,-0.3299996,0.5603713,-0.018899702,0.3571656,0.54882663,-0.70612234,0.18967742,0.18770756,-0.46100208,0.13198757,1.2990346,-0.016165964,-0.13030452,0.6721331,0.177178,0.5915441,0.5920449,1.0801072,-0.676196,-1.1922855,0.37513474,0.6853133,0.2284001,-0.88273776,-0.19298045,0.003734892,-0.706544,-0.09216251,-0.20879853,0.77051735,0.44813773,-0.57462406,0.21743853,0.77884924,0.08450254,-1.3817112,0.33436382,-0.042350087,-0.22131453,-1.5328655,-1.0906532,-0.021723472,0.6416842,0.636387,0.036476467,-0.5032393,0.89831364,0.4470661,-0.18116786,-0.034883227,0.107842654,0.08009981,0.4945758,-0.13570708,0.34699276,-0.22089088,-0.45882565,-0.39337042,0.88027114,0.63536537,-0.24150413,-0.6265511,-0.42042616,1.0119985,1.0323136,-0.18933633,-0.5122866,1.0044076,-0.54796827,-0.9317794,-0.041171532,-0.824963,-0.2508455,0.99242747,-0.06777667,1.34652,-0.07388806,1.2922672,0.8215347,-0.19068371,-0.72051674,0.94928646,-0.4778989,-0.94212145,0.065477215,-0.9459459,2.3062239,-0.23698126,-0.19900307,0.7277942,-1.0110908,-1.1293017,0.81138587,0.14872712,0.52174,0.82285774,-0.19649996,-1.8308449,0.7528692,1.3199302,-0.54443187,-0.13246323,-0.38115484,-0.14276437
1.005321,0.67832476,0.49259838,-0.44734102,-0.45090035,-0.2401267,0.5198375,0.16973379,-0.5502271,0.0011006976,0.43762487,0.75847584,0.04997803,0.5657741,-1.3555834,-0.33755168,-0.7017437,0.595405,0.5079466,0.7456944,0.088540964,-0.8137424,-0.2390991,-0.5935802,0.26801452,-0.64679414,-0.4413661,-0.60259485,0.4492633,0.14503059,0.00026208433,0.37722567,0.57960874,-0.49926746,-0.3431213,1.1281955,-0.30742928,-0.5410751,-0.565342,0.4497476,0.44457582,-0.6104943,-0.34424692,-1.1497904,0.7566805,-0.5868238,-0.57661074,0.23613927,0.3646383,-0.06702917,0.12451278,-0.2944008,0.20691322,-0.78295076,-0.0791322,-1.0845699,-1.8590351,-0.67670685,0.9862489,-1.1608299,-0.079509795,-1.341512,0.39690107,-0.36749983,-0.5387381,0.20590818,0.27852792,-0.48834231,-0.36603948,-1.067976,-0.5491177,-0.15059628,1.057416,0.28894114,0.5735546,-0.4190145,-0.31862786,-0.78647125,-0.015472549,-0.013063857,0.10445235,-0.91086614,-0.28863496,-0.22642867,0.39133734,0.30613562,0.03972294,-0.7353038,-0.34489724,0.1967175,-0.5701502,-0.31884158,-2.034167,-0.45821506,-0.29276314,0.49293497,0.9378777,-0.27941447,0.34236872,1.5728896,1.6261837,0.18747948,0.7539682,0.43413338,0.10253555,-0.13657339,0.18397824,0.40839663,0.17857192,-0.44163996,-0.29252,-0.6750314,-0.8066435,0.21761659,-0.45804992,0.30237812,-0.7078103,-0.29585683,-0.30073395,-0.9950671,-0.21581584,0.36772436,1.2100894,-0.649338,-0.25958157,1.1298115,0.639975,0.7061826,0.24689746,0.4673718,-0.28635347,-0.011438247,0.47245014,-0.38459614,-0.45960996,0.2959789,0.928753,-0.70211804,1.2555478,0.31646964,-0.30741367,0.5445434,-0.20820625,-0.7238904,-1.1288953,0.16678803,0.6316714,0.46043497,0.16878048,0.45328173,-0.22023685,-0.64376575,0.037981685,0.054842338,-0.12693724,-0.06685328,-0.64849424,-0.77153873,0.799358,1.4705422,0.7616822,1.3984305,1.3121878,-0.69148,-1.4457091,0.38757858,-0.011321154,-1.3804225,0.06320667,0.18052325,-0.23164946,1.2371527,1.3067045,-1.4906132,-0.5167192,-1.17213,0.059040375,-0.7505148,0.6534249,0.121530056,0.5037885,-1.672665,-0.90612215,-1.1581022,0.38597387,0.5212729,0.80675,-0.25488406,0.04936273,0.64343756,0.010992488,-0.3801693,0.96083647,0.30136958,-0.37157065,0.37408608,0.079561576,0.31386787,-0.439396,1.2487082,-0.7182886,-0.21687883,1.3912635,-0.5118081,-0.7111738,0.3248645,0.07583767,-0.2721908,0.734475,0.8373595,-0.27725026,-0.3459891,0.08592053,-1.0323315,-0.9453319,-1.3821886,-0.0118690645,-0.01395826,0.006898866,0.19162753,0.023571707,0.096420966,0.252097,0.16847555,0.00325762,-0.24555732,0.1669006,-0.225527,-0.31491858,-0.26243797,-0.91003734,-0.70527333,1.4828964,-0.17361744,0.053659815,0.39062604,0.1050188,0.2628046,0.4221416,0.03170694,-1.0872096,0.3776469,-0.0068519055,-1.0378045,-0.5137764,1.5433146,2.056839,0.47901246,0.70847535,-0.5863141,-0.9897255,0.689876,-1.6946715,0.4431772,-0.29868335,0.9767335,0.4363615,0.4761189,0.28204155,-1.07734
-0.06031008,-0.3444511,0.12212248,-0.011481126,-0.9419781,0.15952833,0.41813698,-0.5277076,0.12419689,0.5158111,-0.28179267,0.81245863,0.023492096,-0.64053136,-0.29480886,0.3488717,-0.02347805,-0.48434538,0.24148938,0.03619255,-0.3760433,-0.82709366,-0.15755773,0.16574734,-0.3424662,0.2558683,-0.65035844,-0.13535011,1.139484,0.5344957,1.2980967,0.6094821,0.31754065,-1.3202648,-0.33896914,-0.7783189,-0.09397666,-0.47412783,-0.47779205,-0.42230162,0.80904377,-0.66485494,-0.30064055,0.43213776,0.8230514,0.1262927,0.3839075,0.35938576,-0.26349798,-0.34135592,-0.2523174,0.23336734,-0.6654695,0.47636485,-0.6755167,-0.6845699,0.30669764,0.247985,-0.0011422612,0.8987866,-0.64465225,-0.84902877,0.059560657,-0.3301186,0.08396403,-0.14662766,-0.29154465,0.027110837,0.54809123,0.10932442,0.36873287,0.21447235,0.96451044,-0.1534236,-0.024566585,-1.274528,-0.0022283948,0.24785046,-1.0004529,-1.1078267,-0.38346457,-0.21352962,0.11039888,0.11888776,0.55022526,-0.8604645,-0.39835715,-0.2277062,-0.45494843,0.77749175,0.7234278,0.7408864,1.0606294,0.22890812,-0.4492778,-0.10825567,-1.4173552,-0.5542427,-0.7884119,-0.6452189,0.8772954,-1.0633281,-1.9596472,-0.32276952,-0.22396475,0.44732514,-1.1247245,0.63854235,0.29306716,0.07128685,-0.067500256,1.230334,0.08754884,0.3890837,-0.29675177,0.4108857,0.15122724,1.5954849,0.6282855,0.27878943,-0.12357636,0.29327783,-0.23849408,-1.8208194,-1.7495027,0.2713267,0.6640613,0.37745702,1.0260698,0.47267658,0.2487516,0.16127703,0.20992902,0.641267,0.7602736,-0.3981055,0.15975831,-0.5669441,-0.21042538,0.66305786,1.9822941,0.63979626,0.99243903,-0.19942455,-0.72035223,0.13849455,0.16562402,0.6404,0.24802418,-0.4655972,0.3038574,0.656089,0.96864825,-0.7604279,-0.8541686,0.05012873,-0.13627805,1.5187765,-0.022677423,0.00835411,-0.31775266,0.07752976,1.6732897,-0.33676702,0.33887938,-0.65320307,-0.94460446,-0.7760507,0.79854953,0.32560068,1.5072503,-0.15792781,0.44338977,0.12241387,-1.8934289,0.048966717,1.1977208,0.09778212,-0.018454727,0.11093598,-0.02778592,0.45055088,1.2089766,-0.048843767,-0.13366659,-1.9253092,-0.35316753,1.0710293,0.13077743,0.36666417,0.1934711,0.5143445,-1.6121982,0.7442034,0.83610666,1.2329936,-0.0915831,-0.21386155,-0.44734132,0.053387456,0.17250481,-0.31631976,0.67101485,0.1504794,-0.502116,-0.19404402,0.5250267,-1.6093323,0.411221,-0.8071886,0.014833678,-0.33773664,0.54840624,-0.85773546,0.6645746,-0.8364581,-0.16024834,-1.3939981,-0.56757706,0.1964408,-0.4906889,0.3151192,-0.042751368,0.1647017,0.05886308,-0.52865314,-0.6409171,-0.104725406,-0.41073063,-1.7977197,0.019330198,1.0913786,-1.003265,0.65191525,-0.0063147033,-0.1795903,0.46426886,0.12323268,-0.47214216,0.07616683,0.9090177,0.32270133,0.45816922,0.25458297,0.69589233,0.52916235,0.28183267,-0.09118898,-0.7276131,0.4873827,0.59448284,-1.2511355,-0.42813036,-0.70397866,-0.6057491,0.4557046,0.007577239,1.1983372,0.34557346,-0.34337035
-0.3335677,-0.07492454,-0.27433467,-0.2292502,-0.0033780301,0.3251334,0.32802832,0.47486457,-0.59927076,0.076468036,0.33525094,-0.03650499,0.3341767,-0.854808,-0.12977429,-0.3939578,0.2921945,0.16388021,-1.3448678,0.5461446,0.08326725,0.6778056,0.62578064,-1.102086,1.1451181,0.5618891,0.7928592,-0.5151504,0.2028865,0.37145087,-0.039946064,0.22508508,-0.20290895,0.32991418,0.88964295,0.89878625,-0.008480124,0.30251938,0.21607633,0.87507975,0.5389085,1.264947,-0.40573564,-1.0904421,0.23497587,0.58796054,0.48011297,-0.22912607,-0.59609663,-1.1606942,-0.70832175,0.11171942,-0.30158025,-0.18512413,0.3713665,0.07464208,-0.40452683,-1.0227231,0.17761055,0.30580503,1.1353745,-0.16758107,0.48122346,-0.9601903,0.18861163,-0.61378324,1.2438447,0.13821004,-0.10424572,-0.508701,0.12204702,0.25735033,0.31283778,-0.6786462,0.5778916,-1.0683639,-0.8498834,-0.5241594,-0.1154216,0.2412497,0.7873377,0.14775482,-0.14887312,-0.17156477,0.1279382,-0.854948,-0.7397905,0.67747617,0.34286833,0.17600678,0.21383616,0.09759541,-1.4443747,1.2496885,-0.5722461,-0.5074794,0.2928999,-0.09665693,0.09851287,0.11440696,-1.3389239,-0.74327826,0.47557515,-0.12787428,0.26486626,0.31866705,0.16532706,1.5046641,0.39134738,1.0494934,0.30735165,-0.14338298,0.20138663,0.92175937,0.4615472,-0.9297338,-0.024812149,0.36248878,2.5572357,-1.0512505,-1.2392645,0.42494652,0.8074907,-1.1058235,-0.13483796,-0.76048493,-0.7721493,0.16510046,-1.0749571,-1.7855792,-1.6935337,-0.17514025,-0.73251635,-0.14637123,-0.51522654,0.38418016,-0.5862506,0.28092346,-1.020494,0.3066194,-0.19285321,0.84343064,0.5092614,-0.10389536,-0.43611044,-1.1258179,-1.1397066,0.36397555,-0.66861564,-0.15652634,1.3455777,-0.21900553,0.8229141,0.4569506,0.14803569,0.6931964,1.4273176,-0.08851941,0.3938752,0.735653,-0.12998135,-0.45280176,-0.6924004,-1.0129477,-0.63775647,0.55638355,-1.0555737,0.3340774,-0.7968953,0.2776749,0.93763226,0.10568619,0.8790496,0.3736994,-1.3165368,-0.33408418,-0.5461783,0.25887302,-0.39332786,0.64650416,-0.97704893,0.63528347,1.5668956,0.64271504,0.9231218,0.23800874,0.09449818,0.33126158,-0.042579472,-0.23243383,0.65925133,-0.25494608,-0.4079266,1.4235065,-0.39081624,-0.34422377,0.343864,-0.14711678,-1.0361204,-1.2579812,0.5590157,0.5951985,-0.0693858,0.21474284,0.15407993,0.6130699,0.27716243,-0.91562486,0.30388936,-0.98563504,0.41051605,-0.32457337,0.2967101,0.5288781,0.037855145,0.39735395,0.36570626,-0.9357659,0.7093836,-0.5044768,-0.025906766,-0.27885476,-0.48709178,-0.61279184,-0.6502559,-0.14791904,-0.10591727,-0.029878862,0.80027467,0.96759045,0.2308099,0.30309978,-0.14244269,-0.91245526,-0.2960021,0.07921392,-0.5324863,0.028855551,-0.22780189,-0.5849921,-1.4546341,-0.9701502,0.78349066,0.57736546,0.28465736,0.31816226,-0.2602013,-0.2992399,0.9432652,-1.716797,-0.079485565,0.26434383,-0.0024114691,-0.9099504,-0.89654744,0.06055912,-0.27939063,-0.90648204,1.3765074,-0.95371234
0.0475136,0.6044883,-0.19784473,-0.5560233,0.47378984,0.15927328,0.4236337,-0.33007827,-0.033056285,0.42839944,-0.9110081,-0.89055336,-0.35689065,-0.24528292,0.28055897,0.3303067,0.44937888,-1.1127326,0.0708458,0.04978796,-0.3790953,0.27697298,0.79964846,-0.24970049,-0.76976025,0.38005388,-0.04511237,0.99797,0.6395479,0.35417223,-0.78621143,-0.28505298,0.04808903,-1.367977,0.82111686,-0.81244904,-0.5989588,-0.050126843,0.11279467,0.67122954,0.117310606,1.1042281,0.35034743,-0.42441025,-0.09190342,-0.3935124,0.45512077,0.341837,0.17322503,0.40019813,0.5767358,0.8333671,0.2240216,0.39611664,0.36452666,-0.56469184,-0.808541,-0.59691304,-0.6620235,0.2927873,-0.69211334,-1.1351113,-0.83600515,-0.15920566,-0.02770044,0.43665415,-0.6663286,0.07694887,-0.09730475,0.8832318,-0.7837036,0.17415698,-0.5960232,0.4410196,-0.4962878,0.023736533,-0.9135868,0.50330216,-0.28128797,-0.20280854,0.054089982,0.7956133,-0.095502056,-0.9266961,-1.0337927,0.49271345,-0.81125695,1.401878,0.67731726,0.17878918,-0.7376352,0.2756666,0.9472083,0.058566056,0.0935143,0.99445,0.18950051,-0.02109168,-1.4950761,0.08213939,0.4230359,0.51437455,-0.27478963,0.23854454,-0.43344522,0.357242,-0.83663744,0.19750918,0.36054757,0.13871433,0.98257494,-0.18983255,0.18374196,-0.44041368,-0.6609913,0.03913975,-0.19491671,-0.49015263,-0.68888116,-0.44929874,0.73095864,0.029196484,0.06661835,0.16555135,0.35868213,-0.7355606,-0.30228296,1.5775733,-0.013658168,1.2930212,-0.19316763,-0.10352539,0.24497026,-0.82270926,0.8322864,0.9333267,-0.38037315,-0.23860988,0.44925755,-0.36482292,-0.9998499,-0.11353133,-0.8352339,-0.8394835,0.9103237,-0.31182367,-0.61481905,0.5464366,-0.44780976,-1.1062704,-0.1955968,0.23648332,0.21420161,0.08261099,-0.8476259,-0.27391446,0.803029,-0.14229842,0.44400245,-0.479899,-0.3990181,-0.43280512,-0.27433974,0.12652157,-0.98820615,0.82086664,-0.047095213,-0.20122805,-0.5145852,0.46083787,-0.20347472,1.2291228,1.0773067,-0.8047427,0.10882657,0.2698422,0.8167332,-0.8119176,0.4257857,-0.9076966,0.5825387,-1.082032,0.2341107,-0.57952946,0.71942997,-0.760086,-0.6868618,0.38888723,-0.6442666,-0.5101945,-0.49310514,-0.3423205,0.7937378,-1.4498787,0.19031629,-0.22705786,1.1655312,0.2839713,0.09978967,-0.17209446,0.088331796,0.7569125,0.50149524,0.3957435,0.35171062,0.021882892,-0.31679273,0.09581531,-0.070408925,-0.41180417,-0.35851794,0.64054185,-0.07580059,0.033022236,-0.4606505,-0.5162991,0.25353196,0.6267967,-0.6020524,-0.36123616,-0.40439212,0.48217833,0.11188053,-0.16906479,1.5059218,-0.5392439,0.6007902,0.8232286,0.08287255,-0.05243231,0.8274881,0.25621477,0.18748902,-2.2021403,-1.2157127,-0.9122657,1.0706445,-0.15785559,-0.030615969,0.30815935,-0.057485145,-0.8072524,0.26664072,-1.0680735,1.0606794,0.8323503,0.8596111,-0.8938311,0.66351616,0.91641223,0.88609844,-0.93386775,0.9309009,0.56708425,0.015878117,0.39373657,-0.65521425,0.17998089,1.281533,-0.20315732
-0.59962416,0.057204556,-0.21856563,0.9271164,0.26221648,-0.20139991,-0.52030355,-0.024834268,-0.31900087,-0.41888428,0.5749657,-1.0016743,0.23496014,-0.06833107,-1.051762,-0.96528316,-0.45276994,-0.20014833,-0.767914,0.4037976,0.29150516,-1.2592185,-0.3657648,-0.7484295,-0.044599675,0.09126213,0.47871256,0.021773346,0.7615266,0.102861844,0.6266695,-0.041650973,0.47567275,0.8726604,0.9903465,1.9234587,0.6662324,0.8509118,-1.3003782,-0.39488313,0.7846883,-0.8721449,0.19321702,0.348025,1.3668518,-0.3814916,1.0176901,0.7207253,0.42800912,-0.13405833,0.4978319,-0.2215001,0.37156257,0.2919445,-1.1565632,-0.14335139,-0.8640636,0.1738198,-0.78715545,0.18698618,-0.597486,-0.97347534,0.53461677,0.29891327,-0.71020854,-0.2842379,-0.56762207,0.096272364,0.7570854,0.7986896,-0.32086736,-0.86482507,0.109053224,-0.10438202,-0.79636943,1.47451,1.2656041,0.038880877,0.7615653,-0.4742211,0.3524019,-0.6472759,0.2787902,-0.20816836,0.2069986,-0.8250417,-0.82200176,0.3560843,0.2643223,-0.45704088,-0.5586731,-0.77227944,-0.056320436,-0.16812181,-0.36577135,-1.5647062,-0.20880854,-0.17740384,-0.07248915,0.052126102,0.3913615,0.5519412,0.16643494,0.2205536,-0.1872774,1.1426647,0.38047606,0.11369554,0.100316994,-0.18092002,-0.98530805,0.30530056,0.1338188,0.30486387,-0.100816436,-0.72356975,-0.7383707,-0.18541995,-0.85970503,-0.6983005,0.121410504,1.0030127,1.505905,0.13441607,-0.21009701,0.6587419,-0.46345028,0.6924509,-0.5839458,-0.6661625,-1.1499683,0.093375675,-0.119614236,-1.1899937,-0.06931969,-0.7376339,-0.4808666,0.03013838,-1.1690235,-0.7523752,-0.46084154,0.16843611,0.61077523,0.16900052,-0.18839964,-0.062314544,-0.99971503,-1.7683835,-1.8400468,-0.6108491,-1.3797882,-0.35724518,0.08872399,0.015538772,0.42668855,0.008762227,1.7047626,-0.11963674,-0.43852776,-0.2904683,-1.0629835,0.5510869,-1.4839231,0.5072632,-0.7666174,0.24756812,0.351056,-0.21600161,0.17988986,1.8846028,0.30313674,-0.63801605,-1.4906236,0.4866261,-0.639511,0.500641,0.85435796,-1.3790866,0.09944224,-0.825773,-0.26199725,0.10629259,1.1126841,-1.189702,0.6779383,-0.26741368,-0.8070998,-0.88850194,-0.09904738,-0.2788183,0.052059323,-0.23466174,-0.016993778,-0.985638,-0.06984331,0.08678446,0.5488849,-0.5135198,0.41258726,0.3610023,-0.7680963,0.3010164,-0.47004458,0.60300744,-0.47224748,-0.07548502,-0.21980305,-0.76080483,-0.5820542,0.81879944,0.57990944,0.15774845,-0.4193836,0.16075194,0.33901218,-0.70319813,-0.41960186,-0.18908553,-0.8991015,-0.3108122,-0.5774715,-0.39567178,-0.84376234,-0.19239096,-0.2835049,1.3114703,-0.102215216,0.6487684,-0.33284855,0.37174624,-0.16626154,1.1210136,-0.8178321,-0.57758474,0.17482996,-0.22367226,-0.64983517,0.17015946,-0.6656208,0.37998742,0.6674041,1.222776,-1.8208231,-0.1866715,-0.28409857,0.13894267,0.4436319,0.8269935,0.51856005,-1.2328362,0.71109575,0.7619896,0.22395745,0.62605697,-0.8651273,0.33233026,0.121311985,-0.48001823,0.4445256,-0.75053775
0.03192875,0.25511378,-0.4352235,-0.2843839,-1.1799674,-0.17945261,-1.3416349,-1.2691623,-0.093295686,0.5076411,-0.8017788,-0.1902221,-0.32767144,-1.017668,0.09848701,-0.042273127,-0.23680659,0.08726505,0.51442236,0.185682,-0.0757953,0.4205105,-0.2987633,-1.675524,-0.15406229,-1.1483777,0.20156959,-0.67817163,0.75200176,0.08442815,-0.12848528,0.20186815,-0.043596312,-0.543566,0.31835833,0.7082062,-0.10789342,0.19593817,-0.90035087,0.2830234,-0.01641761,0.015165173,-0.030030632,1.3885498,-0.5957592,0.8969433,0.1103896,0.16527972,-0.12915166,-0.1283587,-0.24838671,-0.9742832,-0.67107683,0.68190897,0.19435093,0.10294054,-0.7408803,-0.32278058,-0.28982338,-0.3499072,-0.58978057,-1.0425694,-0.36706778,0.5102328,0.53511983,0.01777327,-0.76891893,0.37168923,-0.15573055,-0.8068508,-0.41881728,0.5508689,0.6553478,0.14310466,-0.022425937,0.20025969,0.49913415,0.34375396,-0.18506135,0.2654963,1.1836596,0.3833109,-1.2552001,-0.37915465,0.74056983,0.2439607,0.076094605,-0.62293404,-0.0021663732,0.15026899,-0.45710072,0.046159595,-0.182897,-1.47978,0.061167393,-0.77082396,-0.26308832,-0.6606646,1.3217913,-0.24727216,0.5437223,0.8154976,1.2137798,-1.0383325,-0.11980399,-0.355458,-0.92227304,-0.11201845,0.0144467475,-0.17493084,-0.46363917,0.33768383,0.2702737,0.07464136,-0.23897615,0.47524634,-0.28752866,0.18512963,0.23609096,-0.32134968,-0.33645472,-0.45449546,0.68003625,0.7239,-0.6459105,-1.5881004,0.66358244,0.104429,0.12457711,0.2687546,0.48745775,-0.7140875,0.1240522,-0.4744602,0.2166148,0.42580497,0.12891172,0.20770475,0.5662131,-0.7228984,0.14991398,-0.82371455,-0.19565882,-0.44630986,-0.9786894,-0.762598,-1.0465878,1.0094653,1.7884816,0.3160054,0.22141723,-0.022723053,-0.42097878,0.6118871,-0.310374,0.22618523,0.9383826,0.66022974,0.1615395,0.9472742,0.42668086,-0.2449622,0.4914687,0.5030665,0.22245938,-0.080656886,-0.73113835,-0.0043534543,-0.0012239804,-0.8309173,-1.200581,-0.55286187,0.62654036,0.36844122,0.1916132,-1.208847,-0.6241648,1.0245842,-0.7758017,-0.88431644,0.7232603,0.10379967,-0.42862353,-0.35825643,-0.15698501,0.2886546,1.1428559,-0.44520402,0.028753914,0.5802942,-0.9390125,-0.9076427,1.481772,-1.351442,-0.1556122,-1.2578279,0.5279144,-0.55602777,-0.5816148,0.7851708,0.24232276,0.16713816,0.46993563,-0.18324703,-0.3925122,0.6109034,0.47351736,-0.37033752,0.6907931,-0.18127799,0.10390603,-0.64437765,0.5043656,0.4211954,-0.086351044,0.029210038,1.256911,-0.030097157,-0.24422841,0.92333275,0.055503447,-0.09300189,-0.65878284,0.5410079,-0.56093955,1.0950738,-0.71106124,0.6125018,0.31373587,0.5202467,0.37217122,-0.0024928353,2.2683864,0.8967115,0.9895054,0.5713497,-0.5489922,-1.1664058,-0.67876977,0.6926058,0.35408,2.708851,1.0203043,-0.34190673,-0.3696058,-1.0733672,0.43771783,0.8783686,0.17201552,0.44656384,-0.57337373,0.49052027,-0.030375028,-1.0967455,0.8730193,-0.9255371,0.76786715,-0.68267363,-0.005756412,0.26682094
-0.9581666,-0.513318,-0.39261088,-0.4323107,-0.5296554,-0.37731123,0.10537068,0.36263967,1.0371248,0.7179991,0.05788205,0.4106138,0.20038103,1.19446,0.16665663,-0.22057466,-0.67874265,-1.2013042,-0.7806911,-0.55806714,0.58543,-0.70775825,0.088876426,-0.24198668,0.9240799,-0.21209405,0.24990192,-0.094774656,-0.2931364,0.38448608,0.5131898,0.19108656,-0.20441496,-0.28975922,0.44536155,-0.9127044,-0.6071858,-1.8096915,1.4337294,-0.07922295,0.101258315,-0.54288757,0.2906956,0.42736724,0.28383204,0.22037205,-0.5401895,-0.4459385,-0.58230513,0.70870715,0.21608135,-0.29688755,-0.51268584,-0.38088256,-0.06975481,-0.016419299,-0.23854804,0.58357304,-0.48824227,0.27099526,0.08930978,1.369084,0.11939703,-0.104361996,-1.0092072,0.13590969,-1.1530638,0.41428873,0.14536296,-0.026388677,0.6907494,-0.3382811,0.40698397,-1.5274261,-0.35977942,-0.8457189,-0.20639016,-0.13452871,-0.104346894,0.7824394,0.21138182,0.16717835,-0.19777282,-0.21054111,0.6800368,1.2148031,0.4054362,-0.493973,-0.024123674,-0.21638581,-0.10913895,-0.009412494,1.3480157,0.10760925,0.20562975,0.8709788,0.34541604,0.3494053,0.400307,1.1066427,0.5088269,0.26273772,-0.45591465,-1.1939648,0.017842494,-0.13614693,-0.17187914,-0.14084433,0.07618373,0.46064758,0.6442887,-0.030003492,0.842664,0.09195014,0.23017713,0.41748405,0.98867637,-1.5877091,-0.3929066,-0.3204763,0.0013932027,1.151338,0.06908758,0.48010635,0.6980219,-0.009592422,0.32917246,-0.21523276,1.0532509,-0.78079927,-0.7385825,-0.70908546,-1.8730427,-0.20865303,0.25843495,-0.08173973,0.5063915,0.29965404,-0.02457392,-0.27922052,-0.20146427,-0.2010579,-1.7805474,0.4730006,-0.3660497,-0.15774518,0.42470843,-0.14036639,-0.20174438,0.08768794,-0.0048032813,-0.06610479,0.39830306,0.5340964,0.531596,0.49186176,0.29407245,-0.4305159,-0.6099372,0.14575754,0.7066882,0.6525434,0.5481002,-0.28530994,-0.41994,0.27745837,-0.36535814,0.5155234,0.2696107,0.29459047,0.34232438,-0.6291515,-0.31758973,0.0075394684,-1.418952,-0.11890521,-0.24753842,0.5168198,-0.5492707,0.57189775,0.24929066,1.5009375,0.9711039,0.12517966,-0.40749478,-0.36042777,0.83247685,0.38423184,0.120159574,-0.013048336,-0.2836605,0.9426509,-0.11435275,-0.7708343,0.15107007,0.8296084,0.28531346,1.0874028,1.1707839,-0.06304127,0.0674022,-0.31019008,-0.6036539,-0.24217589,-0.18447825,0.09817965,0.90756774,1.1558937,0.2791664,-1.8466934,0.5035252,-0.13140711,-0.7493496,0.5807581,1.2914922,1.3940096,0.35410273,0.04393098,-1.1867443,0.119802535,0.5605342,0.3804438,0.80456746,0.76355034,-0.08011808,0.2823963,0.4859506,0.37036657,-0.5718506,1.1137782,1.0047154,-0.38299295,-0.21311703,1.3725262,-0.86450535,-0.021618027,-0.4092382,0.6250914,0.040376555,0.6898037,0.10409425,1.857225,0.46909738,1.0629982,0.3951857,-0.8920376,0.01637399,0.58986014,0.1794676,-0.15147749,0.013599454,0.64268136,-0.9886866,-0.04651558,0.9076633,0.88503397,0.5885834,-0.29269487,-0.09326089,-0.8235802
-0.12078678,-0.08225418,0.7985628,-0.58841026,-0.055066828,0.55260944,0.2031917,-0.31424385,0.10263706,-0.6961862,-0.71916044,0.6838531,0.11410838,1.6558157,0.37366176,-0.68481743,-0.7500617,-0.41371164,-0.6347388,-0.108758725,-0.07894422,-1.5109099,0.37854645,-0.19736816,-0.13695723,0.42232847,-0.8404872,-0.18161403,-0.3189804,-0.21992292,-0.14756319,-0.32303846,0.8423949,-0.43840447,0.57249004,0.92999244,0.074617185,-0.75379324,0.51036406,-0.06675,0.20736101,-0.56904876,0.5213639,0.51246524,-0.010315312,0.43981978,-0.55150276,0.24773866,0.2697809,-0.9177545,0.5799435,0.24868187,-0.20597927,-0.06099722,-0.30150154,-0.76657975,0.019083567,-0.6643289,-0.67100006,0.11045627,-1.1566918,-0.39022905,-0.557565,-0.29587606,-0.8594188,-0.14373921,0.20477116,0.10298065,-0.2056021,-1.7216603,-0.74095106,1.2697786,-1.2395155,-0.42438355,-0.27239558,0.5817458,-0.5802254,-0.926041,-0.71602494,0.1773949,-0.6345016,0.08928865,-0.66033566,-0.089156054,-1.6831143,-0.21160284,-0.40344593,0.39923322,1.0987598,0.84289145,-0.03318171,0.55913603,-0.17030959,0.6399279,-0.91121995,-0.41385013,1.0707239,1.2344934,1.0694007,-0.81970423,-1.1815495,-0.5968998,0.5459828,-0.34707153,0.16786875,-0.48374316,-1.9319019,-0.7456248,-0.37942463,-0.07875892,-0.687433,-0.02047638,-0.36723068,0.19248945,0.555614,-0.5723516,0.7027799,-0.0983616,-0.10118872,0.46808174,0.49302617,-0.688166,-0.81357527,0.0450259,-0.6954653,-0.43293506,-0.8686053,-0.45165178,-0.42112008,-0.9117466,-0.78157014,-0.35224286,-0.2087372,-0.33890846,-1.1554323,0.048264537,0.58493453,1.1552132,-0.12903604,-1.2254968,-0.52382535,0.0958429,0.18570484,0.3603129,0.749374,0.50653666,0.16152969,-1.1864111,-0.043104332,-0.63208807,0.34332252,0.44518697,0.2742892,-0.3056333,-0.9202201,-0.26022533,0.86561024,-0.029063145,-0.2503998,-0.13248153,-0.3464,-1.3533995,-0.011412383,0.97305864,0.95428425,0.81960964,0.28923386,0.37954324,-0.4138954,-0.1141856,0.7550395,-0.3105551,-0.18591368,0.6699304,0.7053775,-1.7826425,-0.6293241,0.0126604345,-0.63856137,0.2994649,-0.4372028,1.0316935,0.8590118,-0.52073884,-0.86545473,-1.3505359,-0.025302945,-0.027954385,-0.3685759,-0.044890694,0.44267398,-1.9684932,-0.10015408,-0.6728169,-1.0460658,-0.84583277,0.32129955,-0.7507462,-0.21823822,0.49875233,0.6372696,-0.010231872,0.51380813,0.17402633,-1.044441,0.16529478,-0.49677822,0.31649765,-0.79791474,0.007021528,-0.21410668,-0.034019157,-0.4424575,-0.39157277,-0.47301158,-0.42281288,-0.3696545,-0.78754675,-0.1208971,-0.15819447,0.07857489,0.18994506,-0.26399797,-0.0002132477,0.9020497,0.32905784,0.41601875,-0.44527382,-0.40877292,-0.057686124,-0.38653532,0.40409276,-0.5700486,0.047491837,0.8067712,0.12858611,-0.15039116,0.5946204,0.39882183,0.55336905,-1.1592882,0.59128875,-0.22327843,-0.894032,1.0078571,0.113285765,-0.12330737,-0.047549114,0.3861752,0.24416189,0.30071178,-0.22735575,0.12829982,0.10606155,-1.3572142,0.75834805,-0.10820595,0.111424714,-0.9749757,0.32560244
-0.16273409,0.7502931,0.10141038,-0.31052288,-0.14623842,-0.43184635,0.066678,1.2922479,-0.054336436,0.6366242,-0.22104916,-0.23183846,0.04844728,0.89250815,-0.4336164,-0.11741556,0.5045164,0.35378295,-0.83738846,0.012219769,-0.80038595,-1.0629817,0.24826379,0.49079403,0.5098775,0.23295584,-0.48875645,-0.65630764,-0.192009,0.03462302,-0.33170974,-0.6511265,0.12885457,0.34991068,-0.12237906,-0.45713064,0.91992426,1.2656614,0.11301633,-0.5235624,0.26026165,0.2185844,-1.3978096,-0.4181951,-0.17972594,-0.029700762,0.22043823,-1.0564106,0.41550842,-0.23349983,0.41215274,-1.6942673,1.0086955,0.24670027,0.90866685,0.04602939,0.19603291,-0.51455766,-0.41987324,-0.4867515,-0.25264463,-0.86438614,0.1188657,-0.5520018,0.48138025,0.67340434,0.057578128,-0.73371935,0.13951226,0.07036788,0.9262242,-0.4179094,0.00059168605,-1.3141321,-0.5693054,-0.41613746,-0.3522887,-0.42710423,0.19449274,-0.661336,0.2550999,1.0304191,0.5893378,-0.41861057,-0.5292753,0.03847893,-1.9738492,0.40942702,0.2274174,1.302102,0.99123126,0.49402326,0.53359646,-1.3062537,0.1783086,-1.3097975,0.4266872,0.17810349,-0.1113894,0.5927899,-0.35121176,0.04118061,1.0306823,0.26258048,-0.26997364,0.25141555,0.14182998,-0.97045463,-0.7232234,-0.68326086,0.17911461,0.5359325,0.8550819,-0.03700809,0.18921652,0.2715433,-0.36528245,-0.1280979,-0.19011569,0.049780782,-0.69967973,-0.18958597,-0.18474273,0.5641126,-0.5820896,0.088470615,0.2843738,-0.8452033,0.9090617,-0.35353494,0.015451783,0.45262435,0.124739535,-0.3971384,0.29817685,-1.3401202,-0.7518969,-1.303385,-1.0138081,-0.17557177,-0.5848255,0.29528937,-0.58099025,-0.2383693,-1.5823463,0.62696326,0.3984384,-0.48171657,-1.3902963,0.54870033,0.3045092,0.1950124,0.28460068,0.54311115,-1.2927458,1.1705452,0.5006425,-0.067149565,0.34611192,0.2665141,0.91128886,-0.33751562,0.4996454,0.12738606,0.20671052,0.19757728,-0.5563242,-1.0493656,-0.30045375,-1.2963165,-0.31612256,-0.6543194,-0.51778,-0.2245376,-1.3783828,-0.6545933,-0.3230561,-0.64685476,0.8725202,0.107132226,-0.04054751,0.48680985,-0.078288004,-0.81691784,1.4447714,1.2159703,0.08086329,0.029094286,0.21505015,-0.49871713,-0.1938962,-0.19793934,0.62817734,-0.55985427,0.09855308,1.1096233,0.10791401,0.101963066,0.45685667,-1.0698326,0.17428875,-0.71353126,-0.2868842,-0.8844818,0.60974216,1.1259652,0.8801698,-0.30664062,1.1811223,-1.0613852,0.107352264,0.62200415,0.8276758,-0.545831,0.56900835,0.35595724,0.29019126,-0.37445104,1.4145061,-0.055576805,-0.24952313,0.06074529,-0.41032806,-0.8034926,-0.31898648,-0.32988608,0.7972503,0.22081427,0.4093936,-0.9237362,-1.0780778,1.8256346,0.73834693,0.8382713,0.7394108,0.27421382,0.62780476,-0.25663707,-0.5814943,0.979562,-0.09813706,0.5435067,0.81319857,1.267446,0.8324698,-1.3683034,0.16626066,1.1103489,-0.76518786,-1.146869,-0.5357547,0.6847195,-0.5044688,-0.74795747,-0.7781062,0.81015486,-0.7913503,-1.0414146,0.1974758,0.21733052
-0.18077788,0.47981942,0.028976193,-0.3583972,-0.5753653,-0.15410225,-0.47136346,0.32597128,0.30318022,0.10682912,0.044091992,0.20436205,0.9165054,-0.7748401,-0.25971666,1.8200144,-0.21088158,0.62815887,0.33779475,0.12239588,-2.1303914,-0.5628893,-0.13950168,0.21817845,-0.13724923,0.5985538,-0.010710389,-0.16209711,-0.81086946,0.16048805,0.664107,-0.123888455,0.26323518,0.82388306,-0.8087583,-0.066636965,-0.14419635,-0.3072572,-0.16640174,0.24802862,-0.052574884,0.9143284,-0.65883446,-0.5850336,-0.07458172,-0.5793824,-0.7082892,-0.6985611,-0.4568273,0.09673868,-0.27003312,-0.8978358,-0.7092216,0.23688345,0.3191267,0.73846346,0.17960104,0.30410385,-0.11162427,-0.07233132,-0.9873799,-1.1659544,-0.3990224,0.5588945,0.45349476,0.14910115,1.1368203,0.2943517,-0.27554235,0.37374267,-0.20238605,-0.42744634,-1.1388162,-1.6753948,-0.32810292,0.009320259,-1.2914559,-0.27042973,-0.65472895,-0.15994912,-0.44857723,-0.15101948,1.212478,-0.2545599,-1.0764798,0.44944435,0.8497596,-0.560272,-0.23340616,0.4026684,-0.36217418,-0.40957588,-0.49476492,0.25777808,-0.080729,-0.4440357,-0.5682614,-0.2754222,0.35796988,0.999723,0.1196098,0.75181663,0.12774406,-0.81982577,0.17116873,-0.0023002168,0.114379175,0.46487147,-0.20780659,0.29798174,0.07370308,-0.28318566,-0.16822226,-0.11663484,-1.2515743,-0.22012691,-0.26376322,-0.70359117,-0.40989465,-0.24264601,-0.5600018,-0.38449237,-0.79505605,1.1718689,1.2644175,0.2267556,1.6688865,0.28714994,-0.7464744,0.6757304,0.17347313,0.6268566,0.2810473,0.06851306,0.45844916,0.13767976,0.73537797,0.09788686,-0.29686877,-0.7397873,0.013466262,-0.16497292,0.044602375,-0.5527761,0.057663426,0.5738719,-0.7377063,-1.4679925,0.08436395,0.62270856,-0.75153863,-1.0149586,0.27787217,0.5280361,0.08765359,0.39949527,-0.25495082,-0.4957147,0.31905404,0.18714547,0.6574404,0.15910892,-0.1208474,-1.0385611,0.58385044,-0.1747725,-0.21043351,-0.0028107313,0.38548946,0.27160105,-0.093570836,-0.18674766,-0.26009738,-0.8088777,-0.09319592,-0.8047604,-0.38944224,0.60033715,0.2747141,-0.95581156,1.0776017,-0.14608479,0.059868004,-0.8539227,-0.2614017,-0.12432538,0.9645903,0.7593109,-0.4322276,0.5399734,0.5446209,-0.450157,-1.9157326,0.11291916,0.24040996,-0.31055373,0.13244444,-0.053550992,0.41120476,0.40421408,-0.08100874,0.10448957,0.38046142,0.1686598,0.6711068,0.20483595,-0.8014601,1.33836,1.8589098,-0.058350015,0.08151471,0.10584699,0.3209235,0.6719407,0.6237497,-0.06258111,0.28992015,0.93374467,-0.6281892,0.5834209,-0.58105326,-0.13044599,-0.19459373,0.13242483,-0.24015501,-0.7355972,0.3760962,0.44535795,0.42491683,0.014279683,-0.6070573,-0.9785969,-0.08987805,0.21803439,0.25764823,-0.47038594,0.62454563,-0.19703537,-1.2552142,0.07259409,-0.27617672,0.96267873,-0.68032163,-0.33064425,-1.2908254,0.5410845,-1.0003889,1.2733169,-1.4043133,0.550731,0.100245126,0.1708823,-1.2530513,-0.024935395,-0.0745524,0.3679039,0.22395732,-0.94860995,-0.431219,-0.01797861
-0.5643668,0.34998912,0.46427953,0.130735,0.081054136,0.20618315,-0.11081097,-0.68726546,0.24087946,-0.32245526,0.31068584,1.109393,0.2594585,-0.5590456,-0.15956229,0.08351179,-0.71802634,-0.096131794,-0.8201612,0.5253217,0.022695888,0.7176459,-0.79256314,-0.14437853,-0.19932577,0.7136347,0.74606794,-0.10248685,-0.08932399,0.15976185,0.5115684,-0.7396692,0.023640918,-1.2362248,0.21765332,-1.2442429,0.7159814,0.4409428,-0.83997715,-0.1903231,-0.1599083,0.048139695,0.5520454,-0.6305903,-0.5143589,-0.1270585,0.3907101,0.22566912,0.90012276,0.006327727,-0.7037458,-0.8089081,-0.977443,0.66174704,-0.606708,-1.4246777,-0.3947902,-0.31886464,0.9407617,-0.2974008,-0.27431068,0.20319015,0.37741792,0.2621946,-0.6779787,0.5315393,-1.5549371,-0.6329759,-0.6147244,2.4945164,-0.3587445,-0.18307836,0.0029478206,1.1424706,0.31685603,0.4536592,-0.2521804,-0.8331934,-0.15641464,0.13745993,0.070421875,0.5386379,0.750995,-0.5458628,0.737039,0.76336783,0.42167112,0.10060852,-0.27473754,-0.7609627,-0.48112458,0.54536086,1.1693075,-0.66377354,-0.6707491,0.45077005,-0.53351736,0.5080725,0.5898282,-0.6131105,-0.7312161,-1.2922937,-0.00660009,0.25567806,-0.875002,-1.0386285,-0.9102819,-0.78654885,-1.5827115,-1.1052489,-0.58983827,0.588519,-1.1119906,-0.5508647,-0.48491597,-0.06795976,-0.029630225,0.017031524,-0.7987834,1.0521187,-0.85974956,-0.42209613,-1.1584657,0.948783,-1.14827,-0.81116635,0.15889692,-0.15864946,-1.3207632,-0.17162982,-0.6077976,0.5997236,-0.46786746,0.7442706,0.007551164,-1.3610727,-0.02303989,0.02933957,-0.048458423,0.72034013,0.63595027,0.5106991,0.5744789,-0.32477656,0.675529,-0.16980469,0.25066018,0.30355597,0.14960918,-0.7162184,0.85594326,0.5067697,0.08308961,-0.40856287,-1.521905,-0.8409204,-0.028704228,-0.6300006,0.036092494,-0.91769964,-1.5813019,-0.14985792,0.017478094,0.5496869,0.5218081,-1.1429162,-0.76486635,0.06089962,0.28596058,-0.45458978,-1.2337277,1.1785775,-0.26461783,-0.4901909,0.46551266,0.7734035,0.345191,-0.018371865,0.11135521,-0.2390706,-0.9087305,-0.21723624,0.6871964,-0.64869446,0.4642469,0.14843658,-0.17827103,0.35793564,0.21565016,0.23551735,0.42180294,-0.6709254,0.64555466,-1.0257738,0.16273485,0.043516506,0.35205734,0.11479008,-0.3444019,-0.0009822317,-0.5495617,-0.44943613,-1.3732196,0.18176644,-0.7394163,-0.7020592,0.48280975,1.0088738,-0.056120995,-0.41070804,-0.5895476,-0.8642291,0.37859333,0.05960938,-0.21607453,-0.12223749,-0.057838667,-0.010096778,0.026987799,-0.90363324,-0.5663576,0.48442015,0.58841515,-0.46832407,1.6754433,0.6340501,0.30357116,-1.1229376,0.3365093,0.062397428,-1.0356485,0.21541893,0.10449755,0.28224075,-1.0180259,-0.7879677,-0.99966455,1.6562301,-0.5764601,1.2881197,0.4822138,0.71824914,0.33963266,-0.4519569,-0.56289387,0.7734857,-1.448703,0.14244023,0.38838258,0.176617,-0.65982723,-0.74574745,0.052944146,-0.3810964,0.3292198,-0.256353,0.03249852,1.4722049,0.07054122,-0.29740795
0.93179923,0.3730751,-0.022512672,-1.7062624,-0.48961017,-0.5423833,-1.6338161,-0.27223253,0.14279015,0.27023572,-0.8967779,-0.26455095,-0.34518117,1.2303097,-0.22059442,-0.0969073,-0.3684273,-0.28706288,-0.9672442,-0.52035683,-0.43422303,0.32774687,-0.6902253,0.18661444,-0.16721903,-0.6886895,0.0070877112,0.09030017,0.438044,-0.64656794,-0.40318602,-0.22905663,-1.1291963,-0.27860442,0.8742721,-0.77086544,0.28096673,-1.0228249,0.15842322,-0.38554555,1.2114527,0.17521136,-0.77014357,0.8247157,0.53676134,-0.22947906,-1.1672785,1.8398505,-0.34204364,0.22516085,0.3574137,-1.4606013,-0.059706658,0.16231658,0.5024826,-1.0751271,-0.8086969,-0.06862601,-1.4635702,-0.16584845,-0.6675061,0.07321181,-0.909288,0.019190392,-1.7560694,-1.3380305,-0.17248265,0.08818323,-0.19822754,0.6934148,0.13738424,-0.19669726,-0.37204847,-0.23105632,-0.63466346,0.684787,-0.84699565,-0.92975265,-0.7017228,0.4839503,0.14068995,-0.1369603,0.20789984,0.35951284,0.5573396,-0.61005086,1.3490254,-0.8249125,0.49853814,0.0798955,0.9541101,0.37188545,-0.30673313,-0.12202699,0.3816894,-0.43894535,-0.3957805,-0.03291556,0.3120104,-0.24780937,-0.29347405,0.39734474,0.4944039,-1.1721978,-0.24736705,-0.51586264,-0.17565323,0.5626857,0.39776173,-0.9218309,0.4490479,0.24846631,0.8967563,1.3938134,-0.17984226,-0.4322173,1.015044,0.7088645,0.8545861,0.843997,-0.3240207,-0.041696053,0.42948148,2.4431388,-1.6012727,-1.201694,-0.96183056,0.27958,0.5257919,-0.7618247,1.1117123,-0.5090025,-0.75454986,-0.8676224,-0.30187598,0.3898138,-0.0037236365,1.2606132,-0.15887782,-0.1566756,0.13322914,-1.2935476,0.5384513,-0.24044159,-1.1642241,0.2133708,-0.15231852,-0.3806365,-0.7234501,0.7949802,0.96240884,-0.065577164,-0.30249718,-0.427267,0.8785048,-0.096815094,-0.09490814,0.19118312,-0.17542821,-0.06964754,1.6557091,-0.45187658,0.30844963,-0.29431516,0.6034395,0.7385718,0.26649848,0.7458847,-0.074872546,-0.81813216,0.053341333,-0.31764776,-0.6226376,0.36649537,-0.9205347,-1.033545,-1.0409456,0.4961866,-0.07629429,1.6051978,0.0015807553,0.8205315,0.5822381,-0.32798925,0.01645837,-0.52979916,-0.43729022,-0.4345914,0.34156436,-0.7776751,-0.58503336,0.4652596,-0.012961037,0.012577189,0.23728475,-1.4797553,-0.19383138,1.1384202,0.21534157,-0.42313367,-0.093723014,-0.111495055,-0.28421396,0.2458318,0.5634044,0.5615611,0.9699935,0.15613376,-0.26736718,0.12119649,-0.96992505,-0.83695024,0.1616688,-0.41080198,-0.2689101,-1.5192827,0.7616137,0.08465356,-0.6522289,0.4075513,-0.3144935,-0.1090357,-0.46733835,-0.88807523,-0.42023027,1.6069773,0.55016536,0.032573473,0.49534068,0.31787243,1.5866824,0.06053449,0.43056652,1.0312687,-0.48672938,-0.12314394,0.014641889,0.12681308,0.29510364,0.6989132,0.49361426,-0.019194061,0.988665,1.3374746,1.3216625,0.11797114,-1.2709897,-0.166479,-1.4209713,-1.297948,-0.2214394,0.6253959,0.8198628,0.4992573,0.37914777,0.84745973,0.26827034,-0.41485807,-1.5281398,0.4580025
0.116893314,-1.0992945,-0.657869,-2.166258,-0.39038548,0.6489601,-0.6143991,0.69305015,-0.3480697,0.10433938,0.44428307,-0.59861094,0.45159408,-0.18676278,-0.34813386,-0.7071457,-0.4041514,-0.01500653,0.13970806,-1.4005151,0.28327087,-0.6018743,0.012918128,0.3924664,0.08609606,0.8523477,0.5830787,0.761963,0.908527,0.7828298,-0.20974365,0.4976122,0.09073234,0.47787058,-0.4415061,0.10629296,-0.72245187,0.5173216,-0.93608665,-0.22505817,-1.0868622,-0.103221685,0.5271625,-0.2332175,0.78272194,-0.7056046,-0.34608835,-0.090243906,-0.5309537,0.26230136,-0.54233503,-0.15129292,0.53186494,1.3344264,0.09329505,-0.32887787,-1.7148547,1.72035,0.008117635,0.3731145,-0.55725163,-0.28003666,0.67087793,-0.15331489,0.15900044,0.80127436,-0.8786803,0.19963217,0.8800359,0.32197717,1.3361173,-0.3192113,-0.16781709,-1.0063465,-0.15558775,-0.22325245,-0.5776601,0.2192527,1.0445691,-0.53379375,0.20213476,-1.0251243,-0.31667724,-0.5843028,-0.5112311,-1.4316009,-0.7794383,0.46412235,0.34283605,-0.5794011,-0.019918447,0.7441076,-0.20939054,1.7730391,0.08780876,1.3918275,0.03234623,-0.033381823,1.4216632,-0.13526294,-0.18362981,-0.70067257,-1.0185436,-1.5166682,0.43396372,0.19667424,-0.44759497,-0.87289,0.739389,0.20342843,-0.47621134,1.3471894,0.1048495,0.50565904,0.2562851,0.16567823,0.33872715,-0.6293734,-1.3866055,0.005681994,-0.30548382,0.72823685,-1.0987246,-0.49999955,0.50636053,-0.33105034,0.7617248,0.14844641,-0.11547391,0.4589982,0.4364951,-0.18544815,-0.42034873,-0.6567577,1.2323282,-0.8935226,-0.8868802,-0.084861435,0.482224,-0.48385525,-1.4456362,0.23070215,0.61432034,-0.7925943,-0.030226994,-0.4048833,-0.18142255,0.023036163,-0.43837085,0.60999113,-0.107086405,0.6929068,0.012489829,0.6692325,0.37567082,0.43193725,-0.33754608,-0.4195799,-0.91781217,0.67418903,0.13949798,0.73098546,0.6578053,-0.47717917,-0.8991002,-0.07281324,0.13486138,0.92624146,0.25333267,-0.571636,-0.41377312,1.4975735,-0.20946038,1.0662131,-0.8331131,0.7355425,0.13053456,1.5382556,1.5697957,-0.8697101,0.4561386,1.1951315,1.6077961,0.9313783,0.82188845,0.19465812,-2.0992517,-0.32433355,-0.17779948,-1.3765477,0.59993416,0.52093697,0.28730872,1.2074642,-1.667203,1.3110477,-0.102534555,-0.017131139,-0.6335629,-0.31412435,0.6197632,0.068141654,0.1401556,-0.48960358,0.02870318,0.7814994,0.011533089,-0.05392225,-0.6847172,-0.37610906,0.33931705,-1.33843,0.060694914,0.50211465,-0.15699822,-1.1143078,-1.3753414,0.6266956,-0.7278205,-0.31116292,-0.19442184,-0.22309342,-0.029888928,-0.06802593,0.039689284,-0.068905815,0.25981513,-0.31085047,0.5210525,-0.25683656,-0.6948056,-0.15907264,0.61324745,-1.0149838,-0.51601034,1.0957067,-0.7268511,-0.1576878,0.24416523,0.5310751,-0.6099287,0.7021927,0.34376836,1.1519305,0.6323727,-0.46441323,0.94413555,0.23589833,0.20644216,-0.5560137,0.30803993,-0.020100996,-0.8118543,1.1088613,-0.13812113,-1.172274,-0.0840653,0.13832107,0.9533623,0.18988866
-0.12002387,0.45890915,-0.73190916,-0.7773595,0.07060698,-0.45293975,-0.24660406,-0.23789783,0.032637242,-1.2747358,-0.4093446,-0.6495708,-0.36504343,-0.38625377,0.8198104,0.4418346,-0.005531543,-0.40833867,0.022616062,0.19674236,-1.9474752,-0.19387554,-0.15192127,-0.36918187,1.056293,0.7279921,-0.5503011,0.24946904,0.28301507,0.2997069,-0.45459002,0.20825014,-0.0029672682,0.85211957,0.53194827,-0.28992894,-0.2556684,1.2193907,0.25553045,0.7894877,0.38271612,0.9225827,0.5316927,-1.1149783,0.18497182,0.050963785,-0.15740159,0.2881649,-0.4048651,-0.43306732,0.025400462,0.16738354,-0.33556333,-0.20345122,0.34136224,-0.7569619,-0.79433084,-0.026320819,-0.27945414,-0.912508,-0.62825507,-0.115638345,0.16540721,0.49175763,-0.5038849,-0.32540828,0.31862167,0.2251462,0.6722505,0.8093037,-0.05991393,-0.5909876,0.38279513,-0.12226739,0.22729677,0.12672102,0.17054133,0.62155724,0.31998366,0.14771639,-0.41794825,-0.8125115,0.11063854,0.34210277,-0.6194245,0.5494486,0.47180375,0.31223333,-0.39195782,0.37603146,-0.62837553,0.029538147,-0.86017096,-0.3617566,-0.09597835,-0.7170502,-0.17225102,-0.10060565,-0.09928863,-1.6490862,-0.25120452,-0.8607732,-0.5079848,-0.61577773,-0.50457907,-0.08438937,0.23082773,-0.29170638,-0.12437783,0.08344678,1.1866406,1.1663973,-0.1785771,0.83296394,0.6161175,-0.48980197,-0.33312985,0.2539026,-0.09041701,0.18694395,-0.97294176,-0.03456621,-1.1814107,-0.6156638,0.14684826,0.1399096,-0.022007542,0.87409216,1.6415299,-0.7255366,-0.51791203,-0.7825795,0.45940307,-1.0732877,0.6659627,-0.039489955,-0.17336214,-0.43915996,-1.2454256,-1.8575007,-0.86276126,-0.3946266,-0.79104316,0.0025133155,-0.1922305,0.016339373,0.14784057,-0.5871579,-0.07077663,-0.48251957,0.6305229,-0.327458,0.73535097,-0.7533353,0.73090506,-0.06948555,0.28238407,-0.05983213,-0.27351132,0.21430126,-0.26123473,-0.69849926,0.48387915,1.8292052,-0.41741222,0.15551388,0.46746576,-0.17931192,0.03999723,0.59484744,0.60080934,-0.5659357,-2.202846,0.38312826,1.5560452,-1.3558532,-0.11377232,-0.2421825,-1.0807822,0.21494682,-0.11828534,0.5803013,0.21646339,-1.3693368,-0.39318958,-0.60176015,0.062390096,-0.06372012,0.08277096,0.8199386,0.060554452,-0.29612687,-0.5543422,0.070758425,-0.6802338,0.59227806,0.5078659,1.232948,-1.109163,-0.5750034,0.024841808,0.1637317,-0.5902125,-0.56954,0.044561367,-0.18735756,0.36190894,0.8703968,-0.08426471,0.6857579,-0.2571573,0.2042435,-0.104852326,-0.12438323,-0.3139136,0.11376943,0.07584501,-0.9391323,1.2074916,0.4437777,0.40131965,-0.2686798,-0.6945318,-1.1921918,0.6517794,-0.23843037,-0.23543559,0.46337634,0.24171382,0.4755779,0.111078545,0.66763717,-0.7194847,-0.50465316,0.43182027,-0.56439155,0.35291862,0.16545042,-0.1230303,-0.2949805,0.2591249,-0.20200714,1.5302297,0.43055317,-0.76877195,0.034856454,0.27714255,-1.2016774,-0.26006508,-1.3470411,-0.037533943,0.10891082,0.51642835,1.1334957,-1.0430214,0.007236856,-0.5192489,-0.76587087,0.35589483,0.0132418955
0.029945876,-0.41808096,0.0941983,-0.7854364,-0.60665566,0.11966257,-1.154042,-0.9040591,-0.45948222,-0.45330685,-0.32516542,0.4489914,-0.19942859,0.28145936,0.4743702,-0.7862101,-0.10887349,0.3233577,-1.558427,-0.2511698,-0.17380129,-0.2048579,-0.5603398,0.97874326,-0.1633843,-0.0819059,-0.6012675,-0.17849556,-0.36024714,0.23095569,0.96952504,0.77364576,-1.027583,-2.0905874,0.54424375,-0.543194,0.037546773,-0.2846835,0.9325118,0.077276126,-0.84255636,0.8965673,-0.46154127,0.20526019,-0.10900775,-0.06247321,-0.34383076,-0.24611594,-0.63979286,-1.8532459,0.18474421,-0.2614357,0.77503085,-0.4134491,0.5570737,1.0570705,-2.1383674,-0.740542,-0.09745727,-0.029691951,-0.09456693,1.333064,1.0876364,0.28908604,1.0279627,-0.011327933,0.6525734,-0.8851228,0.22199038,1.0605782,0.21383445,0.71154875,0.050870735,-0.19552262,-0.7301497,-0.87442356,-0.8497994,-0.28977385,-0.73367786,0.36538386,-0.34222913,-0.32384327,-0.28133082,0.089311995,0.2141133,-0.0007200961,-0.10208634,0.099802814,-0.48920053,0.35754505,-0.7594751,-0.28555423,-0.5800455,-0.41974244,-1.1559315,0.6689389,-0.041199587,-1.4838839,-0.117203474,1.0630362,-0.04895083,0.16421886,0.26003164,0.007904723,0.27702445,-0.43755648,0.26344734,-0.22287509,-0.4497544,-0.11073271,-0.63205767,-0.013706554,-0.14007628,-0.30492246,0.007413242,-0.29492798,0.15572916,-0.9227712,1.2620304,0.09293856,0.23344187,-0.9203543,0.052329972,-0.6408801,-1.2374995,-0.7424434,-0.64400786,-0.13190703,-0.8476043,-0.089292206,1.1588812,0.37955156,-0.03532394,-0.12027533,-0.7831687,0.8449188,-0.88931525,0.053195804,-0.96875334,-1.1680267,0.6532899,-0.0034254359,-0.54570764,0.29961872,0.35137668,0.26603827,0.43239054,1.0958736,-0.46461,-0.75482297,-1.155845,-0.16433841,0.20680171,-0.46994135,-0.9660949,-1.0534872,-0.43782702,0.37525746,0.35109615,-0.27397266,-0.6308534,-0.44948435,0.4011487,0.065310165,0.022109723,-0.6885741,0.7120931,-0.5451117,-0.14924565,0.21740523,-0.5018484,0.5390259,-0.8708139,-0.4510925,-0.77151626,-1.1455427,-0.67830694,-0.12141092,-0.3551269,0.25000325,-0.055359855,0.27976015,-0.6036164,-0.74094945,-1.3420258,0.98901254,-0.67978,-0.2905865,0.3031975,-0.42415154,0.56129915,-0.38173875,0.10671274,0.5107131,-0.08847071,0.055768277,0.4953227,-0.43857488,-0.95015544,-0.32683146,-0.3922316,-0.3230832,1.058242,0.64839584,-0.31506416,-0.20857222,-0.63304895,0.03641736,0.3738731,-0.53595424,-0.63234144,-0.004968297,0.6639641,-0.16747558,0.16038413,0.05702509,-0.17266653,-0.019417044,0.056474727,-0.03792469,-1.0214227,-0.022071665,-0.23195748,0.28548723,-0.9850631,-0.48727491,-0.6795802,-1.4203446,-0.7194049,0.30835152,-0.082442455,-1.3654462,0.34772238,0.44936347,-0.41738713,-0.7470321,-1.7253497,-0.13481206,0.44473886,0.14340249,0.23859857,1.1850312,0.021600256,0.15404473,1.0337757,-0.56291074,0.20665051,-0.026429087,0.3501664,2.2535594,0.6332819,-1.8677006,-1.2224966,0.036450118,-0.01932331,-0.29111075,0.88685846,0.49906462,0.4503726,0.23932737
0.30259317,-0.1832837,-0.33887964,0.60610294,-0.17513286,0.11294524,-1.146571,-0.23773482,-0.01714835,0.1363121,0.8954949,0.78126055,-1.8661361,0.95149434,-0.81713665,-1.1466663,0.1892732,-0.30847877,0.18994808,-0.52250654,-0.04045107,-1.2530279,0.42040083,0.3739379,0.24306653,0.24300137,-1.0543462,0.1598038,-0.19474633,-0.79325193,-0.808947,0.83975226,0.3645287,0.7236144,-0.8506331,-0.1791547,0.36102742,-0.8430748,0.7309825,0.25720412,-1.1272676,-0.35975775,0.63806844,0.6317406,0.30866373,-0.12042967,-0.80106086,-1.1001192,-0.8820954,-0.21336675,0.38291797,-0.94088626,-0.1035425,-0.3864003,-0.25842923,-0.54480714,0.6166097,0.71436185,0.79273725,0.183703,0.44373098,1.1644493,-0.19068925,-1.5364193,0.13023408,-1.7494309,-1.0961875,0.4125666,0.31483445,0.3779216,-1.7331618,-0.44270855,0.31863767,0.15108216,0.46105137,-0.76871604,-0.39475772,-0.38382366,0.10163694,-0.43045348,0.093167745,0.23026943,0.21672404,-0.8662247,-0.1833151,-0.8935987,0.32900527,-0.17175288,-0.03916834,0.104270205,-0.1641321,-0.17165202,-0.14209771,0.13562208,-0.37316313,-0.55959743,0.26808026,-0.04244642,0.2803408,-0.3090728,-0.3395659,-0.04071298,-0.16251527,-2.1378336,-1.4207464,-1.4025605,-0.5565531,0.11057636,0.24660143,-0.13482553,0.012740577,0.19825707,-0.4402432,-0.5870524,-0.9336213,0.5952355,0.42597243,-1.0020574,-1.0275104,-1.063714,-0.7128595,-0.08972342,-0.19798434,-0.84645605,1.3432178,-0.0069181737,-0.010092945,-0.57269603,-1.0206782,0.12070735,-0.97003275,-0.021239052,-0.5453765,-0.15500239,-1.280061,0.76250213,0.9652866,-0.3519136,1.280122,0.041667793,0.28923064,0.5594633,1.1534405,-0.9179397,-1.1727183,0.41574985,-0.1463157,-0.5954645,0.2100194,0.25383905,-0.41518676,-0.14571492,-0.7686816,-0.15366168,0.24790768,-0.5241035,-0.0040972005,-0.17993276,-0.38561088,0.68230397,0.737814,0.062438834,-0.878773,-0.59665823,0.05538678,0.1648888,0.390769,-0.58630294,-0.48921803,0.52222234,-0.65881723,1.0681416,0.24335852,0.5481894,0.4372089,-0.12997809,-0.6514153,0.69103503,1.1674178,0.40410736,-1.5326757,-0.3977875,-0.022888362,0.4899687,0.24484624,-0.056676406,0.21034995,0.9224402,0.21809815,0.42555794,0.3827179,0.576435,-0.6526645,0.41914296,0.23040156,0.9681403,0.512396,0.52825314,-0.49202782,-0.62080604,-0.36210316,-0.8791217,-0.3957464,-0.5323238,0.5192861,-0.9691256,0.3885906,-0.3559381,0.45572203,0.55217,-0.5541078,-0.112055436,0.43732893,-0.41720217,-0.8084981,-0.05695228,-0.10399941,0.5981097,1.226828,0.82195884,0.20566946,-1.3897506,0.114967465,-0.6261122,-0.6590787,0.107126765,-0.20703267,0.39427137,-0.54897255,1.5259387,0.38278854,0.12967019,0.80553555,0.29944667,0.36831784,0.454955,-0.6788683,-0.6504492,0.16712941,0.8673647,-1.5411059,-1.0738581,-0.6336093,-0.39148834,-0.34947437,0.6984907,-1.0029305,0.7815184,-0.2591746,0.11735246,-0.76329684,-0.9007806,0.052540883,-0.57467955,1.2445824,0.23927657,-0.84078294,0.7372877,0.3406592,-0.13991508
0.84980744,-0.09968664,0.19309236,-0.3102513,-0.6165595,-0.6842994,-0.045974553,-0.80582136,1.3369075,-0.10874811,0.5459057,-1.4146903,-0.89950573,-0.4704416,0.6158483,-0.6482777,-0.5203997,-0.43824658,-0.316414,-0.4005838,-0.076644935,-0.031679954,0.12503237,0.25254595,-0.03896411,0.89118594,-0.81563246,0.17388625,-0.5675698,-0.3987475,1.0155861,-0.36427608,0.23387562,0.75572973,-0.83410347,-0.94875896,0.6516611,1.184741,0.53894925,-1.2091827,-0.4292607,1.1944572,0.35715845,0.12286227,0.12599011,0.33699185,-1.5479966,-0.085663356,-0.69593656,-0.058917504,-0.05068379,-0.5079879,0.6911747,-0.44414994,-0.4025429,1.0645893,-0.7577029,0.46852666,0.024000844,-0.8094813,-0.09020476,-1.3698822,0.8216113,-0.6281959,-0.15969059,0.7271685,-0.49653557,-0.6284227,-0.11509181,1.5607624,0.25364223,-0.20403978,-0.52480704,0.06360512,0.011635545,-1.0287604,0.7614343,-1.0747677,-0.3525493,-0.47008124,0.97467685,0.7364377,0.39662293,-0.39691535,-0.27190882,-0.8437311,-0.3020318,-0.30834928,-0.26510495,-0.04146914,0.29042405,-0.58638513,-0.029914707,0.5022979,1.6109204,0.29223284,0.4766768,0.051085018,0.13895689,0.6595221,0.25545743,-0.36423117,0.34298664,-0.1194963,0.16996875,0.022449788,-0.5882867,-0.9373678,0.8330382,0.08151547,-0.3944654,0.19849342,-0.14807428,-0.17230892,0.053897228,0.049949817,0.66428673,-0.5093289,0.09220425,-0.511865,-0.78585017,0.5088962,-0.83510214,-0.41560367,0.2456883,0.2745274,0.58362263,-1.078204,-0.18503429,-0.4348994,-0.86592597,0.05748627,0.77191454,-0.8751906,0.10402783,-0.08346529,-0.26173306,0.58553475,0.5372903,0.03226641,-0.84970814,0.7499738,-1.0432807,-0.63617396,-0.6304891,-1.0326686,-0.0024215507,0.47600392,-0.12074295,-0.11259477,0.25052562,-0.98396814,0.12438138,0.8261069,-0.100480855,0.5649073,0.38228694,-0.5724454,0.97241855,-0.72003204,0.013521128,-0.2719533,-0.2775352,-0.812615,1.3652878,-0.079607226,0.38608956,-0.226369,0.7623684,-0.28811666,0.50974923,-0.3023501,-1.0872648,0.24025235,1.2773976,0.19840495,-0.06310361,0.2878342,0.6102195,0.1100872,0.1992786,0.102062546,0.5039919,-0.08882698,-0.5159127,-0.12540402,0.3597067,0.20892602,-0.008823265,0.6585333,0.9120056,0.30637085,0.101763494,-0.26594386,-0.011159217,0.66931987,-0.31736156,-0.4120492,-0.6432624,-0.82325,0.014419698,0.48006362,-0.745167,-0.6854368,0.013509545,-0.20909548,1.1568975,-0.028097339,-0.17141318,-1.3454981,-0.91809577,-0.23532033,0.0009063976,-0.3052856,-0.69601274,1.0096462,-0.5742271,-1.0793488,0.6077788,-1.0672832,0.02909841,0.7899084,0.63579106,-0.62690705,-0.7585821,0.004791782,0.3978156,-0.28851092,-0.07357003,-1.0646456,1.1124349,-1.883831,0.47534394,-0.8826333,0.6194666,0.79411954,0.5991845,0.09320357,-1.2653602,-0.21621372,-0.90598357,-0.30000147,0.63418734,0.06815598,-1.1212754,0.8686045,-0.6256503,0.51272345,0.76810455,0.40179986,-0.25954565,0.6369974,-1.8105314,1.4967395,0.90061575,-1.6432623,0.23719084,-0.065752804,0.14337479,0.082562305
0.5073899,0.78443784,-0.28874773,-0.4925139,-0.6706318,0.87745124,-1.5492429,-0.55545616,0.7578006,-1.1842558,0.48692137,0.3250697,-0.566639,-0.74913925,-0.32692596,-0.8956785,-0.89607525,-0.6589292,-0.5496059,0.81079465,-0.59036684,-0.43620026,0.4192127,-1.3764155,-0.27113757,1.0683126,0.040165808,-1.0843279,0.014031514,-0.17017561,0.39957854,-0.03680387,0.39414915,-0.972026,1.3524601,1.519599,0.92172456,0.34827638,-1.1165134,0.31792033,0.492896,-0.0858071,-0.3299539,-0.22672842,-0.65063053,0.26895666,-0.87100583,0.08319738,-0.5130103,-0.46912992,-0.28866673,0.82809776,-0.37405646,0.06219174,-0.23863882,-0.88020533,0.003926537,-1.0442648,-0.91782975,-0.5961056,-0.05365719,0.5851439,-0.48005268,-0.731514,1.6615674,-0.45950875,1.8063054,-0.14938726,-0.081609406,-1.2776258,-0.013112747,0.7217102,0.436233,-0.65009564,-0.6929654,-0.5266215,-0.21019703,0.19837615,0.012690848,-0.7560328,-0.6001946,0.5796726,0.008479924,-0.22322445,0.2656297,-0.60437274,-0.9325565,0.592873,1.0499007,-1.1225922,-0.2404243,-0.17137833,-0.06979387,0.8037857,-0.4468205,0.14704815,-0.0040729605,-0.6445693,0.40537506,-0.12314468,0.9946055,0.1224211,-0.51489365,0.33403108,1.0498203,0.82799506,0.84807104,1.1281463,-0.26834625,0.56206703,-0.424684,-0.39097154,1.0292006,-0.23890491,-0.40570557,1.2656482,0.4719676,0.308802,0.6699029,0.58596224,-0.2176687,0.25198573,0.43281245,-0.86163276,-1.8078601,-0.71137273,-0.40720063,-0.13005784,-0.20236695,0.61324024,0.7152743,-1.2118814,-0.35499564,0.26808152,0.4409253,1.2213087,0.22116314,-0.39736912,0.15114477,-0.47676113,0.04077598,0.6935291,-0.7532153,0.62953794,-0.11100146,0.16627029,-0.17423736,0.026967606,1.341931,0.18377934,0.633845,-0.065912046,0.48869598,0.014336456,-0.6109354,0.1372772,0.31058055,1.0747406,0.18093625,0.60269505,-0.07305178,0.057505015,0.69557613,-0.060079984,-1.4341934,-1.7395917,0.69692045,0.6825078,-0.19239114,0.42080963,0.8607974,-0.67968017,-0.08706047,-1.713899,0.74029,-1.1550508,-0.66453767,0.3580234,0.9992311,0.4302258,0.81124645,0.35339987,0.50442094,-0.19759397,0.36257136,-0.35341698,-0.9108171,-0.430827,0.35891584,-0.021134777,-0.44817483,1.1439818,0.14780726,-0.10394731,0.4752909,0.27559328,-0.011607459,-0.2839189,-1.1975173,0.95599777,0.25394657,0.1981602,-0.73786306,0.808292,-0.5960371,0.7944688,0.6181973,-0.2734656,0.13271807,-0.5781003,-0.6029469,-0.3541434,-0.68503076,-0.6938845,1.0953301,0.082645744,0.60381603,1.4601614,-0.4087821,-0.5252216,0.8432354,-1.4236146,-0.43492723,-1.0572062,-0.42179498,-0.7494277,-0.23954952,0.28919557,0.5070802,-0.39396736,-0.008372622,-0.33926034,0.94996345,-1.3356565,0.8784426,0.48507047,0.3649579,0.44274765,0.6608238,0.18410082,0.48015222,1.3337392,-1.9396193,-1.1162742,0.1740066,-0.6192462,0.3687348,0.6727819,-0.8554123,-0.19233045,0.5489933,-0.44566178,0.20494998,-1.2414452,1.0247631,-1.0642148,0.39557588,-0.7203459,-1.3182336,-0.59272563
0.56345797,0.4058583,0.55162036,-0.525229,-1.1734749,0.30930558,-0.97688764,0.9011754,-1.0348964,0.06465112,-0.8505075,-0.12019608,0.27382135,-0.28481674,-0.8376295,-0.03765717,-0.60072714,0.5550197,-0.90487266,1.1405417,-0.80359495,-0.5347568,-0.18105808,-0.05072567,-0.59637016,-0.23673622,0.18324825,-0.24300018,0.1905779,0.98119324,0.52584755,-0.39760152,-1.1026634,-1.577873,0.75853914,0.8840768,-0.54463524,2.0153382,-0.20264445,-0.2464873,-0.9070239,-2.232021,0.77116,1.210078,0.4531163,0.9394163,-0.28068087,-0.017524902,-0.1581983,-0.5753364,0.46176663,-1.2568278,0.3889388,0.5171694,2.0342906,-0.51950914,-0.16044596,0.6433155,0.49230033,0.3698331,0.5233532,-0.008968461,-1.1445186,-0.5272965,0.86150616,-0.6051408,0.3000984,0.6383991,-0.41006973,3.512485,0.50748706,-0.42097202,0.7560353,-0.12519425,-0.73486686,0.30697072,0.6063428,1.0460404,0.07845971,0.3321028,0.8691573,0.38373464,-1.1866132,0.6989202,0.16884017,-0.85440964,0.24567312,-0.56549585,0.40784907,0.98246986,-0.50535274,-0.70262945,-0.3387595,-0.43411034,-0.15451254,-0.6701252,0.91116166,-0.18184897,-0.22383864,0.053270597,-0.8421656,-0.11792223,-0.4451912,0.97678155,-0.12282172,0.36120647,-0.103622116,-0.29005927,-0.7676956,-0.48215428,-0.3519165,-0.048637733,0.35236704,-0.5241406,-0.13095808,0.1792312,-0.69890463,0.39389035,-0.86366314,-0.8434471,-1.5519447,-0.79114383,-0.04693195,0.11820273,1.5233128,-0.8806562,-1.0812889,0.31271976,-0.39998993,0.17345674,-0.14355704,-0.5674382,0.21989189,0.46286687,-0.0021045345,-1.7456934,-0.89438605,0.88119996,-0.96143174,-0.020229409,0.89653283,-0.5938665,0.85220504,0.15312803,-0.33084857,-0.5240191,-0.34252632,-1.3034828,-1.1385243,0.46275955,-0.038445156,-0.34403712,1.4603469,0.56275254,-1.1965247,0.3593109,-0.32564792,-0.29681218,-0.011434653,-1.7961894,-0.23888715,0.10892122,-0.38499394,1.0363715,-0.5578528,0.12515326,0.5012693,0.14695074,-1.3164499,-0.40075225,-1.2071309,0.24768752,-0.09080131,0.62170184,-0.22002791,-1.0704001,0.46513572,-0.58482015,-0.9076622,1.2536124,-0.5129889,-1.0011175,-0.5264126,0.82937956,-0.1926444,-1.433878,-0.43425632,-0.313685,0.35851026,0.09598526,-0.26489797,-0.564173,-1.166508,1.4630092,2.0920722,0.24493201,-1.0938146,0.30388042,-1.2929214,-0.05926954,0.23780192,0.022720356,-0.7285746,-0.07248219,-0.8345148,1.1270995,-0.97906077,-0.56011075,0.0069127236,1.597113,-0.5426511,-0.50605196,0.058713585,-1.1400659,-0.22686292,0.8677443,0.8837021,-0.39872554,0.01710941,-0.7801494,-0.85741967,-0.20455818,-0.20692247,0.58929193,-0.77168083,0.71699256,0.002776692,0.95231396,-0.841879,-1.1705408,-0.5242536,-0.13556404,-0.58579606,-1.4471314,0.2880727,-0.357666,1.2704887,-1.5336251,1.2169472,0.9009939,0.9799574,-0.38296634,0.9267032,-0.51361567,0.8392517,0.5323675,-0.3290593,0.34665024,0.080114834,0.7041073,0.07137252,-0.2720078,-0.4662614,-0.7596534,-1.0919615,0.13824286,1.1526848,-1.0036013,-1.8299339,-0.81979007
-0.3505272,-0.1157318,-0.59516215,-1.1799928,0.020149454,-0.21470243,0.38551173,0.21484709,-0.34280705,-0.76219285,-0.6412998,0.33378488,1.0748419,-0.5851491,-0.4433086,0.4160736,0.32353404,-0.9145133,0.62348825,-0.14238301,-0.38001484,-0.5485934,-0.8479199,-0.9712371,-0.27123973,-0.46986437,0.3220246,-0.60145384,0.34488907,0.065207645,-0.53077644,-0.56792337,-0.21677713,0.42790383,0.0477676,-0.17316574,-0.08155276,0.6931828,-0.021653809,0.2612678,0.9510182,0.022606753,-0.6475968,-0.88890344,0.3170355,0.8028513,0.06200441,0.21817455,-0.5364155,0.33427152,0.20497248,0.48755166,0.3091094,-0.037471466,0.2283046,-1.097481,2.7106104e-05,-0.4044745,-0.38639975,-0.4910179,-0.36774993,1.3933192,0.33608258,0.5492285,-0.47499594,-0.76005805,-0.96175957,-0.14469719,-0.1740373,-1.6294576,0.08486405,0.5983058,-0.25461903,-0.553901,-0.20218164,0.3182782,-0.22707328,-0.17492977,-0.2861152,-0.12662615,-0.17313541,-0.05554422,0.3824857,0.4664291,0.27080587,-0.9598156,-1.4064312,0.24266687,-0.07539678,-0.8996235,-0.09376473,-0.7757987,-1.4449401,-1.0522637,-0.40381938,-0.32220593,-0.87791336,-0.8008077,-0.562092,-0.6984257,0.0074094166,-0.9927879,0.28631818,-0.7772948,-0.8703267,0.2081791,0.86838305,-0.28693533,-1.1566328,0.24040663,-0.26318473,0.32363507,0.55654025,-0.35187328,-0.36157742,-0.33271664,-0.67407495,-0.64436144,0.10211377,-0.32500666,-0.27527425,0.584057,-0.8254488,-0.029644795,1.2188973,-0.018831741,-0.6673888,-0.4892034,-0.7433247,1.1719027,-0.22332066,-0.2678621,-0.6840783,-0.3919894,-0.3794854,-1.2800882,-2.2347012,-0.30346313,-0.19953328,-0.42754865,1.5260981,-0.7594448,-1.0690355,-0.23533925,-0.2288548,0.19119132,0.011169471,-0.35624433,-0.7184558,0.30708605,0.110248625,0.81566006,-0.9543396,0.02701219,-0.4645038,0.4063445,-0.08243541,0.7385831,1.168303,-1.4297316,-1.0656575,0.33840108,-0.16970757,-0.4857517,-0.8691585,-0.39045915,-0.5003839,0.24612889,0.5714662,-0.048028037,0.7199474,0.13971476,-0.53988767,-1.1978737,-1.065862,-0.13489881,-0.4394135,-0.04557555,0.8219175,0.34427115,0.17354268,0.33456874,0.84894544,-0.47084722,-0.25332513,-1.1332287,1.1305941,0.7218676,-0.038835537,0.60508126,-0.93987054,0.44957078,0.5520366,0.06551623,0.30202073,-0.12139998,0.47530386,0.07190486,-0.53807634,0.19250922,-0.36617914,0.285116,-0.20242415,0.049787894,-0.5910344,-0.88536906,-0.57932055,-0.045489065,-0.6302208,-1.2976377,-0.31873336,-1.7560236,-0.31849885,0.44050872,-0.18913615,-0.24400379,-0.7052876,0.1571989,0.19117613,-0.766112,-0.4956156,0.9305672,0.60369277,0.5199229,0.4510263,-0.19987215,0.59514207,-0.33480194,-0.4949371,-1.2222359,-0.10939713,-0.9962219,0.034428045,0.21514162,-0.18326779,-0.4077107,1.7167013,-0.40178663,0.3502833,0.010220823,-0.5723355,0.9754103,0.37867576,-0.29452208,-0.41735774,-0.049307365,1.0638614,0.5029427,0.31116855,0.116014875,0.502099,0.43263274,-0.08265885,1.7449231,0.39694366,-0.13337763,-0.34217978,0.6083213,0.32376286,-0.9454017
0.3801905,-0.37515986,0.08408325,-0.17299542,-1.1237817,-1.0953364,-0.75382245,0.49261555,-0.06054228,-0.30546466,-0.30680984,0.050516054,-1.389654,1.0766045,-0.42074582,-0.4077168,-1.1684291,-0.9744958,-0.3669088,0.3303081,0.78796005,0.031331148,0.2784206,-0.575197,0.9448871,0.37226397,0.82460546,0.87739336,0.6195382,-0.10900641,0.5837286,0.1150739,-0.83799434,-0.07622748,0.6213461,-1.2608184,0.41891965,0.55836684,-0.418397,-0.6072713,0.112808846,0.09091667,-0.018928353,-0.0038402327,0.32906702,-0.20895313,-0.10972651,-0.38301173,-0.60756886,0.254695,0.4807506,-0.79430574,0.1353571,0.45653775,-0.97291076,-0.47064143,-0.15055417,-0.47942433,0.56944364,-0.38953575,-1.050631,0.45790967,-0.40559268,0.4509131,-0.56909174,0.25171867,-0.1925626,-0.59867316,-0.7320189,0.109371305,0.9389487,0.4250013,0.34876174,-1.3561649,-1.161903,1.0520078,-0.21168955,-0.8412269,-0.61193657,0.65765995,0.52930355,0.14576294,-0.56189513,0.06382662,-0.40359294,0.0131767765,-0.3426977,0.44000265,-1.0343211,-0.33672273,-0.0822347,-0.5611426,-0.9614581,-0.85813105,-0.6537126,-0.27216297,-0.3332876,0.41099358,-1.0359763,-0.3342612,0.47250044,0.2459737,0.2898357,0.2810068,-0.14216487,-0.31344178,-0.7342976,1.3274426,-0.09665817,0.23384066,-0.19560604,-0.60668004,-0.097811356,-1.2372165,-0.66645813,-0.0658615,0.11002507,0.7825519,0.12767081,-0.47899938,-0.2547196,-0.023717305,0.45801294,0.8219426,-0.9585582,0.3140799,0.70189023,0.24197835,0.4207333,-0.47552443,-0.53193736,0.016478164,0.70533866,-0.5697689,-0.3625578,0.11134559,-0.063846156,-1.4657103,-0.76377124,1.3789335,0.8143628,-0.6061441,0.5425138,0.036324035,-0.64957786,0.27416807,-0.6446174,-0.3717458,-0.7822405,-0.7929115,-0.34269658,-0.41492236,-0.38068697,-0.54533106,-0.6118587,0.35344765,0.65994817,-0.311931,-1.044135,0.64420587,1.0494062,1.089936,1.5521622,1.1284505,-1.2909477,0.5575467,0.2482599,0.0792656,0.3766882,-0.09810535,0.21519521,0.45972723,0.7012234,0.71815133,-0.08222135,-1.3553749,0.3885035,0.8595479,0.90800124,-0.5689331,-1.5608256,-1.5012393,-0.37656975,0.16943714,-0.15354548,-0.40313306,-0.8049961,-0.448924,-0.8711185,0.6609461,0.64555854,-0.5880217,-0.48223838,-0.6578363,-0.525967,0.6415969,0.3768103,-0.48889974,-0.61493975,-0.43555567,-0.079191215,0.14406464,1.717008,0.20847948,0.2744606,-0.008707443,0.20559072,-0.20077921,-0.19975409,-0.07828085,-0.12842883,-0.81528056,1.1420443,0.09665988,0.81140196,0.77586126,0.22167371,-0.55358523,-0.71132225,-0.080142364,-0.17685245,0.056135066,-0.45534462,-0.69779277,-0.31528774,-0.16917759,-0.6997294,0.13800386,-0.7746829,-0.544187,-0.42624488,0.9224412,0.58759207,-0.4248239,0.039515212,0.1198334,1.7359184,0.05877931,-0.32993764,1.0910895,-0.5822029,0.053788237,1.5232643,0.35443208,-0.18102975,-0.3039184,-0.4829081,0.3550559,-1.0714129,1.2721919,1.7082069,-1.1330068,0.17016283,0.14362025,0.16136916,0.4947662,0.5008248,-0.32320663,0.066139534,1.2105953
-0.0319465,1.2421764,-0.21061943,0.9554162,-0.17678836,-0.62803,-0.08850194,-1.373245,0.77612287,0.3288874,0.23532608,-0.53467894,0.36190918,-0.9615502,-0.05595173,-0.11090249,-0.5092452,-0.82911485,0.083708376,-0.35727906,-1.3449001,0.14625138,-0.08672453,-0.7744906,0.28960052,0.5202335,0.32025295,0.63804054,-0.39614466,-0.81889355,0.90459377,0.22683959,-1.4607465,-0.42285988,-0.8069842,-1.3012761,-0.9494904,-0.7360339,0.8393581,-0.6209807,-0.8402695,-0.23568918,-1.2072825,-0.16747087,0.25782114,-0.62646043,-0.11668075,0.4134203,0.7263444,0.6330508,0.59763575,-1.2258699,-0.5252241,0.03319398,0.000745918,-0.52131313,0.4410804,0.27238274,-0.73081595,-0.99122614,-0.21665823,0.4667144,0.06599869,0.31625172,-0.779182,-1.5391918,0.6561366,0.56027114,0.34077173,1.1453856,0.020285433,0.62718725,-0.30071378,0.18677802,0.75240445,-0.3013353,-0.68405414,-0.35895872,0.37365833,1.3225038,0.42776528,0.19431423,-0.12950209,-0.23743369,0.4922634,-1.0718979,-0.4561796,0.20299952,-0.058386885,-0.6969501,0.038409594,-0.8498302,-0.21779674,0.17595904,0.64741564,-0.014399949,0.03049248,1.1541152,0.21957608,-0.6885592,-0.24230036,-0.19940561,-0.8553867,0.56682134,0.8246878,-0.20374234,-1.1459835,0.11852811,0.66709965,-0.7619007,-0.03305166,-0.12452383,0.19187105,-0.5259547,-0.3000889,-1.2308229,-0.60839975,1.0041176,-0.37090102,-0.28340688,0.105284736,0.13895534,-0.945807,0.40972134,0.15359461,-0.34214422,0.6103901,0.9959531,0.33147058,0.6296386,0.80997527,-0.95850366,-0.14263587,-0.29873562,0.46926266,0.0008516375,-0.7122396,1.040908,-0.21834147,0.2663134,-0.3591466,0.2629468,-0.12839733,0.24780619,0.41562167,1.3056995,-0.008057722,0.10784132,-0.10703845,0.4853216,0.6932049,0.110135764,-0.5135926,0.4381924,0.09931388,-0.07237706,0.17666698,1.2696668,-2.2025707,0.019128213,-0.094610035,-0.5731123,-0.274867,0.39185083,0.15740107,0.28924835,-0.86628354,0.4851732,0.4273079,0.40725127,-0.47431824,0.49656975,0.09071689,-0.09606766,-0.34206232,0.3708991,-0.3308676,-0.039273296,-0.12408659,-1.8263496,-0.65914625,-0.57894075,0.6464347,-1.1954277,-0.15200347,-0.65652514,-0.7140982,0.8986267,0.6716526,-0.09154716,-0.052940775,-2.0255594,-0.26595247,1.1570219,-1.7420965,0.099712804,0.56156194,-0.9045221,0.9344171,1.2663977,-0.3406803,0.6893284,0.9643625,-0.5960647,-0.051344313,1.0082482,-0.27908015,-0.26583365,1.2371814,1.3096827,0.9985627,-0.9911303,-0.44372594,-0.88290995,0.10251164,0.5023749,-0.7077885,0.033708893,0.50551707,0.8706122,0.80449593,0.102142334,-0.69413453,-0.23722395,-0.57788,-0.027237412,-0.057394218,-0.0425088,0.048832715,0.51536983,-0.01705106,0.8473585,0.18922591,0.15247525,-0.33099568,0.0625197,0.9472323,0.16085741,-0.75307226,0.4142843,0.16561547,1.0551053,1.9549189,-0.23440982,-1.2151259,1.0011741,-0.61973774,-1.2606503,-0.8450503,-0.5329017,0.45980057,-0.053423308,0.728465,-0.29523063,-0.9983366,-0.05903982,0.09115151,-0.23760533,-0.514805,0.14702508
-0.9834783,-0.8610991,-1.6246365,-0.72499585,-0.5539761,-0.6991476,-0.73164666,-0.13722639,0.55474705,0.068800606,0.26560855,-1.4138968,0.6453707,1.2378856,-0.6418856,-0.7761319,0.17748876,-0.35521865,-0.25887573,0.984304,0.60136443,-0.05074068,-0.19258709,0.14632735,0.5107104,-0.018645706,-0.6556213,-0.3019658,-0.14737755,0.75128645,-0.42120436,-0.4036774,-0.23979484,0.39704847,-0.5825192,0.0846417,-0.5314271,-0.7892271,-0.1985772,-0.24549481,0.07580813,0.035119038,0.50988835,-1.1013162,0.86104435,0.24032657,0.5427267,-0.5097989,-0.22388989,-0.03213653,-0.14846945,-0.34035906,-0.62667197,-0.96295375,-0.60295206,0.10253038,-1.0298685,-0.74537784,-0.16248831,-0.10016493,-0.657263,-0.26713985,0.8747142,0.82943076,0.08785461,-0.04468449,-0.30460554,-0.006134607,0.34010145,-0.11027656,0.806541,-0.14113371,-0.35714367,-1.5307413,-0.7003659,-0.27605933,0.021015147,-0.09596745,0.103575006,-0.7460609,-0.87341124,0.32869107,-0.58559537,-0.22595659,-0.21471587,0.18304011,-0.5659266,1.2283297,-0.8503158,-1.385531,-0.05494722,1.5703076,1.3563056,0.11894903,1.1132978,0.15494964,-1.0570331,0.32789782,-0.5938616,-0.06299819,0.3573696,0.5871249,0.046497017,-0.14053477,-0.8292101,-0.58781576,-0.41138515,-1.582139,0.65696543,-0.9387664,-0.62632793,0.04143051,-0.43918303,0.02848649,-1.1452891,-0.31990877,0.08861788,-0.06328474,0.22392893,1.6199554,-0.46714273,0.06757077,-0.030777594,-0.35023302,-0.48822075,0.20092234,0.41328773,0.50395477,-0.34470794,-0.24132395,0.26055357,-0.19211583,0.44946688,-0.50056136,-1.7528807,-0.16266567,-0.50577897,-0.094343826,1.2361075,-0.35658544,-0.5189262,-0.3424123,-0.5938247,0.36943787,-1.099218,-0.011110513,0.39107993,1.0035744,0.58576274,0.5265981,-0.52794755,-0.25989833,0.46045318,0.66800535,-0.4696647,0.84420675,-0.013465233,0.40433586,0.92911035,0.6275783,0.53350127,0.8085789,-0.4151725,0.4631818,-0.88750464,-0.9482962,0.46173826,1.49547,0.45466274,0.58885777,-0.8686728,-0.95741665,-0.67928636,1.2315977,-2.0701308,0.6467932,-0.8211988,0.06566472,-0.07605004,0.5201997,-1.4031476,0.29558054,-0.32600498,0.06493342,-0.7771506,-0.68200403,-0.28505853,0.071525455,0.37666208,-0.365009,0.70550925,-0.87917674,0.09640728,1.2593718,0.39070305,-0.4754332,-0.122042686,-0.45442852,0.1186113,-0.079941615,0.5413104,-0.6131052,-0.050542522,-0.5158641,0.8344966,0.0015361252,0.23463304,0.7920171,0.25679377,-1.1778141,-0.26521033,-0.13440724,-0.6769207,-0.16759801,-0.4802815,0.7188779,1.3205236,0.77885085,-0.43288603,1.2117338,0.25754246,-0.7123476,1.3792694,1.0473478,0.10256339,-0.9050722,-0.5681185,0.43931675,0.8111749,-0.4065108,-0.15478648,0.1882413,0.3853384,0.8267841,-0.8982607,0.7726243,-0.25386152,0.62498367,0.10970609,-0.7238792,-0.70868665,1.7839714,-0.7598508,0.014756503,0.009148992,-0.46609977,-0.117844105,-0.34462482,-1.2039125,-0.21963103,0.30917418,-0.14147063,-0.29333436,-0.508065,0.119843304,-0.17845532,-0.069338635,0.9893903,-0.44694474,-1.0790355
-0.15393284,-0.020855254,-0.07507694,-0.4062467,0.31666562,0.46378514,0.8234652,-0.015405795,-0.800189,0.3993613,1.0287063,0.37286347,0.76916534,-0.102324635,-0.27832666,-0.744799,-0.37408215,-0.040473316,0.3225342,0.18715918,-0.34605908,-0.014674134,-0.47186244,0.9039791,0.5931835,-0.6314435,-0.33317372,-0.7239875,0.68274915,-1.5814798,-1.0060402,0.02509319,-1.1320382,-0.80282515,-0.9627747,-0.568256,0.43087733,0.42896938,-0.90083146,-0.4164497,-0.7262243,-0.21796155,-1.109515,0.6554634,-0.32399765,-0.34040183,-0.915118,0.18654081,0.5113681,-0.48334196,0.011619554,-1.0912576,-0.8487266,0.85868424,0.6032223,-1.0969082,0.33438188,-0.26032567,-0.71418273,-0.11757253,-1.1984576,-1.1436316,0.5384116,0.39115784,0.37720445,0.6667489,0.13079655,0.039712265,-0.26941025,0.94129837,-0.6030528,-0.20947367,0.3336525,0.21271211,0.90460813,0.53349274,-0.15381613,0.46284363,0.26447323,-0.57529366,-0.3395067,0.22754885,0.4869348,0.5852105,0.3381861,-0.69515365,0.05976969,-0.78967106,-0.015299078,0.5076855,-0.27455443,-0.7107453,-0.46605158,-0.5914335,-1.4348356,1.0156218,0.41317698,0.70562464,1.398572,0.4547857,0.40749905,0.38258982,0.12729885,-0.38380018,-0.35707363,-0.4579658,0.884109,0.5138903,-0.8592929,0.35510716,-0.60814315,-0.08778981,0.3638597,-0.44727796,0.82269424,-0.08643425,-0.2186243,0.9138917,-0.1452454,-1.0711251,-1.0608784,-2.1785347,0.71479124,0.40441185,0.14435907,-0.58105904,-0.30202538,-0.23436363,-0.3032694,0.27253336,0.09578315,1.0718591,0.23680115,-0.11781569,-0.14900629,0.34861904,0.41646302,-0.5041574,-0.158681,-0.32391116,-0.21171698,0.55908144,-0.44724184,-0.8931986,0.62924856,0.11735071,-0.13954677,0.086911745,0.45347738,-0.062189672,-0.3903036,0.2644652,1.2143587,0.035844706,-0.6560075,0.1225449,0.6531716,-0.20451647,1.0112685,0.393556,0.0038066215,-0.8679264,-1.042119,0.192443,1.0152559,-0.9021472,1.4101537,-0.6758879,-0.28744897,0.7316637,0.5897521,-1.3236783,0.13659762,-0.20751868,-0.18429157,0.44397378,-0.071554065,0.22354752,0.47349063,-0.9877099,-0.15922678,0.7301285,0.14948933,0.34032688,1.1040573,0.7697998,0.6368275,0.3477049,-0.62984604,-0.12194599,-0.33151925,-0.89361,0.61974573,-1.0759696,0.21365607,0.41461396,0.26623958,0.50408477,0.932123,-0.97934127,-0.6373851,-0.11589476,-0.2768465,0.24012946,0.21172544,0.4708791,-0.9907882,0.6126218,-0.6097375,-0.6301483,-0.9853998,1.7328782,-0.14048041,-0.53614813,1.0218357,0.0947937,-0.55835366,-0.1833231,0.35398808,-0.77447677,0.25569806,0.18803418,-0.0041351975,-0.59337825,0.7632767,-0.116598375,0.7614816,-0.42359298,-0.26762232,0.5262562,0.10009594,1.650773,-0.83272713,0.21955538,-0.9397528,0.23088844,1.6118879,0.31511298,0.0021652482,0.7024331,-0.04666963,-0.5155035,-1.5043913,0.6395068,0.11845493,0.07495074,-1.0496955,-2.2684157,0.551627,-0.7983731,0.15647125,-0.75153553,-1.8410174,-0.24344622,-0.6138286,-0.28270718,-0.7598716,-1.1645538,0.10474452,0.7194079
0.47295105,-1.3018221,-0.6995181,-1.0570568,-0.5353981,-0.28123364,0.19517261,0.39810514,-0.93281645,0.36486593,0.55978835,-1.3020782,0.27314666,-0.8664575,0.5208475,0.5282481,-0.42019048,-0.8290026,-0.7573666,0.03157672,0.12376766,1.1775542,0.58160484,0.21114852,-0.051787857,-0.5076223,-0.42958802,0.44920683,-0.82175297,0.13844165,-0.39219707,0.6248871,0.0008795367,0.32785904,0.57355213,0.4329251,-0.10627872,0.48186836,0.6134311,0.54005843,-0.43165192,-0.1138885,0.07360217,0.3798538,0.9412614,0.5018498,0.6356634,0.7387821,-0.49715486,-0.6631224,-0.94777495,-1.2256974,0.40188393,0.63978404,0.18228067,-0.38061297,-1.0324931,-1.1470028,-0.0014169757,0.41228023,-0.350196,0.26735592,0.39577794,-0.27479172,-0.15647683,-0.34828973,0.40887097,-1.0968304,-0.13923521,1.1882985,0.8650706,-0.2848563,-0.6917429,0.35558698,1.254624,-0.8452854,-0.7123784,-0.50698537,-0.68362695,1.0329614,0.29113528,-0.9018586,-0.067202844,-0.79784626,0.12924525,0.4492696,0.9399615,-0.24838316,-0.46348122,-0.064884685,-0.84913296,-0.056281127,0.409691,0.5731103,0.8733927,0.9495359,0.6813451,-0.06653951,1.4181244,0.8890527,1.5455755,1.1800498,-0.43912274,0.39608052,-0.21792021,-1.3069075,-0.5896527,-0.41272962,0.28168744,0.59779793,-0.39645404,-0.9621808,-0.03534478,-0.26714164,0.07473248,-0.75387037,0.666683,0.2507441,0.696963,0.74544233,-0.046659406,0.6048609,-0.12679379,0.06418951,-0.796986,-1.1170096,-0.13956262,-0.16927081,0.57332426,0.6457335,-0.35789892,0.8457174,0.8585803,-0.035355587,-0.2117583,0.083577126,-0.9086371,0.3621512,-0.03743069,-0.932382,0.4539423,-1.3758402,-0.20174219,-0.36416215,-0.34428686,0.032205183,0.35046548,0.35486594,-0.6976968,-1.0737923,-0.07948712,1.0832545,0.83545953,0.031456333,0.58935726,-0.9782201,-0.35949844,-0.5360893,-0.43795925,0.71675736,0.5158281,-1.0623082,-0.8508764,-0.24971858,-0.31403324,-0.056780796,0.6016695,-0.6864371,0.37966388,0.46431944,-0.047323488,-0.1475111,-0.074114546,0.33834183,-0.5132317,-0.3723059,0.8478879,1.0915723,-0.3345214,0.5829025,-0.48750958,0.56492776,0.4418456,0.42077222,-1.4145728,-0.46855202,-0.6624589,0.7115316,-0.7090567,0.08075969,0.4999357,0.012214392,-0.7321231,-0.19417667,0.7659699,0.93528175,-0.13015981,-0.3173539,-0.2670373,-0.17941344,0.6648345,-0.46894944,-0.43203056,0.20050569,-0.121793464,-0.14132817,-0.094408825,-0.37226117,0.40126002,-0.9124242,-0.33273575,-0.8327685,1.047235,-0.46923354,0.107593186,-0.8329567,-0.767794,-0.03466774,-1.1049191,0.8093708,0.9978,-0.498465,-0.526178,-0.635066,0.27633786,-0.5201691,0.8199324,-0.12589669,0.027351748,0.9297481,0.7264491,-0.38609365,-0.22511467,0.19385715,-0.27026048,-0.34224558,0.38480613,-0.7041093,-0.8912195,0.2807571,0.17829107,1.1956567,0.4819053,0.29168266,1.1089017,-1.3959714,-0.17131388,0.024540434,0.24699345,0.6548817,-0.71596426,-0.270696,0.21521468,-0.38716257,1.0266234,0.33434954,0.117611,0.6581269,0.8258621,-0.8471325
0.67271817,0.94859916,0.07890907,0.26363662,-0.20904595,-0.4067926,-0.87876135,-0.54300463,0.0148776425,-0.82949716,0.46290335,-0.4029477,-0.62494177,0.2535902,-1.5196291,-0.124318086,-0.461602,-1.4327257,-0.5709733,-0.49349147,-0.6810063,-0.0069082417,0.47168902,-0.2726156,0.26670054,-1.0916579,0.4223501,-0.09504568,1.0297498,0.24141558,0.4959039,-0.32462066,1.3383536,0.803404,-0.47726828,-1.5179379,-0.93880564,-1.0633948,-0.54288125,1.4840373,-1.5929093,-0.68137515,0.4058883,-0.58386666,-0.06845636,0.21863644,-0.57411575,-0.11679544,0.9426653,0.3578551,0.6287568,-0.020271767,0.6482085,0.30155966,1.0173225,0.38735723,-1.0174699,-0.7778193,-0.14336225,-0.34989628,0.49633843,0.9806864,-0.64323574,0.6966685,-0.31182477,-0.51995546,0.0020243062,0.50454855,-0.006259872,0.9596937,-0.83473426,1.118582,-0.35705167,-0.22493647,0.70011055,0.6566814,1.2555858,-0.8498188,-0.70931226,0.0750196,0.6345489,0.6704436,-0.1130796,-0.9016726,-0.8621499,-0.8609845,-0.48859042,1.2971159,-0.47755066,-0.44725943,-0.50071746,-0.32545868,1.3418032,0.050649006,0.15335813,-0.82479745,0.59774536,-0.23732233,0.39899686,0.35808197,-0.5950547,0.7294672,0.13533624,-0.7109741,-0.01592731,-0.06022794,-0.2958329,-0.82192516,0.29185262,-0.17024496,-0.3720958,0.74490684,0.41394857,0.05016726,0.29347166,0.14520241,-1.1985396,0.63742495,-0.5818457,-0.8212448,-0.9341854,-0.2772047,0.5749372,-0.0563445,-0.33184868,0.16744083,-1.0563494,0.82068837,0.5254269,-0.7942185,0.711862,0.117331445,0.63206583,-0.18558317,0.031696945,-1.1881413,0.13854274,-1.1642329,-0.6685246,0.16639611,0.6054347,-0.84248525,-0.35640654,0.80286324,0.8015505,0.089050785,-0.57386017,-0.5226826,0.43496042,0.31716862,-0.9556128,-0.75398594,0.27408323,-0.20746583,-0.35918054,0.08238162,0.30536887,0.045458704,-1.0533257,-1.2508398,0.49378476,0.24584815,-0.23676729,-0.5489175,-1.036959,-0.37739798,0.6142439,0.5846532,0.039306678,0.517767,-0.4407739,-0.9908925,0.053806536,-0.38088903,1.4034578,-0.34930602,-0.4017398,0.08601063,0.24617107,-0.1800887,-1.3524333,0.01852602,-0.6311537,-0.94787055,-0.3700677,-0.5370836,0.3264696,0.17345123,-0.80429447,-0.1771309,0.15151194,-0.56696296,-1.0798836,-0.46771082,1.1903377,0.44583243,-0.35379574,0.6635892,-0.9978752,-0.17217526,-0.33288753,0.73618025,-0.2114041,0.63399523,-0.04606016,0.010733875,-0.022413943,-0.10349564,0.70710826,-0.11193106,0.0772577,0.039795727,0.7066415,0.067416795,-1.0887705,-0.0049202163,0.5343575,0.3777321,-0.14777121,-0.18663794,-0.13266687,-0.1910212,0.8123091,-0.15758397,0.31252298,0.13442409,0.25680038,1.0047323,0.7906097,0.32344645,-1.1086843,-0.1811764,0.030640151,0.49688646,-0.1701658,0.37515914,-0.12010589,0.061688926,0.1031375,0.6011106,-0.17506008,0.32715532,-1.157019,0.75586337,-0.7277623,-0.16978398,-0.36821723,-0.5869948,1.7526937,0.82561845,0.744398,1.6723745,-0.45316073,-0.5597647,1.8440549,-0.94256413,0.85078746,-0.56629497,-0.19930303,0.5351488
-0.06416119,0.07126729,0.6767476,0.013295634,-1.5380889,-0.45952982,-0.5939003,-1.1807288,-0.2661449,1.9983252,1.3497789,1.4305052,-0.5398916,-0.5095633,0.094315946,-0.20133123,-0.19528276,1.149948,0.44242913,0.5154632,-0.70330006,-0.7857444,0.20271587,-0.09613041,0.52094126,-0.37805554,-0.38092417,-0.19877863,-0.37814948,0.63208264,-0.20675147,1.1537181,-0.2473061,-0.038667694,-1.303898,-0.35768884,-0.08360606,0.18164195,0.19454685,-0.933037,-0.32881337,0.66441727,0.88506037,0.18167062,-1.1126388,1.5118474,-0.32829013,-1.4328647,0.45154074,0.36356688,-0.79433805,-0.6108352,0.35262585,0.9439618,-0.2599526,0.3899852,-0.90404576,0.84137386,0.8525562,-1.1884342,-0.32567567,-0.8814427,-0.07229686,-0.42063972,0.7159682,-0.7525943,-0.880511,0.58957857,-0.31832978,-0.6040831,0.19916995,0.4839082,0.98482466,0.46662256,-0.17720667,-0.06870508,1.1384776,-0.2258093,-0.36156455,-0.57252055,-0.633111,0.9500578,0.24959478,-0.13522632,-0.8475093,-0.9310807,-0.18708819,-0.45023617,1.582181,-0.67813575,-0.20745397,1.1543635,-0.014445233,0.7718891,0.9129248,-0.68880904,0.2975626,-0.08378537,-0.3638796,0.7208197,-0.8760261,-1.6629492,-0.075233065,0.8556039,0.7506808,0.46926576,0.9142187,-1.3835084,-0.771239,-0.53943753,-0.5054327,0.29532626,-0.59104586,-0.5681633,-1.3581314,1.1835077,0.036569152,0.9884088,-0.24145612,2.0450745,0.37618902,0.113379285,0.68381184,0.07997908,1.9779437,-0.22632565,-0.013272435,-0.92507637,-1.0607386,1.052283,-0.23342516,-0.5601503,-0.5468903,-0.6586133,0.30438122,0.9401971,-0.10702028,0.53027064,0.7141392,-0.5595025,0.38378495,0.8476544,-0.3692098,-0.3344682,0.39365286,-0.8967409,-1.1205052,0.10300856,0.41100958,-0.2995683,0.38911864,0.46361414,-0.7255254,0.21489707,0.36061156,1.4529502,-0.526168,0.2281632,0.45916772,-1.7278225,-1.0130442,-1.4270707,1.2206199,0.84172916,-0.18307845,0.5145409,-0.7137972,-0.45131773,-0.9036608,0.14336295,0.32067963,1.0918459,0.52958363,-0.07996201,1.3732412,-0.3759342,0.49487147,-0.3465357,0.15483057,0.5416463,0.08836161,0.16185567,1.4373815,0.8190372,-1.8106791,-0.49112326,1.8270533,-0.568445,-0.6932877,0.22196187,-1.1391906,0.924881,-1.9188694,-0.44153243,-0.7079861,-0.036959004,0.07483039,-0.24727868,0.85327417,0.19905819,-0.6542315,0.22011064,-0.26334348,-0.77713174,-0.13559029,0.6771814,-0.6111902,-0.03649606,0.5217461,-0.16480497,0.08042272,0.70714027,0.12575285,0.81708413,0.26066893,1.1013955,1.4331954,-0.17686436,0.5967271,-0.023875332,0.16312827,1.0023679,0.9252321,0.051148776,0.043974243,-0.43291,-0.042289168,-0.5710906,-0.694091,0.9965451,-0.86829036,-0.40738127,0.97079605,-1.7677128,0.97863454,-0.3406837,0.0022151507,0.12450199,0.8520152,-0.5452699,-0.3309676,0.3242321,0.26217547,-0.043463264,-0.65637344,0.36759132,1.1199435,-0.7013375,-0.23694028,0.46691734,0.75369394,0.3282582,-0.24413224,-0.8146352,-0.8901305,0.5775379,1.2453282,-0.1521127,0.33022556,0.68962926
0.87868404,0.97958076,-0.20036507,-0.8290569,-0.096757285,0.21321546,-0.16598997,-0.29315782,0.30356017,0.0063958596,-0.16247174,0.5402671,0.50112206,0.36649907,0.65329385,-0.8627623,-0.3960108,-0.1007008,-0.4878763,-0.17579722,-0.5925633,0.52069384,0.50183946,-0.7203448,-0.24543567,-1.1691526,0.7851104,0.82607687,0.13617007,0.13540137,-0.1305394,0.06892836,0.7076967,-0.036697187,0.514248,-1.9778782,-0.056644958,-0.85425127,-0.3633878,-0.37982732,0.4242579,-0.31882417,-0.49982202,0.22558767,-1.781487,0.86366844,1.0936762,0.14690897,0.63082445,0.7964578,-0.13586232,-0.65544564,-0.139595,-0.33033407,-0.7810104,-0.3031661,-0.21891965,0.5699368,0.035475858,-0.07473117,-0.59965384,0.97982454,0.5232614,0.07353201,0.6817019,-0.68866277,-0.92118466,-0.42731658,-0.4328107,-0.542426,-0.5641092,-0.9840359,0.17200415,-0.17387663,0.4129315,0.18995973,0.048759814,-0.40774974,-0.07720859,-0.34464857,-0.8541117,0.40778854,0.64660937,-0.37745798,0.6654142,-0.45646247,0.37642077,0.23581402,-0.019009259,0.36858374,1.3872488,-0.5211234,0.6510115,0.31342638,0.22114944,0.9163855,0.5245547,0.3185149,0.88371027,1.1404011,1.1977232,0.010789357,-0.8231442,-0.52993536,-0.067417815,0.74229115,0.44222382,-0.7689694,-0.43595138,0.12268487,-0.34713933,-0.19613351,-0.04826736,-0.3497771,0.5575879,0.05805772,-0.44884232,-0.01678835,0.05437906,0.46676588,0.6480231,1.4740525,0.47106978,-0.6289343,0.3906123,-0.15756138,-1.330243,0.2843525,0.60986227,0.8776144,0.42221922,0.008201864,-0.54552764,0.059907075,0.14348328,0.70125294,0.635741,0.7926546,2.2468274,-0.07476941,-0.38502306,-0.37758905,0.22100168,0.41013208,-0.6736023,-0.18849209,0.53069603,1.1801591,0.2872202,0.084822856,-0.20303714,0.5061927,0.36908373,0.5969445,-0.28398103,0.17351319,0.3105137,1.0383301,-0.702109,0.5065889,0.18911368,0.81806886,0.060754444,0.22688566,0.2953086,0.12250989,-0.9879775,0.28426242,1.2016585,0.88688374,-0.025445389,0.38014784,-0.87387174,-0.019463535,1.5264132,0.043347612,0.46314922,0.554107,1.1250688,-0.23302396,-0.8071408,0.5681958,0.70607126,-0.47713533,-0.028898215,-0.36019734,0.15029505,0.2917584,-0.26912707,-0.45329294,-0.5000299,1.3120295,0.36169282,1.1027066,0.042913254,1.1907667,0.97846067,0.62452394,1.0334495,1.4808565,-0.7136815,-1.0035651,0.42112613,0.37413162,-0.21118933,-0.083958015,0.07632903,0.19631962,0.7306861,-0.062085982,-1.0138417,-0.014098965,-0.2791334,-0.5327553,-0.41992673,1.1594436,0.12965705,-0.6986695,-0.023294797,0.14251937,0.3359724,0.35135207,0.24296115,-0.36769396,-0.8318949,-0.27075523,-0.033679664,0.602519,-0.3380165,0.8107224,-1.2271118,1.2002361,-0.83011013,-0.15937021,-0.79453987,-0.29708153,0.42420617,0.4396585,0.031421594,0.06151429,0.17306101,-0.09641431,0.18356392,-0.4877252,-1.7445947,0.022405323,0.06751943,0.09327497,0.7149618,-0.1518495,0.76859605,1.1891946,-0.17624554,0.38396117,0.090052,-0.31045178,0.08844572,1.1564168,0.38505924,1.1157835
0.19381654,0.32743618,0.22734496,-0.4880406,-1.1134104,-0.9661546,-0.18495281,-0.660315,0.121340945,-0.24351603,-0.10887688,-0.9509757,0.47249848,-0.8142902,0.044540443,-0.31884763,0.34595105,-0.8757746,-1.4972371,0.7300102,-0.54395133,-0.5426885,0.1436241,-0.18043709,0.07904425,-1.2816707,0.14343776,-0.088843755,0.7100159,0.063815564,0.95797557,-0.7979595,-0.47810796,-1.363178,-0.56826144,-0.57526505,-1.0458156,-0.6697045,0.23715357,0.6342024,-0.9843244,-1.787534,-1.1960307,0.22451457,-0.8684199,-0.1984684,1.0208945,0.062394544,-0.793534,0.5454355,0.061095633,-0.3420289,0.12533787,0.08664269,-0.59894276,0.15464897,-0.16809152,0.13524093,1.0964693,-0.6850415,0.020889154,-0.5707807,0.66457134,-0.3927372,0.86229414,0.52489984,0.99798685,-0.06601454,-0.9176652,0.30888996,-1.3669544,-0.5548102,-0.047887925,-0.20055094,-0.47790775,0.07439435,-0.499846,0.13956882,0.29760456,1.1014833,0.36030984,-0.28699318,-0.09285313,0.3759847,-0.21802899,-1.074884,-0.41517815,0.38889563,0.05906831,0.6205388,-0.653547,0.9960878,-0.3324827,1.3498002,0.23412243,0.39982086,-0.5279089,-0.81221366,0.5753899,-0.41179958,-0.48269343,0.7045538,0.7799631,0.39199683,-0.025186563,0.82866406,-0.21031421,-0.20867437,0.16921535,0.22387405,-0.49067295,-0.30879197,0.35642678,-0.8926994,0.10668356,-0.056618147,-0.05085971,-0.7705788,0.18561183,-0.42258778,-0.6211281,-0.15278883,-0.11270971,-0.41896477,-0.29668012,-0.26854864,-0.09112337,-0.30629355,-0.2167296,0.12848462,1.136577,-0.17241938,-0.0062213517,0.5597112,-0.26728657,0.43302363,-0.023179939,-0.8421834,-0.2877481,-0.011844325,-0.4283705,-0.12798029,0.105619095,0.30808365,0.30410346,-0.20200995,-0.10625693,-0.0013504286,0.48454866,0.07480601,0.17633198,-0.06307871,-0.4215199,-0.6797498,-0.06937878,0.2456679,1.2514957,-0.11033968,-0.043138184,-0.61511236,-0.43089226,0.40535665,0.24735014,-0.26033002,-0.6368817,0.0910331,-0.39279124,-1.0384798,-0.56147087,0.7441441,0.43472412,-0.2323483,-0.25953817,1.4812582,-0.34965414,-0.35236296,0.055946473,0.8208699,0.6223293,-0.68645084,-0.79532963,0.9423014,0.39747554,0.5473642,-1.8026338,0.3294595,-1.1451514,0.65038943,0.0810468,0.8696535,-0.5782659,0.57319343,-0.64326406,0.33789128,-0.68796444,1.3965174,-0.26571035,0.13603656,-0.33907932,-1.0513413,0.7498925,0.8668082,0.3052243,-0.13146365,-0.8716112,-1.5201653,-0.55730635,-0.21167384,0.74483305,-0.59214556,-0.7394114,0.20187289,0.6302447,-0.03182344,1.3004043,-0.92584705,-0.33205795,0.10719744,0.51605016,-0.13515699,0.56638706,-0.20619756,-0.45257983,0.47751224,-0.26204237,-0.19626205,0.0876572,-0.110025145,0.008969221,0.47504112,0.06408639,-0.28039446,-0.88556165,1.5693135,-0.5562817,0.81738234,-0.77193207,-0.56157064,1.1715752,0.38723078,0.026983993,-0.9378031,0.11962281,0.9319858,-0.3447237,0.39433134,-0.3680476,0.85698104,0.12151213,-0.063584656,0.045551255,0.08535946,0.5479651,-0.24600661,1.1634525,1.424012,1.1269351,-0.72686857,1.2437221,-0.10256493
-0.4260184,0.029979063,1.0113906,0.31611386,0.5794029,-0.65995026,0.16562912,-1.0556233,0.59405375,-0.5695255,0.1441506,0.39012754,-0.31088054,-0.6208543,-1.2763101,-1.0724005,-1.0556784,-0.44426417,-0.23308004,0.95957154,-0.57501614,0.6677035,-0.89791924,-0.17632347,-0.25107658,-0.44652647,-0.84787405,-0.2757422,-0.086154744,0.734896,0.24565141,0.12996207,-0.04033109,-0.49201605,-1.2124872,-1.3223628,0.7471684,0.30611494,1.0771354,0.27536145,-0.32973877,0.09650047,0.6357959,0.35477632,0.047744423,-0.7256498,-0.80428946,-0.45005774,-0.3305581,-0.07861141,-0.5441163,0.67030203,-0.43891427,-0.5774529,-0.47466847,-0.3524801,0.6113683,-0.7714455,-1.217638,-0.12593582,-1.1280895,-1.0594896,0.6152358,0.6450054,0.05682737,-0.40174094,0.24138226,0.49971452,-0.82161146,-1.3239683,-0.121850066,0.47569242,-0.23610081,0.16804017,0.18788087,-0.31501478,-0.50710404,0.20963821,0.2009543,0.058314305,-0.109427854,-0.23688412,-0.26543757,-0.3798002,-1.1908102,-0.21846703,0.2304915,0.36729681,0.24993896,1.150389,-0.06135365,-0.21766952,0.29462174,0.55559677,0.3461346,-0.6035914,-0.87499344,-0.16937606,-0.36637154,0.6157807,1.124504,-0.71733564,0.21681707,0.054040805,-0.6549211,0.97793955,-0.655943,-0.21452509,1.143028,0.85623014,-0.3706964,-0.25185388,-0.25413015,0.40168023,0.27501744,0.12146506,0.20235242,0.9060737,1.1160069,0.19818184,-0.26779962,-0.4482092,0.37939996,0.74308705,-0.89450973,-0.342705,1.328962,0.82720083,0.6848312,-0.77358216,1.2481756,0.097738504,0.2702447,0.2424429,0.6517482,0.02497509,0.2679227,-0.6655022,0.4020936,0.51116234,-1.0267683,0.0007428084,0.7469598,0.60601795,0.15261401,0.0039786305,0.46429244,1.0801361,0.7289294,0.19748229,-0.27681762,0.4395587,-0.026889645,0.5953967,-0.35659644,0.035317183,-0.12413155,-1.0791907,-1.0407333,0.24808808,0.20618278,0.37493634,0.21405853,0.37226418,-0.16480848,-0.02430978,-0.2522596,-0.38569844,-0.122989945,0.9486733,0.7071087,-0.6368724,-0.39291793,1.587035,-0.8950036,-1.2434057,-1.395549,0.15892132,0.15904066,-0.2632328,0.016644673,0.5157579,0.09219816,-1.313602,-1.4807715,0.8385391,0.43651947,0.104365334,-0.45447084,0.10144745,-0.023364361,-0.4037005,-1.9195322,1.4454213,1.1865675,0.6398901,-0.72670156,-0.3262993,-0.3654678,-0.15734853,0.013835555,-0.13216567,-0.2813189,-0.9243783,0.57122827,-0.43376228,-0.00597943,0.8315066,0.33962932,-0.7152352,-0.10316775,0.40429214,0.13892293,-0.51555085,0.31940848,1.0266737,-0.60175586,0.3251704,-0.4797086,-0.66928166,-0.6158371,0.81424195,-0.9931749,-0.060752146,-0.25755242,0.44565183,0.5768868,0.17739256,-0.7577981,0.5081163,-0.048731457,0.18634439,1.4264567,-2.0053608,0.45604372,-0.4044973,-0.35424164,-0.38670653,0.25890008,-0.07650194,0.8256513,-1.8108997,0.5311943,-0.2660823,-0.16905794,-0.6040725,-1.9478899,0.9084426,-0.47662953,-0.35543132,0.08150572,1.3399527,0.87598,0.37588203,-0.46984372,0.21731514,-0.0037546929,1.2563823,0.93163645,-0.59875846
-0.75365514,-0.19817768,-0.6729297,-1.8864532,-0.3339796,0.18214834,-0.36383438,-0.12380827,0.11782865,1.660026,0.9025063,-0.79282266,-0.6151151,-0.37988088,-0.77492285,-0.17147467,-0.8200933,0.19123973,-0.36089802,-1.276805,-0.48581278,-0.31118038,-0.08807985,-0.3507683,-0.3250312,0.3415074,-0.4991683,0.14515248,-0.48037806,0.528977,0.83216614,0.1753377,0.9044098,-0.31985593,-0.45732006,0.16238205,-0.6696103,-0.62613064,-1.2103596,0.25466222,0.05298916,0.671335,-0.66350585,0.57636243,-0.3943914,0.53831273,0.8624852,-0.025788296,0.089829236,0.98930144,-0.5638297,-0.6813917,-0.45120668,-0.68213606,0.49761075,0.78631455,-0.6272897,-1.4807774,-0.4177404,0.5006172,0.081868194,0.761147,-0.038903046,0.49195665,1.7468051,0.13542522,0.5376154,-0.2599105,0.8208963,0.90166676,0.27228963,-0.322397,0.2712791,-1.0286279,-1.3054571,-0.009803365,0.7558634,0.044085693,-0.2623277,-0.3477244,0.4870823,-0.77357227,0.46919164,-0.32716408,0.99163026,-0.71400154,-0.15909521,-0.88297933,0.23902832,0.13444626,-0.5840165,-0.56634814,-0.06390078,-0.047195133,-0.8716248,-0.47455963,-1.5225675,-0.7930079,-0.922346,0.37038094,0.4334982,0.39841396,-0.17434129,-0.33823377,-0.2309875,-1.369974,0.22369473,0.20696966,-0.18896677,-0.05676637,0.3967922,-0.48391297,-1.4373353,0.089829005,-0.54654443,-0.531643,0.06542051,-0.4391749,-0.20115747,0.9225509,0.46798775,-0.40989062,0.911316,1.4847126,0.29816577,-1.3461378,-0.1682494,0.46367782,0.13011907,-0.9558369,-0.83045095,0.55945426,-0.39675233,1.8171053,0.9850289,0.13082176,-0.13554962,-0.77318966,0.14605106,0.3989971,1.2332841,0.79493946,0.840436,1.1969401,0.9116054,0.4514157,-0.93357325,0.07335758,0.35147548,-0.44513705,0.40973318,0.6159882,-0.16800472,0.753538,-0.044224422,0.67086935,-0.29760984,-0.77701324,-0.643296,0.71083915,-0.88899595,1.7603201,-0.16588157,-0.010255232,-0.44741327,-0.53391343,-0.0104291355,-0.7026919,0.46527898,-0.28424132,-0.31608465,1.346713,-0.4701035,-0.66571623,-1.0995675,0.8638906,-0.13412225,0.6606677,-0.6871363,0.31940162,-0.114786185,-1.1510109,-0.4845943,-0.05561121,-0.6785848,-1.0454748,-0.9456815,0.097602464,-0.16893293,-0.4344593,-0.53842264,0.39090973,-0.42087138,-0.13966487,-0.73239934,0.82387,0.69464165,0.58350414,-0.2975026,-0.58101684,-0.16682164,-1.1720868,-0.31908873,-0.6006313,1.0790594,-0.51992077,-0.47554243,0.07256603,-0.28116384,0.7277303,0.49439758,-0.4267007,-0.49278554,-1.1670964,-0.22352432,-0.753035,-0.530833,0.9555459,1.429887,0.51295316,-0.60465384,-0.15755285,-1.4433675,-0.92598784,-0.16899666,-0.31630462,-1.439191,0.85350215,0.15005052,0.19992654,-0.014802501,0.05979047,0.30034602,0.62340295,0.44493306,0.15446448,-0.4153749,0.31834725,0.9334534,-0.49780065,-0.34057525,-0.9638108,0.21482927,-0.85761166,0.20067738,1.315903,0.8464802,-1.2250571,0.31331652,-1.1036953,-1.0487057,-0.17644253,-0.42703888,1.3629546,-0.8308583,-0.6219203,-0.8999036,0.57183564,-0.7788492,-0.24964885
0.14641899,-0.08796911,0.046555102,-0.3538168,-0.048451018,-0.2070557,-0.045137174,-0.28901193,-0.7274484,-0.3576165,1.3386537,-0.37359962,0.887523,0.30492982,-0.1936975,0.44347557,0.37190893,-0.7715289,-0.28858364,-1.1383436,0.3147812,-1.1946837,0.39635378,-0.71644354,1.1409311,-0.3161486,0.332004,-0.61433756,0.7253117,-0.38454515,-0.12796865,0.27966222,1.6587927,1.7147565,-1.5065895,-0.79265994,0.9939672,0.55883,0.7286732,0.3203913,1.4110038,0.8315385,-0.4254241,0.12160883,0.4264917,0.85149175,-0.20017709,-0.29365987,-1.0984827,0.06740671,1.0902828,0.7069585,-0.38383025,0.7162895,0.23515432,-1.0167183,-0.8573578,-0.37021,0.9190972,0.398268,1.0962387,0.78478116,0.26289055,0.28444514,0.6695663,-0.69023573,-0.21292575,1.2809654,0.43712866,0.65313476,-0.9373073,-0.082405455,0.10151287,-0.736357,9.725124e-05,-0.56265295,-0.44913682,0.70383996,0.30362648,-0.77385306,-0.0451249,-0.18693355,1.027181,-0.020321812,-0.65180826,-0.07917264,-0.622307,0.18382752,-0.27519196,0.6200708,0.9037419,-0.99111265,-0.22535597,1.7806269,0.3081175,1.0749646,-0.79884934,1.0086803,0.41885048,0.6386689,0.7799196,0.29258984,0.16042368,0.97307533,0.8431644,0.43557382,0.04809577,-0.70145476,-1.425415,-0.7783936,0.35158974,0.28410107,-0.8146942,-0.33198607,-0.46412587,0.33727306,-1.1204637,-0.32108337,0.4721399,-0.27192703,-0.23106824,1.036761,0.5213619,0.5315364,-0.080513716,1.1302327,1.0658104,0.32035914,0.7594562,0.34367725,1.0553377,-0.021207653,0.31035846,0.3982332,-0.29592493,0.658992,-0.04801718,1.7814827,0.16966516,-0.84215355,-0.5094921,-0.38228208,0.39011592,0.13275714,0.1218394,0.14149906,0.5135395,0.19330996,1.1964167,1.1670831,0.5786349,-0.47035676,-0.13893759,0.37958366,-0.25091827,-0.87639487,-0.71881026,-0.52544785,0.21266018,0.32735053,0.49122855,0.38444218,1.0325162,-0.018636672,1.5865927,0.55999154,1.6159582,-0.92233837,0.036437914,0.13591559,0.076206595,-0.16373551,-1.0524675,-0.5107907,0.0011952042,0.41909713,-1.6447994,-0.07429071,-0.5293572,0.1426088,0.55833143,-0.3075356,-0.77330464,-1.099002,-1.3004326,0.14104751,0.70196813,0.33134207,0.27320224,-0.7109476,0.6379648,-0.5459242,-0.7756353,0.2183356,0.13641311,-0.28426602,0.341365,0.4495314,0.47106394,0.9722607,-0.63782084,0.48750967,0.33295673,-0.98428243,0.61723495,0.30673847,0.90296817,0.45640197,0.18933189,-0.42026523,-1.1258041,-0.08646556,1.6951859,0.30036652,0.71173996,-0.85365605,-0.3572141,-1.0622828,-0.06128557,-0.4404514,0.21764731,1.167149,0.54041344,-0.70189196,1.096635,0.14955729,-0.0104278615,0.5839676,-0.23219492,-0.35192874,0.051633846,0.28283533,0.65587157,0.86397165,0.6924548,1.5837454,-0.006814515,-0.4254941,0.05532365,-0.48025215,-0.16549902,-0.115676396,-0.29818574,-0.40972134,0.5142799,0.68362993,0.15541638,0.9599301,0.00886546,-0.64339346,1.4108683,-0.58765936,-0.5441371,0.6249061,0.42820454,0.24695769,-0.28855288,0.408067,-1.2366549,0.5877329
-0.16895989,1.3403138,0.24728942,-0.10044172,0.41582012,-0.27191022,-0.6522804,-0.8336207,-0.11852878,0.04696574,-1.5281217,-0.2872121,-0.20158894,0.6859639,0.7756773,0.09307864,-0.38255402,-0.4532186,-0.10141813,0.021166638,-0.4557998,-1.2874367,0.9834767,-0.44597757,-0.50384325,0.54694855,-1.0872153,-0.71725315,-1.0694206,0.52835876,0.3891605,0.63055056,0.13631013,0.5707875,-0.48021507,0.47115627,1.1823287,-0.10124485,-0.018326476,-0.08846989,0.7692334,-0.77085507,-0.65043753,-0.68308276,0.6967157,1.3691437,-0.31808186,-0.16962649,0.059830513,0.15866372,0.63075274,-0.5007609,-0.8610266,-0.80651385,0.95595723,-0.24277025,0.42495427,0.057082497,0.058976334,0.2213092,-0.90428764,2.0226073,0.8411834,-0.0022434571,-1.5900185,-0.04205521,0.53026944,-0.925055,-0.36185876,-2.0256417,-0.72116035,-0.25259444,0.22856738,0.29334056,-0.2629748,-1.588097,0.26780358,-0.9440464,0.50093997,-0.48014772,-0.25395986,-0.076951146,-0.8557823,-0.28456372,0.14495677,-0.076085635,0.0942337,0.6766539,-0.677979,0.43022895,-0.49027824,-0.40252602,0.93886423,0.28511286,-0.2506299,0.8991022,0.7194657,-0.25976214,0.51778984,0.5887237,-1.0178589,-0.52682906,0.3519448,-1.246671,0.8491227,-0.1033139,0.793482,0.068598635,0.8088683,-0.17552166,0.8014075,0.8153817,-0.18219502,0.7048257,-0.8273928,-0.60125315,-1.1471897,0.036516957,-0.45515367,0.14179862,0.4407547,0.5593013,-1.1601396,-1.680642,0.022690121,0.83145446,1.5682821,0.139988,0.564095,0.56245804,0.77469236,0.6861267,0.32515875,1.052829,-0.09118042,-0.68258107,0.43616623,-0.41130015,1.1168809,0.14332601,-0.04634939,0.2543174,0.6859304,0.016851528,-0.4208958,-1.487074,-0.59892267,-0.5899011,-1.4333781,-0.05441938,0.43438357,-0.40465885,0.34347326,-1.1403344,1.1787934,1.4556136,-0.046992388,1.0367795,0.7480776,-0.6004667,-0.82483137,-0.14262177,-0.1796982,-0.00023200919,0.14014156,-0.4624041,-0.51619875,0.7301519,-0.873759,0.25451177,0.03744183,-1.1400826,0.27924725,-1.3044662,-0.81092894,0.8591764,0.24795213,-0.903679,0.2549891,-0.35551584,0.07195747,0.58983225,0.6005965,0.07693046,-0.7759614,-1.0697237,0.22812757,0.5899014,0.09032819,0.16317615,-0.4888568,0.1411206,0.86453617,-1.5735443,0.569154,0.086535275,0.17998317,0.6801958,0.07496569,0.81704885,0.7351145,0.9374255,0.07518185,-0.908617,-0.3701958,-0.26985526,0.057649016,1.2378602,-0.30376175,-0.83755636,-0.6037568,-0.6578334,1.0375429,-0.7307073,-0.7208641,0.29063746,0.6066828,0.13226241,-0.6010418,-0.18580721,-1.0665315,0.14798197,1.576566,0.39978796,-0.49150354,0.253388,0.9610196,-1.0686921,-0.17308407,-1.5812578,1.1254859,-0.013948513,-0.9887648,2.4030037,0.36719555,-0.53818655,0.09020656,-1.8231462,0.44233358,-0.33534774,0.56959766,1.7476698,1.1932756,-1.2287728,-0.65843505,-0.043759342,0.545149,-0.6117718,-0.08366281,-0.2527032,0.032789383,0.14684744,-1.0660563,1.0907634,-1.030551,2.1563616,0.19008999,-0.12480585,-0.43138182,0.4269865
-0.3095953,-0.33462015,0.18469545,0.7016318,-1.4437529,0.07545794,-1.0904368,-1.3712146,-0.34906968,0.4796398,0.5826004,0.18223742,0.1330927,0.29581982,0.9017985,0.3567568,0.81745493,0.13732706,0.39630872,0.41261286,0.5546935,0.7163155,-0.24203607,-1.019578,-0.101827025,-0.18129618,-1.7815198,0.12346103,-1.4580986,-1.1452578,0.7310945,0.14749733,-0.8583522,0.2229732,-1.9353675,0.62756795,0.30800444,0.50478023,0.24743101,0.9435446,0.12579031,0.3456452,0.63844424,0.65239143,1.0713623,0.3510463,-0.4959505,-0.5879192,-1.4378716,-1.2453231,-0.48595273,0.6230034,0.5304362,0.065630466,-0.10670208,-0.028273117,-0.47066647,-0.121093884,0.25922424,0.55579454,-0.15687896,-0.97129005,1.9159279,-0.56319624,0.24134612,-0.14751543,-0.9759562,-0.1677536,-0.10557691,-1.2706667,0.5087237,0.4259525,0.019990593,0.43741825,0.43440986,-0.39456952,-0.9140862,0.11295547,-0.249815,-0.19153558,0.9238839,-0.10044901,0.4086152,0.59817815,-0.4979463,-0.34272283,0.5183986,0.32640582,0.25802332,-0.4430188,-0.71310174,-0.66417193,0.6611946,0.26979762,0.031831473,-0.17158547,1.0531977,1.4163764,-1.376287,0.3768256,0.5766218,-0.26668677,-0.42741212,0.7699032,0.87082964,0.4144439,-0.46096677,-0.50021696,0.46667913,0.8948866,-1.1163704,-0.76228315,-1.4709954,0.16060059,-1.072634,-0.65250814,-0.10648494,-0.7419694,-0.85498375,-0.23545028,0.10283084,-1.7331307,0.4632243,-0.61226916,0.17239912,-0.6675196,0.264607,-0.7690971,0.734378,0.31296474,-0.27304178,-0.17566715,-0.076666795,-0.8984319,-1.0427035,-0.39382693,-0.08027193,-0.080430426,0.5022865,0.32963002,0.23116495,1.7552739,0.535473,0.5832119,1.3821669,-0.036648385,-0.28308922,-0.23885936,0.6246746,-1.9059643,-0.83457273,-0.13535981,1.1702017,-0.040486816,-0.27591076,0.87293,0.67659074,-1.2167462,-0.041807607,-0.32461986,-1.133384,-1.1359081,-0.3849896,-0.19692998,0.42427164,-0.2700205,0.61229444,0.5381861,0.15922613,0.6443913,0.3806079,-1.7254672,-0.05481787,-0.61430764,1.4649587,-0.114924304,0.39900792,-1.1086063,0.59096533,0.66955316,0.4895283,-0.8708583,0.26814076,0.3490308,-0.90502596,-0.76526886,0.48547238,-0.45905408,-0.77181363,-0.66016245,-0.57077134,-0.08821672,0.3936094,0.3190447,-0.66865164,-0.6128683,0.56689435,0.20756298,-0.3849004,0.62768495,0.16803916,-0.26107416,0.17182803,0.077819295,-0.46724597,-0.9379388,1.4686291,-0.3560283,0.1658568,-1.2790104,-1.6070564,-0.56008,0.95361,-0.05160115,-0.87640256,1.1479783,-0.3088684,0.5332616,0.072939135,-0.17127454,0.028722538,0.7207749,-1.2423053,0.114340045,-0.2397586,-0.01655314,-0.4763278,1.3054268,-0.09916319,0.70144355,-0.16188917,-0.02493013,-0.17333083,0.030841243,-0.6222493,-0.48579398,-0.1952607,0.31515068,0.5580296,0.40216118,-0.29305544,-1.767492,0.0674782,-0.85798055,0.87962824,1.2483156,1.7490029,-0.6024478,1.165638,-0.4347293,0.14885157,-0.39926007,-0.22486696,-0.4229806,0.000891415,-0.5988901,-0.75545335,0.1519976,0.6997333,-0.0630894
0.79638696,0.08495749,-0.22436768,-0.4169306,-0.2809665,-1.2945619,0.8328912,-0.3669276,0.073658355,0.24166887,0.47471341,-0.16669454,-0.9480279,-0.2961031,0.32583705,-0.046636272,-0.43309817,-0.058665317,-0.56328356,-0.17772913,-0.52174765,0.2775266,0.40194714,0.2742041,-0.66965663,0.9209953,0.90193146,1.7065626,-0.77892566,-1.711285,0.051079363,0.49097717,0.09863405,-0.3196388,0.060744535,-0.3303281,-0.6830927,-0.416388,1.1756302,-0.6475308,-0.5978421,-0.03815846,-1.4697626,0.41134548,0.30671084,-0.46286723,-0.057140313,-0.48027012,-0.29377759,-0.88593477,-0.51354825,0.649103,0.53697336,-1.9524132,-0.4797501,-0.45725587,-0.8564848,0.05298177,-0.018277338,-0.6486148,-0.89715517,-0.2990711,-0.2591625,-1.7963054,-0.6082149,1.3601257,0.14267154,0.80861807,0.23691294,-3.405066,-0.08721905,-0.22568114,0.5736323,-0.45017642,-2.2107632,-0.4052856,-0.45479193,-0.6059284,0.13536161,-0.45499504,-0.45910135,0.30754715,-0.023309024,-0.40631747,0.7742495,0.051545564,0.32210207,0.91037655,0.2004531,-1.4685466,-0.67275697,-0.038540833,0.5437765,0.12871501,-1.2822896,-0.4634729,0.49995,0.49608004,-0.17510767,0.4164755,0.12291059,-0.44407383,-0.9250339,-0.4280226,-0.71910584,-0.28265256,-1.4599707,0.56566954,-0.7406983,-0.15687633,-0.73890895,-0.36069223,-1.1034195,-0.24108776,0.4767563,-0.8333636,0.3444944,0.8680364,-0.6066197,0.60789025,0.36681944,0.81002843,-0.28218627,0.9279822,0.37371397,-0.37959364,0.19895351,-0.1695228,0.42759478,0.15947941,0.026113302,0.29470152,0.10690669,0.20212077,0.4824454,0.11611067,0.54133373,-0.06829864,0.57180226,0.39326593,-0.89453304,-0.73464817,0.089359656,0.17521514,0.27147636,-1.0203422,-0.35696557,0.7899851,0.065252334,-0.039712857,-0.8957137,-0.017722609,0.5351323,-1.0884815,0.5666268,0.6963607,-0.0937075,0.17399676,-0.5660367,0.5733749,0.8754757,1.0298148,1.431622,-0.35393697,-0.16065632,-0.36857602,0.5770837,0.80264664,0.82674694,-0.3296691,0.02760489,-0.075786725,0.43603906,-0.15309525,0.33626288,-0.17398106,-0.85098,0.69579875,-0.16867016,0.7739175,1.090354,0.49340633,-0.38422883,-0.51666784,-0.9745812,0.34563538,-0.58324325,-0.38689646,0.7901435,0.022071153,0.32477137,-0.090319,-0.7308072,2.1647015,-0.5759932,0.59555197,-0.12504807,-0.11449331,0.49803627,-0.88729376,0.6721583,0.21768612,1.036011,-0.8141949,0.59887713,0.12221232,-0.70111144,-0.65327156,-0.3125911,0.94610816,-0.85644287,-0.011921466,-0.93488246,0.83466,-0.047312915,-0.19040872,0.39569128,-0.5631222,0.0010815734,0.0754892,0.22455601,0.25747707,0.8644727,-0.12877889,0.70450675,0.7393898,-0.18719718,0.28192282,-1.0646096,-0.10336523,0.3217314,-1.6387382,0.0033918314,0.43452084,0.4877496,0.630038,0.21383758,-0.32508442,-0.19877101,-0.2816128,-1.0620744,-0.489057,0.7238371,1.0137938,-0.103852205,-0.36166164,-0.6713159,-1.2227722,0.35892013,-1.3742723,-0.97207767,-0.041315764,0.27518585,-0.3278233,-0.78424776,0.31891918,1.1572868,0.53416014,-1.2305392,0.13171224
0.25392774,0.28716496,-0.61075956,-0.67878515,-1.0059301,0.5652385,0.47210395,0.068795934,0.71540546,-0.54341894,1.4367123,2.539468,-0.88539827,0.4283068,-0.0024375217,-0.31814617,-0.92599857,0.5069577,-0.4155385,-0.5627688,-0.07431197,0.08903618,-0.17542797,-0.22512375,-1.0523156,0.43268293,-0.36101657,-0.6760102,0.9441652,-0.49954617,0.6575874,0.45037135,-0.0018613857,0.31520176,0.6167529,-0.12210932,0.6281863,-0.5073905,-0.9367762,-0.3399426,0.6436479,1.1404717,0.1739282,0.4313837,-1.0691557,0.41663802,-0.43943658,0.5448261,-1.3023139,0.04605397,0.52221483,1.2754443,0.63334405,-0.093930975,-0.7639528,-0.352704,-0.43706903,0.7916224,-0.16461958,1.2661742,-0.3150909,1.1864526,0.06166565,0.1670292,0.4628185,-0.34986168,0.19780827,-1.0881323,0.1621885,1.1124915,0.6145129,-0.20317966,-0.054684285,-0.09552272,-1.1155547,-0.10909484,0.8105573,0.23521414,0.37045965,-1.1026884,-0.36982086,-0.9006561,-0.30984655,-1.1777775,-1.244404,0.8925606,-0.49741155,0.17431507,-0.56691724,1.2810216,-1.4750234,-0.14095663,0.5035064,0.4221011,-0.22587475,1.8852869,-0.78114974,0.28446636,-0.8947366,0.7962393,-0.057235055,0.35088554,-0.3711896,-0.06825036,0.20069163,0.014548959,-0.38834947,0.31229156,0.59295493,0.28333822,0.25367656,0.981335,0.27228123,1.1364787,0.7361773,0.07708081,0.54163307,-0.4183856,-0.14824979,1.3463811,0.7065938,0.23171563,-1.0290573,0.034152497,-0.8322435,2.9517162,-1.0718665,-0.26951393,0.1912943,-0.51007694,-0.49174374,-0.4241297,-0.8422198,0.32373992,-0.2705871,-0.43560964,-0.12216462,-0.6782485,-0.21232635,-0.68067795,-0.0737535,-0.59835076,-0.86027753,0.66349024,1.2165246,-2.008923,-0.78290385,-0.54628617,-0.09963189,-1.0340304,-0.64424276,-0.17356454,-0.2960261,-0.5485473,-0.116463594,-0.86702484,0.72640324,-0.13918729,0.20504607,0.2140209,-0.24039902,0.06051554,0.39348423,0.7457306,-0.30905613,-0.6217604,-0.16481453,-0.35451767,0.16783533,-0.47493792,0.47838387,-0.3045995,1.0077139,0.6633107,0.48266566,0.96717566,0.89021677,2.2281575,0.64502525,0.5725647,0.37505168,-1.6110649,-1.1684431,-1.5366151,0.5636331,-0.26187885,-0.3045346,-0.5347785,0.22424282,0.12249542,-0.85990477,-0.2872264,-0.015173036,1.1740257,0.22254911,0.37338856,1.0289413,-0.3043258,0.095198624,0.8539055,-0.6058374,1.187245,-0.89066607,0.5608128,-0.1584823,0.23872676,0.5839366,-0.0463128,-1.4238616,-0.22712877,-0.9596311,-0.18552732,-0.05188722,-0.17873497,-0.118962534,-1.0323313,0.57165927,0.078728564,-0.22372878,0.25419548,-1.2144164,-0.13137566,-0.09438836,-0.5790428,0.7241095,0.18872273,-0.20125125,0.71670294,0.6933435,0.14570637,-0.13869652,0.38087595,-0.18254778,0.71673185,-0.7775272,0.4048497,1.8093941,-0.51305884,0.89481163,0.25983575,0.19126885,-0.99640065,-0.40364477,0.93215394,0.3847867,0.38057742,1.5795336,1.6146613,0.03964768,-0.9522021,0.22386439,-0.3569777,0.5783744,0.96544975,-0.75048834,-0.11336296,-0.68942446,0.4220128,-0.39185452,-1.2065085
-0.16916052,0.08558735,0.050187133,0.08511874,0.16746569,0.87598366,0.12549657,-0.7626055,0.018618086,0.9328712,-0.7185486,0.40137124,-0.2496093,0.7890733,-0.25420636,-0.27989998,-0.0864132,-0.38342014,0.12784104,0.38292405,-0.970415,-0.066657245,-0.091259375,-0.15420419,0.010598234,0.88816977,-0.5209449,-0.6874956,0.09538973,-0.1256967,0.8212213,0.4729457,-1.1539278,-0.6733039,1.3081031,-0.5227499,-0.5444791,0.9899134,-0.28973332,0.9378698,-0.5542329,-0.13176027,0.32612652,-0.17556794,0.3502993,-0.60096455,0.51794684,-0.326253,-0.4499208,0.7693186,-0.18071899,-0.06893038,-0.17236024,-0.008275042,-1.2746271,0.84960127,-0.4469189,0.71636426,-0.64651906,-0.22481051,-0.6429466,-1.272276,-0.06926482,-0.26055676,0.116547324,0.5251635,0.6366002,-0.4141545,-0.5851726,-0.8620399,-0.69445014,-0.26710927,-0.26693925,-0.92414385,-0.39629623,-0.8806,0.24538918,0.031986445,0.018112155,0.17041135,-0.4774106,0.025521629,0.27860147,-0.06594149,-0.00086958776,0.77657366,0.44535968,-0.094700634,-0.8012995,0.22133772,-0.45414335,0.21806349,0.2719235,-0.12730338,-0.302357,0.08046078,-0.4097913,-0.5812584,-1.4901915,0.5524247,1.0514928,0.047470864,0.593072,-0.35928717,-0.43192717,0.629095,-0.58199936,-0.6795286,0.92402023,0.20794229,0.051254828,-0.46600908,0.4322962,0.32942614,0.09810509,-0.5300023,-0.106820576,0.6519818,0.3353507,-1.2350523,0.5618164,-0.68133366,-0.512994,-0.35359952,0.050990064,-0.551245,0.28565592,-0.5694031,-0.78784955,0.06613828,-0.1270968,-0.3086973,1.5924752,-0.032064866,0.729352,-0.44362432,0.18578058,-0.5330669,-0.70129955,-0.8465533,0.2638058,0.23987943,0.06836705,0.14623824,0.24748969,0.03246134,0.5594993,0.07732175,-0.65134823,0.44457477,-0.24229659,-0.4652585,-0.59878594,-0.06210995,0.12002433,0.4116873,-0.12339979,0.9333387,0.41752312,-0.27675438,0.725215,-0.70327145,0.3946107,0.25389495,-0.20194763,-0.12935653,0.25549784,-0.054194074,0.026226187,0.43258965,-0.036344785,0.12003015,0.1380522,0.00041323804,-0.4257655,0.4045496,-0.5668724,0.20043492,0.8303843,-0.10222697,-0.7295701,0.75025105,1.6809736,0.15982361,-0.86794883,0.32275558,-0.24523623,-0.14543602,-0.2975889,-0.36129078,-0.12519878,0.23105605,0.049657404,1.0763887,-0.82528245,0.2400295,0.17678852,-0.16645114,-0.92156637,-1.0931066,-1.1681731,0.19628832,0.21650316,0.1560161,0.02463222,0.3832114,-0.60653114,-1.180022,0.30349925,-0.72800964,-0.26457247,-0.7222639,1.3451958,0.26885113,0.9726107,0.69050205,-0.56072557,0.4326596,-0.9180994,-0.7732014,-0.53967625,0.85545546,0.20129848,-0.75903577,-0.24341337,-1.2004154,-0.3207141,0.60060674,0.62515324,0.6587911,-0.47252962,0.35406387,-0.64561135,-0.21038619,-0.16436367,-0.7365222,0.5781881,0.50304604,-1.0756104,0.90374315,-0.2788456,1.5026397,-0.14268814,-1.8395287,-0.7133533,-0.033592876,0.19465765,-0.45364076,0.254644,-0.027112933,-0.40378305,0.9258115,-0.070625395,0.29192376,-1.4220599,0.86963046,0.7044413,0.4558986,1.1014547,0.40377495
0.19681527,-0.11805504,-1.4240286,0.7157861,-0.4815222,-0.82357174,-0.10629118,-0.38805836,1.0576338,0.2252634,-0.49915695,-0.7979993,0.28809017,0.9021094,-0.29813418,-1.2365954,0.18993491,0.2918538,-1.0960555,-0.5155068,-0.61282045,-0.6101289,0.6541902,-0.022572286,-1.6629539,-0.13796967,0.6951286,0.13126107,0.10194349,-0.2617162,-0.6420685,0.03096554,-1.0109941,-1.1814343,-0.24118844,-1.2199862,0.048826296,-0.029590188,-0.17613754,-0.4612138,-1.0679562,-0.46748465,-0.5765368,0.6624055,-0.39966092,0.2819998,0.031509403,0.6158683,-0.4660299,-0.24793683,0.066857606,-1.5165105,-0.76840293,0.8556078,0.2953733,1.1015512,0.7571913,-1.0840664,-0.1148624,0.405382,-0.8941009,1.1366715,-0.49607974,-1.323884,-0.18232888,-0.72191435,-2.1434627,0.23787387,-0.83673555,-0.037150886,0.16504097,0.6582986,0.17988048,0.24295686,-0.5087979,-0.17986372,0.020566186,-0.22465195,0.7433473,-0.48150626,0.48010924,-0.8876638,0.24644282,-0.71945757,-0.09666967,-0.15445526,0.02194289,-0.5279196,0.7487613,-0.25961116,0.35996813,1.041843,0.07786659,-0.13593452,-0.25603163,1.0047895,0.44635695,-1.3536156,-2.0885713,0.53875965,-0.37081477,0.1236694,-0.013900005,-0.44256034,0.40012568,-1.6535068,-0.72448266,-0.50064373,-0.22003046,-0.4954377,-0.9595541,-0.9119379,-0.39587516,0.87927514,0.35715926,0.3146781,-0.505595,0.6213295,-0.25258654,0.3802937,0.5915675,-0.26449093,-0.8446522,-0.729851,0.34597665,0.6272653,0.3039899,1.343034,1.0275986,0.07674425,-0.11491127,0.5885359,1.0861132,-0.056776647,-0.93448204,-0.36778778,-0.15089877,-0.0394264,-0.25491256,-0.14244373,0.08479586,-0.7075823,-0.05222032,-0.21480907,-1.2630795,-0.8935606,-0.33985183,-1.3083299,-1.3160985,-0.6379917,-0.70966953,-1.0749788,-0.31220058,-0.35859865,-0.50298077,-0.22614433,-0.36097667,0.3119463,-0.08546096,-1.9542972,-0.44099614,-0.49788946,-0.9294842,-0.12780161,0.01724071,-0.79374754,-0.6655851,0.75133556,-0.23036225,0.389916,-0.95304775,0.41313305,0.53300476,-0.55868745,-0.43839324,-0.69135076,-0.058098763,0.5493892,-1.0740156,-0.24220367,0.13882466,1.7562485,-0.4479166,-0.35888153,-0.32996798,-0.06567335,-0.4139695,-0.012648819,-0.2588897,0.21861073,0.08065736,1.0017138,-1.1480381,0.6196388,-0.2679373,0.51497716,-0.11233653,-0.15925452,-0.10306637,0.25924626,0.46412843,-0.2897632,-0.07575915,-0.112686485,0.34791294,-1.327578,0.09094728,-1.9412141,0.054343313,0.49257112,-0.28471318,-0.5114406,-0.5293571,-0.3547558,0.24357706,-0.3376983,0.25674307,-1.3564402,0.8430382,-0.5206826,-0.57331085,0.3829741,0.14706253,0.52662665,1.1719773,0.107265264,0.50900227,0.4361129,-0.46224728,-0.06337441,-0.3358317,-0.38329056,-0.111586444,-0.08260823,0.031882957,-0.023465848,-0.6847909,0.6993063,0.28275052,-0.5600508,-0.6184928,-1.1128175,-0.13293035,0.07459173,0.20193364,-0.7370192,0.30666533,-1.6844462,-0.8918023,0.92923456,-0.40579528,-0.26193702,0.31533784,0.4018213,-0.2681674,-0.41993168,1.2623664,-0.10075462,1.106247,-0.15687566
-0.8673209,0.8658662,-0.17036957,0.0695734,-0.58728784,0.94242084,0.796705,0.0073783495,-1.0742666,0.3635407,-0.7413832,-0.9267926,-0.14599045,-0.009058129,-1.4405596,-0.55884814,-0.72557944,-0.48177287,-0.49843833,-0.3922609,-0.26183942,0.0072884876,-0.6345219,0.24570851,-0.6723536,-0.1771092,-0.24227512,0.6360594,0.8895156,0.04854405,0.7053335,-0.6483261,0.3065658,0.18859352,0.09333148,-0.5609432,0.29939473,0.44125405,1.1045872,-0.6883362,-0.37965697,-1.3401351,0.71790475,0.047544606,0.03398441,-0.7417184,0.26368135,-0.36381826,-1.2737377,-0.83529025,0.839426,-1.0210863,-0.18453306,-0.67386,-0.06536576,1.3721787,-1.2480395,0.0120380465,-1.0266371,-0.32967523,-0.46827844,-0.2576065,-1.6502364,0.27075288,-0.16752054,0.08023147,0.4462775,-0.86306566,-0.43671802,0.35807815,-0.41273174,0.30962867,-0.1138243,0.5578106,-0.081907645,0.33291274,0.32230532,-0.0013976992,-0.9782701,-1.0832286,-0.4060102,0.03393552,0.16896781,-0.28711513,-0.109137975,-0.9732725,0.16710795,-0.4089932,0.12555589,-0.40646553,-0.28764078,0.44922855,-0.35223043,0.3949406,0.9663517,1.0164262,0.9636562,1.0262079,0.14703436,0.8445899,1.7497907,-0.30326107,-1.076084,-0.2864193,-0.29086745,-0.8957438,-1.007912,0.06837244,0.14249739,0.57902807,1.2870696,0.6074073,-0.028589718,0.9460634,-0.010523306,0.122797005,-0.3193682,-0.23207949,0.22532794,-1.0521055,-1.7733815,-0.71753925,-0.28123546,-0.7208101,0.22058277,-0.25329936,0.8250432,-0.22113006,0.8976622,-1.1405501,-0.24267125,-0.537196,-0.0029677504,-0.16551083,0.18854621,1.1594825,0.31133798,0.22600222,0.8183378,0.73090434,-1.2491138,0.39879286,-0.5637268,-0.2216727,0.9151718,0.06699003,-1.0083901,0.6816101,1.1830827,-0.16413446,-0.09892882,0.6056916,-0.36124325,-0.13904433,0.30149117,0.7030057,-0.09695115,0.007888287,-0.1531893,-0.094009735,0.63682413,-0.0067374776,0.9230376,-0.08353583,-0.6115367,-0.98614186,-0.69832295,0.10700785,-0.43160716,-0.3594602,0.83083373,0.2611513,-0.5669777,-0.10776416,0.0372448,-0.70069253,-0.5462477,1.2134295,1.0225785,0.28914812,0.72959894,0.005900381,0.16875744,-0.348445,-0.24803683,0.037233613,0.011935283,0.9905375,-0.10299181,0.80008584,0.62334156,-0.83660465,-0.46241567,-0.95844424,-1.3053198,-0.32763848,-1.8878624,0.41730148,1.0049278,-1.0010096,-0.62035084,0.5342782,0.8269909,-0.43979535,0.30499408,-0.432686,0.2595155,0.7586141,-0.6524496,0.4197025,-1.8432672,-0.2141321,-0.23538095,0.29414663,-0.43444785,-0.4380266,-0.27791202,-1.185757,-1.230704,0.66964656,-0.3853506,0.87091714,-0.66183496,-0.50940377,0.054132994,-1.4706658,1.6175044,-1.577283,-0.43187416,0.56075454,-0.07031411,0.62712705,1.1954714,-0.7203057,0.46702644,-0.49498075,1.5615371,-0.7808899,0.13602273,0.64001197,0.71988237,-0.8398953,2.0043516,-0.34930992,0.73027104,-1.177083,-0.39020804,-0.49123424,0.10649953,0.89337057,0.45110664,-0.0772899,-0.5309158,-0.19277272,-0.7163891,0.18024713,-0.3865975,0.933418,-0.87969047,-1.0337685
0.1825714,0.2546923,-0.1299962,-0.72893417,0.7009766,1.1182072,-0.60105205,-0.8618482,-0.28209892,0.3637456,0.31421506,0.2563463,0.041245356,1.4311706,-0.44798163,0.717528,-0.91267574,-0.058651973,0.40282297,-1.0801996,0.529743,-1.4982895,-0.08818711,-1.6085159,-0.7732756,-0.5140009,-0.40478274,-0.65454423,0.40379694,0.6230864,0.09726197,0.6379709,-0.61899894,-0.05299818,0.58983165,-0.5179545,0.46082667,-0.6353615,0.0006121423,0.91419303,-1.0924807,0.72779614,-0.549329,-1.5201794,0.34195337,-0.004142237,0.83150005,0.15480629,0.18329713,-0.27594185,0.6256315,-0.9971522,-0.30724823,0.30957577,-1.1973435,-0.5097486,-1.3848025,0.14370286,0.4249563,-0.11774746,0.15935527,0.27736473,1.1031039,0.1313746,0.19880898,1.4071229,-1.2230774,-0.37836975,0.13604309,0.37345883,0.29985276,0.124464065,0.22714801,0.41100594,1.383579,-0.08825194,0.064114586,0.50078785,-0.34322283,-0.072775684,-0.615074,0.49288836,0.042971026,0.4902697,0.139944,-1.680821,-0.49368256,1.1205585,-0.2968537,-0.75991917,0.86751044,-0.36181468,-1.0303577,-0.9108929,0.82221895,-0.6874388,-1.1918329,-1.2646922,-0.22071648,-0.2023041,-1.0443089,-0.7112426,-2.0028732,-0.002363582,0.42195797,0.30461964,1.1353935,-0.8916484,-0.5058341,0.39150792,-0.29368496,-0.1656593,0.32435107,-0.06141911,-0.43200845,0.191913,0.5534788,0.89494574,-0.32820907,0.35944232,-0.41364437,-0.35467377,-0.5502044,0.37438583,-0.7529832,0.8096404,0.5465434,1.2861183,1.978791,0.024950657,0.120384045,0.7177757,0.45515195,-0.15253903,-0.19936562,0.81025356,1.1950333,-0.5416486,0.15856105,-1.2278112,-1.1083057,0.100250855,-0.49370328,-0.08327088,1.3954897,0.16900282,-0.26218474,-1.3046448,-0.17887716,-0.5943257,-0.8315804,-1.0337763,-0.060417283,1.2732068,1.1800371,0.845103,-0.25342086,-0.52179456,-0.21868338,-0.24121661,-0.10770144,-1.0371816,0.2513665,-0.47419766,-0.9415281,-0.5964299,-1.8423381,0.6106944,0.10764092,0.67310244,0.13503003,-0.5681219,-1.2416464,0.9045074,-0.94217145,0.5098458,0.5734334,-1.097096,0.16117461,0.7771319,-0.23546405,0.11643748,0.7275882,-0.06812871,-0.47267717,-0.051425774,-0.83639836,0.66040844,0.4448121,0.07099882,-0.32585967,0.5518201,0.69100225,-0.1643094,-0.7517461,1.7770936,1.5812984,-0.48119265,0.8091436,0.17741631,-0.039764203,0.68869054,0.5736621,0.86827374,-0.49785313,0.019775013,-0.8552001,-0.110523984,-0.24453348,-0.34026405,0.75945723,-0.5482429,0.6797003,0.33042857,0.33224675,-0.5810788,0.6979633,0.8799435,-0.6176602,0.23185036,-0.5730383,-1.3296231,0.9541569,0.5379161,-0.9751749,-0.5463117,-1.2763171,-0.3550295,-0.81150264,0.77428854,-0.5211439,0.54559463,-1.3265578,0.39664724,-0.75286436,-0.9929937,0.76413727,-0.0631782,0.6560744,0.30589503,-0.15921572,-1.1167356,0.24494538,-1.0758529,0.5230542,0.72935617,0.7141489,-1.5737048,0.50351554,-0.49211112,-0.068538405,1.8435111,-0.2341139,-0.26146552,-0.85559475,-0.17550057,1.1735723,-0.25769028,-0.13460204,1.2101231
1.4205786,0.22724558,0.5589155,0.32097456,1.4463152,0.34734958,0.7098566,0.740257,-0.12475295,0.26691812,-1.2104294,-0.76222014,0.62752455,-1.1225739,-0.41457626,-0.15163435,-0.592168,-0.5490488,-0.7376258,-0.12977378,-0.15947104,-0.053128168,-0.4355409,-0.27064893,-0.083291106,-0.11210773,0.87507117,-0.99094677,1.5274566,-1.276571,0.8265314,-0.7741976,0.7973996,-0.04038241,0.6033186,-1.1491486,1.2648412,0.5656885,-0.620846,-0.71468395,-0.5038311,-0.93098885,0.31915304,1.0905782,1.0277429,-0.6058305,-0.026400097,-1.2467009,0.78535676,-0.27569953,0.25968558,-0.0625517,-0.08229252,-0.7423755,-0.36299646,0.86694795,0.08192485,-0.6936853,0.42603606,-0.5191204,-0.27877527,0.0036481558,0.5813034,0.6009388,-0.8078136,1.1854994,0.047547817,0.29656255,0.022165723,-0.6280086,-0.39232287,0.49091223,-0.29765627,0.5836859,0.6725894,-0.47703147,0.339114,-0.25190702,-0.8084888,-2.0300457,0.32687175,0.29635584,-0.65978795,0.0370525,-0.8420458,-0.53079104,0.2744743,0.9536953,1.0724206,0.1458654,0.8570517,0.97430897,0.5169155,0.5954874,0.5583414,0.8209691,0.46682757,1.8477235,0.110045046,0.43963137,-0.8213359,-0.40544906,-0.6288636,-1.0536165,0.13473576,-0.28467068,-0.050117984,-2.08111,-0.45039597,0.55005527,0.6563735,-0.9183358,-1.1242017,-0.30801943,1.6083295,0.33729646,0.03676867,0.0439422,-0.77334166,-0.96617895,-0.6391406,0.459488,-0.045517582,0.027467692,0.5118441,0.43111536,-0.2572588,-0.22013709,0.044474203,-0.22000884,-0.08913415,0.31616175,-0.19672601,0.26177126,0.6794508,-0.21113831,-0.4737491,0.359637,0.7741477,-1.0073386,0.6047079,-0.7625407,-0.25186428,0.37591878,-0.014524362,-0.592072,-0.43252456,-0.0059921774,0.40124917,-0.51763016,-1.4113629,0.008397058,0.43427706,-0.1741663,-0.0010919676,-0.45168757,-0.845945,0.5371998,-0.14323339,0.5452732,-0.7538328,0.34712443,-0.37882406,-0.4852047,0.026336946,0.3899771,1.2700814,0.1388606,0.36644214,-0.69215643,0.09991352,-1.0771307,1.4536725,0.3502577,-0.51733994,-0.22441337,-0.80424136,0.24482001,0.30056304,0.2541075,-0.89403677,-0.50343555,0.4169398,-0.3085461,-1.1128259,-0.7752771,-0.34117943,0.02696597,0.22164774,0.56664234,-0.6109945,0.54043937,-0.0787654,0.055370793,0.462864,1.2133933,-0.40149283,0.78694165,-1.323238,-0.5637664,0.61507124,0.62051696,0.6655714,0.6022945,0.6226724,-0.48660487,-0.69640577,-0.8117037,0.07500624,0.58117193,0.17027447,-0.7591939,1.1354418,1.1292275,0.0013917091,0.807536,0.043646336,-0.4162267,-0.06765516,0.1137611,-0.29342327,-1.3243191,-0.089537784,-0.21098235,-0.9746631,-1.4348968,-0.90793264,0.7103119,0.7492721,-1.4693668,-0.3675254,-0.11478449,-0.46069112,0.06066742,-0.4006655,0.059867714,-0.40266323,-0.6513902,0.13163996,-0.19015923,0.079159044,0.106727056,-0.39557153,-0.3276078,-0.09278478,0.12557338,-0.73769444,-0.19509374,2.0505009,1.206156,-0.270032,0.58954936,-0.818243,0.7410086,1.0675138,0.32076398,0.6649654,0.73585284,0.8206416,0.06072221
0.5511068,-0.20058252,-0.36104953,0.36679327,-0.8804527,0.44339558,0.2870636,-0.103207484,-0.7828495,0.4699895,-0.078669876,0.08817374,0.50948316,0.106618986,-0.89414394,-1.1663814,-0.64215934,-0.13416353,-0.9654646,-0.5753233,-1.066799,-0.1220156,0.39683256,-0.32708663,-1.4112707,0.52587986,-0.09598668,-0.9882034,-1.0310715,-0.051080868,0.39536726,0.0040627914,-0.27166197,-0.023902573,0.0024562175,-0.19836603,1.1579969,0.83836025,0.23797151,0.55556595,1.3897734,0.4483447,-0.74988276,0.8985671,-0.446976,0.041091107,1.0043585,-1.0540475,0.6039142,1.2775333,-0.66706747,-0.6858077,-0.4295062,-0.30953223,0.5988911,-0.025035167,-1.2760863,0.38912892,0.0024223973,-0.025313381,-0.4944668,-0.28777835,-0.6099117,0.4978822,-0.27304924,0.09330652,0.48743644,0.24472949,-0.5082453,-1.1161845,1.1704948,-0.35892585,0.15646331,-0.30104864,-0.77676696,-0.005740695,-0.3946518,0.17356148,-1.1920274,0.4363083,0.2924108,-0.20397541,0.5425117,-0.1626856,-0.15945345,-0.25069943,-0.95381606,0.5273008,-0.14321785,1.0057228,1.2157547,0.06490102,0.74553347,0.36457732,0.3005781,-0.7619359,-0.21603785,-1.2940965,-0.37604335,-0.7881129,-1.1569825,0.41488037,0.31138328,-0.8138499,0.7067403,0.39359894,0.112869725,-0.1628052,-0.96955407,-0.30215922,0.15656447,-0.5825963,-0.6509833,0.24582824,-1.5665662,-1.0637023,0.028217174,0.45713302,-0.5181881,0.34710374,0.25703353,-0.08175209,1.11991,0.23229109,0.3400441,-0.68627787,-0.55892676,1.2810004,-0.80987,-0.23901229,0.22128966,-0.20186102,-0.035437737,0.17925394,0.21546623,-0.37214857,0.10993286,-0.35438704,-0.3118488,-0.54347503,-0.6194456,-0.93795604,-1.1378233,-0.9349924,0.12131245,-0.01578546,1.0722414,-0.23733927,-0.014997466,-0.4991194,-0.038821302,0.28603208,-0.50886494,0.6220847,-0.022428038,0.23543568,0.2930448,-0.3022532,-0.6299336,-0.2912912,0.19655503,-0.16955239,-1.1455429,0.13385007,0.056774065,-0.16063377,0.00511891,-0.32378754,-0.56096494,-1.1957037,0.25583133,0.8883844,0.91277534,0.44113633,-1.7436563,1.1087939,0.982756,-1.6361417,-0.5911383,0.036143847,1.1844329,0.99929845,0.80438507,-1.6156095,-0.1607108,-1.0019122,-0.0329371,0.27182442,-0.23215477,-0.32873654,0.2238357,-0.86073774,-1.1398045,0.42098033,0.28259918,0.006875738,0.7851402,0.65443015,0.032387506,0.0756284,-0.46147618,-0.8235748,0.48544982,-0.5520179,-0.12569836,-1.6083852,0.15066358,-0.86829495,0.68921655,-1.020879,-0.47060066,0.1392946,0.5517334,-0.0596743,-0.4942273,-0.15622179,-0.3361902,0.5260896,-0.2616295,0.06918685,-0.37469184,-0.8698951,0.59161794,0.22684988,0.47265872,-0.73377246,-1.013483,-0.02606414,0.25382653,0.19794968,0.111723065,0.42405206,0.69227153,-0.1320125,0.969575,0.4213705,1.3985298,-0.8478243,-0.30070934,1.3898821,0.45620722,0.5295795,1.098555,-0.1376027,0.5744285,0.14025167,-1.0320181,-0.6881288,-0.519613,-0.050143413,-0.4905512,1.0551575,-0.46897048,0.47178718,1.3625104,-0.2079852,0.96945494,0.6241561,0.4550528,-0.40702716
-0.03903403,-0.10470787,-0.7700936,-0.7019301,-0.70372176,0.10115292,-0.08761606,-0.6029305,-0.54623,0.46290717,0.47723857,-0.05656731,0.40589583,1.0539942,0.12797786,-0.44540575,-0.7008223,-0.65319157,-1.1100768,-1.0990529,-0.23573759,-0.91148067,-0.3671197,-0.65253454,-0.48761603,-0.10658271,-0.004921406,0.09613532,-0.11539802,-0.28367957,0.09775039,0.079758376,0.83520573,0.5379061,-0.054684762,0.8885934,-0.6497066,-0.1432143,0.6866018,-0.25589934,-0.03946142,0.91905284,0.92429453,-0.024317987,-0.30223316,-0.024009116,0.859029,0.8062272,1.3757145,0.37966824,-0.21627045,0.4295614,-0.5157626,-0.07449153,0.74055314,1.026284,-0.5125026,-0.45399052,-0.98371047,-1.556623,-0.39344564,1.5483577,-0.6713819,-1.0700033,-0.0069373487,-0.40809605,0.10311558,0.14664641,-1.0900761,0.20698711,-0.14077081,0.3076561,-0.06730606,-0.30823147,-0.1855278,0.36828142,0.124566264,0.048363797,-0.13847303,1.1779103,-0.48532182,0.22783965,-0.11115491,0.6944391,0.4247185,-1.174705,-1.3693795,0.95595616,0.30445677,1.506778,-0.40968212,0.18937239,0.1702378,-1.1295955,0.3863923,-0.95977163,-1.1567081,-1.2273735,0.2193613,-0.8012127,-0.2322657,-1.1279064,-0.37485683,0.74085236,0.11960813,0.20724325,-0.36331826,-0.06435745,0.9556092,-0.2899609,0.56702095,-0.51002437,-1.0982703,-0.0010289702,-0.28062597,-0.65649533,-0.15433459,-0.24071196,-0.16547279,0.7418168,-0.9461987,-0.81281334,0.36342657,-0.074040614,-0.58456385,0.9778555,-0.54938895,-1.2106909,-0.7648821,0.7047908,-1.1493852,0.82310444,-0.34789735,0.44824758,-0.36991155,-0.23929434,-1.4902749,-1.4179362,0.1877463,-0.312408,0.5259795,-0.12585697,0.8981833,-0.3417996,-0.55011225,-0.4494255,0.86370146,-0.54984003,-0.33877444,-0.20538825,-1.0383513,-0.19217269,0.81946725,0.20799406,0.5479865,0.006418667,-0.11753898,-1.3110781,0.23224737,-0.6992518,-0.67679465,-0.90926546,-0.34470904,-0.47753176,-0.05776935,0.012256897,-1.2345438,0.71290004,0.21657744,-0.077918544,0.98490834,1.5712948,-0.8642454,0.43865663,0.37509724,0.24239588,1.0413486,0.002943426,0.5187449,-1.7695719,1.1118082,0.3910404,-0.9677044,0.77221656,-0.19703916,-0.6350051,0.09511036,0.15298834,0.82452846,-0.751453,-0.66429853,-0.63162786,-0.18596306,-1.2036027,-0.99999446,-0.22318359,-0.406833,0.0902794,-0.017141119,0.32535678,-0.05475265,-0.16207506,0.35992762,-0.22899117,-0.42893147,0.70241827,-0.48906693,0.52959144,-1.369672,0.6377504,0.16703188,-0.25476825,-0.22314264,-0.13482785,0.47814038,0.1043333,0.562169,-0.46686068,0.42752767,-0.2748246,-0.16179436,0.010408079,0.018736824,-0.72627884,-0.94899595,-1.0263911,-1.120495,-0.4927342,-0.1404476,0.4950408,-0.27445954,0.4968666,-0.430493,0.01907811,-0.8917798,-0.36802587,-0.9789901,-0.35772297,0.54124767,-0.18493296,-0.08921019,-0.3344449,1.0495769,-0.0654356,-0.59996873,0.108821556,1.1190591,0.37832427,-1.1846532,-0.060828555,0.880983,-2.3408315,0.39039445,-0.06650836,-0.4181233,-0.07583638,1.0899744,0.31185767,-0.1482069,0.3249421
0.73869294,-0.6383386,-0.6523566,-0.06603977,-0.61393344,0.34924534,-0.20458423,-0.62120324,0.22212948,-2.8136148,0.98037595,-1.2442884,0.31219804,0.34233108,-0.3808256,-0.4223127,-1.1990619,0.33683637,-0.8122997,-0.40278625,0.10357622,-1.2141703,-0.61447674,-0.88730854,-0.78619176,-0.35526288,0.8196714,0.6736917,0.13869458,0.20214194,-0.34964216,1.6153711,0.36108857,-0.15580706,-0.093040705,0.15457918,0.28573418,-0.090445176,0.7690323,1.1443006,0.24566238,-1.6532652,0.06626395,0.9038772,-0.9491632,-0.7735885,0.56563723,-1.0797539,0.7047322,-0.017187966,-0.07652232,0.30987746,0.15268584,0.28712234,-0.705571,0.6538367,-0.24291399,-0.062331166,-0.06787311,-0.2665538,-0.632067,-0.15176773,-0.17101522,0.13926205,-0.58179957,-1.01713,1.729569,0.37694156,-0.5199819,-1.3363705,0.45129216,-1.6454126,-1.4264219,-0.3569295,0.059438482,-1.0958755,0.754748,-0.15868145,-1.0412074,0.11800978,-1.0108476,-0.88609946,-1.9523594,-1.5737436,-0.23858215,0.89288276,0.86110806,-1.5338913,-0.9056556,-0.6250411,-0.39883456,0.044918627,-0.6682948,0.02458541,-0.28828463,-1.5502732,-0.21050546,0.22990875,-0.5408827,-0.5028916,-0.82503754,0.26193303,-0.2644028,-0.38178325,0.12400372,1.4267852,1.6335537,-0.4308773,-0.5926168,-0.2625752,-0.90347564,-0.6832587,0.44031107,0.16760279,-0.41485253,-0.38034734,0.5806396,-0.90632194,-0.4471426,-0.6276639,-1.3247758,0.6740332,0.2684349,-0.16963871,0.9738104,0.08233077,-0.5140128,1.288045,0.22013554,-0.27568576,-0.34689108,-0.4884621,0.15362532,-0.19896095,0.25386113,-1.1179671,-0.6864608,-1.3345991,-0.31405437,-0.31414247,-0.856082,-0.2752057,0.09707525,-0.13815457,0.48136273,-1.0854726,-0.3618918,0.13908795,0.8304528,0.28507724,-0.953298,0.3770655,-0.10138931,-0.7180993,-0.76635087,-0.351121,-0.6240833,0.09477301,-0.19716422,0.1235089,-0.027260385,-1.0887067,0.0018819439,-0.5591913,-0.6103312,-0.4267365,-0.7084353,0.41113445,-0.16702369,0.98323554,0.49834242,0.23571749,0.2970335,-0.13491036,2.1036448,0.27883658,0.016746268,-0.9245468,-0.2697437,1.3478007,-0.5369822,0.26761842,0.010197852,-0.16047622,-1.310677,0.7320593,-0.59945685,0.16975954,0.03186619,-0.12172373,-0.3488016,-0.68969953,0.026323853,-0.06884005,0.28647023,0.3416179,-1.0056771,-0.32424366,-0.5576304,-1.0080973,0.8670474,-0.51363134,0.211492,0.42961735,-0.009454372,0.19778982,-0.06534117,0.40972114,0.53485864,0.60938454,-0.54693323,-1.3852837,-0.21169233,-0.02619703,-0.43792298,1.2393281,-0.25443658,0.9969829,0.07108182,0.8688427,-0.18478669,-0.14148922,-0.5558542,0.393863,0.39277452,-0.91020983,0.106595345,-0.4214839,-0.55042386,0.42838126,-0.80569,0.52465564,-0.25448495,-0.8285098,0.32833657,-0.4964858,0.26795906,-0.20929632,0.59060854,0.073188305,-0.9352996,1.6236897,-1.7591143,0.94419605,0.57868284,-0.20941608,0.8522191,-0.40364817,0.6443532,-0.67296356,-0.5857317,-1.6878527,0.7897274,-0.15116975,-0.8821611,1.5459577,-0.06263707,0.18334538,0.65466654,-0.09467864
0.8462461,-0.27076998,0.6177972,1.0705234,-0.43967187,-0.49962533,0.27267134,-0.13425931,-0.06321597,-0.80784655,-1.4591548,-0.91428864,-0.7619381,0.7736324,-0.4404437,-1.2464659,-0.06424238,0.3895606,-0.35382804,-0.60923356,0.12671569,0.6037349,-0.14227146,0.21518435,-0.022549884,0.3082191,-0.31548744,0.76505005,-0.5786539,-0.04363837,0.0051255045,0.96218616,-1.3375235,0.5836604,0.048897225,1.4137262,-1.2996353,-1.7083915,-0.0047370014,0.18894579,0.664163,-0.10527781,0.50788766,-0.8649083,-0.12281358,-0.07333966,0.4379568,0.48892665,-0.25499412,0.30090687,-0.24639949,0.49010256,-0.5016558,-0.23202081,0.6501304,-0.64695054,-0.63526994,-1.6034237,0.16424638,-0.49156043,-0.5858723,0.02704519,0.15961151,0.5778082,-1.1674359,-1.211601,-0.05881921,0.073518164,1.4375308,-1.7621844,-0.57640153,1.2984935,0.5176156,-0.44587642,0.0142422635,1.2367936,-0.115306266,-0.47448784,0.7417066,0.833774,0.70399576,-1.504948,0.1495156,1.1492727,0.35852906,0.1718003,-0.64789295,-0.35526323,-0.0343936,-0.20112985,-0.0017654127,-0.5897556,0.6768575,0.73092544,0.5975607,-0.25745577,-0.63070214,-0.4459752,-0.063830316,1.145989,-0.44451648,0.75829387,0.18293688,-0.8174351,-0.49507862,-1.5681261,0.046099752,0.96676505,-0.038837913,0.43764412,-0.042937648,-1.0261279,-0.27765915,-1.2972475,-0.82959723,0.98251814,0.90867066,0.09049226,0.08721274,0.7849786,-1.1272535,-0.875526,-0.68964946,-0.30510756,-0.94487464,-1.4600375,-1.032056,-0.45911875,-0.25602275,-0.9017094,1.3714432,0.62531644,0.16432264,0.01266059,0.37091982,-0.6296503,0.2873511,-1.0754355,-0.6569257,-0.9505257,-0.072389536,-1.3647524,-1.1787457,-0.24703419,0.82180387,-1.1190703,0.2482297,-0.10566905,1.0291156,1.0246952,-0.115998685,0.088534154,0.5835372,-0.5202716,-1.0076969,-0.6406251,0.57647717,-0.8108621,-1.2256879,-1.1878153,0.028983546,0.05028665,-0.8023529,0.86508095,1.1513765,-0.44280815,0.278357,0.7599565,-0.4068443,-0.1369825,-0.42037508,0.6425574,-0.7457274,-0.83171576,0.27677745,0.7576847,-0.31542912,0.47579408,0.4147427,0.66573393,-0.9554037,-0.47925353,0.06585037,0.46802232,0.29470706,-0.7752344,-1.2770902,-0.73782414,0.45563546,-1.3145987,0.62523705,0.7216969,0.42543474,0.2624806,-0.72766066,-0.7227965,-0.045168936,0.5417687,-1.0485355,0.10236054,0.098872766,0.14219166,0.13054955,0.5586712,1.4128186,0.2972429,0.72108305,-0.34224674,0.2872161,0.11511547,-0.19944827,-0.68577963,-0.83865917,0.39998806,-0.6706969,0.5294433,0.6798987,-0.013068958,0.5347855,0.8170018,-0.78104204,0.38794184,-0.19371302,0.51195765,-0.5249722,1.0134252,0.47787157,-0.12401579,0.5973318,0.016443072,0.13510288,1.1072327,0.43753815,-0.55561954,0.306948,1.1169733,-0.57034796,-1.2658337,0.5015539,0.022014964,-0.6007954,1.1009105,-0.75550026,-0.8709315,-0.31611162,-0.52823883,0.106173374,-1.4731047,1.0312513,0.4733201,-1.3519272,-1.0358378,0.87274706,1.4843394,0.6098206,0.48897097,0.06905946,-0.7140275,-0.6310017,0.06805447
-1.256429,-0.37872842,1.3176962,-0.9040533,-0.17224249,-0.33287975,-0.5379528,0.5540034,1.5157791,-0.76766986,0.96665823,0.60874814,0.5207036,-0.3636788,-0.8068115,-1.0860329,-0.86144,-1.2658466,0.4353946,0.29774192,-0.18691508,0.04506781,-0.8669022,-1.5770286,1.1592883,-0.5776505,-0.4354433,0.18914361,0.15202846,0.5293035,0.0034395126,-0.13046385,-0.8454157,-0.5649404,-0.89278674,-0.07874342,-1.1424145,-1.2453463,0.99947584,-0.18776877,0.24210836,0.06072885,0.11797257,1.1515192,-0.6927658,-0.19699714,1.1874136,-0.3187967,-0.7635041,-1.2403365,0.68447936,-0.23841844,0.8042036,0.8479289,-0.27890033,0.00639622,-0.874306,1.0815318,0.40708032,0.1027903,0.36819696,1.1949759,1.2552083,-0.8711734,0.57638085,-0.19310226,-1.1322788,0.7341628,0.015539493,0.49585,-0.9216895,-0.8806567,-0.40790692,0.025632031,0.5948202,-0.7034022,-0.40530866,-0.49497464,1.0506306,1.4641671,0.4928612,-0.39760724,0.8743302,-0.029769808,-0.7805708,0.19963782,-0.05059725,-0.081067584,-0.39208296,-0.20680065,1.2298577,0.35502324,-0.6979119,-0.47666344,0.61256015,-0.06409542,1.2740984,1.2574228,0.9593064,1.2976469,0.70275456,0.39945632,0.3028553,-0.9027162,-0.8899844,-0.5012613,0.20512958,0.07747214,0.23046416,0.83288026,-0.6715843,0.4125581,0.96668375,-0.15965675,0.3081175,0.4322176,0.8076921,0.60819983,-0.6201104,-0.048300926,1.4028094,0.87900555,-0.025945444,-0.46228945,-0.18931368,0.88728386,0.20995787,0.2405151,0.010827647,-0.39093697,-0.9104657,-0.53843665,0.25729096,0.13344893,0.6746197,0.6679973,0.48556262,1.2407877,1.3899729,-0.5979424,-0.60551107,-0.3113847,-1.3059459,0.04169224,-0.5344028,-0.2160037,-0.8674374,0.15856303,0.7292766,0.044131216,-1.0423032,0.41675606,0.40056315,0.07544404,-0.9526332,-0.31125066,2.2430089,0.5021173,-0.5924194,-0.02532379,-0.31385982,-0.6563917,-0.5383065,-0.89681494,0.032575898,-0.34547645,-0.51527345,0.29703492,-1.4946222,0.2211896,0.33032408,-0.8627435,0.5288576,-1.6007642,0.56599844,0.4478987,-0.92430574,-1.6187477,-1.2693733,1.0404658,0.3298571,0.51875275,0.71141565,0.009402477,-0.11366777,-0.19735326,-0.22121693,-0.5076958,0.68140054,-0.23300953,-0.6889047,-0.7897755,1.2878091,-0.89697546,-0.43055576,0.61011106,-0.16495438,0.020055195,-0.822326,0.35025245,0.878948,-0.8350387,1.6959181,0.7337623,-0.55160314,0.9259088,0.60109943,0.23779044,-0.70005393,0.86462325,1.1375303,-1.2627268,-0.23657173,-0.93847686,0.97711074,0.424804,1.0071021,-1.366636,0.5257159,0.28550613,-0.6116532,0.28917223,-0.7550689,1.1457055,-0.054054447,-0.41424,0.9210114,-0.03014419,0.65392023,-0.43760502,0.17144248,0.5925838,0.5821955,0.44558993,-0.5870316,-0.03682163,-0.15259434,1.2928673,-0.40961277,-0.9948304,1.1827798,0.7141674,0.42233908,-0.8484345,-1.1646092,0.14830607,-1.2372001,-0.9774789,0.7928329,-0.30389443,0.41626462,-0.01919351,-0.055651683,-0.196112,1.4476744,-0.26545653,0.98258704,-0.21011053,0.6336076,0.56498635
-0.051036913,0.40121987,0.72293013,-0.8938572,0.73144007,1.1344842,-0.26335537,0.65341955,-0.111650735,-0.1508431,-0.71610993,0.8967546,-0.17368214,-0.095270924,0.3875972,1.178793,-0.3955971,-0.606061,-0.395931,-0.00050501444,0.9235094,-0.7354527,0.36491048,-0.86091834,0.8795629,0.3503321,0.4740464,0.6406785,-0.515511,0.6297145,-0.8172403,0.27719533,0.5244948,0.23795782,-0.95239764,-0.93089867,-0.22613007,0.69394004,-0.9263469,-0.029988725,-1.0563118,-0.85127366,0.16043729,0.40825668,0.48220003,0.62614894,0.7744541,0.747503,0.38041174,0.41205725,0.8727337,0.0035892595,-0.6064395,0.27121082,-0.24249077,-0.6568117,-0.9406309,0.29015502,0.31016102,0.29388767,0.38865003,0.41028467,1.3501022,0.004433123,0.57477164,0.8609545,-0.048089202,0.5447062,0.87710965,0.42182076,-1.7003598,-0.051647864,0.27375036,-0.98562706,0.2823964,0.4670268,-0.8546214,0.49207988,-0.24041665,0.050497573,0.45682082,0.8262768,-0.04080996,-0.57585967,-0.19354336,0.8417961,-0.29027233,0.8510223,0.16582489,-0.28359693,0.4592102,-1.0542312,0.34221795,0.93750286,0.34813866,0.60449874,-0.43640575,0.21404785,-0.21217424,1.481222,-0.68240476,-0.4466475,-0.38519847,0.6305689,0.13955158,0.7907444,1.139718,-0.60753,-1.0124576,-0.31989473,0.12331541,0.026543565,-0.91720706,0.18850984,0.5100397,-0.2374103,-0.7193751,-0.29317093,-1.0503472,0.3065164,0.90697616,1.0054796,0.4248217,1.5740386,1.3980503,-0.6482305,-0.7398948,-0.854423,-1.0613279,0.9512996,1.134681,0.40378356,-0.64886737,-0.52204317,-0.19681586,-0.14798088,0.122082114,0.09359364,-1.1835412,0.70233035,-0.6669971,-1.7025228,-0.11533904,0.115332685,0.22342174,-0.24560946,0.398189,-0.20124003,0.0021545428,-1.5076718,-0.7705021,-1.2446574,-0.4859412,-0.25192896,0.6333733,0.510036,0.4080594,0.93298465,-1.7467836,-0.07571329,0.65159065,0.108687654,-1.5061628,0.15076739,-0.055915713,0.5439863,-0.66182786,-0.51604056,-0.4028101,0.7789103,-0.43937647,0.26232105,-0.5871012,0.54989016,-0.17720115,0.88187605,-0.4722317,-0.18765216,-0.685291,0.22674783,-0.74824965,0.12320792,0.4206584,0.046203624,0.18407828,2.012445,0.25446582,0.21976595,-0.20915957,0.3984691,-0.5214936,0.4356085,1.0431889,-1.52631,-0.30364555,0.18850376,0.00079919986,-0.10657613,-0.10845559,-0.9255587,0.13530134,-0.33838373,-0.009600227,-0.95009255,-0.6519468,-0.8890512,0.81180984,-0.13122551,0.14367697,0.76184326,0.35110366,0.42388642,-0.22615689,-0.61852294,1.6188971,0.02057925,0.11148585,0.63534826,-0.8412014,0.8510333,0.11244198,-0.35413182,1.0307148,0.72359383,-0.52509177,0.4332806,-0.6334792,0.014938407,-0.6931175,0.14268313,0.5334551,0.20476422,-0.7678608,-0.5483801,0.34873503,0.4838893,0.094665244,0.27006432,0.99969614,1.1276108,-0.26001033,-0.5870117,0.5372478,1.4011369,0.9132175,-0.6715007,-0.84828,0.07410559,-1.8208914,-1.1852168,0.4726074,-2.088396,-0.12725088,-0.8166213,0.58647984,0.34403655,-0.2076486,0.70100445,-0.3794463,-0.46833065
-0.17599015,-0.04886747,0.42837864,-1.1700786,-1.0745233,-0.11242462,-0.66283995,-0.41126996,0.54293996,0.56623906,-0.043854013,-1.6917804,-0.0714059,-0.19605567,0.6529285,0.50635827,-0.11777298,-0.6706281,-0.86394346,-0.75020224,0.5323333,-1.402195,-0.30606166,0.48162296,0.046590917,0.031877756,-0.2904418,0.30031186,-0.13849702,-0.2976976,-0.10613276,-0.4015827,-0.99931395,-0.43657866,0.7523576,-0.8949868,-0.9089474,0.61214596,-0.13173336,0.23052974,0.08503266,0.19882429,-0.485165,-0.44500893,0.23280244,-0.8223311,0.28195632,-1.1805215,-1.111298,-1.303407,-0.099830866,-0.33190402,0.7106401,-0.5294472,0.8801055,0.42906764,-0.77871716,-0.7105817,-0.99451786,-0.056742106,1.0010632,-0.545754,0.16445106,-1.4385955,-0.5966284,-1.2661996,-0.5805102,-0.26613036,-0.46577182,0.8801904,-0.34649855,0.35934725,-0.36027798,-0.06679058,-0.14476472,0.25727704,-0.5822475,0.32607025,-0.3045279,-0.70387626,-0.7077565,0.2960692,-1.1956835,0.4558347,0.81589055,0.17458573,-0.17648342,-0.6099848,-0.57523996,0.016842151,-0.040930685,-0.362766,0.9646608,0.2069172,0.023892112,-0.702932,0.2291217,0.694679,1.377433,0.93986505,0.81393266,-0.26175058,-0.16997863,-0.691736,-0.8667384,-0.11736232,-0.011629159,-0.5878806,-0.40402085,0.39025944,0.0736213,-0.092286706,-0.52516264,0.38287365,0.79639757,-0.070944645,0.5677393,-0.57652485,-0.6127832,0.6950918,-0.063854285,0.035825137,0.4531242,0.21671364,0.592314,-0.045635603,-0.07757536,-0.2666919,0.7220948,0.39705297,0.2806959,0.4615987,1.0374644,-0.4452525,0.14554687,0.88429964,1.4041269,-0.671119,-0.5903249,-0.08868986,-1.9279689,-0.22046107,0.17696388,-0.42884514,-0.09024178,-0.8106974,0.5978401,0.012884423,0.6722919,0.20335668,-0.28589457,-0.087942936,-0.6506195,1.1382917,0.3614306,-0.59774405,0.3930298,1.4179083,0.34184554,-0.12155002,0.121946864,-0.8988465,-0.58312744,0.6806301,1.0202237,-0.1331422,0.84838974,0.41216132,-0.33803445,0.06630941,0.08231135,-0.69902724,-0.8011639,-0.74898934,0.5375242,0.33989495,0.40160426,-0.029917715,-0.32859045,-0.18381152,0.4944402,0.3605752,0.9691188,-0.8665278,-0.24082926,-0.18407968,1.4005138,0.009676248,0.53755814,-0.6110753,0.37712425,0.465085,-0.79213774,-1.2927208,-0.018110882,-0.48134077,-0.3714724,0.68130004,1.3900517,1.6220969,-0.32879943,0.3441313,0.61160886,0.14281698,0.4615212,0.96711487,-0.98977643,-0.65498227,0.03804305,0.76319706,-1.7040322,0.42163453,0.6132284,0.25968063,-1.2812515,0.6443364,0.9655732,-0.39041317,0.7713384,-0.32813105,-0.36068484,-0.2866434,-0.76067334,0.19767421,-0.67062724,1.2606281,0.1479759,0.6183972,-0.49213818,-0.7484941,-0.31203774,0.49960098,-0.030351536,0.7887376,0.14208582,-0.5879456,-1.1407223,0.26891118,-0.87437516,0.5474982,0.08185124,1.8497607,-0.3427799,0.15548384,-1.5125071,-0.636864,0.76922137,0.5509755,-0.5021713,-0.31727415,-1.2748606,-0.69501317,-1.7432897,0.516127,0.3460735,-0.60557723,0.7508342,0.43864158,1.036916,0.711573
-0.2978202,-0.7350536,0.18100618,0.05911016,-0.76851374,-0.3731677,-0.13272394,-1.3993783,1.3370918,0.3607037,0.69467974,0.9055863,-0.17420386,0.4705955,-0.045721274,0.2296058,-0.48257926,-0.3565336,0.44419712,0.0701487,0.22650942,0.17270948,-0.4535796,0.6311236,-0.61864454,-0.9041111,0.8291502,-0.37040886,0.4414621,0.21919154,-0.6983492,-0.24723335,-0.34933284,-1.0460511,-0.9395728,1.3681405,0.3919427,1.2127209,-0.27569622,0.5415977,-0.48593235,1.1863761,0.3370275,-0.35582972,0.2642278,0.5380865,0.56247836,-0.093614556,-0.3625368,-0.9090256,-0.97989684,0.48826745,0.54907155,-0.5666118,0.108563796,-0.0728854,-0.3284946,-0.36660954,0.40914822,-0.3182162,-0.58066756,-0.1936027,-0.75146174,-0.060419988,-0.13279052,-1.2906821,-0.75951064,0.2193881,-0.6987056,-0.53732723,1.4413584,-0.06583238,0.3013333,0.6762335,0.7069805,0.34634316,-0.6198035,0.10219081,0.8168332,0.6285375,-0.49514154,-0.31108454,-0.56049335,1.3426622,0.40505874,1.2140968,-0.13587172,0.9347343,-0.5021388,-0.45095044,0.09513051,-0.8976348,0.18901974,-1.0898365,-0.22488794,-0.99958074,-0.61404604,-1.4367201,0.09110516,0.37883204,0.8117144,0.09864093,-0.23541377,-0.060517397,-1.0790697,0.20691526,1.279613,-0.6404765,-0.01232308,0.3241076,-0.9061537,-0.5899867,0.44675338,-0.91685176,0.29425856,-0.61455506,0.5051677,-0.14622419,-0.08975825,-1.2003592,0.56478244,-0.5826541,0.6203187,-0.1710731,1.0860043,0.9554665,0.43478072,0.31182116,-0.28419426,0.27774984,0.027712466,-0.39771247,-0.5279293,0.16546546,0.42892998,-0.4533373,-0.6365262,-0.15769231,0.4979917,-1.1841013,0.442643,-0.6329645,-0.884282,0.23207484,-0.41044694,-0.25331178,-0.27696592,0.3039692,0.06976515,0.5271442,1.241509,-0.13499191,-0.8778221,1.317301,0.5000278,0.16679838,0.9153318,-0.53486377,-0.5278373,0.3148473,-0.5791959,0.27670166,-0.7160972,-0.0042881514,-0.24783966,-0.2446239,-0.06607616,-0.032933176,-0.2556381,1.0382931,-0.2217773,0.14544883,-0.942499,-1.1251998,-0.10728756,-0.2839001,1.75912,0.9924309,0.9001392,0.34037665,-0.1686531,0.664317,1.247893,0.22903933,0.5976461,-0.2094087,-0.10409786,-0.19551331,0.15762854,0.3172271,0.27411613,0.90644664,3.3293953,-0.017642755,-1.0884244,1.838884,-0.13775226,0.3611444,-1.1743898,-1.1140507,-0.040192157,-0.22752838,-0.45859885,0.2884526,-0.16004293,0.17899656,0.57680523,0.07784103,0.25674847,0.07314455,-0.5040793,1.4421884,1.05832,-0.47314864,-1.1077542,-0.46653697,-0.57586294,0.95520836,0.27792713,1.6904873,-0.77936584,-0.47797397,0.49516186,0.87739307,0.75866693,0.11807111,0.55723053,0.7621541,-0.75373656,0.1629127,-0.35749865,0.45066315,-1.1857058,0.40613517,-0.50825906,0.07393547,-0.5006389,0.47096935,-0.32025152,0.7631561,0.44488364,1.2730099,0.4665058,-0.8525073,0.3415887,0.17664658,0.91745543,-0.60800153,-0.19174297,0.6401359,0.61367834,-0.23611471,1.5649179,-0.7399642,0.43373322,0.58415496,0.42270592,0.43335006,-0.8686495,-0.17517066
0.8110952,-0.69633794,-0.54942465,0.27165237,0.026183255,-1.1087563,-0.95702195,0.18992369,-0.44928262,0.7227258,-0.85514665,-1.4068502,-0.17273097,-0.2965611,-2.0236053,0.6884748,-0.3048257,0.5667511,-0.16779307,-0.22480501,-0.18854503,-0.3665465,-0.4580925,0.19791095,0.23974977,-0.04244082,-0.03734233,-1.1477753,-1.3190234,0.37512583,0.47868332,-0.3274251,0.109690055,0.4274661,-0.098571576,-0.27162167,0.49835005,1.2267373,-0.5300536,-0.26780313,-0.44915938,1.0881957,-0.05384258,-0.24558301,0.46699432,-0.6726933,0.117126256,-0.30621207,0.9557854,-0.50659394,-0.23981197,0.007728652,0.25513008,-0.18076232,-0.5541397,-0.12535158,-0.9665067,-0.30369726,0.0428639,-0.24328761,-0.74566734,0.45972377,-1.0310243,0.05927509,0.85872215,-0.14513339,0.74644387,0.020346487,-0.14819302,0.54883575,0.53248334,0.13320148,0.056234736,1.2444241,-0.42640778,-0.6170739,-1.3564916,-0.37547958,0.5463132,-1.1938558,-0.015402107,-0.33009607,1.1942444,-0.90301275,0.23288357,0.0023803823,-1.7922535,0.9698795,0.20959984,-0.87282586,0.084404275,0.28877974,0.3529919,1.0773224,1.6955788,0.47991532,-1.037305,-1.2998776,0.6850168,0.4098623,0.12107521,0.23426545,-1.0280302,0.83381087,-0.3096947,1.0070839,0.22292486,0.033245996,-0.17588896,-0.46787667,-0.7320331,-0.5539925,-0.4827804,-1.1526432,-0.06548734,0.5612146,0.6067885,0.24808471,-0.59055936,-1.1376251,-0.3072952,-0.060248647,-0.8715383,-0.72932345,-0.65033746,-0.2346062,0.19983271,-1.1982872,-0.7916668,1.0404297,-0.107550435,0.19945063,0.4408853,0.4496141,-0.03816707,1.0147916,0.1421607,-0.53770304,-1.2312642,-2.45104,-1.3181636,-0.21105601,-0.3093016,0.56724864,-0.8060425,-0.7365772,-0.9286987,0.24456437,-1.0363176,0.47990075,0.109260485,0.41704515,-0.24026027,0.10553526,-0.98581356,0.02407831,0.1424777,-0.22305103,-0.32319236,-1.1011119,-0.3668429,-0.54932106,0.30022395,-0.46779105,0.16667995,-0.8637156,-0.63084257,-0.605567,0.22352172,-0.302666,-0.29262137,0.06616229,0.39190552,-0.6469619,-0.279461,0.23514575,-0.65955955,-0.17773812,0.20557928,-0.004202877,0.025972687,-1.2948395,-0.3229344,-0.1492583,-1.1241492,0.98094064,-0.08878851,0.20912333,-0.84066284,0.24362013,0.14812315,-0.9369355,1.5569421,-0.2578173,0.06262814,0.7578189,-0.71198654,0.7133242,0.25701463,-0.23194341,0.13707274,-0.30909702,0.4463264,0.16135037,-1.1988193,0.4007787,-0.70151395,0.31167504,-0.8503272,-0.5012051,1.280232,0.07664597,-0.09601316,0.47177735,-1.067786,0.43009543,1.0615971,1.3180256,-0.2423464,-0.23207314,0.5789579,0.34911302,-0.9229653,0.16594276,0.4801658,-0.09949506,0.11195666,-0.1619543,-0.3250689,1.1950383,0.19125697,-0.16919163,0.5636015,-0.74603134,-0.39286837,1.1018267,0.27331436,0.22131932,-0.11851986,0.29967043,0.051530823,0.7087944,-0.41407064,-0.50705916,-1.5761552,-0.2839727,-0.51994056,0.3030982,-0.9389002,-0.7476871,-0.6515662,0.96693623,1.800602,0.3625623,-0.19598521,-0.19258916,0.32675916,0.75047576,0.53163177,-0.6539087
0.9362885,1.5083354,-0.43565398,-0.053532638,-0.19679214,-0.2056928,-0.3974156,-0.5967267,0.6931891,-0.44632217,1.0418481,1.0477186,-0.43070236,-0.13055585,-0.55264324,-0.53842825,-0.92244816,-0.14390765,-1.0396593,-1.0790268,-0.76449245,-0.25362694,0.77410644,1.270207,-0.0050317175,-0.92921424,0.53318685,-0.62611645,-0.37498352,1.1658183,-0.76880634,0.68676347,-1.053103,-0.52688324,0.049253322,-0.23025784,-0.7992404,0.26143083,0.83328104,-0.38229424,-0.22718298,1.1689593,-0.76834244,-0.7108347,0.16824993,0.67815906,-1.0774617,1.0801997,-0.9962942,0.42275488,-0.08678373,0.047923688,0.5415078,0.6472253,-0.2763581,-0.61725914,-0.1485806,0.75796324,0.09547527,-0.8562767,-0.93519,-0.31582943,0.42338023,-0.12502034,-0.54461765,-2.011139,0.766483,-1.1043606,-1.1153864,1.0073406,-0.9720625,0.45578295,1.6399038,0.2415064,-0.16128978,-0.6135964,0.30732685,-1.1557102,-0.006167197,-0.1254945,0.3622126,-0.12794513,0.7765582,-0.46441722,-0.86053354,-0.21781898,0.24737005,0.095904335,-0.3550069,0.8756827,0.93773997,-0.43607065,-0.37348378,1.1796551,1.4932986,0.48693985,1.6490515,-0.27316123,1.1341908,-0.5869186,-0.238038,-1.3872435,0.25977132,-0.21286117,1.5970443,0.84197366,0.4792342,-0.09160723,0.87847865,0.7976759,-0.17570733,0.64445686,1.1661333,-0.69076616,0.44901708,-0.20642932,0.5585883,-0.4703474,-0.44757593,0.044489544,1.2408899,0.11578649,-0.5020258,0.6190935,1.4653058,0.520336,-1.5365031,-1.3058838,-1.2447912,-0.49380678,-0.415083,0.20757529,0.594227,-0.034390394,-0.6551207,0.34559995,0.15061037,0.24753724,1.179589,-0.35395616,-0.47301123,1.1661527,1.0906597,-0.24249771,0.45223674,-0.36789247,-0.4930727,-0.6514645,-0.43725953,-0.57761,0.68736875,-1.0292169,1.0424033,0.03664775,0.12288006,-0.031871058,-1.0178063,1.0132495,-0.17375042,0.109414995,-0.27318138,0.0613472,0.35952005,0.20200215,1.094621,0.5783373,1.0561213,-0.049610432,-0.5878226,-0.17742823,0.5457174,-0.8541629,-1.0987902,0.94660074,1.4109076,-0.6855273,0.82792443,0.19231798,0.36678725,-0.79412824,-0.4073694,-0.14279854,1.2844146,-1.2057567,0.23909432,0.075698,-0.029313475,0.07705465,0.4142854,-0.6073531,-0.41689694,0.34097382,0.7685777,-0.7767409,-0.052090883,0.023592807,0.18716808,0.08321845,0.11725021,0.031507373,0.054801222,-0.15394251,0.38268098,-0.65854985,-0.71721727,-0.026090221,-0.58805156,-0.6450403,0.076061636,0.62487775,-0.8677449,0.3852075,-0.53781503,0.00047102832,-0.8632733,0.015830847,-0.7948422,-0.61128163,-0.2801469,1.7023402,-0.9062019,0.28114304,-1.1269461,-1.0426702,-0.38756958,0.47875518,1.025912,-0.5384468,1.0498031,0.10695623,-0.08420017,-0.19543196,-0.94415915,0.1378608,-0.38631266,0.61752564,-0.6748464,-0.4223625,0.15735203,-0.4903299,-0.021097463,1.2656426,-0.6285883,-0.17158054,0.26476797,-0.1850616,-0.33251217,-1.422638,1.5050554,-1.1254612,-0.12517373,0.06841385,0.27848187,-1.3578879,0.80453455,1.2971869,-1.0531884,-0.2603945,0.3974952,0.45094106
-0.16502185,-0.98595303,0.11976989,-0.7908825,-0.18980454,-0.64260817,-1.0722941,0.9598227,-0.17352103,0.42733768,0.8181882,0.5462186,0.9807589,0.08154972,-0.4859226,-1.1734679,0.104837,-0.26307815,-0.25541437,-0.23746929,-1.435458,-0.42794025,-0.71500486,-0.715404,-1.6087357,-0.7373493,1.7109665,-0.2880904,-1.2835385,0.08564424,1.488093,0.13956977,0.5716027,-0.41262034,0.9230491,-0.62167,1.3290505,0.5704277,0.27335414,-0.27799028,1.2785642,-0.14678769,0.24949051,0.10354662,0.38782912,-1.2571673,1.1470428,-1.6973057,0.95050645,0.53321475,1.1179254,-0.009510594,0.43182856,0.017379675,-0.9353748,-1.375533,-0.69791234,-0.15336387,-0.52066094,-0.3577993,-0.6474083,0.1996788,0.89083207,0.5218152,-0.19018471,0.937964,1.2081012,0.07775298,0.028192112,0.4619107,1.2199098,-0.6645941,-0.27159762,-0.20801353,0.08834035,-0.12757404,-1.3179159,0.45853913,0.020931095,-0.4537369,-0.028078519,-0.22659442,0.88177997,0.7526876,0.13281679,-1.106767,-0.98643345,0.8005767,0.54611295,0.52326906,0.31132665,-0.7118624,0.5835336,-1.5160642,-0.40844712,0.2766019,-1.8435113,-1.0726246,-0.9530047,-0.48044723,0.08115236,0.84150094,-0.02881482,0.30645242,0.48005974,-1.2172883,0.31727862,0.6469651,0.91758376,0.84596604,0.603209,1.470178,-0.6523178,-0.8422417,-0.5119361,0.8589348,1.1180366,-0.6398549,-0.08951012,0.21993163,0.28340587,0.52847743,0.29233366,-0.7445419,-0.17920215,-0.66288733,-1.628844,-0.50538045,-1.5589182,-0.7268663,0.008822819,-0.10616302,-0.13420576,0.12733641,-1.09139,-1.1268721,-0.9081167,-0.19696893,-1.2364928,0.29368877,1.1561922,-0.43714306,0.36722612,0.8565391,1.3864493,1.4386429,0.4136645,-0.5175593,-0.703333,-0.40711355,-0.09883497,0.020689707,-0.063562945,-0.49569207,0.6634107,-0.18420246,0.4338453,0.40484405,0.58424073,-0.3919193,-0.21167526,0.3856689,-0.38276264,-0.10871599,-0.27095872,1.0383525,-0.97400016,-1.4839007,-0.49910423,0.48356047,-0.21540141,-0.20582059,0.27292892,0.14116147,0.13450722,-0.0012017855,-0.63019675,-0.32198653,0.11224376,0.25461057,0.13940787,-0.20625399,-0.16515681,2.3103743,-0.8221827,0.30212465,-0.26365888,0.35708797,-0.18813999,0.7630271,0.81724256,-0.8945342,0.45545158,-0.24696818,0.22516952,-0.5590525,-1.1592008,0.17851442,-0.07824796,0.84584725,-1.302586,0.18228076,-0.52012223,-0.19401714,0.75126594,-0.20990066,0.67056656,-0.45442525,-0.16817789,0.676554,-0.7613608,0.88216925,0.88757294,0.18179525,-0.40765983,-0.14509119,-1.414858,-0.6826571,0.6813352,0.2746454,-0.23677866,1.1506113,1.0642995,0.9366603,-0.1432868,-0.34014955,-0.41293722,0.20140235,0.9745005,-0.6718349,0.25736818,0.229272,0.8757666,-0.13978478,-0.74191445,0.14555316,-1.1748414,-0.8248535,-0.073980965,0.047870245,0.48950654,0.9799,-0.36899835,0.50001776,0.2169682,0.18632378,0.3840545,-0.43906555,-0.8985979,-0.5086595,0.520886,-0.14441703,-0.81948286,1.8232292,-0.79935044,0.7168728,0.265385,-0.13414165,1.0881366,1.0170938
-0.8062637,0.15450197,-0.89995426,0.022626918,0.37081048,-0.5111786,0.2584849,0.055384677,-0.43602604,-0.36148852,-0.48500818,-0.22017516,-0.4077531,0.32873434,0.9026494,-0.28673142,-1.035894,0.012622231,0.39967656,-0.41556635,-0.41425908,0.044271775,-0.14504002,0.63285345,0.25745663,-0.81801486,1.1994972,1.2659625,-0.79596806,-0.67985445,0.026267648,1.3600758,-0.10003532,-1.1625798,0.0080291,0.73066103,-1.7540509,0.55042607,0.7540893,0.21051607,-0.058721397,0.29098767,1.1181611,-0.33350453,0.99542457,0.68634635,-0.4025599,-0.38977483,0.17463326,0.44440636,-0.6311757,0.7892596,-0.7911897,-0.13296437,-0.7446538,0.25449228,0.60596716,-1.1201962,0.65344954,-2.0416358,-0.058561232,0.051904455,-0.54114676,0.7176463,-0.61991775,0.9630645,-1.2760903,-0.039695833,0.052413985,-0.53041613,-1.1245394,0.9997822,-0.293615,-0.65302753,0.3446735,0.10387585,0.19016667,0.29017234,0.048905212,1.1862086,0.27776915,0.5580646,0.28814137,-0.31905863,-0.4400373,-0.64137,-1.0106957,-0.51316136,-0.01963858,-0.0016701065,-0.32754123,0.09197715,-0.3235753,-0.7116909,-1.2771242,1.4718432,-0.33202878,-0.34630978,-1.346668,0.24794793,1.7455144,-0.41025203,2.2727973,0.39632207,0.10898,0.43388912,0.7781218,-0.23784602,-1.1078598,-0.7074529,-0.52236086,-0.044581167,0.75236136,0.47523335,0.56973726,-1.1528121,-1.0564988,0.15572155,-0.7755424,-0.64323,0.73946977,-0.74681336,-0.15533666,0.44164628,-0.0165611,-0.15745966,-0.52166504,0.8236393,0.8609161,-0.17889228,0.15656318,0.39968142,-0.43386108,-0.09289551,-0.45610818,-0.38912517,0.215258,-1.118097,-0.9169141,-0.3296592,0.19526763,-0.22597393,-0.51254046,0.73508215,-0.034108426,-1.652987,0.6333545,0.48190954,-0.14251304,0.44539708,1.7033936,-0.043776967,0.34435886,0.05994801,-0.259896,0.038786635,0.19190103,0.9742068,-0.68150175,0.53986955,1.8717302,1.5193937,0.6121377,-0.8991628,0.1367877,0.8863994,-0.48304778,0.25232953,0.32635313,0.9131986,0.9618101,-0.27514377,-0.34977978,-0.6167043,1.0804383,-0.78782874,-0.28569815,-1.2233796,0.6971726,0.049813792,0.015949253,-1.384301,0.3446406,-0.9592559,-0.058400933,-0.73879784,1.1925424,1.4332544,0.92160213,-0.14455833,-0.34182116,-0.29666027,0.43171662,-0.585825,0.46039587,-0.1804102,0.2282588,-0.019379387,-0.5032517,0.38276875,1.2677841,0.3265291,0.28139362,-1.3658981,0.29928255,-0.9552273,-0.3320714,-0.35897583,-0.4599653,-0.16232269,-0.9115379,-0.5812436,0.48272476,-0.6494464,1.5767117,-0.113445446,0.90311307,-0.81280595,0.0595029,-0.46465623,-1.4866309,-0.046680044,0.9853874,-0.3182205,0.68994844,0.04752379,0.18107024,0.15982658,0.10678519,-0.06908935,-0.33981988,-0.20320463,-0.3881638,-0.7808259,-0.22279373,-1.0210985,0.56277853,0.19448155,-1.0209808,0.028128607,-0.04291795,-0.71560496,0.85798925,0.47568706,1.4882568,0.24426569,0.8941736,-0.046050224,-1.0110224,1.4628578,-0.1985781,0.10287884,0.98580563,0.11787547,-0.24798763,0.82451886,0.42466998,0.5542334,0.25088868,-0.36141405
0.2534049,-0.23263377,0.4707215,0.37814656,0.02108057,-0.86324453,0.20109358,-1.4397609,-0.068339914,0.042386428,0.30537602,0.46928594,-0.19287312,0.895624,-0.38044608,-0.46890894,-0.071804486,0.035206553,-1.2791961,0.70770377,-0.76234126,1.0538859,-0.62175435,-0.13940223,-0.38366723,0.586741,0.39848778,-0.78051335,-0.5916874,0.18723992,0.0053926297,0.5654444,0.1405664,-0.047139257,0.6208728,0.36043146,-1.2557304,-0.26202917,0.14104944,0.58619225,-1.0088645,0.28802824,-0.40692776,0.49781254,0.9849973,1.2777964,0.021100368,-0.33566162,-1.0863477,-0.015052359,0.7512019,0.19030985,-1.0210909,0.5337865,-0.26378807,-0.20811997,0.23852663,-0.4981762,-0.8874298,0.0033196649,-0.7534252,-0.87225246,-0.07470873,-0.3095667,-0.57450116,-1.0960314,0.10203369,-0.4152344,0.5998943,-0.8580153,-0.3315428,1.087892,-0.4672325,-0.25440422,0.8461021,-0.42557284,-1.0256572,0.071746685,-0.19579092,-0.021529505,0.74541086,0.31695017,0.951594,-0.15664461,0.58651763,-0.59429663,0.07643508,0.0068920036,-0.8825098,-0.15072851,-0.071858965,0.44444105,0.34997216,-0.3446536,-0.24707563,0.040384535,0.2804341,-0.07537037,0.13090809,0.2395988,1.1795456,-0.37547988,0.48432532,0.8921762,0.6780272,0.9650251,0.4495385,0.7222976,0.9648095,0.1735676,-0.27844706,0.33053344,0.08760307,0.10150625,0.3555058,0.25972113,0.38326037,0.64755005,1.1362137,0.1896072,-0.79746467,0.92315894,1.1897843,0.434438,-1.2663002,0.62793946,0.19123726,0.62342,0.3996634,0.6835142,1.0129055,0.49383074,-1.7476256,0.927998,-1.4342186,0.44833708,0.52204835,-0.19252568,0.6346124,-1.4018139,-0.39842752,-1.6543314,-1.3279529,0.130282,0.993384,-0.27956086,-0.0050316467,0.14798631,-1.138113,0.40527132,-0.12800732,-0.56111586,0.289384,0.70274484,-1.018029,-0.11239809,0.31966785,0.026428234,0.28787324,1.7218294,0.3995519,-0.45349148,-1.1087222,0.24407601,0.510141,-2.0217385,0.6387551,-0.6093919,0.7448681,0.67612827,0.087960035,-1.5531396,0.01307002,-0.6918368,0.72126067,-0.58647835,-0.41867885,1.3072412,0.5449808,-0.73752487,-1.0947526,0.35596928,0.21524693,0.07399658,0.7875271,0.960302,0.2780005,-0.47079837,-0.13972872,0.8824394,-0.09877846,-0.30341473,-0.3969594,1.1076818,-0.28989914,-0.97253376,-0.4225539,0.14293677,0.038408406,-0.3265139,-0.23393068,0.31714135,-0.46707493,-0.15281242,0.22994195,-0.8624281,0.23598298,0.5568965,0.041963983,-0.10109438,0.110082425,-0.9367555,0.31243357,-0.049681045,0.5982576,0.93377465,1.1661431,-0.28509593,-0.12156301,0.14122555,0.76097924,-0.79823977,0.13096301,-0.00027328456,0.3107683,0.4896339,0.049348194,-0.32968155,0.79052114,1.6576151,0.7845322,-1.7095656,0.9811766,1.3272588,-0.67177576,0.07775561,1.3953996,-1.1390443,-1.1395226,-0.20016871,0.08016114,-0.57044953,-0.98725665,-0.40219778,-0.81775093,-0.023195617,-0.81760335,0.8223005,1.1690036,-1.3815911,-0.1382996,1.7326287,-1.1385202,0.44078198,0.36691335,-0.6714601,0.28356025,0.7100909,0.19854546,0.18163636
-0.6691909,-0.46900693,-0.5867252,-0.8911026,-0.19709516,-0.64834934,-0.86936986,-0.12490256,-0.045697648,0.038188886,0.019265357,-1.1508453,-0.06904117,0.9486967,-0.8383786,0.5594477,-0.3605767,-0.4611059,-0.5689195,-0.33416098,-0.8737423,-0.6197364,0.5562281,-0.12225151,-0.6174699,-0.73084676,-0.47467405,-0.068109855,0.09720846,0.8228233,0.6976612,-0.78007907,-0.65986705,0.2067813,-0.72209,-1.4477453,-0.7395319,-0.06626615,0.26330873,-0.26494825,-0.14295822,-0.74396265,-0.229882,1.0737333,-0.48888862,-0.017200459,0.7843164,0.026827702,-1.288057,-0.24510689,-0.8315661,-0.27506796,-0.0664269,-0.38602895,0.10932565,0.66397107,-0.0097363675,0.5935602,0.2512274,0.27418834,-1.0789182,-1.4081309,0.9867453,0.49626595,-0.6058824,0.15994747,-1.2100046,-0.44251847,-0.070825934,0.6114278,-0.23732169,0.903228,0.066611186,1.3251585,1.1751161,-0.082492836,-0.6426435,-0.7898958,0.48020864,-0.5149622,0.3309002,0.3635592,-0.59730977,0.7740592,1.0784754,0.41190085,-0.596086,0.50978553,0.108261526,-0.7472537,-0.11943177,0.047179144,0.32878894,-0.32146516,-1.0233904,-0.16987203,-0.42822248,0.6259165,-0.016232908,0.5352526,-0.61220723,2.0939617,-0.57648367,0.5757814,0.31918782,0.34250954,-0.2801773,1.5142007,0.34479144,0.41840377,-1.8335652,-0.39785945,-1.1533182,-0.53080285,0.995525,-0.579588,0.031226797,-0.7482026,0.51700735,-0.98986083,-0.8313402,-0.5945201,1.0309519,1.5323904,0.5954682,-0.39572993,-0.06527456,0.3979138,0.1523477,-0.31481743,0.4684754,-0.19738188,0.43618447,1.8233435,-0.93146825,0.26229957,-0.5678371,0.08116565,0.3912332,1.8473244,-0.09025206,-0.18590583,0.39175916,-0.7088556,-0.5496197,0.97633547,-0.01176513,0.43722203,-0.6610734,0.66247696,-0.32380942,-0.15318353,0.58006257,-0.3753615,0.40028313,0.23180835,0.35472873,-0.7025041,-0.95906687,0.054015234,1.2603924,0.58171725,0.833421,0.18072413,-0.38318086,-0.30332392,0.52892995,-0.17930892,0.31318894,0.96007544,-0.12370223,-0.36101097,0.3448688,0.022760903,-1.3582596,0.114746325,-1.1451716,0.103992596,-0.11965097,0.55831206,1.0575627,-1.2096763,-0.22381853,-0.59271586,-0.61512494,-0.26108405,0.1310945,-0.5021672,0.4369699,0.51932395,-0.49644387,0.33855233,0.19458582,-1.4379909,0.47903088,0.47385198,-0.5912642,0.7927423,-0.31369692,-0.19534025,0.0046617994,-0.8236527,1.5484422,0.6838704,-0.7944464,0.38906944,0.9552922,-0.7827543,1.3388155,-0.4126529,0.18455017,0.5402877,0.13625678,-0.41808486,-0.37895197,-0.22268191,0.13085547,0.21729071,-0.8604912,0.34850088,-0.14439666,-0.28975695,1.0481966,0.28900823,0.41685858,0.26333377,-0.13022354,-1.016084,0.28928268,-0.55022526,-0.7857645,1.3840582,-0.7345767,-0.37212428,0.7663398,0.2120231,0.09253808,1.1134342,-0.34785146,-0.47887227,0.7454581,-0.081888795,0.3083097,-0.22267324,-0.24848305,0.5392084,0.9402805,-1.2255279,0.8059276,0.5275015,-0.13092446,1.1998602,0.42246446,-0.029662281,0.70675284,0.6429137,-0.053055983,-0.08732409,0.52049613,0.7221863
0.17317572,0.0813675,0.73674417,0.21476905,0.9436241,0.75731677,-0.54174656,-0.71145123,0.2713233,-0.22472593,-0.25185034,-0.26392868,-0.32091153,0.51769483,0.095389225,0.1181985,0.049269404,0.1854861,-0.18584485,-0.14437604,-0.20753661,-0.9958851,1.0182917,-0.65059686,-1.0179825,0.3804414,0.28181195,0.83678716,0.3972434,-0.04864771,-0.116776265,-0.81223214,-0.27896842,0.14411768,-1.142387,-0.07907829,-1.1221201,-0.5640421,-0.4852842,-0.028008046,-0.33414444,1.0953385,-0.6503906,-0.68268156,0.2970014,-0.18907388,0.3585605,0.76105475,-0.47608352,0.48657945,0.15451398,0.4486578,-0.08145693,0.022080757,0.85886407,-0.4848851,-0.95668507,-1.0477358,-0.553072,-1.1727309,0.56494725,-0.5856194,0.3860543,0.8566823,-0.9094142,-1.1405087,-0.36732417,0.46946225,0.6758419,0.14648491,-0.2806682,-0.49563152,0.322242,-0.87354684,-0.4723901,0.08884721,0.16387196,-0.95132166,0.99172235,0.07665907,0.535795,0.35195664,-0.02179442,-0.036190066,0.18398786,-0.7224239,-0.70117915,-0.571444,0.771955,0.5102577,0.14127469,0.7149728,0.67629886,0.43468606,0.82551086,-0.18573713,1.3389918,1.4822829,0.17161623,0.14933488,-0.05534928,-0.14743473,-0.15242966,-0.59500927,0.54968786,-0.028704569,1.0282491,0.08706777,-0.47102708,-0.6132208,-0.3748821,-0.57832664,0.66757214,-0.8900678,0.7107737,-0.280412,0.9136062,-0.5044017,0.15436272,0.3209559,0.7567456,0.09459942,-0.08590582,2.138686,-0.46532702,-0.0013139377,-0.69753224,0.5570259,0.006274708,-1.1809223,-0.19475625,-0.7071861,0.14806305,-0.26876742,-0.13152508,-0.22611408,0.75993377,-1.0266578,0.8113771,-0.35321283,0.087125465,-0.3910577,0.72772527,-0.6020656,-0.06409613,0.16444802,0.11144396,-0.16930248,0.5069125,1.1929674,0.08150789,0.011509589,0.05841781,0.81309766,-0.9883066,-0.16540171,1.3507491,-0.55955184,-0.5345636,0.012950146,-0.37178242,-0.49303034,0.14061981,-1.2261376,-0.10049241,-0.14069973,0.6697042,-0.36226824,0.92687947,0.09423589,0.1885954,-1.0745083,-1.3797914,-0.9557143,-1.1477867,0.27711493,0.5847093,0.6262711,-0.474578,-0.8982805,0.05274732,-0.041148923,-0.5358967,-0.12693898,0.25047845,-1.0808165,-0.40121287,0.023932865,0.82634586,-0.77897245,-0.43864775,0.67844164,-1.185845,1.1258874,0.191319,0.229038,-0.26879823,-0.08838751,-0.020322971,-0.4797968,-0.5654285,-0.26737434,0.75815463,-1.118913,-0.5638637,-0.14998952,0.36729223,0.17573807,-0.0882536,-0.11342862,-0.2513627,0.4954212,0.102238744,0.15841693,0.2061024,-0.36114493,-0.20263427,0.7765762,-0.011528611,-0.40970963,-0.423434,-0.16840284,0.4852049,-0.085233144,-0.08149047,0.758279,-0.5848749,0.103151456,0.07512425,0.011173119,-0.06343125,-0.5193419,-0.65385497,1.6356115,0.06742649,0.42249277,0.27963865,-0.5663619,0.67964625,0.65504956,0.085199594,1.9413359,-0.8041604,-1.1437589,0.5468892,0.76889473,-0.1669842,-0.6624398,-0.99456096,-0.7304359,0.008462699,-0.7730785,-0.13591437,1.2130032,-0.8044404,-0.13439168,1.014775,0.03729542,0.44201708,0.5072412
-1.3083392,-0.733528,-0.94358003,-0.021076823,-0.853687,0.121996894,-0.54836524,-0.030597687,0.05898845,-0.7394696,0.04801557,-0.91304564,0.34950906,-0.1639556,0.28455856,-0.3275138,-0.60255504,0.11043679,-0.79863125,0.3699874,-0.1363054,0.7291922,0.13852985,-0.45618874,-1.6995547,-0.41907993,1.3899467,0.28439954,-0.10369353,0.27258056,0.43349406,-0.5041733,-1.1424004,-0.9589225,-0.19283384,-1.2733363,-1.5328419,-0.95281345,0.14548519,-0.14270729,-0.1818827,0.7030657,-0.36030436,-1.0574031,-0.8502879,0.6292501,-0.4817325,0.63818514,-0.55012524,0.4152022,-0.17027077,-0.48122448,-0.7270237,0.79239863,0.46439198,-0.1673825,0.44604352,-0.36246246,-0.25874814,0.14126365,0.37758845,-0.7933189,-0.20533994,-0.45020354,0.59472966,-0.28160727,-0.9850969,-1.6537468,0.009936223,-0.37417898,-0.750958,-0.75098276,-0.16590412,0.71906555,0.79083663,0.21723457,-0.49948147,0.4639185,0.2900232,0.9760846,0.37808535,0.016073402,0.07078676,0.5778385,-0.57828337,0.8684766,-1.0136108,1.2173704,0.8490989,0.567799,-1.2142836,-0.044992674,0.40392393,-1.4206425,-0.15706857,-0.97924346,-0.9344767,0.16992788,0.097694784,0.7146891,0.12357292,-0.32610777,-0.22729944,-0.31751835,0.36652347,-0.5127374,-0.15999338,-0.17531572,-0.7570067,0.87344444,0.47629687,0.65765405,0.3053788,1.4757538,0.0685089,-0.76047355,0.34383506,-0.6202188,-0.74510115,0.14298488,0.5872298,0.6698458,0.37019503,1.3501204,-0.27782512,-0.6847085,-1.3609179,-0.5157635,0.6664645,0.40013078,0.29090118,-0.49622113,-0.17389794,0.076835535,-0.35696837,-0.26504233,-0.021394487,-0.66180605,0.08558717,0.26324376,-0.58105993,-0.17798811,-1.3190675,0.12553038,-0.21667565,0.88548565,0.22001755,0.8055531,0.11904948,-0.3370165,-0.20305046,0.37786007,-0.017167738,0.63847774,-0.10068529,0.973593,-0.2020583,1.5239205,-0.46148586,0.33160535,-0.6784948,0.08625815,-0.5174705,0.6156434,0.9434418,2.2896056,1.2681783,-0.9834111,0.6086252,0.2197741,-0.47616336,-0.31165245,0.9789115,-0.82610023,-1.1755514,0.6655558,-0.2085597,0.000976892,-0.12805258,-0.5219256,-0.2966966,-0.25693613,-0.3433042,0.4121212,-0.5138347,-0.009085735,-0.2547793,-0.4628122,0.37008274,-0.20020613,-0.12794514,-1.6151098,-1.280044,-1.8413789,-0.71440077,0.20376226,-1.0785017,-0.4905582,0.19118385,1.09059,0.27825856,-0.50171924,1.0161272,0.43121943,0.9613726,-1.5988884,-0.10883844,-0.2281309,0.96505713,-0.76176083,0.9526005,-0.5551673,-0.0904636,-0.42298642,1.1978614,0.50742835,-0.78982604,-0.079034515,-0.74190575,0.037464183,0.09737028,0.75545174,-0.26984802,-0.83078766,-0.054513257,1.1489784,1.2029825,-0.42204767,1.054035,0.22282091,0.3899019,0.31196153,0.5846205,-0.036235362,-0.115115374,0.21431631,0.56057775,-0.29075834,0.024775095,-1.0725096,-0.91932976,0.58618635,0.9635063,-0.0035070688,-0.42115214,0.062218796,-1.4835116,0.85771066,0.5776859,-0.46305332,1.9876801,0.5683514,-0.11237855,2.0014248,-1.5304507,0.2647728,-1.136307,-0.6037389,-0.10340299,-0.2763724
-0.34901312,0.25802925,-0.80732954,-0.83363307,-0.23092048,-1.2015194,-0.2881766,-0.29354236,0.65843683,0.037210327,0.07410393,-0.3167477,0.04435651,0.35355377,0.39496636,-0.52620333,-1.772251,-0.47231603,-0.17155962,-0.5067796,0.2540489,-0.16708513,-0.111499265,0.505962,-0.61434346,0.020637209,-0.07994338,0.58685714,-0.25151035,0.18583165,1.0600574,-1.333489,-0.022256657,0.7721097,0.77941656,-0.3218399,0.60347974,-1.1651503,-0.024736036,-0.7032628,0.7819769,0.5928794,-1.1966068,-0.5675267,0.295807,-0.5605112,-0.5631759,0.8078031,-1.0259935,-0.54931426,0.41622224,-0.32343376,-0.8891011,0.31672782,0.74338347,-0.09936908,-0.09195153,-1.1984535,0.48895144,-0.78877336,-0.61565244,-0.8997634,0.18061286,0.49350056,0.29534277,0.3258342,0.75288045,0.25782746,1.0429131,0.4855875,-1.055761,0.780303,-0.46455282,-0.62132406,-1.1688653,-0.098710135,0.7955171,-1.2297455,-1.255,-0.40686083,0.33143333,-0.9657382,-0.63725,-0.5609196,0.050472744,0.88266844,2.0263631,0.31310844,0.31438515,-0.5871392,-0.49725395,0.06064019,0.39335322,0.14386828,-0.31466407,-0.51716477,0.45671082,-0.517012,-0.39356485,1.2251526,0.06920936,0.83908,0.37477052,-0.21374187,-1.0513802,-1.7097365,-0.2814514,-0.50660497,-1.3365556,1.5550206,-0.76797456,-0.04086465,0.3338445,0.24509735,-0.7495334,0.37158686,-0.53510183,-1.745894,-0.9077289,0.21945474,-0.03336708,0.6850733,-1.129782,0.22496687,-0.27403998,0.40529028,0.31487375,0.91488534,0.057772342,-0.02925552,0.16831449,0.7735498,0.48627093,-0.5696672,-0.31680423,0.28562158,-0.20646864,0.13415273,1.1647863,-0.922202,-0.765446,-0.21002604,-0.15653217,-0.539847,-0.575723,0.5478484,-0.0497955,1.6595024,0.41047496,0.7915983,1.4263135,0.9086,-0.15428816,-0.81068057,0.11717514,1.1447823,-0.4032201,-0.23304209,1.6665716,0.88651335,0.33868107,0.50635326,1.2736021,0.19108632,-0.96614313,0.03341028,-1.7311916,0.261722,0.04632092,-0.66884506,-0.05137287,-0.5373508,-0.8692943,0.23537491,-0.7515195,-0.7605148,0.81264454,-0.49008343,-0.7555432,-0.44216895,-0.07032897,0.50387,-0.05592877,-0.15359296,0.11502975,0.26257294,0.6939562,0.47703248,-0.85397834,0.2545826,-0.06437388,-0.52929723,1.0325336,-1.1041244,-0.45819616,-0.6871636,0.36549053,0.25807235,0.1278702,-0.8369923,-0.4724017,-0.41910136,-0.024660023,0.37901405,-0.2401926,0.14782165,-0.34111774,0.19191425,0.51617867,0.6385846,-0.21744141,-1.4171082,0.00960779,0.65687865,0.4146819,0.77758574,-0.48561555,-0.91765696,-0.1601712,-1.4760616,-0.5335764,0.46856102,0.36824834,-0.13701111,-0.80865175,1.6206129,-0.1629588,-1.206124,0.48330957,0.43543336,0.7353009,0.39317447,-0.11533085,0.06734425,-0.89833635,-0.071386285,-1.9566243,-0.016862208,0.32168138,-0.30372202,0.46153575,-2.1854987,0.18962055,-0.72188836,0.52191556,0.76891077,-0.14767392,-0.21479636,-0.33785835,-0.08477468,-0.87925047,-0.30126253,-0.15158722,-0.37505552,0.31992954,0.28196296,0.7791132,-0.4429152,-0.08159957,0.8578919
0.03531397,0.2996805,-0.36852694,0.063768305,-0.2053543,-0.49520046,-1.3018249,-1.011166,-0.23930503,-0.47994906,1.6409842,0.14197849,-0.0840691,-0.19716144,0.054674286,0.89710987,0.33990502,0.45249695,0.70171756,1.339161,-0.6831732,-0.17877556,-0.90726835,0.81448805,-0.5431167,-0.7757149,1.0695248,0.18273629,0.4819842,0.92331517,-0.5622779,-0.42168874,-0.58921206,-0.79372233,-0.63655305,1.0256214,1.0796113,0.42822567,1.2725296,-0.65007466,1.2762884,0.37045652,-0.6702976,0.089251146,-0.7887281,-0.10639733,-0.88030577,0.41815144,0.980233,-0.124798045,0.102070354,-0.3184519,-1.6111814,-0.7612192,-0.8812049,0.6275585,0.2242911,0.04029379,0.4387042,0.08505348,0.31163526,0.99398154,0.03358121,-0.08067003,0.46707517,-0.52495027,0.11450558,1.154502,-0.82761836,1.390059,-0.87715584,-0.5490708,0.9728123,0.39438817,-0.10563581,-1.1861287,0.106465675,0.09312348,0.30498105,-0.73096526,0.26824793,0.035944678,0.71505785,-1.4468973,-0.6522431,1.103858,0.75453734,-0.33383214,-1.1868885,-0.29536638,0.13295925,0.15760073,-0.50447893,1.1258284,1.7637053,0.011365044,-0.6637084,0.18038997,-0.8284508,0.9770208,0.47770113,-0.64707774,0.22246172,0.49467054,-0.44775182,0.820714,-0.26804298,0.012518543,-1.8350676,0.46959725,-0.47963378,1.9192405,0.620235,1.2066935,0.6249808,-0.12404126,-0.13264672,1.2809733,0.28821963,-0.81456786,-0.15720162,-0.14318813,0.36441836,0.34415767,0.25278252,-0.16591603,-0.6714279,0.54540807,0.63057935,-0.6115541,-0.06440376,-1.0555216,-0.61809206,1.2709495,-0.37965414,0.0843505,0.30287534,-0.23986076,0.42998606,-1.19289,0.6199807,-0.42529497,0.10438156,-1.2486175,-0.4788819,-0.6664207,0.08625775,0.041168053,-1.5052916,0.06640052,0.2748439,0.81800425,0.35968372,0.14486937,0.39034092,0.9643349,0.23034412,0.05768256,-0.73955894,1.1312829,0.2499936,-0.28078339,0.26090086,-0.819846,-0.48401237,-0.66141087,0.2645195,-0.28877813,-0.6275446,0.44955507,0.016486214,0.37429404,-1.464145,2.9268024,-1.0276369,-0.15693973,-0.29100809,0.21489452,0.7094,-0.9952579,-0.75519234,-0.07097886,0.40716907,-0.46984854,-1.3249534,0.13405877,0.044158008,-0.5960216,-0.3091258,-0.78778684,0.19434078,-0.7708378,0.63838917,-0.83799046,0.16998558,1.1096045,-0.043572858,0.045260027,-0.6994768,0.64031416,-0.014402084,0.08644045,0.35729605,-0.7885077,-0.6294515,-0.14285293,-0.36299554,0.7727159,0.7772154,0.7820184,-1.0582925,-0.06526786,0.5461146,-0.41911396,-0.9550712,-0.031106452,-1.0469897,-0.47810334,-1.1371796,0.30410296,-0.27589017,-0.4816611,-0.48215595,-0.230105,-0.14272693,0.7169221,1.101454,0.3443602,0.78438014,0.82167363,-0.25839648,-1.2621082,-0.13278154,-0.17356482,0.59553015,0.38370666,-2.0327911,-0.73630637,-0.07525194,-0.43002707,-0.49050543,1.1532718,-0.14724703,-0.06385333,2.2479434,-1.0572218,0.35123953,0.21417521,0.12898798,-0.54457927,0.1126914,0.7796321,-0.6829257,0.45155248,0.40802455,-0.52376854,-0.4546346,-1.0729756,-0.7247569,0.06485718
1.0189143,-0.027040124,0.34817573,-0.40159246,0.5807164,0.14024912,0.07420794,0.16766953,-0.09883472,-0.6263697,0.16733626,-1.4018948,-0.034960005,0.5299112,0.25148574,1.114889,0.05376522,-1.0711511,-0.49928555,-0.97020906,-0.40879655,0.54093754,-0.48000526,-0.5833179,-0.032029636,-0.2321089,-0.7462565,0.52935284,0.2577284,-0.70445734,0.7001302,-0.7361306,-0.8646472,0.12553103,1.2378569,1.1374621,-0.4385865,-0.011537087,-0.68891567,-1.0440828,-1.4141481,1.2955452,0.12250828,0.07430994,-0.15951134,0.24561945,-0.92102766,-0.26245916,0.8199379,-0.9132516,-0.52763957,0.29469284,-0.2112532,-0.8986587,-0.92438483,0.12133282,-0.756746,0.015037781,0.6474884,0.80576235,-1.2120851,-0.6053152,-0.22379863,-0.40104538,-0.61476815,0.3582323,-0.23695168,0.4060276,-0.072124355,0.12947336,-0.39050037,-0.31437188,0.08618968,-0.6683176,0.2765001,-0.092051364,-1.0485817,0.624055,-1.5363322,0.8085199,0.011936603,0.21371071,0.19426192,0.26764694,-0.32685277,1.1001737,0.12976626,0.35395744,-1.1155462,0.3096695,-0.36506113,-0.5578492,0.82436574,-0.22330484,1.1690631,-0.36975437,0.24073064,2.0943139,-0.7021399,-1.6231093,-0.5118566,0.06396787,-0.39174742,-0.050192367,-0.8643633,-0.8978948,-0.25931042,0.9446983,0.6089249,-0.06820371,0.9703668,-0.0036519868,-0.43407026,-0.5547322,-0.24340433,-0.77532697,-0.57378393,-0.80432767,-0.86817044,-0.89834404,-1.1914743,-0.84540963,-0.32269853,0.54352605,1.6007693,-0.224185,0.40308177,0.7928793,1.1194293,-0.49417204,0.54442126,-0.20619014,0.08844353,-0.46829253,-0.4464351,1.1020918,0.8385173,1.072696,-0.12139296,-0.89424545,-0.5374225,-0.20725745,-0.42240435,0.09558979,-1.703911,1.2377135,0.85714453,1.2893759,-0.64938813,0.35268596,0.771421,-0.26510808,-0.020457411,-0.5457491,-0.676398,1.002064,0.79183006,-0.16402659,-1.064572,-0.23317316,-0.6026544,0.30025694,-0.18131274,-0.5611885,0.0007399989,0.14231144,0.45049232,0.4676126,0.056008738,-0.7571192,-0.0076320195,1.0594032,0.036294185,0.5317008,0.032975998,-0.16242641,0.75357425,-0.22193733,0.14932492,-0.71026725,0.3977796,-0.28440025,0.99680984,-0.81074464,-0.0983048,0.45088398,-0.21322538,-0.83303034,0.43711752,0.2188711,-0.95802337,0.46715155,0.20873825,-0.3881079,-0.032562707,0.00950227,0.45227718,0.48659003,-0.015880046,0.90484005,0.117961206,-0.70675004,-0.17735985,-0.007927609,0.037042093,-0.6550205,0.0033426443,-0.26394066,0.4836398,0.8981117,-1.8294628,-2.0350053,0.96841896,-0.7458812,0.6141029,0.62360275,-0.051816564,0.17145039,-0.8700462,-0.51220053,-1.0683525,1.3095067,0.1955388,1.5670764,0.47324908,-0.13931637,-0.6970151,0.25051954,0.707401,0.019048655,-0.48601684,-0.40426505,0.6035954,-1.4043677,-0.16863057,0.60164934,-1.9562868,-0.067111835,0.33103487,0.511882,-0.76361746,-0.014429636,-0.47596312,-1.0381051,-0.16839637,-0.43112585,0.26781404,-1.2605027,-0.29664892,0.3303322,-0.6957919,1.5213964,-0.78843653,1.3976719,-0.6398579,0.6122081,0.8998224,0.5722407,0.26307938,-0.4492843
0.7660094,0.7177561,-0.16611741,-0.360322,0.70958847,1.9721355,0.31603262,-0.22973223,-0.4086115,0.41780174,0.055342797,0.35053408,-0.51035,-0.6354679,-0.8682271,-0.6453072,-0.52331823,-0.06004149,0.5217351,-0.36428475,-1.6745263,-1.2681202,0.4763644,0.25462517,0.3130063,-0.30763635,-0.59987986,-0.35033324,-0.3261655,-0.0380621,-0.19252591,-0.3386499,-0.20375834,0.24807073,-0.17102136,-0.82582194,0.019418258,0.8013324,-0.2280082,-0.43513933,-0.056480523,-0.2926861,-0.34725833,-0.7869496,-0.48307043,-0.34325302,0.20623545,-0.1476765,0.041627217,0.059427,-0.35940832,-0.16959807,0.3461594,-0.22299823,-0.38232875,0.03432254,-1.4096522,0.21122816,-0.12053938,0.76440316,-0.1831241,-0.15788625,1.2258341,0.06742955,0.9180252,-0.8688677,-0.6501473,0.7740455,-0.31329837,0.7041149,-0.21227394,0.36711887,-0.27550566,-1.0362829,-2.2412043,0.1775169,-1.1907185,0.13425006,-0.34150907,-0.38877228,-0.15941,0.26504847,0.23873043,-0.49671638,-0.6445385,-1.3033528,0.07849874,0.7600643,-0.381414,-0.019839413,0.10155835,-0.48158935,0.61146307,-0.1401799,-0.5990549,0.07807405,-0.8470229,-1.0933996,-0.76092166,-0.9234749,-0.88694286,1.1079276,0.7702698,-0.43978032,-0.44010985,-0.32955772,-0.61409056,-0.21179132,0.8778492,0.46576524,-0.3559383,-0.9078527,-0.10228177,-0.7948927,-0.98914003,-0.54019886,0.6662098,-1.7173865,0.8407845,0.69009745,-0.19022468,0.83224344,0.614706,-0.16447926,0.5444912,1.195152,-0.93377525,0.10371347,-0.63797826,-1.0938174,-0.4793182,-0.74297625,-1.2971506,0.14101554,-0.5478652,-1.4347582,-0.82443213,0.3382822,-2.3131957,0.08057913,-0.24844211,-0.28478712,1.098567,-1.022074,-1.0018882,-0.4183364,0.14739387,-1.1848745,-0.87920684,-0.767146,-0.114315,0.058867745,0.35689977,-0.6127428,0.040122535,1.1195092,1.1889249,-0.87621856,-0.47874093,0.38507268,1.1232314,0.79027945,-1.0645062,-1.3799901,-1.1224833,0.07651778,-0.4183863,1.1880682,-0.029890196,1.0031472,0.26229292,0.9575889,-0.095780306,-1.2196156,1.7120751,0.7741716,-0.315353,0.7915263,0.090106115,-1.0777655,-0.0221432,-0.38109103,-1.2849159,0.46244243,0.14693671,-0.76153034,0.6897247,-0.95153564,0.34713754,-0.14021075,-0.21957308,-0.43299475,-0.57569516,0.96776223,-0.48329818,0.5113718,-1.1112423,-0.7230689,0.1079566,-0.013293874,0.10663771,-0.65642637,0.061763108,0.021887291,0.56225777,-0.23491326,0.58365107,-1.0953001,1.6699411,-0.19748016,-0.5611628,-0.03035004,-0.099546075,-0.1905595,-0.8431602,-0.9589479,-0.163564,-0.16958423,-0.11419077,0.5064271,-0.36251682,-0.8342144,-0.3659364,-0.6469454,1.3965265,-0.08514655,-0.045617294,0.9917524,-0.8261485,-0.034169324,-0.3648255,0.36691886,0.9597396,-0.96992093,0.007691331,-0.20060293,0.24894613,-0.4280939,0.00087280263,0.02378483,-0.4547762,-1.1087224,0.5950283,0.6789866,-0.16998193,0.18484172,-0.28356948,1.893848,0.44783124,-0.40949368,0.6141611,-0.36667603,-0.8510785,0.29253495,0.2888367,-0.14965734,0.9132593,-0.27852222,0.37059394,-0.34109393
-0.14158836,0.31877354,1.0129665,0.53776985,-1.6203994,-0.46391258,-0.22120582,-0.8873853,-0.76939654,-0.16922109,0.64929336,-0.6357822,0.57153195,0.46627593,-0.5295869,0.4721779,-0.2525228,-1.318427,-0.79293954,-0.6557111,-0.18210304,-0.43880218,0.23150711,1.1957884,-1.2662821,-0.07960266,-0.93241656,-0.23154356,1.592046,-0.33122632,-0.74370766,-0.6659419,0.72758424,1.065468,2.006574,-0.178497,1.0207833,-0.4132266,0.22996868,-0.037193216,0.40183717,-0.27619404,-0.9394545,2.153797,1.1815617,-0.39184022,-1.8172456,0.6136624,1.0953993,1.1482741,-0.017266687,0.4652479,-0.23684433,-0.31427413,-0.40473744,-0.07244389,-1.9122789,-0.7218451,-0.09221527,1.2408884,1.4212003,0.21242705,0.87692696,-0.8425685,-0.7224693,1.2810957,0.38580117,0.71188515,-0.18066233,-0.44801736,-0.5345124,0.10539681,-0.2312847,-1.0016807,-1.0452484,-1.4410605,-0.49023828,-0.57940507,-0.41055757,-0.18564923,-0.80929846,-0.8443252,-0.6735,-0.33535212,-0.87363696,-0.3188485,0.100358225,0.5528697,1.2833073,-1.6071405,0.102289915,0.5195158,-0.57262766,0.19660245,-1.2163117,-0.16876023,-1.0260904,-0.09139817,-1.0212449,-0.29689658,0.58590996,-0.39838225,-0.754753,0.25061196,0.8356193,-0.5048459,0.8917369,0.4677112,-0.54974097,-0.36850184,-0.58441037,-1.5437074,0.017703079,0.32518375,0.49799293,-0.8761011,-0.13932195,0.011843425,0.8459552,0.4575783,-0.22511053,1.1116531,0.112518765,0.064183064,-0.09014903,0.58905345,0.044894494,0.22449832,0.4131068,0.42075968,-0.7014802,0.4854748,-0.8089603,-0.27646172,1.3704133,-0.29396033,-0.16776216,0.51203585,-0.38239893,0.704616,-1.3238297,-0.60209894,-0.1897786,-0.17914997,0.6866288,-0.50665873,-0.16317819,0.7627995,-0.7966166,0.68138283,0.2570925,0.5858952,0.03972507,0.7843951,-0.49523795,-1.0906054,-0.66904426,-0.11534931,0.43459523,-0.27719644,0.84039444,-0.4754902,-0.29467106,0.70747143,0.5002973,-0.39254057,-0.7363298,-0.0004916319,1.105607,1.1433207,-0.8781169,0.44537166,0.25555995,-1.060126,-0.45687756,0.01043938,-0.43030682,-0.12004746,-0.36663437,-1.1028501,0.28730538,-0.18805815,0.12595618,0.52345407,-0.52460104,0.7109981,-1.2487555,0.5374405,-0.5690785,0.5588492,-0.44257393,-1.3933964,-0.5496332,-1.0886478,-0.9293022,0.13631333,1.2290711,-0.017511021,-0.64220464,-0.014014583,-0.93725157,0.64334744,-1.5937796,-0.29441756,0.5722844,-0.001334006,-0.024000982,-0.12580414,-0.7268836,-0.081209235,-0.006403037,-0.026581474,-0.42516154,0.34893566,-0.2761646,-0.24319303,0.66606456,-0.2653751,0.41485217,0.52026314,0.56460017,-0.80006075,0.43665206,-0.5883455,-1.5031254,-0.28205845,0.13847981,0.30595142,-0.44425908,-1.0360918,0.5456077,-1.6492659,0.49027246,0.58512723,-0.01081266,-0.19003661,-0.25278157,0.51532143,0.66295886,0.22813632,1.4711334,0.23321168,-0.58380073,0.26955983,0.33050746,0.29996723,0.3379068,0.8436184,-0.74040735,-0.3778107,0.19223882,0.23275183,0.49028808,0.6279679,-0.4585546,-0.56826836,-0.589706,-0.4311971,0.013144317,-0.9223964
-0.39059907,0.041388314,0.054004222,-2.5671136,-0.16420351,0.42368716,0.3942871,1.307158,-0.40809315,0.48284397,-1.2179383,-1.242674,-0.40846637,0.5208682,0.18745816,-0.78520226,-0.34384406,0.17501482,0.46771264,-0.3237897,-0.012246006,-0.41636562,-0.03971908,0.8156113,-1.6617049,-0.50794053,0.06965577,-0.7767127,-0.33347526,0.84655756,-0.43657783,-0.3316125,-1.8343683,0.67667073,-0.84835726,-0.34995663,0.77524316,0.16382392,-0.28325278,0.28839815,-0.7810569,-0.54547536,-0.4928942,-0.41969955,-0.3124111,0.17280328,-0.3347579,0.69776595,-1.3247563,-0.5840085,0.37065706,-0.9372308,-0.25957263,0.35304675,-0.12505421,0.55411243,-0.8118307,0.10088587,0.558606,-0.87590975,-0.82423717,0.46919513,0.003716632,-0.25125033,-0.25149652,0.99385095,0.014460002,0.67231655,0.6023782,-1.1070604,0.68439215,-0.3667534,1.044219,-0.5415265,0.19784293,-0.326143,-1.8339962,0.269591,-1.5154798,-0.37318376,2.0019102,-0.2606285,-0.7166355,-0.13439876,0.19652924,-1.0514287,0.56989694,-0.13672456,-0.7803012,0.12510635,0.13851582,0.34166008,1.4668452,0.70733553,0.90222967,0.73015475,0.1854411,-0.2023999,-0.50538933,0.5078528,-0.569254,0.06482438,0.28340864,0.16576834,-0.25025618,0.8913056,0.8679717,0.17577618,-0.50757706,-0.28166777,-0.19800463,0.32250646,0.28121585,0.42068213,-0.9488652,0.07839633,0.70926493,-0.3320277,-0.0174032,-0.7773419,0.7499892,-0.4632859,-1.5570248,-1.7809837,0.9898085,-0.2594088,-0.32844472,-0.23841654,-0.021699792,-0.7710358,-0.6155292,-0.6993707,-0.52345246,-0.8150877,0.9120554,-0.24972117,-0.92803925,-0.5400202,-0.16886309,-0.29317763,0.1305097,0.25729415,1.9012235,-0.7062074,-0.06051379,-0.027904151,1.1672516,-0.7474198,-0.95581216,-1.0508647,0.86571,-0.11683236,-0.2573797,-0.7904858,1.4184852,-0.83390206,-0.08679306,-0.08261387,0.96426386,1.0751619,0.12804656,0.2685254,-0.27801406,-0.1953353,-1.3394027,0.58315396,-0.36210316,-0.52073777,-0.7007361,0.98439056,0.10559205,0.10156987,0.7693826,-0.014799592,-1.2303892,0.5648667,-0.97432244,0.2138153,-0.3975744,0.8099436,-0.86589646,1.0047336,0.7687495,-0.038404603,-0.28215396,-0.55939114,0.41915837,-0.03845144,0.16924898,-0.9225247,-1.1353279,-0.11484829,0.12276046,-0.75476205,-1.3164972,0.2453332,0.7092082,-0.6840575,-0.34082034,0.6291435,-0.7848696,-0.7149829,0.09514865,0.21881485,0.8825306,1.7287456,0.8640684,0.78915507,1.2223221,-0.11367606,0.5723782,-1.3627698,0.8832467,0.620077,0.20421991,0.24207783,0.09384345,-1.2221918,0.056534175,-0.53944546,0.103506796,-0.44742996,0.73289967,0.07014739,-0.39051783,-0.010620199,0.30973962,-1.6467385,1.1917496,-0.004160565,0.15075018,-0.6582952,-1.2154894,1.1833141,0.6261841,-1.0894579,-1.5022668,-0.12037585,0.49291795,0.45135587,0.55458903,0.6648596,0.26192594,1.2961851,0.35892034,-0.26703396,-0.88894033,-0.010183228,0.69173783,-1.3548175,0.17203961,-0.82766205,1.0088657,-0.15569182,-0.28953305,0.52311414,-0.04247297,0.4476339,-0.58155394,-0.6794894
0.57605106,-1.1048523,-0.89651006,-1.3605926,0.3153403,-0.41019732,0.52088606,-0.5434343,-1.5493158,-0.803689,-0.4810938,0.8249455,-0.65957075,-0.20868869,-1.1546888,-0.01750852,-0.15164663,-0.9008282,-0.70921004,1.450493,-1.1304684,-0.41266006,0.19960296,1.0757188,0.38545844,-0.49498454,-1.3898759,0.20971373,0.4774886,-0.14489707,1.6644702,-0.7213685,-0.49545297,-0.78600365,0.24919245,-0.36939994,0.6579773,-0.16011076,-0.008459838,1.1072814,0.110610776,-0.24114765,0.44425923,-1.5114807,-0.5854283,0.45319805,-0.34963894,-0.9228219,-0.7079768,-0.42943883,0.24741943,0.3506746,0.30102408,1.3042393,-0.40387374,0.07152446,-0.3542485,-0.36483237,-0.110028416,-0.5128707,-0.9145687,-0.098345265,0.16350478,-0.12375144,0.17132016,-0.28948626,0.18117213,0.8610109,0.28923896,0.1321416,-0.87512356,0.78496957,-0.4543162,0.25571385,-0.512528,-0.32241586,-0.7303127,0.24651334,-0.76564974,0.7552859,-0.033330996,-0.02301074,0.6172911,-0.67048836,-0.6986044,-0.44171873,-0.14302124,1.0130566,-0.7028207,-0.63389486,0.094784774,-0.7285006,-0.6365079,0.27245238,-0.30896598,-0.11668734,0.6085715,0.031180656,-0.35719144,0.5893159,0.15833788,1.4031469,-0.41789725,0.62341046,0.7963691,-0.98125774,-0.5251523,0.31678155,-0.14341326,-0.28330308,0.15263565,0.5897928,-0.4467694,-0.7515713,-0.4871634,-0.63824856,-0.04723604,-0.7391312,-0.6663439,0.4354079,-0.079102404,-0.4414823,-0.9233648,-0.3940362,-0.804089,0.31040314,0.3126523,0.46044207,1.1062969,-0.56623834,0.6819243,-0.07254518,-0.20684265,0.36492416,0.3135077,1.3610369,0.2066772,-0.54861647,0.6906962,-1.1708552,0.11365688,-0.10976013,-0.09720441,-0.5082062,-0.32703015,0.27628657,0.2667435,1.2975255,-0.3220698,1.5961717,0.7973871,0.002061487,0.34159908,0.19429979,0.40062436,1.247363,0.5295956,0.17758529,0.47020942,-0.31748053,0.014321841,0.7719283,0.05906738,0.3083998,-0.9326009,-1.7310828,-0.55519706,0.16003315,0.37861827,-0.83465105,0.3264187,-0.29334277,-0.08230738,1.4182957,-0.5537825,-0.886245,-0.038821023,0.100071646,0.6740728,-1.2588854,-0.73731905,0.8001436,0.39274764,0.449405,-0.6883205,-0.40904084,-0.1678149,-0.23778795,0.5227803,0.6073831,0.32756358,-1.0937833,0.7331712,-0.92312115,-0.23763219,1.1891593,0.30018118,-0.13287923,0.6944445,0.1975565,0.21694717,-0.732935,0.41184524,1.0957446,1.1474535,0.5838175,0.5401141,-0.5151092,-0.5763846,-1.3389173,0.87596565,-0.0018197844,-0.22191651,0.24647191,-0.6595808,0.2898267,-0.73179334,0.7595498,0.41677746,0.037909724,0.023560336,-0.15061182,-0.85354704,0.49038488,0.86772466,-0.11025442,0.5943967,-0.17979318,0.13621314,0.15736893,0.26813278,-0.85384953,-1.0645912,-0.755753,0.37290406,0.08201713,-1.1395552,-0.8148157,-0.36426598,-0.23339894,0.4597642,-0.050489467,-0.31413165,-0.86579,1.0233003,0.57780474,0.07127721,0.6565951,0.6745669,0.055210188,-0.67765504,-0.42619154,0.14183873,0.14390737,-0.89557093,1.3408583,1.9184072,-0.7138636,0.3408464,0.31531653
-0.90167695,-0.7064515,-0.08391992,0.6043983,0.1975174,0.00628501,0.1618836,-0.4867343,0.68651557,-0.62561756,0.80721194,-1.4991999,0.0049491078,0.13621911,-1.2361715,-0.23623542,-0.095599346,0.0942658,-0.2859022,-0.6300527,-0.35192722,-0.4410174,-0.51867425,1.1370895,0.49869242,-0.10113382,-0.84119874,-0.5469666,-1.2149638,0.2079546,-0.12733363,0.37604335,1.1475763,0.48434,1.2456535,-0.3815256,0.59510076,-0.030031292,0.36071366,0.17916985,0.13482322,1.125712,-0.89255446,0.6211127,-0.21752825,0.42441633,-0.8142963,0.85287714,0.5776195,-0.49224615,-0.07693026,0.024785582,0.36536598,-0.5816851,0.43912867,-0.6215277,-1.5879467,-0.54094106,-0.4358707,0.30988222,0.22574855,-0.7387057,-0.14798906,0.35195133,0.15712884,-1.1223526,-0.7769458,0.05553615,0.48362336,0.695358,0.12482828,-0.11296558,-0.2910107,0.43673223,0.28559035,-0.96481913,-0.87507755,0.083935976,-0.33522168,0.4230659,0.09450997,-0.27441624,-0.11566935,-0.38916016,-0.54464096,0.29655665,-0.7519497,-0.5663203,0.27011076,0.36381724,-0.52510816,0.45499453,0.25347194,1.2650051,0.087819606,-0.77946913,-0.072887786,-0.024677495,-0.81802154,-1.4722692,0.19471505,-0.6259689,-0.63991475,0.1408287,-0.7517166,-1.881002,-0.32397345,-0.95566404,-0.17208226,0.07988943,0.60381776,-0.026929244,-0.111517735,-0.13770856,0.10899516,-0.19487153,-0.14857419,-0.3952294,-0.60468614,0.0891049,0.6856837,1.6576117,-0.2880601,0.22143637,-0.44419047,0.62433946,-0.8731423,-1.1723912,0.020127708,0.53210396,-0.56053936,0.43292508,-0.97445184,0.10678795,1.1817945,0.1294892,0.09509064,-0.7241503,-0.26754114,0.45131025,0.35727438,0.058410976,-0.46052793,-0.6173589,0.31196317,-0.032014314,-0.6218049,-0.6731607,-0.5326489,-0.42880723,0.13215226,0.21916735,0.58955246,0.18048602,0.62939686,-0.13370335,1.1001498,-0.09134787,-0.59722,-0.5470838,-0.6903422,1.3394412,1.0836835,-0.011060789,-0.243302,0.4890037,-0.28107327,-0.35190699,-0.8142036,-0.65155315,1.4744126,-0.609549,0.7549759,1.0084314,-0.7000834,0.18594548,-0.011049107,0.13106549,-0.26867196,-0.25155196,1.901612,-0.4735498,-0.039954137,-0.38198513,-0.30454174,0.16564696,0.4761003,0.29097214,-1.4953759,0.37855992,-1.0832524,0.30699557,0.32271415,-0.7066627,-0.13334768,0.24887782,0.08800671,0.33997735,-0.42825806,0.22567527,0.67573005,0.2687996,0.44535235,-0.38227382,0.21816736,-1.2321901,-1.4131476,0.11265809,-0.47277904,0.97766757,-0.42286807,0.59145546,-0.09453295,-0.5853074,-0.1986145,-0.048392456,-0.5874016,-0.74705917,-0.5647292,0.4631209,-0.06311376,0.019681793,-0.5778033,0.26310694,1.3352573,0.13429713,-0.9079444,0.9110069,-0.033161312,0.29496163,-1.1421125,-0.76956886,0.26986524,-0.7889407,0.43878135,-0.0840844,-0.47975338,0.09304173,0.043314617,0.27594784,0.11219771,0.83729136,-0.66983664,-0.83137596,-0.5746534,-0.5531255,0.050255504,1.5902922,-1.5106329,-1.6664428,1.7436838,-1.2380857,-0.8195926,-0.06492774,-0.297771,0.27946216,-1.54538,0.41207337,0.7854826,0.5929018
-1.1118188,0.27703354,0.0718771,-0.38871545,-0.12646005,0.063803956,-0.73701924,-0.37326884,0.5452227,0.17346036,-0.3881606,0.19759908,-0.5888445,-0.46688727,0.104709804,-0.85339177,-0.75870526,-0.12165564,0.44117638,-0.23239362,-0.54542446,-1.1386511,-0.9417198,0.5076619,-0.49379367,-0.19061393,0.36632904,-0.30563223,0.46018982,0.6771177,-0.38526782,-0.08061092,0.7210989,0.6882554,0.7268165,-1.2152162,-0.18124755,-1.3038478,-0.11122522,0.34671172,0.5235002,0.52310365,0.15221652,0.1374278,0.23596393,1.5578135,0.51656187,-0.30487174,0.6552809,-0.31569603,-0.023587335,-0.12508468,-0.7538218,0.020734664,-0.24253479,-0.3968752,-1.7194388,-0.22425137,0.19632472,1.4050454,-0.1567066,0.37525535,-1.1267619,0.2687525,0.16827813,-0.4589481,-0.1563085,0.5227283,-0.5261412,-0.26657102,0.66807103,-0.2795337,0.07434399,-0.7894115,-0.19665202,-0.9683298,0.15758906,-0.020880222,-1.0638642,-0.669338,1.867015,-0.397381,0.117361486,0.5496275,0.49688956,-0.3972242,-0.33832034,-1.4848502,0.49350378,0.049612176,0.24941432,0.038285833,-0.12880412,-0.2211791,-0.18235333,-0.48927298,-0.33658755,-0.23329368,-0.22412987,-1.1301414,-0.7546762,-0.5041015,0.68784875,0.4780654,-0.23386186,0.6712978,-0.21088935,0.09086811,-0.9789146,-0.30852085,0.5314671,-0.55616087,-0.047672823,-0.35547373,-0.35874018,0.1960002,-0.5559029,0.92563194,-0.6280898,-0.78311694,0.728587,-0.02169202,0.7430839,2.317992,-0.45607042,0.60652256,0.78197986,2.12023,0.62084305,0.23337711,-0.5997598,0.26828924,0.5696343,0.7339951,1.0416933,-0.83352196,-0.45395836,0.32593256,-0.48727494,0.7555678,0.42013273,-0.49667925,0.8857052,0.75338274,-0.5796839,-0.45022824,0.83674294,1.0173349,0.44160247,0.15240678,0.4509846,1.6731992,1.4784706,-0.14356986,-0.3364084,-0.69602084,-0.07007,1.4609019,0.2474143,-0.7139715,0.5254163,0.5454954,-0.23950599,-0.6453389,-1.4228624,0.04062327,0.23906513,0.14852607,0.06587249,-0.75320536,-1.0846394,-0.08919646,-0.055269666,0.7838869,0.082292594,-1.0027599,0.14266665,0.1609042,-0.19216986,0.15266056,-0.49373993,-0.114276044,-0.15881906,0.50835663,-1.492598,0.39178717,-0.38364288,-0.018952033,-0.9767986,-0.038889404,0.33571923,0.19553566,-0.53854316,1.8783553,0.37330183,-0.1620036,-0.03645371,-0.25162628,-0.5369384,-0.17497818,0.62090635,0.171535,-0.11002565,-0.117256604,0.993564,0.47438493,-0.631017,1.1506028,1.01454,0.41458908,0.73271245,0.54078287,0.8837503,-1.0349634,0.36131042,-0.14072916,0.4354521,0.43936306,-0.14834301,0.54757416,-0.20408657,0.22270995,0.1182023,-0.32978246,0.36625895,0.48918974,0.2972293,-0.76765376,-0.19974197,-0.36862952,-1.1148515,1.9528601,0.12878281,1.916168,1.1207685,0.15094426,1.0160985,-1.9131336,0.94163734,0.22818577,-0.4781485,1.3136375,0.5340679,2.1747866,0.47409338,0.6976187,0.2698879,0.7891813,0.42621228,-1.2420408,-0.029919624,1.1505917,1.8202348,0.8361529,-0.90125877,-0.2209994,0.060250286,-0.33595145,-1.4899971,2.1027136
-0.082340516,0.66790265,-0.03702021,-0.013494114,-0.59281176,-0.25622457,-0.4849707,-0.86685526,0.7689678,1.9278522,-0.46491376,-0.716513,0.1507936,-0.31566074,0.36576664,0.7350525,0.45164683,-0.29291612,0.12257332,-0.06087368,-0.2156131,-0.8688494,-0.6198339,-0.51527494,-0.93726945,-0.42401463,0.17175108,-0.99653345,0.022051359,0.007399375,0.16121988,0.18461679,-0.44225764,-0.7087332,1.0849724,0.29509214,-1.7679038,-0.59275156,0.054961562,0.18678232,-0.77992886,0.23945163,0.15676892,-0.2194788,0.12434881,0.57772845,0.15785153,0.34735495,0.2757863,-0.060489953,0.49370292,-0.3486271,-1.0206752,0.53735197,0.005516504,-0.015743043,-0.85495555,0.20182087,0.022336815,0.44654655,-0.012127627,-0.15592936,1.3088621,0.8006424,0.93921375,0.48997548,0.5223694,-0.7667331,-0.1558233,0.028431745,0.2784663,-0.24981368,0.1799546,-0.62319887,0.6130522,0.29715085,0.380125,-0.33200008,-0.3076066,1.6641241,0.4006212,0.000747579,-1.8955103,-0.5109199,-1.5344942,0.15419775,-0.7198257,-0.024481805,-1.3145323,0.9636253,0.8335575,-0.32312098,-0.2980502,-0.07852505,-1.2223513,-0.16336662,0.3422232,0.0314741,-0.2884779,-0.6083609,-1.1636742,-0.22141136,-1.169313,-0.7945474,0.01818602,0.58200425,-0.00018442787,-0.97296244,-0.3263662,-0.0912624,-0.46873623,0.3432454,-0.9112134,-0.25892928,0.1997698,0.50059664,0.31810504,0.38038015,-0.14511068,2.0399282,0.56087196,-0.0005890987,0.05281752,0.43423688,1.1265727,0.19155481,-0.5274229,0.78659254,0.64704186,-0.09554456,-0.7829801,-0.87399745,-0.22143611,0.25811368,-0.73210347,-0.03009458,-0.20936203,-0.7317662,1.2866368,0.07910453,0.62467605,-0.52057946,-1.1225306,-0.77960795,0.25999382,0.11663794,-0.6691538,1.3574475,-0.76474804,1.618802,0.28797722,0.007814767,0.18914366,0.20103395,-1.2237426,0.31018108,0.25824744,0.09411421,0.18876316,-0.34134573,-0.2790308,-0.5110961,-0.55681807,-1.7116065,-0.07001661,-0.7005209,0.7530055,0.11875673,-0.535711,0.17103194,0.54933476,1.0155318,0.4281295,0.13487454,-0.19862588,1.0504773,-0.36987796,-0.077995695,0.82071257,-0.53714424,0.15088302,2.528073,3.8280602,0.8358427,-0.10745215,-0.10980217,-0.15592356,0.2758325,0.90870094,0.35148796,-0.7142518,-0.07394398,1.716053,-0.4287477,-0.69565123,0.095019735,0.82385314,0.60135424,-0.18967356,-1.0394104,-0.37704763,-0.35558352,0.3022957,0.04112702,0.027157737,-0.5150671,-0.034317948,-0.69282395,0.22636719,-0.16594607,0.3391496,-0.5208345,-0.27105287,-0.30062646,1.5211123,-0.00596669,-0.77181983,1.351537,0.10615586,-1.2057033,0.34094578,0.09159114,1.0009683,-0.018167157,0.58261555,1.7861341,0.19990376,-0.50706685,0.14251964,-0.6456034,-0.707714,-0.858465,-1.0939853,-0.5279513,-0.2753996,0.0069483016,1.1854087,-0.24558303,1.1008351,0.6150433,-0.32380334,-1.0555395,-0.49934146,-0.46753553,0.34847206,0.0052133445,-1.4674006,-0.37638414,-0.40565076,-1.3798907,0.010861732,0.4223617,-0.23702283,0.5449646,-0.37871218,-0.19235173,-0.835516,0.21946034,-0.13130704,-0.39947912
1.026685,0.8009966,-0.34520686,-0.7897947,-0.5465686,-0.3856131,-0.13785705,-0.954295,0.11810317,-0.16342533,-1.7137887,-0.30495143,0.20786792,0.5235113,0.1648215,0.06440687,0.13302487,0.28892556,0.5762165,0.5395965,0.75416136,-0.3887032,-0.41806647,-1.0342884,-1.563868,-1.4421479,0.12513322,-0.42643684,0.49826124,-0.91691005,-0.080012225,0.62531507,-0.8451206,-0.5444958,0.82819235,-0.51195556,-0.23625919,-0.36378953,0.62504876,0.8187413,0.9535817,0.36846974,-0.73481864,-0.30782703,-0.2907911,1.1960013,0.032015644,0.11005157,-0.43592507,-0.13699353,0.3654659,0.36926463,0.68487185,0.6589429,-0.43003404,-0.6974206,0.19302851,-0.5823714,-0.46110284,-0.40479916,-0.23276356,0.82346386,-0.22012873,0.27244264,-0.77584934,-0.11077597,0.6602579,-0.48247296,0.52340096,0.22528446,-0.1923574,-0.029097086,1.1611407,0.7591649,0.35450095,-0.6636082,-0.45072946,-0.6815432,-1.3465389,-0.07373036,0.43532714,-0.10101861,-0.20517106,-1.1630453,0.18049031,-0.65611243,-0.2825659,-1.465915,-0.1411922,0.18470141,-0.5278179,-0.8181509,-0.3083049,-0.81047755,-0.69305915,0.4005706,-0.6496426,-0.064707175,-0.564723,0.46410698,0.66296536,-0.45955768,0.19944637,-0.03574264,-0.41022938,0.141899,0.0062912954,-0.5357454,-0.62177587,0.15318298,0.53662527,-0.6209956,0.26949605,0.54019946,-0.2956209,-0.085429184,-0.7648551,-1.1265799,-0.40410367,0.8739852,0.5409985,-0.12679021,-0.22707291,-0.80626225,0.995857,1.0017146,-0.59002185,0.86025697,-0.82432127,-0.25037616,0.24467804,0.76693237,0.2307939,0.41846213,0.95683634,1.1518877,-0.022746518,0.012439968,0.44971982,0.3324486,0.23585892,0.66963995,-0.093639486,-0.4343137,-0.34231082,1.1559786,0.5027043,-0.08958072,-0.48957467,0.59544045,-0.5359053,-0.17144768,0.4817209,0.8086405,1.0774434,0.15369292,-0.69054735,1.3332293,-0.36725932,-0.56458247,-1.1265813,2.275195,0.24572971,1.2271369,0.071247324,0.96893275,-0.826914,1.2889272,-0.24910417,-0.49180263,0.98302734,-0.003721695,0.02090689,0.18675165,1.2409228,0.42789975,-0.4156459,1.5171881,1.2645409,-1.0439463,-0.8425666,-0.5601646,0.65103304,0.18681361,-0.10768444,-0.6440734,-0.22294526,0.43856537,0.018900238,0.6704349,0.111808896,0.8335491,0.84807396,1.567332,-0.42853487,-0.63328457,0.06087961,-0.9574951,1.0920637,-0.26363325,-0.07013874,0.109957516,0.6263236,0.13361894,-0.61882013,-0.13381186,-0.38840106,-0.98032075,0.0729317,0.20938095,0.55928445,-0.13855797,-0.04803055,-0.95852596,0.12671193,0.8991261,1.373987,0.03449469,0.27053434,0.4061301,-0.1346344,-0.7116461,0.16160269,-0.7941166,-1.1672381,0.24350381,1.0130781,-0.6815252,0.17864183,-0.09383018,-0.28909194,0.18985444,0.62745506,-1.0092824,0.24894163,0.48765898,0.9793699,-0.3217399,0.5121396,1.0624692,-0.7085003,0.04835917,0.30880114,-1.1177766,-0.13764848,0.86040306,0.61578816,-2.1835272,1.0931768,-0.33321622,-0.51216835,0.08353913,-0.20771816,0.6133196,0.90932745,-0.096913874,-0.3913133,0.77749956,-0.87857956,-0.16371936
-0.10354828,0.5119913,-0.14873068,0.95955217,-0.6818725,-0.3067967,-0.52743447,-0.27600935,0.0032196138,0.3351314,-0.13054152,-0.49082237,-0.06820291,0.18003169,-0.8839805,0.16957639,1.2455525,2.2321808,1.006269,0.71818095,0.6593875,1.1125575,-0.8055179,0.11925965,-0.51802254,-0.33888513,0.3529062,0.78409994,-0.06479,0.23338765,-0.47532353,0.2549515,-0.265697,-1.4254009,0.56174296,0.32668537,-0.028209284,0.55906475,-0.06555709,0.10063439,0.4496396,-0.4231326,-0.12606055,0.14199427,0.49422422,-0.60361135,0.42839932,0.27042097,0.7183281,0.54726756,-0.3103263,1.1115392,1.2421128,-0.7162817,0.12542869,-1.0716486,0.38640895,0.38519576,-0.53675324,-0.20108637,0.5455754,1.1175007,2.0699697,-0.87600404,-0.73899883,1.5891588,-0.45291093,-0.24385053,0.24618226,0.7701012,-0.0035219467,-0.0122676,0.62194806,-0.112939596,-0.008442774,-0.4883161,-0.6548031,-0.097161114,-0.9847709,0.04129464,-0.87493926,0.7397723,0.6094122,-0.37140903,-0.44772434,-1.0412223,-0.27510092,-0.94843787,0.084363,0.04063421,0.28724435,1.2154659,-0.024492446,-0.7041803,0.9284318,-0.080516,0.059214856,0.189508,0.11634697,0.08976949,0.08416702,-0.99910533,-0.16135058,-2.005365,-0.5352024,-1.1912472,-1.3903233,0.63462764,0.31104562,1.1902025,0.23255305,0.27835262,0.15623832,0.08413334,0.53499377,-0.61883664,0.18656561,-0.26857382,-0.7796262,0.9709549,0.62548697,1.2068584,1.0899082,-0.008444925,1.5788391,0.60914916,-0.3536872,0.71874857,1.1475372,0.011793458,-0.89252967,-0.06785673,-0.11745688,-0.12195124,-0.8172149,1.4264138,1.2420851,1.2583975,1.6522804,-0.88773465,0.3913806,0.32236162,-0.29076654,0.7010223,-0.3924952,0.12017574,-0.99474686,-0.27713042,0.6379292,-0.82880414,-0.070850685,0.7887553,0.27560225,0.8181987,-0.13404173,0.352898,0.07818551,-0.39052236,0.46714684,-0.67075807,-0.38560936,-1.5340755,-1.2580873,-0.0058090496,0.6796026,0.43563244,0.061858326,0.26995808,0.1027257,-0.033689443,0.6196241,0.07089278,0.74497026,0.87063503,0.3570384,0.32398754,-0.06673419,-0.8284428,-0.35265708,0.5545579,1.2196811,1.3221047,1.9774432,-0.8455688,-0.16717151,-0.28684992,-0.4786097,-0.3675554,0.169924,0.101380505,0.62712824,0.57544535,0.43337062,-0.83555144,-0.19749841,-0.5624128,-1.2009062,0.363573,1.0277619,-0.17913388,-0.0005473736,-0.34342685,0.31488308,0.2237887,1.0470581,-0.25395554,-0.07622404,0.61845905,-0.5790146,0.99044514,-0.5881488,-0.59236234,-0.64718145,-0.554035,0.6094764,0.7192588,-0.09280256,1.0236847,-0.12738512,-0.13007806,-0.13704605,-0.18468645,-0.87748444,0.44473863,-1.125557,0.540141,-0.32344216,-0.52778107,-0.45085603,0.62276155,-0.014427967,-0.2794811,0.14172709,0.59340364,-1.0498278,0.36863235,-0.02233764,0.013294249,0.5112053,0.5426112,0.88929003,0.5739945,0.5478877,-0.07720627,-0.05677651,0.25604093,0.0151083395,0.57025135,-0.4997211,1.0763714,-0.9051446,0.2685676,-0.36049125,-0.019111328,0.49716583,-1.1144623,0.7850571,-0.0923642,1.1128383,0.65743166
-0.36217657,-0.1902635,-1.5330222,0.07740142,-0.13157111,0.35684112,-0.5348382,0.45811865,-0.5903083,-0.6051089,0.45932412,0.4989282,0.34437323,0.6475985,-0.36269784,-0.26254135,-0.42170462,-0.19060996,-0.06601555,-0.16116798,-0.09129725,-0.8106782,-0.625423,-0.14746608,-0.08912473,0.19318105,-0.8425783,-0.14641681,-0.3861569,-0.381082,-0.73010015,-0.32281747,-0.40253642,0.07854516,1.2766556,1.4213812,-0.5243684,-0.18772212,0.0223531,-0.13630529,-0.31670374,-0.24856015,0.18692903,-0.51358885,-0.46794832,-0.9341506,0.3472895,0.009437817,1.0941647,1.3672142,0.90476924,-0.25855374,-0.21970393,-0.500991,0.05708756,0.20129265,0.5910824,-1.08926,-0.6062129,-0.5040413,-1.2310594,-0.95341593,0.4158925,0.16678265,-0.51877713,0.09753984,-0.80917454,0.04501861,0.13898732,0.3370426,-0.08898754,-0.3343247,1.0014303,0.6337498,-0.062398493,1.3598535,1.0817115,-0.0005473238,-0.49088985,0.24152093,0.6214037,0.39756194,0.43026793,0.73379916,-0.25994158,-0.7956882,-0.6787087,0.5040408,0.2787697,1.1998956,0.7450888,0.7566735,-1.4251868,-0.10873827,0.19273594,0.071967185,-0.53823984,-0.613729,-0.9590322,-0.7438706,-0.69362307,0.35822874,0.20156527,-0.18294024,0.6083891,-0.6834269,0.22257884,0.2717416,-0.6679222,-0.43338752,-0.19869451,-0.37219322,-0.93565375,-0.8308758,-0.6173826,0.28802532,0.14214227,1.030647,0.749294,-0.20299616,1.6115443,0.40828738,0.047295816,-0.079777196,-0.39795345,-0.8678461,0.22167486,-1.7098161,-1.0402963,0.11600905,0.22710155,-0.2534022,-0.7042651,0.056305077,0.5354197,-0.7988048,-1.7479911,-1.0433712,-0.5082425,-0.27399558,-2.1693738,-0.6992365,-0.5282415,-0.3327439,0.59168196,-0.6959162,0.09428999,-0.565216,0.8794602,-0.6353981,-1.3152943,0.12596028,-0.122391455,-0.11329024,0.64427954,0.14271067,0.4932127,-0.11154436,0.4261675,-0.13155827,0.5848542,0.14239855,-0.11132225,0.7170708,-0.116498314,0.08765673,-0.09691123,0.055746082,0.22394727,0.50910264,-0.59303075,1.1546104,-0.88608307,0.09536889,-1.0635924,0.3224691,0.58504605,-0.37250188,-1.8916806,0.55611163,-1.3085835,-0.40354207,-1.2317489,0.7503477,-0.07444088,0.05708674,0.09535678,-0.05827281,-0.6453425,-0.43771288,-0.43596864,0.3499247,-0.0902403,0.6077491,1.2929229,0.13896859,1.0179514,-0.62105244,-0.22983412,-0.70346624,0.019245291,0.012245698,0.6921695,-0.51967734,-0.7033139,-0.28683245,0.18314362,-0.23792319,1.5818335,-0.32517558,0.66310346,-0.25018597,-0.53009546,0.053047363,0.101619944,-0.62930095,-0.23740363,-0.7384113,1.2500604,-0.8964941,-0.45360368,0.14988333,0.048268035,0.4982739,-0.69442946,-0.24204423,-0.9600345,0.5245738,0.84921956,-0.27935153,0.42535022,-0.6897388,-0.34427515,0.14608042,-0.9745441,0.76186395,-0.92494446,0.22999607,-0.40830415,0.60922015,0.7356558,-0.76457286,-0.32261485,0.69798785,1.3379681,-0.08512675,0.18987858,-1.5152824,-2.2100084,-0.31079683,0.4578015,-1.5187694,-0.56297123,0.06423232,-0.036026407,-0.3029181,0.15445419,-1.2122304,-0.37052023,0.4951344
0.5153424,-0.87300885,-0.32409072,-0.43870178,-0.3940265,-0.21164681,0.0101352725,-0.7961732,-0.92448455,0.076867014,-1.2308847,0.6962379,0.25084192,-0.20901519,-1.363383,-0.0971983,-0.80059916,-0.4156825,-0.25321034,0.95372754,-0.3654104,-1.650699,0.7555488,0.9123031,1.5332612,-0.4035331,-0.16625953,-0.6502231,-0.76648265,-0.8081895,-0.112499714,-0.2519084,-0.18575448,1.7355605,-0.42436752,-1.0452447,-0.80718195,0.5341095,1.2140099,0.34357083,0.7718059,-0.18981396,-0.31824398,0.2921451,0.20467094,0.3415223,0.23902705,-0.7457798,0.87000376,1.3585616,0.55112964,-0.41760886,-1.1798493,-1.9732212,-0.14015286,-1.2579395,-0.019061454,-0.07546335,-0.38721406,-0.20161161,-0.16931058,-0.45595112,0.40728056,0.5202108,0.79924846,-1.4141226,-0.4114878,0.15077691,-0.1640292,0.30425856,-1.5860041,-0.41031194,0.4601594,-0.025497118,1.2725639,-0.20754641,-0.6961637,-0.068073,0.0008685351,0.18474582,0.5593615,-0.68050885,-0.42471015,0.22387666,0.26621765,-0.33617255,-1.0070846,0.63283986,0.010634478,0.20150627,0.4043419,-0.5744687,-1.2209642,-0.9752645,-0.30611873,0.4199324,0.50144774,0.17746209,0.28917783,0.8955895,0.7613987,0.84467375,0.24382031,0.022105135,0.13008687,0.7456722,1.0683945,-0.28521553,0.0631104,-0.6535976,1.16902,-0.41796526,-0.6184543,0.03462929,-0.65046847,-0.31039482,0.95723283,0.49642825,0.07604974,0.36182678,0.0105225155,-0.51414114,0.9094603,-0.29230756,-1.06828,-0.5304649,0.11801922,0.85271984,1.0307839,-0.49028376,-0.80094975,-0.2123209,0.25261617,-0.3181398,0.74754417,0.0508731,-0.06972706,1.1311463,0.349566,0.33699873,-0.14443931,-0.41255182,-0.018396065,-0.31258273,-0.22055486,0.17306702,-0.8114067,-0.9480585,0.48044053,0.44354922,0.38009715,-0.9642613,-0.54343295,0.08979849,0.9411574,0.38745216,-0.26662,-0.28676733,-0.48290426,0.31423044,0.1883678,-0.31828877,0.589372,-0.22684999,0.85197544,-0.1054396,0.11674197,0.4672523,0.65989566,0.65567404,1.5060285,0.2238029,1.2376164,-0.21255398,-0.16979428,0.1816163,-1.1930736,-0.6642789,-0.6436307,0.2986108,0.5075114,0.6016508,0.004485159,-0.101511255,0.34513575,0.2074317,-0.36884928,-0.69387716,0.0038179012,0.4463561,-0.8017552,-0.4030037,2.2452948,-0.3617416,-0.15785055,-0.099039674,-0.40210208,-0.016109651,-0.5606136,0.30842805,0.83895737,-0.30616674,0.12198239,-0.12870906,-0.18088865,-0.10752959,-0.7805491,-0.058519136,0.5678588,-0.15665095,0.5065574,-1.0069284,0.44080615,-0.06586962,0.19074878,0.29400587,0.2002529,-0.9727896,-0.39353615,-0.31869295,0.26853684,-0.99416214,0.2340155,0.39444813,0.8731844,0.71757,1.1136603,-1.2693181,-1.1455745,-0.6543147,1.0130948,-0.2833151,-0.27653942,0.58357924,-0.39869344,-0.2154398,-1.3599143,0.049834613,-1.6552631,-0.32545227,-0.34002993,0.18252903,-0.96024746,-0.13709652,0.7286261,-1.4525775,-0.49378294,0.6169855,-0.099797286,1.1790136,0.6878404,0.5710687,-0.6484364,0.08377441,-0.20414768,0.06445325,-0.59597975,0.5011022,-0.08580231,1.0204298
0.9216963,0.1427563,0.5222905,1.128417,-1.4295025,-0.07862578,0.010876196,-0.37545723,-1.0300534,0.49678913,0.78271043,-0.3875933,-1.0091335,-0.5739043,-0.26255432,-0.0042721336,0.023171665,-0.73915416,-0.011686709,-0.24233457,-0.9359334,0.13355368,-0.6392577,1.5886811,-0.38969332,-0.2632799,-1.4619784,-0.2976284,0.50169724,0.8140875,-0.9707917,-0.3730417,-0.45418212,0.31854463,-0.04237821,-0.121172085,-1.6535976,-0.20561233,0.5793463,0.4625792,-1.2942286,-0.39722306,-1.1141094,0.7365115,0.81821287,0.082118556,0.7434592,-0.33212247,-0.4788779,0.48511985,0.026067995,-0.10378585,-1.2513328,0.76255226,0.4825958,-0.45115435,0.005769944,-0.9555157,-0.9853078,0.050660394,0.21321301,1.300347,-0.4150013,0.45397922,0.16946176,-0.019080317,-0.24611248,0.26683575,-0.36455917,-0.6118229,-0.14384323,-1.5949765,1.0080627,-0.090481214,-0.5605151,-0.13357385,-1.0086577,0.05200477,0.12327804,-0.49233606,-0.25844535,-0.8776731,0.5684865,0.3042978,-0.31747958,-0.1160752,0.2444397,0.8124565,-0.46182013,0.08482988,-0.26306865,0.10001611,-0.33970022,0.09185219,0.434716,1.6466672,0.18476786,1.9159986,0.504602,0.62148505,0.10928794,-0.58865654,0.34357277,-0.04024816,0.73077357,0.7174265,0.21763691,-0.6560289,-0.12031469,-0.053905163,0.30143353,1.232838,0.3203829,-0.7279147,0.6043126,0.09104667,0.2795867,-1.2481734,-0.8096892,-0.30157158,-1.0110189,0.121340096,-0.8790559,0.13024874,-0.15590361,1.1410036,0.31499958,0.012087952,-0.32172778,0.7229145,0.17325257,0.813221,-0.5069625,0.6692241,-0.47812688,0.20039307,-0.1169724,-0.37926036,-0.24060029,-0.6824908,-0.75083494,-0.037053898,-0.13496318,-0.19743949,-0.18500496,-0.7969649,0.42724964,0.26994437,0.43106323,-0.04805619,0.3536272,-0.4507398,-0.30468294,0.04329605,0.11264862,0.25934985,-0.40384656,0.73983526,0.35054,-1.0264822,0.28110322,0.7264239,0.06465987,-0.13772993,0.50741124,-0.55803615,-0.34145072,0.44589493,-1.0895225,-0.2682908,0.5602138,0.22139347,-1.2217975,0.6134501,0.001755769,-0.27638143,-0.05575782,0.686298,-0.53545195,0.093848884,-0.82307315,0.099430814,-0.036634814,-0.53475684,-0.102319755,-0.28296864,0.28583845,-0.2325978,-0.96830964,0.037176244,0.8863059,-0.31852105,0.49766856,-0.021337612,0.005066857,1.3971181,0.1590501,0.476362,0.32827598,0.5907112,0.32466197,-0.69047856,-0.07405474,-0.49134532,-0.7307247,-0.54492277,0.2366334,-0.14270064,0.2263029,0.4328398,0.16046892,-0.42598173,-0.1326436,0.21702015,-0.13809732,0.17282271,-0.5120021,-1.0233828,0.19730082,0.71468973,-0.38657284,-0.090565585,-0.2038801,1.096965,-0.22914681,-1.1343087,-0.60341036,-0.6891679,0.3159707,-0.16067006,-0.14829583,-1.4288131,1.2531734,-1.1850467,1.4076552,-0.04155947,-0.37380493,0.2261646,0.13932772,-0.6766268,-0.6926116,-0.44614068,-0.24460799,-0.95092154,1.3170408,-0.8988607,0.9099634,-0.03135866,-0.49596468,-0.5531245,-0.9997157,-1.2278763,0.325876,-0.92688346,-0.4223396,-1.1282737,1.6072057,0.33888376,0.046598338,0.38772908
-0.5411872,-0.81763923,-0.8520859,-0.25975809,-0.26143774,0.24096917,0.7374193,-0.05036162,-0.9146664,-1.1306328,-0.046302266,-1.3891481,0.93302655,-1.551517,-0.6569372,0.33301392,-0.13462494,0.30160916,-0.81306446,-1.6654555,0.56410486,-0.17862275,-0.09003675,-0.35134763,-0.47305748,-0.0018617822,-0.2040396,-0.044353325,-0.06019249,1.3202361,0.069075584,-1.4378152,0.8657919,0.21730553,1.5881811,0.63695645,-0.9070343,-1.7121652,-0.1782011,0.7380793,-0.5118336,-0.514334,1.1323986,-0.827219,-0.3218181,-0.4613519,0.5607796,-0.5171603,0.33180335,1.672028,0.261607,-0.28917038,-0.017796269,-1.0886443,-0.048873447,0.22810452,-0.9918805,0.022646284,0.34043452,-0.49218255,-0.55111086,-1.0481683,0.6384758,-0.7168353,-0.29264453,-0.04043754,0.10609407,0.8878901,0.80624485,1.30486,-1.0253524,0.06924527,0.15120672,0.48745492,0.08755036,0.21309163,-1.335356,-1.2329725,-0.06655456,-0.4179894,0.34709227,-0.22039613,0.5523716,0.08905971,-0.18927246,0.50003576,-0.059707683,-1.5983744,-1.0243136,0.04541311,0.66620815,0.30329648,-0.61895806,0.09564483,-0.31270996,0.28878257,0.7053452,-0.21393384,0.28625572,0.9977156,-0.679136,0.34454948,0.7242164,-0.5468618,-0.20259745,-0.5603165,-1.7826678,-2.0270803,-0.038441237,0.4344151,-0.40488175,-0.050798196,-0.86302096,-0.98088443,0.5686159,0.2596015,0.95904595,0.3324696,-0.7990682,-0.39523706,-0.107083574,0.16418749,-0.6724275,0.20734303,-1.5540721,-0.63554585,-1.112727,-0.3718128,-0.7169413,1.6383091,-0.09526198,-0.98751485,-0.083535485,-0.554018,0.22069459,0.08739714,0.90291226,1.4360778,0.80203635,-0.4625753,-0.989884,0.11451504,0.45586842,0.08525719,-0.7252878,0.87173927,0.2551574,-1.0602158,-0.45829204,-0.32731375,-0.9060072,1.5880378,0.041496295,0.4936613,-0.30059725,-0.40418404,0.8935662,0.5963707,0.10692757,-0.23961475,-0.45531213,-0.26689854,0.08389156,-0.1365724,-0.21265645,-0.73675555,0.23012145,-0.94940615,0.04402667,0.24034022,0.94440067,0.54330164,0.4106539,-0.29864445,-0.29231638,0.15982203,-0.21465123,-0.32351652,-0.2870251,0.19528642,-0.021702642,-0.4306096,0.8458657,-1.1961068,-0.66320235,0.10377793,0.7407831,-0.132078,0.11331533,-0.068139,-0.06616238,0.61240816,0.6896808,-0.6839593,-1.126882,-0.59392715,0.2402888,-0.27259454,0.85781294,0.09843538,-0.010627687,-0.44798145,-0.52442586,0.7416956,-0.22515464,-0.30083606,-1.477883,1.4952918,-0.06977687,-1.3986937,-0.8945804,-0.75913906,1.5085678,0.47910717,0.5531705,0.621136,0.6515097,-0.14673276,-0.4756343,-0.7555948,0.22938699,-0.34931862,-0.6074699,-1.277349,0.11258054,-0.16594526,0.07287735,0.16980255,0.29483807,0.31170788,0.14302383,-0.13542472,-0.885236,0.18534915,-0.12948735,0.0044875084,0.011298104,1.3222226,-0.8893582,0.47430202,-0.9540476,0.5290909,-2.3875892,1.3177252,0.7984425,0.9900279,-0.49308032,-0.12897998,-0.109455265,0.35745135,0.07459669,-0.45857412,-0.13520913,0.55544156,-0.25793958,-0.2432763,0.33536145,-0.72273445,0.97070146,-0.22599643
0.08350955,0.5858093,0.5933888,-0.2715046,-0.7359649,-0.3598714,-0.90844876,-1.1716396,-0.44034252,-0.26229927,0.033178,0.7214475,-0.2498343,-0.51177883,0.6130202,0.24458852,0.094794236,-1.2443622,-0.026002053,0.39316967,-0.19595459,0.25612375,0.7791554,0.5459345,-0.27243218,-0.4233066,0.89601195,0.66002154,0.32081586,-0.58327395,-0.9766909,0.028437478,1.1923283,0.66668767,-0.8500652,0.14405398,0.11821338,0.22101745,0.68370545,0.016849564,0.24695738,-0.55157226,-0.08026056,0.8875558,-0.59771955,0.49188605,0.88668203,-0.9980433,0.064252235,-0.16366002,0.5076515,0.31285533,-1.3080288,0.54026127,0.40833837,0.7085281,-1.0990623,0.1414068,0.6247004,-0.5142103,0.23583406,1.1937534,0.09627275,-0.3975254,-1.1274624,-1.4297645,-1.4372255,1.6453854,-1.4012573,-0.3539113,-0.18501556,0.060445473,-0.30617496,-1.1513124,-0.14184803,-0.16857657,0.09352956,-0.16714954,-0.6917702,0.36320052,-0.7144606,0.45588785,0.55648977,0.17131443,-0.13985555,0.89156115,0.8579035,0.3576481,-1.0195813,-0.37708637,0.48162037,1.3421189,0.6641889,-0.4755496,-0.0051875436,1.1294739,0.17711273,-0.9516503,0.8768168,1.1381311,-0.14296566,0.07136531,-0.46780443,0.6739307,0.6902245,-0.8567826,0.7573927,0.10223735,-0.4611943,0.022169292,0.32381034,-0.025793219,-0.4661221,-0.30207503,-0.3614242,-0.9362512,0.93344235,0.7807162,0.40045553,0.0685038,0.51444703,0.078203544,-0.10936657,0.6366905,0.8542616,0.8652984,0.03072048,-0.25590515,-0.71777743,0.73477095,0.31973523,1.1622672,0.500426,-0.24853408,-0.36617175,0.35415724,0.103097916,0.51392305,0.66171044,-0.49400035,-0.8834765,0.39271033,-0.22154497,-0.037501723,-1.2552774,-0.0923625,0.24691823,1.4231735,0.95021343,0.51649255,-0.43393275,0.22298622,0.028801706,-0.37785414,0.5171771,0.22442827,-1.1271421,0.6195614,-0.019049663,1.003568,0.011635314,2.0648026,0.29974204,0.40109766,-0.24115886,-0.4671084,-0.5085743,-1.0736332,-0.11036476,-0.21426643,0.5371393,0.7072431,-0.8383189,-0.58504254,0.32638204,-0.7445708,-0.5046266,0.28415087,0.39485237,0.05709216,-0.68670344,0.12868644,0.9561868,-0.78560805,-0.27555314,0.34233564,-0.60571676,0.17191474,-0.07495442,0.046569988,-0.30686364,0.24515198,0.049192313,0.37459156,0.41044608,0.91824484,0.58285403,-0.09505983,-0.68389213,0.65480715,0.27991304,0.17911927,-0.4401992,-0.016313225,-1.0770695,0.05028561,0.69510126,-0.9248565,0.94917953,0.5036158,0.54286724,-0.54911685,-0.28141788,-1.1435238,-0.4981862,-0.19844954,-0.7108855,0.2172871,-0.20666665,-0.6256096,-0.6925874,0.4746259,0.7767829,0.08461841,-0.47286946,0.062199272,0.25493395,-0.12232339,0.8070706,0.61986244,0.032548714,-0.42538628,1.019937,-0.6636033,0.9320544,-0.2354042,-0.75672996,-1.1929032,0.14837511,-1.6018298,0.6914845,-1.4290141,-1.3862387,0.43157807,0.3079571,-0.96717584,0.706527,1.1588243,0.6272668,0.960933,-0.78181,1.8200775,-0.24728179,-0.23236027,0.1993605,0.9731498,1.6615471,-0.8095359,-0.79028004,0.8784837
0.2506964,0.965269,-0.66088134,-0.38679725,-0.7155057,-0.061755233,-0.877715,-0.7150876,-1.297186,-1.0198455,-0.0950423,0.018309645,-0.16203398,-0.4622283,-0.6998008,0.30166018,0.15124081,-0.3287636,-0.10810855,-0.5161567,-0.21831323,0.14117861,0.78928035,-0.78934675,-1.3086007,-0.2048391,0.42482042,0.23907466,-0.43007076,-0.9391871,0.158555,-0.19784358,-0.42130712,0.29733077,-0.31877005,-0.046944674,-0.3927216,0.0150814485,0.718061,0.54832953,-0.2656655,-0.02303715,-0.047588736,0.42515656,0.12751698,0.7484609,0.14576825,-0.8442386,0.52591366,0.015836332,-0.1833393,1.305303,0.2388568,-0.20675488,0.4592091,0.016913477,-0.69678044,-1.2445948,0.4641224,-0.47128457,0.6741178,0.8433961,1.7907761,0.24588037,0.48565578,-1.6734276,0.08054728,-0.837024,0.36240932,-0.15574983,-0.6608435,0.63546556,-0.022988275,-0.49908185,-0.2925327,0.09440148,0.13169666,-0.63062227,0.5601114,0.2535366,-0.37380317,-0.8884202,0.72106576,-1.6675934,0.02920438,0.5298027,-0.009998376,0.04187678,0.0013478743,0.3149834,-0.14650434,0.93054354,0.56498134,1.039729,0.991366,0.67733383,1.5253663,-0.07294356,-0.14203379,-1.0616437,-0.4002191,-1.1037513,-0.074278906,-0.5116648,0.28687945,0.3787176,-0.04261119,-0.46505436,0.041280553,2.0093973,-1.3794019,-0.5682052,-0.7154556,-0.74208647,-0.6858828,-0.27494776,-0.15629503,0.8173913,-0.5162722,-0.22128883,3.0942085,-0.23745519,0.4016273,1.1279056,0.24472027,-0.7190164,0.5384207,-0.10424673,-0.46563023,1.1441915,-0.30555326,-0.46033493,-0.9425484,-0.6009708,-0.04743311,0.59014714,1.6417112,-0.4554832,-0.86129904,-0.5930091,0.121945105,0.395389,-0.7703987,-0.59390503,0.14572603,0.13249405,-0.11948803,1.7804062,1.6145444,0.10913002,0.89216274,0.34802672,0.7677769,0.37928662,0.3747126,0.27473792,0.69043934,0.51298815,0.033171322,-0.25018334,-0.45374796,-0.6930535,-0.63773924,-0.7902808,0.03684401,0.42905632,0.6388395,-0.41104877,0.7757841,-0.58103776,-1.3669564,-1.0841993,-1.3737715,-0.5770091,-0.392194,-0.86891377,-1.5763412,0.39513332,0.52915835,-0.65574825,0.5865867,0.5259043,0.66310143,0.32038862,-0.7689391,0.6196782,-0.3289231,0.40608615,-0.86193234,0.25639927,0.5864702,-1.0479935,-0.0437892,0.50870633,0.113235705,-0.1198352,0.34489492,0.5456634,0.012375894,0.17979583,0.53199327,0.08433647,-0.2465038,-0.9863696,0.44962263,-0.44938853,0.5068105,-0.38131455,-0.89112985,0.33490822,-0.08619546,-0.8186353,-0.8809954,-0.83970517,-0.73381704,-0.09752599,0.8034868,1.5841905,-0.39236748,-1.1939465,0.5260563,0.509421,0.4468684,0.6509902,-0.46572497,-0.012553402,0.24633615,0.086689845,0.09173384,-0.6185144,-0.27418187,0.24168989,-0.27416056,0.40761796,0.21128766,-0.8656117,-0.12884112,0.48200506,1.1927551,-0.426725,-0.18455535,0.23619695,0.15702175,0.51652855,-0.646787,0.52712667,-1.312587,0.37085783,-0.29855493,1.3297772,0.362381,1.5815904,-1.5434998,-0.00713434,0.069647886,0.24970631,0.3407565,0.1774292,-1.2727866,0.27172127
0.43550247,1.4878862,-0.044096474,-0.835864,0.020236574,0.20677392,-0.7873146,-1.0217978,0.532772,0.6455938,-0.14450751,-0.49241552,-0.308091,-0.27305117,-0.0110861575,-0.20461567,0.20510946,0.036606528,0.85610807,-1.024948,0.31154472,0.5070032,-0.2886188,0.08578704,0.6019842,0.0725037,0.01844864,0.69854563,-0.6971384,0.22869551,0.010305763,0.8502892,-0.60426635,0.043042675,1.7441568,-0.40204608,1.6759093,0.17662726,0.35198125,-0.05562799,-1.0562861,0.21614651,-0.24923307,-0.0024108088,-0.17336203,0.6257108,-0.66240185,0.30682102,0.9768756,-0.3340505,-0.699044,-0.14815837,0.07930082,0.3974768,-0.0520939,-0.059924215,-0.31400326,-0.50558513,-0.8891774,1.0922163,-0.25035483,0.34568858,0.0019348172,-0.70810294,-0.845024,-0.095052056,-0.7010321,0.4075802,0.7101012,0.1983878,-0.43585822,-0.33217934,0.73259413,0.14766535,-0.18491803,0.6220408,-0.5765298,-0.14935116,-0.28919387,0.29276556,0.74849063,1.4088371,-0.84059155,-0.31848383,0.24025886,-0.75736326,-0.5926213,0.18340528,0.2473833,0.70368767,1.117794,0.03195935,1.0573298,-0.9508095,-0.6898273,-1.4812552,-0.8142416,-0.8814733,-0.9785126,-0.31156582,0.07674847,-0.5422524,-1.3850791,-0.32455808,0.022332571,-0.5965098,0.94418615,-0.7518268,0.14993915,-0.23654693,-0.123925634,0.07526169,-0.7424259,0.6665969,-0.6291097,-0.019090243,0.80716574,0.21372052,0.8652523,1.6042594,-0.4387377,0.695642,0.06725346,0.9729131,1.6290027,-0.63386965,-0.36517802,0.5080429,-0.27966854,-0.16201639,0.60618806,1.4323255,-0.027865704,-0.5331361,0.13667145,-0.062366948,0.50657856,-0.34168753,0.5887802,-1.2872034,0.38559926,-0.42004648,-0.9266167,0.06606297,-0.20907752,0.8292026,1.1569092,0.128912,-0.038068052,-0.5841956,-0.6714962,-0.8450308,0.4923724,-0.072056815,1.0090699,0.57038164,0.2758636,-0.9553792,-0.013160228,0.2669995,-0.70615214,0.24017268,-1.393468,0.3016479,0.7389807,0.6286329,0.7362055,0.4522627,-0.46026582,0.34993708,-0.937733,0.9255073,-0.28638896,0.04920037,-0.051789176,0.7570311,1.3460144,0.92611206,0.6492529,-0.8117656,0.6274169,0.6799841,0.5658008,0.51109046,-1.223467,0.13578331,0.08161939,0.92153513,-0.33695,0.03427912,-0.29320642,-0.2984947,-1.1059201,-1.1076609,-0.08676165,1.009698,-0.3543735,0.5282252,0.15703696,-0.9247979,-0.32991752,-0.24728207,0.4408894,-0.021893328,0.137521,-0.16195467,0.14421488,0.27320057,1.0131912,-0.85226345,0.10991689,0.7039804,0.84818727,0.08126714,-0.33922803,-1.6208894,0.9274212,-1.173604,0.4955303,-0.14810681,0.19707166,-0.0109804105,-1.0703267,0.011118866,0.25393608,0.53678805,-0.50547,0.26653114,1.3794764,-0.8574424,1.4915379,-0.12497215,-0.3130571,-0.25773254,-1.5403534,0.48746952,-0.7838045,0.75664866,-0.47141004,1.5780643,-0.2988489,2.1894784,0.83206594,0.14356795,-0.83616114,-0.93118024,0.8043834,0.39399293,-0.6251813,-1.0409484,0.54610276,-0.043307614,0.15414232,0.75842494,0.05917005,0.5844736,0.3712928,0.19276811,-1.2909846,-0.016554138
-0.33003902,-0.93352646,-0.5863357,-0.9645477,-0.1291896,-0.823689,-0.21228765,-1.2739465,0.20178954,0.030369125,0.11351649,0.1966537,0.39940792,-0.28803316,-0.12579712,-0.6485877,-0.2882157,0.060975667,0.30704272,-1.272982,-0.49184868,0.2892638,0.52654946,0.2587272,-0.047977608,-0.90032464,-0.25982004,-1.0760841,0.30374774,-0.15884084,0.5312216,-0.22219625,-0.025258804,-0.13523299,-0.35654926,0.7141335,-0.03830076,-0.8022124,-0.8433049,0.17703983,-0.9806972,-0.014442953,-0.16475022,-0.7042283,-0.014779443,-0.69149494,-0.011046871,0.49018258,-0.071376875,0.76230645,0.44487628,-0.48751095,-0.43064272,0.5786117,-0.37298754,-0.37825373,-0.22089283,0.16732328,0.06256855,0.001908519,0.020643257,0.1938763,-0.09900316,0.4475942,0.7671027,-1.7002324,-0.4575133,-1.1465132,-0.45483437,0.4546207,0.1735362,0.43595034,-0.12971584,0.205674,0.15244868,0.298365,0.2729395,-0.022497533,-0.32793322,0.011619869,-0.7093719,0.25906953,-0.018310158,-0.6047772,-0.04683938,-1.0209025,-0.05677406,0.061181035,0.11282927,-0.56882626,0.6787825,-0.28127354,-0.31183136,-0.8541904,-0.7873301,-0.48387927,0.24616396,-1.3483397,-0.43927404,1.2707006,0.4853585,0.9284529,0.4842259,-0.061724834,-0.5043084,-0.7413573,-0.8663853,-0.5654054,-0.89727646,-0.3532645,0.0021583084,-0.86776626,0.14440635,-0.5644524,0.14140739,-0.24262206,0.37717125,0.33952603,-0.6879168,-0.07145143,0.006694119,-0.643536,0.20817164,1.0827928,-0.072299,0.1966528,0.3758863,0.38511977,0.3306314,0.38697448,0.7253745,0.27490973,-0.85831344,-0.74776757,-0.44170505,0.7400188,0.2340574,0.40283605,-0.24617834,0.7534875,0.92831236,0.80012023,0.024497326,-0.08168319,0.064188264,1.1164327,1.0716529,0.22875436,-0.22518475,-1.439502,-0.75247264,-0.15931712,0.3814677,-0.29362485,-0.06008344,-0.6928006,-0.5989404,0.839236,0.52462554,0.57160693,1.0934067,1.7024316,1.6972857,-0.56199825,-0.81893003,-0.017384594,0.22184266,0.16482216,0.40707773,0.3338412,-0.06989852,0.33786395,0.6299881,-0.31719008,-1.0549834,0.010466209,-0.47672823,-0.08110351,0.15377969,-0.111173004,0.7514966,-0.24278231,-0.9999741,-0.06013706,-1.0647085,-0.17930874,0.9880664,0.45204446,-0.8066214,-0.1955735,0.39072075,-0.43916932,0.87193036,0.029820073,1.9327197,0.74440104,-0.26460648,0.025599662,-0.65685356,-0.34786758,-0.6212394,0.21352783,-0.37069243,-0.010295679,-0.39217424,-0.0057943803,-0.55628973,0.2781239,0.4794677,-0.3958385,-0.7322685,-0.329771,-0.3631925,0.058154386,0.5675869,0.017276574,0.10410912,-0.42411166,0.5082712,-0.5060103,-0.3496558,-0.27466485,-0.19064121,0.44661483,-0.49407756,0.5785643,-0.6376371,0.20006722,-0.06007291,-0.10638367,-0.56849086,-0.5137942,0.48877886,-0.82839745,-0.34416655,0.34774533,-0.2812525,0.569448,0.687078,0.13417417,0.424263,0.07847336,-1.1190828,-0.8383988,-0.2856121,-0.037126426,-0.51351625,0.9058087,-0.2527445,1.2992933,0.24139166,-0.4613566,0.6202151,1.1705194,-0.4523355,0.22417583,-0.5801389,0.7321508,-0.39486575,-0.7721024
-0.23551993,0.4779169,0.2945229,0.57105803,-0.6136881,-0.43869966,0.4162963,-0.16231294,-0.08222829,-0.5553853,1.1057518,-0.088435546,-0.067221664,0.37823164,1.3265945,0.49119285,0.1647456,1.4011016,0.4924139,-0.09469471,0.72193027,0.64698756,0.9249138,0.4843477,0.05619529,-0.8859886,-0.40248013,-0.039509103,-1.5419428,-1.2300956,0.10846629,0.53754205,-0.7740334,0.6145277,0.49725878,0.5808766,0.118202426,0.16849323,-0.28411308,-0.525884,0.7623094,0.3692879,0.7916234,-0.6071362,-0.4669029,-0.77773345,-0.49993446,0.06630351,0.71930987,-0.19745253,-0.17315504,0.08046695,0.19307603,-1.0020092,0.5515055,-0.441249,0.009491693,-0.26689067,-0.33040667,0.5286456,-0.42680496,-0.59807366,-1.1651973,0.4677245,-0.9514415,0.07201333,-1.0935502,-0.44165736,-0.52679926,-0.8269742,-0.99309576,-1.1879498,-1.2485616,-0.9411708,-0.3937159,-0.3579767,-0.22509864,-1.2187586,0.45171535,0.4724094,0.8642721,-0.28598943,0.45654553,0.70952606,-0.45583847,-0.025828041,0.31400535,0.36300594,0.17417404,-0.12325656,-1.2273389,0.14174022,-0.5608243,-0.9515832,-0.8488383,0.26411957,0.34790978,0.85761994,-0.9577786,0.5680829,1.8701919,0.057235245,0.85214514,0.7640633,0.47139484,0.33325455,1.3497268,-0.14975901,-0.27056932,-0.020156179,-0.20918523,-0.32049885,0.36941794,-0.23418,0.22460935,0.6769758,0.6479165,-0.021726776,-0.29423186,-0.5376447,0.20969006,0.6805531,-0.49666953,0.47895947,1.6449671,0.1099785,-0.0030074,-0.3952189,0.18097341,-0.45748305,-0.03920805,0.8323465,-0.771728,0.18940592,0.114550546,0.48454595,1.1241558,2.3269713,1.6219352,-1.6701361,-0.77876997,0.45245376,-0.6888294,0.37242854,-1.2115316,0.053893916,-0.33381474,0.548941,-0.11083542,0.7557071,0.003916148,-0.34229028,0.411272,-0.13481861,0.08455603,-0.3256938,0.8080612,-0.124225244,-0.44666594,-0.1973321,0.6685834,1.8918456,-0.110689685,0.2866478,0.5357936,0.2242106,0.04423127,-0.40052205,-0.014570659,0.17816247,-0.79863596,0.33068144,0.48843443,-0.9399104,-0.7082331,-1.1708659,0.2807293,-0.07631157,0.44924018,-0.26639447,0.7137155,1.4605447,0.7687938,0.5361557,-0.74603176,-0.22163743,0.56783235,0.36935866,-0.1377391,0.34910998,0.34359083,0.019135403,-0.32970667,0.277986,0.29736492,1.0752555,-0.088126786,0.6385553,0.21271957,0.20286053,0.32672355,-0.8477456,0.42618164,-0.17539926,0.30947435,0.63600487,0.51648456,1.0029953,0.76528215,0.020832555,-0.38583902,-0.94529444,-0.11640445,-0.5295989,-0.44299307,0.1235154,0.007126695,-0.68687505,-1.0443428,0.34764585,-0.78106445,0.8262939,-1.4032669,-0.06919799,0.02329581,0.030974371,-0.2357435,0.3848744,0.32774144,-0.16755229,-0.01048049,1.2846786,0.97133106,1.1278273,-1.9438832,0.85239035,0.79345167,-0.39331964,0.4529473,-0.16257837,-0.26502526,-0.24721596,1.3506211,-0.09043514,-0.8690092,0.07221284,1.7282195,0.45501405,1.0934876,-0.34941518,0.92276305,0.22619055,1.912679,-0.22826385,1.059316,-0.58632135,-0.9979531,0.24256608,-0.12961452,0.20075683
0.32552344,-0.7524159,-0.060161173,-0.28567165,0.2631073,0.54483277,0.21272509,1.7212497,-1.0371743,0.52171916,0.27656826,-0.69293445,1.2920487,-0.80118835,-0.71787196,0.17781048,-0.2252104,-0.5596163,0.10259306,-1.7279358,0.77452004,-0.17356308,-1.0950251,0.013920716,-0.39904952,-0.92760676,-0.39729548,0.88994044,0.18090783,-0.028900908,-0.3220206,-0.025075601,-0.71205056,-0.56712544,0.023241252,0.69593674,0.74389243,-0.10459368,0.03322033,-1.160877,0.050271597,-0.0075413734,-0.53589094,-1.4304214,0.5664939,0.5280926,-0.63730043,-0.5298898,-0.28920478,-0.49671698,-0.45471802,-0.14698853,-0.5675023,0.041226983,0.5451599,0.029440874,0.6458126,0.47600627,0.7391236,-0.6018928,-0.6992558,0.09231356,0.6526212,1.2269979,-2.1185496,0.90647936,-0.8805583,0.0676587,0.50036144,-0.36756426,0.6808355,1.0211172,-0.9422164,-0.7731106,0.4636855,-0.51510847,-0.7073659,-0.23572707,-1.3006943,-1.0184505,0.5643202,1.7525235,0.3799077,-0.71773016,0.60186267,0.5749453,0.019055245,-0.46528825,0.19358677,-0.012304152,-1.0937228,1.239545,-0.930516,-1.0767928,-0.7455178,0.6918163,-0.0062098783,0.6988649,0.32364482,-0.9819631,0.15500556,-1.0066054,-1.5711176,1.2427627,0.11934001,0.011206844,-1.2323835,-0.6887844,0.39548403,-0.5684114,0.73172873,0.8580403,0.08313007,-0.16855828,0.0058267494,0.10492099,-0.6935344,-1.1484486,0.049255382,1.6391183,0.09836038,-0.07640496,0.0028477884,-0.3346007,-1.0127301,-0.51371986,0.41073665,0.72750735,0.051221997,-0.181277,-0.8018845,-0.63919735,-0.25587663,-0.08312805,0.051690597,0.30062255,0.74864966,0.09137614,-0.18561397,0.13691553,0.28433478,-1.6911447,0.26618046,0.19494784,0.21866259,-0.22729826,-0.32729825,0.33762136,-0.068481624,0.91951007,0.7764609,0.46801686,-0.67975,-0.5114536,-0.052454647,-0.8379846,-0.23449618,-0.1352983,-0.6510828,-0.6249977,0.12317567,0.08623872,0.20290464,-1.2010994,0.4093346,0.42306587,0.8197434,0.21131818,-0.5034233,0.048293468,0.0967308,-0.15619774,-0.6338883,-0.5446003,-1.0581032,0.6300035,-0.066415645,-0.2317194,-0.1986566,-0.036451984,-0.26200637,0.77291256,0.5691891,-1.3114702,-0.83273864,0.28538918,0.3654366,-0.017877001,1.2055912,0.8372339,-0.07254067,1.3598922,0.2935342,-1.249837,-0.010000713,0.68598366,-0.015720231,-0.7069935,0.52735126,0.92336845,0.25037453,-0.11258858,0.68963945,-0.06525208,-0.58595896,-1.4628359,0.5955401,-0.4156341,0.44249007,-0.15957424,0.106084734,0.37267086,0.48848954,-1.5829997,-0.15873745,-0.0694116,-0.1105805,-0.84119654,-1.3854781,-0.14412121,0.07194008,-0.076049566,-0.00034271035,-0.72354054,-0.5755505,-1.0031384,-0.285996,0.12150402,0.35541567,-0.27539408,-1.0756257,0.4486701,0.6568858,-0.46379262,-0.90744483,0.8987425,0.6657428,-1.0557675,0.14504224,1.2697967,0.72779024,-0.44969437,-0.55551726,-0.45329934,-0.17772573,0.3721123,-0.19589157,-0.15275614,-0.8680676,0.5712579,0.7755567,0.41408357,0.74297625,-1.5315926,-1.2457366,1.3182936,-0.44778928,0.15881504,-0.4081576,-0.41973817
0.20724575,0.79324096,-0.012935899,-0.49234852,0.41234317,-0.7875841,-0.48004234,0.47366512,0.34234774,-0.27568543,0.14811999,-0.1597727,0.17269811,0.8360033,-0.38462487,0.1571125,-0.39535746,1.0005939,0.29074645,0.60323876,-0.4507058,0.3780556,0.14079276,-0.55690134,0.057687394,-0.8056258,0.848358,0.13638616,-0.030465683,0.6135145,0.28707424,-0.5911047,-0.9552894,-0.654231,-0.21671547,-0.4749468,-1.0887443,-1.8717239,-0.12932838,-0.43433625,0.3306707,0.9390874,0.7875325,-0.4037031,0.38076112,-1.1120532,0.09630152,0.7890452,-0.45085517,-0.42427424,0.08362892,-0.60150516,-0.34958035,-0.30014792,-1.0820307,-0.24004816,-0.5259774,-0.01827166,-0.39739388,0.8062134,-0.4186197,0.26727208,-0.15133253,-0.8832437,1.7986313,0.06328578,-2.0258505,-0.6619031,-0.019093467,-0.37372217,-0.51614916,0.42492002,-0.77672887,0.21192695,0.2500835,-2.3984036,-0.6077379,1.41647,0.77419734,-0.37740624,0.9164563,0.49940753,0.70640707,0.46868178,0.52807564,0.037237447,-0.0017984634,-0.33741137,-0.43811846,1.0479153,-0.27363107,-1.6223414,0.13159673,-0.004932193,-0.03350567,-0.39834866,0.305386,-0.8792889,-0.6606983,0.096896246,0.19224766,1.3368691,0.41746646,-1.0838313,-0.14023533,0.35073698,0.56899494,0.110480584,-0.07354137,-0.25192147,-0.10904936,-1.2010922,0.05691086,-0.40033817,-0.41764152,-0.20699093,1.1174803,-0.63082457,-0.6871669,-0.07976148,-0.6998318,0.6933068,-1.1147699,0.051856983,-0.15870178,-0.46299314,0.8972209,-0.15616493,-0.47870508,-0.24707411,-0.5285417,-0.3401626,0.069724806,0.6185396,-0.31857824,0.104190424,0.9127935,0.094808355,-0.16868411,0.7034437,-0.54848665,-0.14703025,0.05060203,-0.57618433,-0.71966386,-0.6721891,-0.60639846,1.5092224,0.32646456,-0.18743682,0.98486114,-0.6560865,-0.18244156,-0.21356958,-0.175246,-0.82955426,-0.16582881,1.0575163,0.6488968,0.38513672,0.036983095,1.0695013,-0.10439551,-0.61067307,0.56690854,0.57991385,0.26502922,0.6206225,-0.05832516,-0.20299271,-0.05780448,0.72733086,-0.42533273,0.33002308,0.09360684,-0.6731267,-0.62770736,-0.08144046,0.0007261276,-0.36492285,0.67703724,-0.275675,-0.20298353,-0.95494616,-0.78695834,-0.17336276,0.6865508,-0.013261004,-0.010616793,-0.39998737,-0.7826616,0.14191459,1.4146317,-0.4646973,-0.7353265,1.4548594,0.5278877,0.96984035,-1.3463088,-0.04124555,0.8829922,0.08335282,0.5214001,-0.9959058,0.59685934,0.4668176,-0.006595838,0.39813256,0.72860074,0.19575794,-0.41281614,-0.2673753,0.081001095,-0.8815039,-0.86575043,-0.24889825,0.0969493,1.2935964,1.3254783,2.3390174,0.16049501,0.14195916,-0.91623616,0.031025048,0.2576029,0.62312007,-0.6612616,-0.923836,0.45299304,0.23678266,-0.047363378,-0.7037844,0.18486528,0.3181023,0.119643755,0.8494062,-0.75994724,0.7205316,-1.2985232,0.9517628,0.69127893,0.4574462,0.11716846,-0.6549234,0.20427744,-1.1079806,0.49382472,-0.8923404,1.027801,-0.35236928,0.8098781,0.24843898,0.75734025,0.72088313,0.6531367,1.0136707,0.7668439,0.55142707,-0.91634154,0.042397536
-1.0894514,0.45345038,0.88276243,0.6326609,0.055986926,0.46182492,0.324837,-1.2745613,0.2083578,0.5284433,0.34006125,1.4293687,0.0052090352,0.1813922,-0.16461562,0.120215856,-0.9137911,0.38077864,0.057690155,-1.1681402,-1.0850453,-0.8411571,-0.5834345,-0.17530246,0.7764382,-0.65468496,0.5585363,-0.31335667,-0.093148164,-0.97172904,1.1051801,0.24217197,-0.5844406,0.6819761,-0.7533888,-0.16192546,0.17956868,-0.5148965,-0.67040205,0.72122526,-0.5588003,0.45431638,-0.90456957,-0.27754256,-0.46127182,0.13651225,-1.2124057,-0.24558337,-0.48428234,0.48884186,-0.0014103315,0.060752068,-0.045315582,0.796778,1.4012623,-0.025037358,-0.46841177,-0.28337097,-0.4269116,0.5593071,-0.4587327,-0.703653,-0.972208,0.6125265,-0.4213707,1.0931818,-1.1905257,0.14458096,-0.546464,-0.026023623,-0.28690022,-0.112630315,-0.67932856,0.1402242,0.4362887,-0.64589065,-1.0651379,-0.8131196,0.2079395,0.05598814,-0.16032831,-0.45086735,-0.73547524,-0.004059593,-0.32997322,0.39040864,0.5993629,-0.33023143,0.3695145,0.95097226,0.6647502,0.7843714,0.4607555,0.7046377,1.3728225,0.3783901,-0.6550831,0.06698012,0.58573765,-0.77532345,0.76103723,0.08162532,0.9412167,-0.7761094,-0.6430969,2.1156602,0.63484734,0.7697485,-0.3940071,0.3848006,0.9874617,-0.22853868,-1.1225007,-0.42930943,1.4413444,0.72447586,0.49963567,0.24293633,-0.49341944,1.0317476,-0.30991584,-1.1322528,-0.017670663,0.05824667,1.5092155,-1.2754757,0.5637215,0.6387355,-0.13994077,-0.14716505,-0.28147346,0.32164663,0.5647074,-0.06622541,0.35995278,-0.27802175,-0.25044838,1.3786288,1.133966,0.36693886,-0.333334,0.45131525,0.33530822,-0.22579351,1.0932953,0.25108364,-0.31882942,0.66501004,0.33688995,0.18977058,-0.853076,0.35166052,0.37974504,-0.9374062,-1.0570514,0.21089502,-0.3280735,-0.5582351,-0.64216995,-0.5393284,-0.5107666,0.35890263,0.006038044,-0.51280224,-0.8156248,-0.34126803,0.79916304,-0.35666552,-0.69264686,-0.008314985,0.110385686,0.39019182,0.035110753,0.06351943,0.4118976,-0.8777824,0.0907076,1.3599457,-0.07868862,0.36408612,-0.4611683,1.3609915,-0.1691698,-0.627315,-0.32082814,-0.57759255,-0.6063277,-0.1279367,-0.35617945,-0.28695387,0.16148204,1.662927,-0.30724362,1.5693074,-0.09747914,1.2541265,0.70371056,0.044553842,-0.8226284,-0.17593634,-0.046129756,0.13561322,0.5961509,-0.5096386,-0.027695812,1.2629018,0.166538,0.24882284,-0.6448926,0.16707562,-0.8641349,0.23960723,-0.0998128,0.38559544,0.2519449,-0.25884014,-0.044141132,-0.97754735,0.36473835,-0.47515038,-1.8874055,0.18803352,0.474082,0.9451774,0.065372564,0.075677484,-0.6357963,-0.14913675,-0.61585265,-0.74341905,-0.5065008,1.1051575,-0.6160808,-0.8765007,0.34423068,0.52485234,1.7465742,-0.015522069,0.4022723,-0.6407806,-0.37825757,-0.98243725,-0.33937705,1.308913,0.23456338,0.29374957,-1.8550012,0.4641002,0.68715405,-2.0214078,0.9577983,-0.94740117,0.7251287,0.80146843,-0.9450773,-1.1953366,-0.83494294,0.73198813,-0.285692,-0.3431369
0.14198235,0.5126911,-0.711232,0.05879539,-1.1500477,-0.54375803,-0.16118507,-0.15834063,-0.23250651,-0.3582743,-0.18330747,0.02553463,-0.08161812,-1.1574237,0.1946654,-0.86287117,-0.418283,-0.88121796,-0.014312154,-0.023897553,-0.6152738,0.6735661,-0.6994767,0.13721293,-0.76904655,1.0346276,0.16484225,-0.11835621,0.6149945,-0.024051351,-0.14725953,-0.32577515,-0.46764404,0.0066559603,0.62479043,0.19037661,0.86088127,-0.33447757,0.6987682,-0.48883733,-1.2427696,0.85022914,-0.60962427,0.46270657,0.4163398,0.19989423,0.09170426,-0.3821673,0.046585843,-1.182864,-0.21951291,0.37294513,-0.53900546,-0.14308697,-0.82725394,0.19776705,-0.6594285,-0.87599146,-0.7541885,-0.32735506,0.080097616,-0.34591565,0.94145036,0.7466277,-0.66464,0.044129506,-0.6435526,0.8551308,0.65329486,-0.64324164,-0.31086946,-0.33817804,0.9115105,-0.22872186,-0.4363464,-0.528679,0.05839876,-0.27895263,0.45267168,0.4114655,0.42872548,0.22131443,-1.1410453,0.31956264,-0.80360335,-0.8025575,-0.60601574,1.1078503,-0.12926786,0.8734519,-0.33645335,-1.0055541,-0.28308696,-0.5087728,-1.0993186,0.97677565,-0.99890834,-0.6581635,-1.3155581,0.7871328,-0.6402411,-0.73664504,-0.4937908,0.874932,-0.047004905,0.1385792,0.33722824,-0.11407443,0.018085182,-0.746451,-0.70191264,0.035493385,0.6244901,-0.06407537,0.081751876,0.5214979,0.47036693,-0.2813549,-0.5895743,-0.3431499,0.06584135,0.18085468,-0.53250796,-1.0897256,-0.80142367,1.0249684,0.9597582,0.8951787,-0.2829317,-0.37718174,0.73443484,-0.2990421,0.22835463,0.42542627,-0.16948193,-0.31945264,0.67601025,0.17678885,-0.8950618,-0.26614407,0.822742,0.3324033,-0.8925753,-0.1915469,-0.33396393,-0.37860173,-0.17860891,-0.53299344,-0.13374233,0.71702874,0.35712627,-0.45469826,-0.89194065,-0.07177964,-0.38962618,0.078352824,1.4378885,0.689502,-1.2193661,0.87045014,-0.5567312,-0.021942792,-1.1765926,-0.035891276,0.06938452,-0.5209521,0.4895891,-0.69660676,0.12773916,0.031240007,-0.002907375,-1.4559017,-0.41794536,-0.70547646,-0.29687086,1.3930398,0.24989925,-1.4851984,-0.44000536,0.027945729,-1.308834,0.53252494,0.61170113,0.8359074,0.2301902,-1.4266486,-0.5186244,-0.5414558,0.7073598,-1.2341143,-0.6436931,-0.34129858,-0.41749355,-1.3940605,0.022790987,-0.65796334,-0.35049623,-0.011587449,0.43740222,-0.5758977,0.1446856,0.09183442,-0.23362233,0.20967686,0.43635553,0.48537105,0.49508578,0.37103176,-0.9809834,0.032006122,-0.11051629,0.10620232,0.9523932,0.12261984,0.10157469,0.06820503,0.8387484,0.35092914,-0.19774391,-0.12726898,1.1255609,-0.19911927,-0.847493,-0.3328516,-0.60383326,0.022565491,0.20241617,0.56964034,0.68453366,0.16615023,-0.3353366,-0.83271885,-0.6286162,1.7304097,-1.0087345,-0.37373778,0.7319931,0.29754433,0.2512682,-0.4603977,0.8703088,-1.9585713,1.1925809,-0.90062153,-1.0694449,-0.21555212,2.6665914,0.17729735,-0.02726934,0.028924812,-0.04841934,-0.7254494,-0.019113954,0.015478576,-0.63644385,-0.28025046,-0.07881351,-0.45068094,0.25728765,1.4105724
-0.4916235,-0.22112505,-0.10522584,1.384588,-0.6106418,-0.970021,-0.26656824,-0.17101838,-0.14777756,0.83604944,-0.48042768,-0.35134238,-0.22095764,0.13880086,0.15124951,-0.101804875,-0.7550059,-0.71615505,0.2510493,-0.27864686,0.37534878,-0.0060477545,-0.46064836,0.3774349,0.21604025,-0.79372895,-0.73596007,0.12683283,0.753108,-0.72530794,0.86865586,-1.4545132,1.0729216,0.3906029,0.39204255,-0.98903316,-0.14624512,0.49913475,0.68546665,1.144505,-0.2502334,-0.4533773,-1.0136257,-0.030532924,0.2709775,-0.3673329,0.10424002,-0.17335252,0.42130184,-0.27599895,0.18884028,-0.3418692,1.8546478,-0.7824553,0.86275274,-1.1113939,-0.92269284,-0.1410226,0.4770959,-0.26343417,-0.26814875,1.0359101,1.0632805,0.6620256,-0.6091617,1.1327821,0.6250486,-0.26547146,0.03482328,-1.1654127,1.5994439,0.7503289,-0.20372306,0.23235591,-0.37532634,-1.0144781,0.0654137,-0.48548362,-0.28703433,-0.25971586,-0.72754496,1.0178504,0.1995531,-0.89719945,0.43144378,-0.16238527,-0.41583845,0.07746277,-0.30579558,0.26659027,-0.1669816,-0.8063313,-1.5945091,0.7680562,0.9189835,0.1239594,-0.26275223,-0.6028449,-1.3972788,-0.35093647,-0.8636154,-0.7448347,0.8358344,-0.86584103,-0.064695224,0.4368003,0.122912005,0.027697802,0.42271182,0.17590143,-0.20941463,-1.2537293,-0.30476686,0.34914136,-0.2350792,0.26896006,0.044014983,0.013755721,-0.34203961,0.21527964,1.2987403,-0.59710413,-0.056884017,0.65445024,0.9204392,0.93735313,0.22979456,-1.137203,0.46025938,-0.2053962,-0.13143955,-0.08007546,1.2203934,-0.7006597,-0.19756305,2.0183718,0.09383829,0.6805667,0.45629042,0.79329705,-0.2941962,-0.11199882,-0.4210071,1.0129365,-1.3133583,-0.24837005,-0.3099717,0.6156152,0.8274679,-0.34766972,-0.23190667,0.29325542,-0.19066268,0.3184027,0.4756344,-0.15948138,0.6511485,0.35160598,-0.88685495,0.5315918,0.29541436,-0.20622225,0.19625069,0.25413227,0.05258225,-0.013580404,-0.26168132,0.31164637,-0.027879529,0.041616656,0.048452836,-0.33266723,0.873382,-0.50788635,0.13855971,0.030344458,-0.7712236,1.0309458,1.307075,-0.95316476,1.4643695,0.040104583,0.46685946,1.0600638,-0.7484978,0.7146414,0.8366401,0.09531388,-0.06408107,0.10880983,0.33809885,-0.07144412,0.5519247,-0.6630374,0.2921345,0.616626,0.028417913,0.6124218,-0.8415593,0.38809177,-0.3760656,-0.09397629,0.5539509,0.9176889,0.17318825,0.6469427,-1.5290902,0.58382547,-0.71436274,0.054864734,0.01135858,0.71337277,0.9545086,0.22155073,-1.1121916,-0.9664626,0.42131764,0.055646807,-1.0083277,-0.10235433,0.120844655,0.3270062,1.5022838,-0.15208578,-0.47219512,0.12441911,0.27096286,0.945426,-0.46693414,-0.40079725,-0.7039917,0.723142,-1.6335216,0.94158363,0.35100007,0.47377706,1.0479255,-0.4894276,0.22559153,0.12999943,-0.5314082,-0.1879786,1.1226039,1.0549538,0.24457927,0.22547439,-0.59905446,-0.530358,-0.02081937,-0.34695634,0.22848432,-0.4932299,-1.8290477,0.2706071,-0.4574574,-0.4251358,0.42401105,0.20844005,0.15675098,-0.5157322
0.6878245,-0.2749266,0.18409906,-0.61258966,-0.38394758,-0.58688,-0.35346177,-0.31056932,0.12344517,0.33358452,-1.1233282,-1.2927462,1.5783465,-0.438231,-0.15026797,-0.12723474,-0.01760033,-0.5013197,-0.743028,-0.14460073,0.4407327,-0.020974014,0.55248,-0.70981467,-0.96782696,0.6873717,0.27120587,0.88374954,-0.4488344,-0.5947279,-0.93009126,0.124642916,0.25277752,0.5008007,0.20089012,-0.59477836,0.9424427,0.4644516,0.0043579885,-0.3224892,0.2818418,1.3900032,-0.36392748,-0.34080374,-1.0135821,0.13617362,-0.2977972,-0.097761646,-0.14037229,-0.0037284475,-0.5937902,0.2040692,0.7736526,-0.044860512,-0.1445394,0.6745412,1.3586518,-0.91903317,-0.37057322,-0.118834406,-0.018155586,0.20640643,0.66038954,-0.19032292,0.18140215,0.5594258,0.8820296,0.48406175,0.7261308,0.98147714,-0.52894634,0.18948884,-0.93437016,0.13453875,0.85266954,1.0758598,-0.0895456,0.6390741,1.1166176,0.26947904,1.0631838,0.86031187,0.023586039,-0.1599906,0.5767781,-1.0380043,-0.60107267,1.065652,0.95374507,-0.19648983,-1.0681095,-0.17397653,-0.51329327,-0.91884494,0.10663679,0.6548895,-0.63606846,-1.2086502,-0.97975403,-0.4931881,-0.8895501,-0.5875187,-0.94199306,0.30583248,0.63285846,0.29165307,1.003775,-0.05253548,-0.21413018,-0.26022652,-0.5968074,-0.5465439,-1.446812,-0.24320158,-0.957346,-0.11978244,0.04137018,0.54553086,-0.5637546,0.5460068,0.14170302,0.5647468,0.3400561,-1.1017369,0.5692039,0.5272524,-0.3556947,0.5147386,0.46218368,-0.14319482,0.48703307,0.025289906,-0.45573208,0.38666564,0.3412144,0.006802074,0.35634193,0.15892518,-0.56866103,0.21006219,-0.17174971,-1.0908647,0.44859594,1.375747,-0.8742297,1.16777,-0.57612634,-0.5305033,-0.23525594,0.0063756816,-0.18825662,0.4791768,0.21953525,1.1436346,-0.57459044,-0.58658886,0.07991149,-0.5004988,0.19999757,0.7721925,-0.2640107,0.45656082,0.7782964,0.38921613,-0.276453,-0.17916605,-1.0961503,-0.04914428,0.66231185,-0.54098225,-0.10739999,0.8588781,0.5590881,0.87235636,1.7560381,-0.80752665,-0.9796606,-1.9275317,-1.5730094,0.6604645,0.8874971,-0.46934325,-0.8711823,0.86509085,-0.033406872,0.0041834326,-0.612727,0.018487982,0.029685214,0.7257324,0.5275723,0.9915031,-0.8408078,0.9498697,0.01845637,1.7260084,0.14389135,-0.124775775,-0.726936,-1.2472888,-0.61243546,-0.042498052,0.022149075,-0.26707795,0.12137497,0.37941605,0.80274177,0.42491445,0.071863055,0.5303659,0.19674549,-0.10270937,0.0628793,-0.6885965,0.04858977,0.24536845,-0.32747176,-0.008367256,-0.654481,-0.019332632,0.094763696,-1.0560143,0.39372206,0.06055316,0.12940697,0.145498,0.85503066,0.22257006,0.121206455,-0.1459581,0.41884688,-1.7155347,-0.8683084,0.7318912,-0.017372262,1.4610145,0.8360835,0.52754724,0.38854587,-0.16147342,-1.4622775,0.6466447,0.36078122,1.7977958,0.5413799,-0.56034005,0.54942936,-0.024575617,0.12872659,-0.08647962,1.1538633,-0.10716504,0.7758984,0.7781677,-1.4119347,0.23558155,0.4654013,-0.35009766,-0.22166315,-0.59087837
1.407279,1.0836425,0.82703024,1.4485521,-0.84958404,0.20474161,-0.67608076,-1.1417158,-0.09572434,0.48913002,0.2949145,0.19992697,-0.0040368526,0.25442412,-0.3137658,-0.41494003,0.29856145,0.37116042,-0.81991994,0.46754858,-0.24561098,0.5531906,-1.113108,-0.14125435,-0.008564394,0.14002769,0.029335989,-0.72094405,-0.33866322,0.34961668,-0.2249359,0.34582558,-0.076072894,-0.0048261844,0.14199378,-0.17159346,0.7085788,-0.77681684,0.9394911,0.5713428,0.12367377,-0.12887794,-0.26528788,1.1450561,0.24345265,0.95417166,-0.5584038,-0.6874747,0.85212266,0.3590619,-0.34177944,-0.5981338,0.17258723,-0.33932763,0.21929823,0.7713792,-1.2257596,-0.33097476,-1.2801374,0.49501884,0.22584756,0.3539426,-1.0578979,-0.5587476,-0.10958826,-0.77128166,1.4281788,1.064487,-0.49612385,0.5569285,-0.13899931,0.6666378,0.04863292,-1.4029292,-0.98178667,-0.8918394,-1.78123,-1.0304743,-0.4113524,-0.40518895,-0.92839503,0.21042393,0.0808099,0.460136,-0.0041745007,-0.0096045835,-0.15088506,-0.5352882,0.7664087,-0.4093806,-0.6393646,-1.4211698,-0.62288326,1.2341571,0.5683125,1.0678872,0.30849147,0.16268076,0.501458,-1.4554518,-1.2461526,-0.96282375,-0.033408947,1.3396353,1.499428,2.1247995,1.021509,-0.8130169,0.23967916,1.0667057,0.26719502,0.16456917,-0.112515554,0.68991303,0.7657694,0.26124474,0.19290999,-0.7840967,-0.055061936,0.32993826,-0.12099762,1.3189081,-0.32790065,-1.3542438,-0.14072487,-1.3531992,-0.40059635,-1.0823317,0.30937213,0.2240518,-0.0838674,-0.27274382,0.47818238,0.004378237,0.33581206,1.7601032,0.30595738,-0.25927186,1.1376622,-0.29276776,-0.25235432,0.36422044,-1.0896301,0.3545342,-0.009262203,-0.6840379,-0.53112465,0.34574902,-0.47481284,-0.7361503,-0.40245166,-0.3037523,0.57307273,-0.5626484,-1.2499046,-0.040905844,0.31556773,0.8469406,-0.39396563,-0.13490452,-0.54009515,0.70462537,0.3544312,0.13774092,0.8857691,-0.37371594,0.7225967,-0.53327686,-0.1351904,-0.19156726,0.4363433,0.0642284,0.76303357,0.8869919,-0.14952347,-0.21074201,0.14825782,-0.98287815,-1.2369949,-1.278624,-0.36784688,-0.60524625,-0.45815924,-1.3221549,-0.5048508,0.24141653,-0.8849348,-0.26196307,0.5590013,-0.0016841828,-0.08108207,0.21585168,0.7673404,-1.820659,0.3847645,0.2629361,0.38845792,-0.5309098,0.55938804,-0.6302282,0.6893985,0.5798097,-0.39286202,-0.3303983,0.9877454,0.5954317,-0.20240788,0.95839226,0.009033981,1.1499397,1.0378903,-0.27947077,-0.100807376,0.81319445,0.024081992,-1.1460617,-0.116750084,-0.11856047,0.97321576,-0.020790404,-0.585449,-0.94139427,-0.07583788,0.7053674,-0.4296059,0.13355364,1.3655583,0.15301979,-0.4528235,0.016384449,-0.38725245,-1.0592341,1.2647203,-0.8877459,0.098934576,-0.9268507,-0.3188525,-0.2599155,0.11849207,-0.54342896,0.55118626,-0.24488786,-0.28090137,-0.40435994,-0.26048192,-0.44403422,0.66085315,0.20021935,-1.4986272,0.11115861,0.9660752,-0.28529856,0.36070067,-0.9640658,-1.7252427,0.93243134,-0.08601156,-0.4959047,-0.39150813,0.6069684
-0.93075526,-0.865378,-0.42251477,-1.1017672,-1.0359441,0.43495187,-0.1469343,-0.31064817,0.6144337,-0.5447762,1.2550443,0.59191996,0.77387583,0.9607202,0.066362016,0.6911636,-0.4454967,-1.1743473,-0.34262913,-0.2514335,-0.5423854,-1.026947,0.21542859,0.10143609,-0.6304818,0.14881611,-0.46672577,0.13853662,0.63154495,-0.19635163,0.24969833,0.09791263,-0.7268776,-0.8639241,1.1959223,0.66089064,-1.0913225,-0.66300523,0.46798065,-0.93352515,-0.52938217,-0.091808476,0.12926884,-1.06541,-0.6782971,0.08704131,0.6536447,0.123848595,0.52041847,-1.0074525,-0.06614493,0.89819854,0.14471063,0.27793038,-0.6939501,-0.17792398,0.3931874,0.1559857,0.54219806,-0.6851717,-0.9069011,-0.6123771,-0.5045325,-0.084288165,0.41970906,0.6821585,-0.109171934,-0.2127014,0.74482435,-0.7145917,0.35058865,1.0547082,0.37403488,0.10054888,-0.23640825,-0.85361874,-0.8498884,-0.768855,-0.4354364,-0.7056418,-0.7541682,-0.4269493,0.6105946,-0.43739474,-0.003604137,-0.94016314,1.1912698,0.8077073,0.04897909,-1.5899838,0.5836997,0.18990795,0.2750409,0.25632563,0.8532364,0.36343563,0.21159127,-0.46934602,0.36088547,1.7338369,-0.630998,-0.06121274,0.34893876,-0.076004386,0.34921047,0.8615667,-0.12737167,-0.9846234,-0.64867157,0.079071574,0.9603634,-0.5738692,-0.21396369,-0.0568306,-0.55319935,-0.46456054,-0.74424535,-0.44677228,-1.1562825,-0.57364357,-0.8675689,-1.1099311,0.8338108,1.2927151,0.7694786,-0.009505401,-0.01648225,-0.07530337,0.46975756,-0.84537035,0.20111044,0.7523164,-0.552087,-0.55694234,-0.3891566,-0.5094402,-0.27233258,-0.47976172,1.7768718,-0.4004862,0.30479383,0.8537128,-0.9936266,0.46744806,0.16862267,-0.20244524,0.18661217,0.07827162,0.05922422,-0.3015161,-0.38428947,-0.39216262,-0.45931098,-0.46398938,0.017670063,-0.44601363,0.23839203,0.6302671,-0.42574078,0.6210605,-0.0498511,-0.018212665,0.5441348,-0.9464835,0.24438678,-0.30928847,-1.2778578,1.3396487,-0.35716078,-0.2584617,-0.15576863,-0.6828885,0.29102474,0.49755076,-1.3228025,-0.6926528,0.9876555,-1.1575031,0.54598683,-0.36475155,-0.22753574,2.125097,0.5711164,0.62359023,-0.5279184,0.081050575,-0.41321424,0.29003584,-1.3105696,0.51751107,0.21492824,0.9352099,0.0039622877,-1.2072432,-0.4492717,0.98351437,-0.23810482,1.2683008,-0.6318192,-0.30367005,-0.500974,0.44990286,0.62971836,-0.28942674,-0.21976876,-0.83370745,-0.5003398,-0.7813079,-0.95713997,-0.6942993,0.16764918,-0.18420072,-1.1662639,0.44574535,1.204834,-0.6169083,0.23980255,0.6178948,-0.16674548,-0.66220725,-0.11323178,0.21826233,-0.09931698,0.21947034,0.025134977,-0.7517827,0.082284175,0.5008026,0.35065347,0.48450547,0.42844906,-0.1360053,0.29493234,-0.3546348,-1.3721918,0.92486715,-1.172834,0.07288364,0.20192184,-0.6773549,-0.5528581,0.56940234,-1.0016745,-0.44631967,0.6529749,-1.0667713,0.39105415,2.191129,-0.6553522,1.3545308,-0.28924927,0.7378817,-1.6467495,0.25543922,0.4896957,-0.37200236,0.9364069,1.3547432,0.26226306,-0.22714251
-0.5025741,-0.3738543,-1.0552459,-1.2727343,1.0811348,0.6589466,0.21591277,-0.17227449,-0.07603964,0.46072787,-1.520749,-1.3823572,-1.3917447,-0.45502713,0.080416165,0.64377373,-0.5764988,-0.637621,0.06416752,0.53707856,0.7930643,-0.91953,-0.54021466,0.12983963,0.9395482,1.081558,-0.8021647,0.44088793,-0.04544398,0.50072724,-0.0020917975,-0.81254196,-0.07386765,-0.84653,-0.06312648,-0.9071563,-0.8916285,-0.5911604,-0.4775683,1.4414885,-0.774767,-0.8372092,0.046189643,1.3663721,-0.0130029805,-0.8314549,0.632378,-0.20179634,0.48763922,-0.37629855,-0.22136995,-1.3700407,0.39158937,-0.5455804,0.27302176,0.14888902,0.53691787,1.3381155,1.1582632,-0.48400763,1.1958138,1.2152965,-0.29588932,-0.11273863,-1.1489538,-0.53239214,-1.2367744,-0.10511753,0.25793618,-0.32205623,-0.7562766,0.6112021,0.37668678,1.3156437,0.7765861,0.5418058,-0.9121238,-1.2986814,-0.40314808,-0.62110126,-0.64966136,1.3632534,0.07473501,0.11661311,-0.27256903,0.22259808,-0.20184572,0.12968813,0.18189351,-0.72625756,2.066287,0.17086124,-0.091568775,1.7048792,-0.45091772,-1.0700469,0.8769362,-0.4360295,-0.7317598,1.8145154,0.6239168,0.95536387,0.72779024,-0.275904,-0.19553794,-0.73115623,0.15298201,0.2283163,-0.21434017,-0.027186584,-0.2535653,-0.07264376,0.22973508,-0.92282426,0.052335706,-0.74616945,0.7483034,0.4737305,1.0167484,0.112465195,0.32828405,0.27197358,1.6589302,0.55344933,0.7346948,-0.597728,0.3872297,1.4119905,0.45999515,0.6861433,0.6994555,0.022134217,-0.31922135,0.5363525,0.94777,-0.27756932,0.398667,-1.0099018,-0.36443275,-0.13897523,0.87640893,-0.40559202,-0.039278418,-0.93581116,0.34435463,-0.5087685,0.6017569,-0.20905192,-0.18202473,-1.3032198,1.1908828,0.29317197,-0.11798737,-0.72602206,0.25821757,0.106088795,0.33995333,0.51423275,0.28703198,-0.14837563,-0.38013142,0.83004063,1.1121535,-0.15852739,-0.9583182,0.9906346,-0.14595054,-1.5064591,-0.2547842,-1.306189,0.68823487,-0.9402251,-0.44417563,-0.9858648,-1.5030488,-0.45594132,0.2768062,-0.21413018,-0.56325835,0.34764946,-0.6081897,0.08996937,-0.44143593,0.32376635,-1.2180018,0.5501671,0.3210921,-0.61702687,-0.3885289,0.3188955,-0.4419113,0.24941063,1.1151729,-1.3932229,0.2955959,-0.4514937,0.25665355,0.3039591,-0.12262118,-0.60754615,0.07171151,-0.5933599,0.8546999,0.044308383,0.017737024,0.7187718,0.14121792,0.2606946,-0.6852708,-0.16819449,0.07248081,-0.017061213,-0.32504278,0.48567793,0.10652375,-0.6586544,-0.29493466,0.6105933,0.72200674,0.3484912,-0.2678497,-1.1599048,-0.467523,-1.2476925,-0.5547419,-0.23416382,0.66274977,-0.3747106,-0.48995802,-0.80523384,-0.9262123,-0.37728965,1.496121,1.2394792,0.07911634,-0.69437885,1.1067058,-0.078204274,0.9111292,-0.23185983,-0.48440695,-0.4387254,1.2121087,1.0275774,-0.08119807,1.291274,1.1894736,-0.010260282,1.9249316,-1.0691725,0.6066331,-0.4091564,-0.6595566,0.42605838,-0.17462322,-0.51487124,0.82598877,0.23715347,0.028609343,-0.17141664
1.1894349,0.08902106,-0.34225228,-0.833994,-0.92426777,0.053272776,0.5072814,-1.819203,-0.74351424,0.66375226,1.5592823,0.71694386,-0.71349066,0.52790254,0.12131209,-0.4106965,-0.7632673,-0.28906277,-0.48394707,-0.48745817,-1.1335932,-0.8883837,-0.0289891,1.3924253,-0.22046931,-0.093567885,0.39179415,0.07585292,0.27699795,0.03735837,0.4669538,-0.272449,-0.21960296,-0.2812357,1.2971692,1.3421273,-0.17356731,0.89099973,-1.2971196,-0.431185,0.68717575,-0.15361908,0.12103268,-0.54489267,0.46155342,-0.36963853,-0.5507893,1.0116552,-0.052847456,-1.5502616,0.836223,-1.2773474,-0.7630573,-0.06740286,-1.1062312,-0.7501723,-0.6945188,-0.27294335,0.92605096,-1.2575206,-0.099034116,-1.337984,0.1743255,0.5796003,0.09365474,0.59925616,-0.728571,-0.5657682,0.38073358,-0.9346637,0.4605012,0.09564268,-0.2029047,-0.21226126,1.4013627,-0.61132276,0.6218553,-0.6043535,-1.1288476,-0.7040489,-0.22684921,-0.74644405,0.13875951,-0.19873135,0.3193675,0.14674203,0.7640314,-0.4260766,-0.5568944,-0.19527045,0.54230803,-1.1662467,-0.29591644,-0.016768886,-0.5566142,0.64736664,-0.2074664,-0.5980798,0.06342271,1.4158714,1.0587807,0.93518144,0.4985923,-0.7408936,-0.037320577,-1.6119511,-1.533252,1.4442677,0.22979023,-0.68209916,-1.3018373,-0.76040196,-0.58504194,-0.27465224,0.02608336,-0.7128181,0.63312846,-1.231902,-0.24205048,-0.531021,0.23079745,0.45703077,-0.5347231,-0.041413486,0.13759632,1.1323186,1.5718784,2.2074955,1.248885,0.15159139,-0.5041872,0.94696444,0.29712617,0.93012273,0.2836627,-0.8309063,-1.0668429,0.81114036,-0.69506776,0.71658146,-0.741575,0.49678326,0.06564581,1.5895666,1.0881096,0.41669935,0.7767922,-1.5345589,-0.32355285,0.53418404,-0.36352855,0.13462685,0.5861318,-0.6176137,0.24820787,-1.0674596,0.526918,0.6596269,0.2810247,-0.67361814,0.1297029,0.18342133,0.67918545,0.3294439,0.3164647,-0.36292636,0.046995364,-0.16970475,-0.49987748,-0.5340512,0.19731751,1.4881592,-1.1532454,-0.08454701,0.85273075,-0.3061528,1.1115974,1.1447718,0.8730787,0.3599262,0.47416413,0.6474594,0.47597584,0.24377465,0.6774008,-1.0316119,-0.8157495,0.31356347,-0.24255073,0.5635389,0.09985078,-0.30768576,0.33613023,-0.55698204,0.9803585,-0.5925253,-0.67914325,0.03609108,-0.28178602,1.2285179,1.6999863,-0.09944052,-0.72763604,-0.13648283,-0.9419494,0.4364877,0.40204543,-0.05766422,-0.80189157,-0.5180412,-0.7132471,-1.2056222,0.036164723,1.4944783,-0.006982055,-0.1997723,0.049992688,1.1947297,-0.28173688,0.40898094,-0.31443194,0.23505987,-0.07285522,-0.22189513,0.4985025,0.11255477,-0.06613692,-0.5025037,-0.27388668,0.027744988,0.5826796,-1.8667052,1.7302195,0.13782863,0.27792752,-0.2796469,0.48201075,-0.9271561,0.5323083,0.28650373,-0.722932,0.57144535,1.679271,-0.9061418,0.921518,-0.43284357,-1.8411176,-0.26290014,0.5312265,0.06853457,0.8886719,-0.35067418,0.074521564,0.40194732,0.7690473,-0.36167994,1.0597398,0.49223948,0.16724618,-0.56012625
0.80837905,0.679154,0.25570074,-0.039842747,0.11004164,-1.0035813,-0.81815565,-0.5992391,-0.75722784,1.0582095,-0.0037047623,1.1413062,0.23899205,-1.2130243,-0.26059833,0.12896636,-0.5187615,0.30775514,0.28630766,0.45848832,-0.34141785,-0.976754,-0.50358474,0.88537794,0.0661028,-0.50831604,-0.13257071,0.6768647,-0.5474737,-1.1482211,-0.59073895,-0.5070794,0.5525568,0.0075834873,0.2924066,-0.5451257,2.0502405,0.89969504,-0.55304664,-0.4271532,0.37110993,1.0165534,-0.61506134,0.4152228,0.62319577,0.5334441,1.1064818,0.61390245,0.27836794,0.5337631,-1.2619629,-0.13398969,0.021794315,-1.2504565,0.5526645,-0.15924072,0.18392546,-0.34896678,-0.45395106,1.1772254,-1.5366586,-0.24779023,-0.7556601,-0.56935143,0.25377393,1.1523122,0.8413982,0.47771752,-0.67651993,-0.85665846,-1.1990638,-0.95174885,-1.1466274,-1.8614986,0.046121113,-0.11302083,0.51184493,-0.4975461,-0.97924,1.1034949,0.57080996,0.032704864,0.41302162,0.57123405,-0.18709019,0.12870523,0.37178743,-0.7347617,1.2754452,0.11914627,-0.18809086,0.08519986,-0.19075768,0.32938138,-0.518179,-0.73447365,0.023439437,0.20669805,-0.4016758,0.33613607,0.3393595,-0.22020699,0.19076496,0.47338894,-0.17941347,-0.19641925,0.89878434,0.12586656,-1.1804378,0.15783867,1.4678947,0.11370164,-1.2210087,-0.29815674,-0.44136724,-0.7644642,-0.4118467,-0.5443397,-0.21161768,1.2763194,0.64026326,-0.73684174,0.6784236,0.578789,-0.9492743,1.5936968,-0.7131137,-0.030205635,0.42042732,0.07566635,-1.5184834,0.30354804,0.12966062,-1.3185282,0.63936096,-0.31191713,-1.0630697,1.4197563,-0.091646746,-0.78288287,0.10734914,-0.46264684,-0.42424044,0.4365277,0.10850442,0.9062784,-0.0075797923,-0.5597261,0.31475824,-0.19836065,0.10911971,-0.777524,1.1196164,-0.36713767,1.3209486,0.38212335,-0.43509462,0.8321528,-1.1863557,-0.55556875,-0.1917531,0.33096996,-0.3822437,-0.050200444,0.99921685,-0.17167988,0.12229907,0.11610929,-0.40074235,0.7708459,-0.21861666,0.19148245,0.3638171,-0.48014814,-0.8382424,0.64817566,-0.8866627,-0.054793593,-0.20728007,1.0271316,-0.23390497,0.7704529,-0.22090478,-0.74636394,-0.6836749,-1.4377807,0.0036181957,-0.34612703,-0.51938725,-0.3658067,0.01708428,-0.43760434,-0.88930386,0.39162424,0.45257092,-0.87459874,0.25694057,0.2644021,-0.41684633,-0.117475264,0.52415854,0.06260906,-0.27117062,-0.42089105,-0.24853846,-0.35961252,0.17517284,1.1103064,0.6534348,0.62340444,0.19833978,0.50865364,0.045283496,-0.411179,1.2928529,0.8567553,-0.35016605,-0.108666904,0.18276653,-0.28636506,0.8237987,0.14762004,0.7876066,0.05013954,1.0814917,-0.7850373,-1.3223943,0.050881125,-1.1533402,-0.30800703,0.8491511,1.0918577,0.7716459,1.2284056,-1.568599,1.3140446,-0.91868514,-0.24247797,-0.59575313,-1.2933935,-0.60498047,0.4257288,0.121562205,0.6515831,1.1783504,0.07101814,0.46105888,1.362549,-1.0808657,-0.9088626,0.6385469,-0.112985924,-0.3326885,1.124626,-1.4495059,-1.4686264,0.40622228,-0.6323737,-0.63390243,-0.7435702
0.63487613,0.75964993,-0.17318411,1.3505576,0.19741948,0.18672253,-0.35300174,0.02306573,0.5969773,1.1609517,-0.17160515,0.29599926,-0.025702136,0.20867734,0.33319348,-1.3249669,-0.30904022,-0.8811253,0.38653344,-0.6037856,-0.49281675,-0.5660614,-0.3520676,-0.06288142,0.6337958,0.44814834,0.3203032,0.3683002,-0.48598647,0.46565205,-0.5086187,-1.1136577,0.2687358,0.85711074,0.1002047,0.90408224,-0.11208115,0.2470009,1.6405011,0.07219758,-0.22786209,0.23951535,-0.89130634,0.3472208,1.7212296,0.6290264,0.5931284,-0.019760543,-0.2241883,0.14022952,-0.4628664,0.6222727,0.96452487,-0.25627708,0.57482195,0.18549465,0.732612,-0.66372365,-0.4478542,-0.6004649,-0.46937558,-0.34412217,1.3824759,-0.5266244,0.012725255,0.5856708,0.28055888,-0.34871507,0.16273914,0.110233255,-0.2273536,0.459291,0.19655883,0.19878621,-0.07195067,0.4770557,0.1561029,0.7951761,0.49653393,1.0036421,-0.23578985,0.2242193,-0.54533356,0.594298,0.27115506,0.4230656,-0.8519732,-0.7703909,0.49057811,-0.11150722,-0.75286037,-0.79911613,0.47014344,-0.06125938,0.27679703,0.73584783,-0.28700507,0.11177615,0.5078985,0.40858364,-0.42886204,0.8931257,-0.12330891,0.77529186,-0.41311833,-0.65126175,-0.3106767,-0.032171912,-0.89848477,-0.71565884,0.28949684,-0.59375614,-0.18228124,0.35718173,-0.91599643,-0.66317046,0.44014853,-0.021905055,0.80083275,0.75716835,-0.50781834,-0.044825472,-0.5558335,-0.62296987,-0.23026718,-0.200493,1.5804875,0.04523055,0.07528152,-0.098527215,-1.1013513,0.26064187,0.3022518,0.4943039,0.1481952,-0.18868329,-0.033302307,1.4317203,1.2037363,-0.6452989,-0.04700504,0.5441841,0.93236214,-0.8634936,-1.4182329,-0.55904114,0.49605954,-0.15143101,0.30791312,0.14472073,0.76176983,-0.885077,-0.40198153,0.014033559,0.027564062,0.152721,-0.39669254,-0.3821084,-0.19829327,0.010069353,-0.6547368,0.7245216,-0.5281535,-1.297971,0.34630975,-0.44922367,-0.20946585,0.14838386,0.71033865,0.8694854,0.40050048,-0.31065547,0.21357477,0.6145211,-1.5277913,-0.31176883,0.578133,2.1191962,0.9347855,-0.39306456,0.4485051,0.30877063,-0.30632055,-0.80309665,0.057786867,-0.77289337,-1.0380722,0.2953437,-1.3786426,-0.25251472,0.08988313,0.16463931,0.11378007,0.5280256,0.8254404,-0.3450477,-0.16664593,-0.8512651,-0.4385943,0.23880772,-0.8303856,-1.0103668,1.4043854,-0.9633346,0.51131433,0.08956444,0.09029113,-0.8875288,-0.3169075,-0.71545154,0.24642795,-0.47510046,0.25986958,-0.5308524,0.29392865,-0.42974654,-0.71861356,0.6935637,-0.44753423,0.47451884,-1.5885552,1.900651,-1.2448735,0.7441662,-0.5320757,0.06017297,-0.097789116,0.3567805,0.43547866,0.10540656,-0.4216251,0.009622415,-0.29243022,-0.59357536,-0.47070175,1.166504,0.09377276,0.6351938,-0.6070257,-0.22912064,-0.010461692,0.60127246,-0.7460207,1.0980196,-0.5236257,-0.7401166,0.45356548,0.6366585,0.106411576,-0.7815971,0.10469453,-1.2423134,0.42666927,0.3836677,0.61672115,0.44199008,0.055722717,0.44934016,0.84553474,0.14993264
-0.63929975,-1.0285685,-0.40143746,-1.6313418,0.50710285,-0.23508348,-0.8308007,0.13872845,0.6227549,0.59865415,-0.07471161,-0.8336687,-0.87881964,-0.68184006,-0.8615131,-0.39680642,-0.36234114,0.16082515,-0.7232387,-0.71674925,-0.06324844,-0.63633454,0.41412464,0.2270611,-0.06658279,0.7623039,-0.52995896,-0.19039588,0.2948161,0.2762572,-0.08929758,0.63595647,0.32716414,0.63039875,-2.3117428,-0.17892897,-0.3661632,-0.5094316,-0.28683004,-0.23491864,-0.6061052,0.8234792,0.03709454,-0.3217556,-0.45151362,-0.45510587,-0.3632352,1.5107737,0.7025165,0.30712664,-0.56748813,-0.2904768,0.097183995,0.4709477,0.12468045,1.956249,-0.5992582,0.47500566,-0.54945457,-1.363433,-0.016464159,1.2891341,0.64312977,0.89000547,0.15074988,-0.30747548,-0.32969168,-0.38630566,-0.6994221,0.676461,0.03859483,0.33617625,0.38741794,0.17955415,-0.036301937,-0.7164257,-1.0212458,0.45512444,-0.56651795,-1.0508248,0.28536752,-0.12457076,0.520098,-0.9352012,-0.87034076,-0.34115443,0.03243562,-0.58813584,-0.23940963,0.49632713,0.82321966,0.8641789,0.16497242,0.059803717,-0.44654262,-0.4758149,0.004444895,-0.47361764,0.0070812562,0.7149916,-0.075285144,-0.9195543,0.106187284,-0.6817902,-0.44368607,0.92835,0.23868454,-0.29036373,0.100119755,0.34167826,-0.94081974,-0.66884136,-1.1256574,-0.6658115,-0.6425094,-0.9642374,0.11387106,-0.12237999,0.6731562,0.36881724,-0.1158357,-0.041327767,0.38211614,-0.64963025,-0.37245405,0.02757807,-0.6223755,1.1926512,0.45499852,-0.20987955,0.13794465,1.2536087,-0.24779189,0.27580142,0.11245244,0.22372894,0.9386446,-0.30995333,-0.33929563,-0.819162,-0.7887346,-1.1864362,0.38156784,-0.37539577,-0.50626034,0.084493116,-0.65999424,0.57851255,0.30147544,0.1278279,-0.2783111,-0.3504838,0.2734439,-0.16614157,0.34173474,0.9969465,1.0219815,0.16093421,0.010453649,-0.22587398,-1.0881851,0.1858729,-0.2400389,0.16826133,0.078518555,-1.290961,0.32101253,0.5602655,0.25366253,0.15698439,0.31114,0.951906,0.46701124,0.95215344,-0.82155186,-0.47862643,-0.83903646,-0.39156163,0.5675883,-0.4605482,-1.1315222,0.2822502,1.274493,0.024608647,0.7479869,-0.40505782,-1.538945,-0.08972262,-0.6120427,0.08964984,0.6892907,-0.47016287,-0.4246654,-1.0118822,0.13835101,0.9093853,-0.36130273,0.5289793,0.9398019,0.9200397,-0.34310448,0.09091221,0.8948731,-0.83701015,-0.95904607,0.14461245,-0.5933286,1.0436199,1.6279577,0.46142983,0.009748082,-0.52744764,0.15192975,0.32912102,0.25597954,-0.22423746,0.09462644,0.38772973,0.27323934,-0.32851723,0.39057934,-0.54451215,-0.49183044,0.014118507,0.7705151,-1.1938344,0.77624303,0.85400087,1.3090744,-0.27769923,-0.66221344,-0.2690589,-0.87989765,1.3274024,-0.47312272,-0.11052229,0.3208258,-0.48156783,0.38645703,-1.3247656,-0.530888,-0.38494742,-0.825343,0.17224695,-0.51733935,-0.95727956,-0.6772798,-1.0394421,-0.09159089,-0.5813544,0.309371,-0.96434873,-0.5481734,0.2951321,-0.6236135,-0.30635267,0.7963547,0.40268803,0.37225,0.94511616
1.1543669,-0.2689096,0.048193634,-0.85149497,-0.401449,-0.6944521,0.37437087,0.21173908,1.0119622,0.12576197,-1.1892524,0.039260607,-0.078316286,0.20244317,-0.8889537,0.19014972,-0.3588619,-0.63396734,-0.93707424,-0.11636024,0.14065562,-1.6493678,0.019429876,-0.47776395,1.5388111,-0.6879262,1.2261653,-0.4901732,-0.09353409,0.3392052,0.10311072,-0.11723572,0.1426772,-1.933199,-0.03598675,-0.5002897,-0.79206026,0.9084109,1.0411645,0.39270747,0.30919227,-1.4606334,0.978653,0.19268863,-0.6342851,0.3925366,0.22988789,1.1444614,-0.02529722,0.40666947,-0.29377192,-0.7409585,-0.26315796,1.7029674,0.009727017,0.66594076,-0.7844334,0.83573854,0.22514312,0.22367169,0.36832815,-0.65204984,-0.1695446,0.05339711,0.042693336,-0.32266238,-1.3721985,-1.1986812,0.47112477,0.047039118,0.24806818,-1.4533987,0.51013774,-1.1811433,-0.1794268,-0.5395379,-0.23502353,-0.9559796,-0.14300242,-0.50808936,0.47084865,1.2708995,0.46441674,-1.8468993,0.118257515,-1.0575494,0.31192893,-0.51168025,0.3511544,0.92143065,-0.05572729,0.8786935,-0.06345203,0.8700402,0.63034296,-1.0027466,0.47120446,1.0484353,0.5979453,-1.1937444,0.14609134,0.14429058,0.4015903,0.2879788,-0.27214366,0.4720671,0.839038,-0.3076766,1.1925521,0.4820832,1.1084741,-0.7760115,-0.37141317,0.11826235,-0.24493636,0.52759236,-0.34982136,-0.60709846,-0.2949996,-0.41229102,0.11193451,-0.40217105,2.0304132,0.47037822,-0.8129242,1.2603625,1.1235145,-0.4425044,1.0196311,0.38907906,-1.0565126,0.87985474,0.63904965,0.5836477,-0.36928475,-0.060966562,0.6008699,-0.93034244,-0.28596094,-0.020054381,-0.40071002,0.9825733,-1.3956119,0.43115935,1.0368679,-0.27081764,-0.4566543,0.13316764,-0.4671712,-0.3469936,0.89227545,0.24504295,1.9478728,-0.47877422,-0.6709603,-0.022984771,1.3060347,-0.1649445,1.0259,-0.265209,-0.6605507,-0.45111287,0.15823457,-0.15450585,0.43142703,-0.113481574,-0.64901453,-0.82913357,0.18806462,1.7873315,-0.23017378,0.6923731,0.33840933,-0.08457779,-0.6522721,0.9181785,-0.112646885,0.79607475,-0.20675828,-0.4236613,-0.401892,0.85988027,-1.3675175,-0.68408644,-1.4175957,-0.64057034,0.05319668,0.29629412,0.23168573,0.3625764,0.4239834,0.44186053,-1.7308522,-0.8711009,0.26061428,0.5169295,0.20322277,-0.7383015,-0.4483888,0.21009344,0.01887984,0.21913248,-0.16558121,1.5958468,-0.0094772335,-0.764194,-1.8483582,0.66756254,0.056818917,-0.40965873,0.9968584,1.0153788,0.3219209,0.3343312,0.4496743,-0.4665265,0.7337103,0.49368736,-0.799819,0.999782,-0.2971273,-1.533927,0.099220715,-0.39483398,-0.50611806,-0.45506895,0.923017,-0.6235768,-0.049249686,0.5610576,-0.21101013,0.30034003,0.896113,0.5732106,0.40479624,0.9752466,0.1152777,0.75127894,0.9319476,-0.8948938,0.12277432,-0.5416185,1.1178476,1.281409,0.41527927,0.09139784,0.12896915,0.66843134,-0.18059047,0.50325,-0.5311666,-0.3158915,-0.2216782,-0.78179467,-0.16151376,-0.9755885,-0.7193557,0.24462166,0.6347143,0.51370656
1.2104602,-0.22892356,1.5172801,0.6117627,0.24388431,0.015269593,-0.28472918,-0.80475765,-0.1393881,-1.1257781,0.068843685,1.3040551,0.911463,-0.27375966,0.26184842,-0.4858395,-0.89174646,0.6987389,0.063781336,0.1886319,-0.33578187,-0.22331776,0.050590467,-1.1022589,0.32479388,1.244353,0.18417515,-0.1475085,-1.3113343,0.37572217,0.81748164,0.3590367,-0.6748577,0.07375993,-0.49143055,0.045799594,-1.3709389,-0.034357224,-0.5192762,0.3267057,-0.3367304,0.33012682,0.04119754,-0.6931453,1.4311986,0.77661794,0.1266559,-0.08844703,-0.41610613,1.7070986,-1.1053344,-0.34275484,-0.47443312,0.6843933,0.47558185,-0.031328965,-1.6703023,0.10826514,-0.36473063,0.027750501,0.29544023,-0.38863423,-0.38267368,0.9946072,-1.1716441,-0.23646012,-0.88280445,-0.21032135,1.3774748,1.0168734,0.71552736,0.17078051,-0.063394226,0.6621638,1.2833792,0.2008489,0.118102364,0.44291696,-0.048456695,-0.66229063,-0.7804944,0.18210971,-0.3377544,0.25538576,-0.6948655,-0.075851545,-0.8895964,-1.5782957,0.19168943,-0.102131225,0.04817122,0.6261388,-1.1006894,-0.70139086,0.397233,-0.30641752,0.1836109,0.5164782,-0.7417576,-0.58734953,-1.1243808,0.40273225,0.18370488,1.4264855,0.7367331,0.012205893,0.49385634,-0.26749307,0.41768906,-0.8485068,-0.46214396,-0.35816476,-0.5790565,0.9930753,0.7713039,-0.15977748,-0.1785275,0.12860973,1.2206454,0.5013871,-1.0434911,0.05999375,1.0569457,0.41742745,0.36346427,-1.8478681,-0.5990932,-0.82389134,0.17109312,-0.81598496,-1.1085013,0.028890384,0.9948996,-0.59642076,0.029423302,0.21673964,-0.42401803,1.5586228,-1.8338921,0.91842777,-0.45468697,0.84301865,-0.47834378,0.9451473,-0.6589976,0.5949783,0.2772962,-1.1770278,-0.5197905,0.9218423,0.34118614,-0.32916176,0.729847,-0.12470237,0.24605626,-0.41694513,-0.3580125,0.634826,-0.72989297,-1.1903646,-0.7067974,-0.43150666,-0.96801835,-0.002799116,0.47200078,-0.046609838,1.4359121,-0.8362761,0.7677136,0.286357,0.065782115,0.31939822,0.6173964,0.8173073,0.26568273,-1.2012458,0.13966681,0.052716643,-0.8941978,1.0093817,-1.4520658,-1.4338635,-0.39404145,0.107329816,-0.22771776,-0.53736395,-0.32577464,0.4550768,0.6364441,0.339309,-0.32529467,0.60545063,-0.34420475,0.090292245,1.1481084,-0.46129248,0.14687178,0.014787367,0.16976151,0.24364495,-1.2654378,0.39648807,-0.5228639,0.6995817,0.058156066,0.84788674,0.1718322,0.031423464,-0.91902506,-0.5294167,0.68608123,-0.9692858,-0.15177074,0.5189772,0.42497125,-1.1518048,-0.45205098,-0.045709293,0.9621939,-0.11389428,-0.8561512,0.454852,0.5536438,0.6040757,-0.13692452,-0.78932136,0.09173039,0.89895904,-0.48779392,-0.047238465,0.43208024,0.56457233,-0.4373448,0.55867183,-0.85895944,0.114224955,-0.70266163,0.20248696,-0.31566647,-0.93918794,0.7877353,-0.22119433,-0.4010126,-0.13406803,0.29224032,0.91772515,0.6609513,-0.6918144,-1.4363574,0.5333659,0.19880043,-0.02159574,1.0711362,0.27983198,0.3998039,0.6244437,-0.6546426,-0.22588864,0.10122944,0.41247156
0.38066876,0.25489455,-0.27450982,-0.5678909,0.71167994,-0.55007726,0.22346906,-0.19475271,0.74827385,0.20574974,-0.0053823343,0.25831482,-0.71881235,-0.76634675,-1.1493653,-0.18985114,-0.65606457,0.9590046,-0.054519523,0.90089756,-0.35673246,0.50339425,0.5517079,0.9197673,0.21526574,0.011854055,0.54735386,0.3715689,0.058850225,0.039151177,0.115898766,0.1330652,-0.63482755,-0.23756978,1.0040243,1.7187228,-0.7292764,1.2591403,-0.414107,-0.5279466,0.6675991,-0.4551618,-0.119427525,0.13294852,0.28170258,-0.11990363,1.2888256,-0.48655874,-0.3149725,-0.8995224,0.13812223,0.041605297,0.57671404,-0.56359756,0.24330918,0.4810493,-0.65873903,-0.14155297,-0.18751113,-0.020006882,0.66162306,-0.47391376,0.9235221,-0.7290201,-0.21644996,0.052905023,-0.64273864,0.2134029,-0.061903313,0.85923755,-0.57203203,0.4183862,-0.23435491,-0.21725103,0.7001748,0.4526917,0.27487367,1.1867783,1.2198292,-0.47669598,-0.13735466,0.4216024,0.671272,0.2889374,-1.2443098,0.687851,0.4518805,-0.70947695,0.81542075,-0.2545899,0.0005213998,-0.885214,-0.79797333,-0.28250113,-0.8728115,0.6892495,-0.25509605,-0.8346805,-0.3149197,-0.61419976,-0.5773155,-0.25524917,-0.45022118,-0.29624686,-1.3966784,-0.99650383,-0.37673852,-0.9946737,-0.4620339,-0.21032065,-0.3653858,-0.4047524,0.23578645,0.020772431,0.2385878,-0.6839533,0.58696216,-0.1642594,-0.7420198,-0.077382594,0.5551572,-1.5488312,0.1460594,-0.18396363,1.1335616,-0.3446085,-0.68573874,0.9074784,-0.19026327,0.9241682,-0.9733116,-0.12696506,1.5745572,-0.77111745,0.14107798,-0.8459271,0.55241805,-0.9697423,-1.4085836,-0.8338662,0.25988603,-0.49071762,0.19102022,0.4706993,-0.11216463,-0.07935884,-1.2269939,0.38993585,0.4912211,-0.08103771,-0.468093,-0.9159695,0.82877964,0.37018707,0.12027234,-0.71945953,0.27495927,0.015341583,-0.7125045,-0.14619915,0.3296256,0.107097834,-0.7487612,-1.6490513,-0.13969663,0.17013921,0.609898,1.1712313,-0.97236794,1.0044085,0.76765186,0.76284206,-0.20233883,-1.3109609,-0.52354455,0.00056355196,0.57473433,-0.38800177,0.84635746,-0.30235532,0.27063268,1.0240395,-0.37665376,0.45463616,-0.9629662,0.61331767,-0.14692119,0.9033743,0.52779084,-0.3696494,-0.11828073,0.96463454,-0.57918984,-0.59843445,-0.44136447,0.119312435,-1.0326371,-0.26776323,-0.99754936,-0.78333527,0.4957649,-0.1913363,0.31219438,0.5163834,-0.1202104,0.09567783,0.91243786,0.6909206,0.6352754,1.4754397,-0.9910143,-0.47216332,-0.003868496,0.44044128,-0.72980154,0.06375131,0.61016047,-0.76692736,-0.5172421,-0.4734625,0.9848972,-0.42282027,0.20112962,0.40617687,-1.1227964,-0.0023044816,-0.17297865,0.15160367,0.99896634,-0.25927332,-0.22221367,-0.3724822,0.19324753,0.6005028,-0.7575476,-0.26727232,0.5317434,-1.0819924,1.5167505,-1.4281913,-0.6075593,0.26230094,-0.18851742,0.07652083,-0.47627544,-0.54083407,1.1257265,-0.33784664,0.24212874,-1.183671,-0.45631874,-0.96172756,-1.0626696,-0.9680905,0.8378042,-0.1268229,-0.051014204,0.8254093,-1.0871196,-0.42219433
0.5885311,-0.04218886,0.6972219,0.7859701,-0.20921451,-0.640851,1.0311817,1.0881782,1.112667,-0.16793633,-0.45736238,-0.17873545,1.2747096,-1.2599376,-0.7954008,-0.6305258,1.0844916,-1.4154325,-0.4146929,-0.7748905,1.0085098,1.0981201,-0.014216027,0.8307999,0.23718385,-0.32754907,-0.5430384,-0.19948515,-0.29432914,0.6018492,-0.09447938,0.15635698,1.0477673,1.1320591,0.041926716,1.302631,-0.32237843,-0.66939074,-0.24468035,0.75658476,-0.13888504,-0.27444106,0.24188174,-0.7912394,-0.3407385,-0.46368608,0.781906,-0.22498204,0.729646,-0.5065481,-0.16129074,-0.45549914,-0.3817737,0.52749383,0.6548384,0.53463125,0.5470851,0.8497163,-0.62286425,1.3843907,1.3343747,0.050951686,0.05596511,0.4223222,0.32351214,0.16741894,-0.01710353,0.13881788,0.6531872,0.16329311,0.28238472,1.6871709,0.3602418,-0.100277424,0.15955332,0.08144897,-1.3032109,-0.3050546,-0.4166905,0.14029075,-0.5598671,0.16677816,0.8932136,0.62728935,0.6914954,0.17116998,-0.72060215,-0.15999642,-0.3378444,-0.77521956,-0.32937068,0.6124086,0.75114524,-0.09508021,0.5787417,1.5170043,0.22650892,0.46283945,0.1722478,0.12722263,0.6648158,-0.4476911,-0.62092924,-1.5448859,-1.5544702,1.0051222,-0.0007681135,-0.73537743,-0.039337147,0.44268388,0.18507746,-0.79355043,0.45616367,0.165022,-0.15861472,0.09559067,-0.39129746,-0.58695847,0.075493135,0.15077296,-0.45821264,-0.8563478,0.4159227,0.26712278,0.7308094,0.21080887,0.5594582,0.41066548,-0.58891433,0.5262244,0.29826277,1.1024814,0.098478355,0.42906442,0.35834906,-0.8182732,-0.038000148,-0.15085727,0.5499922,-1.3252009,-0.6279112,-1.3730881,-0.09503091,0.0071115014,0.13907629,-1.7129788,0.69547886,1.1499492,0.94122636,0.64680254,1.7713916,-0.912761,-0.012888849,0.34711406,-0.46066552,-0.00024565362,-0.019608568,-0.6257605,-0.9568357,-1.2989483,0.978052,-0.0855762,-0.022254344,0.41526973,0.26301792,-0.4589975,-1.4374746,0.013431831,0.5750143,-0.16784503,0.2398336,0.64800304,-0.65742946,0.15862815,-0.24424024,0.45853913,1.1615621,-0.18500887,-1.3622224,1.4813595,0.8968831,-0.41161644,-0.3823869,-0.47611353,-1.0685734,0.99634165,0.33747143,-0.6662793,-0.21472648,-1.0062027,0.19428656,0.11310245,-0.13333997,-2.0322142,-0.04242978,-0.35722312,0.08686256,-0.2814742,-0.060658626,0.7097526,-0.7726603,0.107355125,0.27746484,1.7033502,0.12089063,-0.022963155,0.34322017,-0.5797711,-0.067929804,-0.7341237,1.1658548,0.78832537,0.51838255,1.5283971,0.18778573,-0.027072122,-0.92051524,0.58070815,-0.60229456,-0.14255308,0.3084277,0.684772,0.3305596,-0.79404026,0.22892937,1.2090721,-0.14666441,-0.9511271,-0.02027766,-0.1483028,0.4815913,-0.63074434,-1.0436529,-0.58631206,-0.72223663,-0.6132118,0.3784169,0.112893924,0.8782033,0.22596513,-1.0626593,0.2177614,-0.39557266,-0.21704279,-0.0092687905,-0.8299043,0.4167656,-0.91693187,-1.1170384,1.2022738,0.038298063,-1.3015746,-0.96206,-0.6940182,-0.4753308,-0.30401585,0.39033175,0.21059696,0.59290427,0.12246334
0.54178554,0.41264945,-0.11451973,-0.22745058,-0.0955168,-0.2567463,-0.031796247,0.14450483,-0.69378287,-0.34018323,-0.8700213,0.09998713,-0.43479067,-0.30668646,0.56801474,-0.6957961,-0.62125653,-0.31756774,-1.2997484,0.576381,-0.81006354,-0.1325039,0.6535828,-0.6473352,0.35470954,0.68876207,0.23099951,1.0958167,-0.741649,-0.9021307,-0.51307064,0.5888647,0.51349837,0.28715345,-0.90368974,-0.3156236,1.902134,0.6496512,0.46848705,0.008696391,1.4149202,0.22311187,1.3345635,-0.201471,-0.7201991,-0.5668556,-0.77598095,-0.65123594,0.049075626,0.65179414,0.3458075,0.044098806,-0.22991295,-0.2871693,1.7260225,0.5859426,0.5278001,0.5291453,-0.5409152,-0.21538049,-0.9727636,-0.3632004,-0.43075496,-1.3046277,2.3862698,0.2860211,-0.70264477,0.80898654,-0.017067557,0.84065825,-0.05498397,-0.13354015,0.2018651,-0.6993344,-0.74353635,-1.9161258,-0.96933544,-1.7670801,0.18772054,-0.73132765,-0.70848125,0.12585944,0.6251769,0.4875867,0.0440525,-0.81437004,0.33705527,0.26983997,-0.37621352,0.30790326,-0.1174164,-0.3928935,-0.032472637,0.22990258,-0.8100066,-0.20381412,0.9187915,0.49419254,0.07460715,-0.41705012,0.24286234,0.64785343,0.57461846,-0.073802024,-1.0070176,-0.76046044,-1.272426,0.50584906,0.14136887,-0.21572052,0.124345064,0.27091017,-0.6508008,0.7779403,-0.4631475,-0.9686563,0.19306672,0.34691417,0.47949532,0.21267466,0.14933996,0.32412925,0.097589225,0.14645457,-1.3481084,0.1688637,0.28991836,1.3713813,-0.9149776,-0.40062344,-0.13707773,0.7971045,0.52467036,0.30571714,0.6202167,0.5727097,-0.45906785,-0.262754,-1.0605752,0.05297114,-1.1876665,-0.4999168,-0.038161144,0.3310329,-0.42972422,0.09271825,-0.6484302,-0.8451702,-0.5707748,1.3388734,0.767508,-1.0234039,0.20502791,0.7859115,-0.28474942,-0.70191807,0.8253192,-0.055736274,-1.2723043,-0.33076075,1.0860629,-0.4250003,0.39908442,-0.25269267,-0.91426945,-0.4156272,-0.04349584,-0.2899405,0.5626163,-0.063314326,-0.20016107,-1.8960372,-0.42024735,0.65119976,-1.0058669,-0.5956995,-0.053217936,-1.1255348,-0.12800443,0.69465595,-0.6798494,0.20256788,0.22397316,0.52810675,1.3065542,-0.4790296,1.3549188,-0.29730162,-0.4650628,1.1282358,0.11568141,1.4617846,0.024601743,-0.13107756,-0.20741947,0.6985608,-0.3708818,0.3232878,0.039699387,-0.26313263,0.14860763,-0.14916214,0.2901134,-0.37570372,-0.5152932,-0.14665894,1.2026638,-0.5108509,-0.04795669,1.0675458,0.9852681,0.5144002,-0.33083835,-0.8900769,-0.30642754,-0.5828331,-0.015555939,0.7853252,-0.54864365,-0.24892865,-0.2512341,-0.059699968,-0.47751477,-0.99544924,0.69751376,-0.78497785,0.6676051,0.0324254,-0.22974569,0.074117176,-0.18387763,-1.3027805,-0.12720641,0.061774824,-0.73408496,0.5840558,0.072462335,0.3293884,-0.38475507,0.48017535,0.047763787,-0.71246934,0.080869295,0.90309906,-1.8978542,0.16803774,-0.047528256,1.788645,-0.046196263,0.26183972,-0.5069119,1.1054758,-0.5539521,-0.33153874,1.576276,0.086208224,-1.3414931,0.041622337,0.9934191,1.1975534
0.51025367,0.38480684,1.0095878,0.91575956,-0.017392421,-0.12601434,-0.42130727,0.8632969,-1.1362333,0.78188014,0.22824894,0.12625133,-0.017582258,-0.14466701,-0.21055467,0.40339702,-0.740227,-0.24282387,-0.74362063,-0.2652188,0.08068024,-0.30149356,-0.12959133,0.51752424,-0.8229919,0.14609642,0.5218186,-0.91376996,0.42707393,-0.46153706,-0.3984536,0.20116459,0.5546933,-0.88847923,0.30516583,0.5105653,-0.5717761,0.88859534,-0.40530926,0.82222015,-0.52047825,-0.34214684,-1.3166689,0.700729,0.4279078,0.4798725,0.014375242,-0.11034415,0.07090166,-0.40038618,0.9650805,-1.0376954,0.07863137,-0.7661449,0.990203,1.2547748,1.2840732,0.447758,0.17038514,-0.03312875,-0.17735337,0.0029100245,0.39530015,0.22703433,0.9371983,0.8395994,0.04540952,0.09108764,0.8551479,-0.5586206,-0.74952936,0.6263414,1.1921011,0.0071636206,0.30062556,0.27659482,-0.014501968,-0.6257236,-1.4603926,-0.5072597,-1.108808,1.6670808,-0.32282105,0.51115113,-1.09872,-0.6654813,-0.8770642,0.77116305,-0.003932484,-0.039492283,1.3935221,0.5220009,0.32563618,-0.66661614,0.6073003,0.30648223,0.2117813,0.27165943,-0.6789719,-0.49091503,0.4633477,-0.5130558,-0.09327099,-1.077583,-0.756363,-1.914815,-0.82361543,0.98035717,-0.117185034,-0.29541072,-0.10582887,-0.42382482,0.01592802,0.23238969,0.08419519,-0.009429029,-0.71753716,-0.59401155,-0.041074723,-0.8766457,0.5756547,0.7155964,-0.34920293,0.5998802,0.18666753,0.30203125,0.20277812,1.513042,0.72788686,0.42105678,-0.3331644,-0.07233943,-0.14219391,-1.5289592,-0.29530838,-0.35893017,0.25458047,1.6456496,0.89819586,-1.0958265,0.2625136,-1.0445879,-0.59181064,-0.91737926,0.41991192,0.15378958,0.4279538,-0.52935475,0.248419,0.9409379,0.28387943,-0.04160519,-0.52890325,0.5876218,0.5922781,0.076379485,-0.6491289,0.42644158,-0.05043483,-1.2645196,0.33062106,0.26429242,-0.16152188,-1.122401,-0.16873623,-0.7820169,-0.8614578,0.696341,-0.4592663,-0.4911716,0.7549968,-0.11309365,-0.69155556,1.3479059,-0.37540713,-0.04248831,0.5448289,-0.046052825,-0.26352274,-0.4806046,-0.6849359,1.3860425,0.9360105,-0.32546225,-0.20300205,0.57165825,-1.1568314,-0.24453925,-0.3737544,-0.7590957,0.23612657,0.532445,0.4361407,0.45527512,-0.28189954,0.7872983,0.24830696,0.19715938,0.26317865,-0.43605536,0.08689598,1.3067309,1.0254784,0.040973794,0.6280386,-0.54134697,-0.71590924,-0.22364646,0.9838923,-0.015435372,-0.40060344,0.65690017,-0.2670336,0.23148853,-0.87050235,-0.10287854,0.7357064,-0.48812535,-0.7272432,-0.53299797,0.3385428,-0.8105924,-0.04706379,0.5731157,-0.26308,0.39209154,-0.61440665,-0.36263263,-0.7774273,0.06886034,-0.31925917,0.58628565,-1.6203798,-0.1650746,0.10770316,0.8450359,-2.3586118,0.9230211,0.04467981,-0.8796391,-0.19630395,0.3218891,-1.3840082,-1.6435056,1.7451218,0.8391956,-0.18441571,-0.37110758,0.1618889,1.2139825,-0.5247904,-0.15112582,0.9058883,-0.59789443,-0.7256047,1.6672099,-0.4816195,-0.713741,0.31619865,0.63991696
-0.30423585,-0.83143437,0.5659514,-1.5562773,-0.44946834,0.2107768,0.1743945,-0.46927527,-1.1266377,0.3968134,0.8066161,0.4462546,-0.30218843,0.19616364,-1.3472686,-0.111003354,-0.7790283,-0.91090935,0.84806806,-0.49506557,-0.15351142,-0.5327314,-0.30929384,-0.12685993,-0.57351226,-1.2338783,0.9481703,0.77361965,-0.27665612,-0.0022218162,1.5385654,0.12505448,0.092835315,-0.85942435,0.55245095,-0.10975269,0.7308744,0.20832655,0.38227835,-0.5897085,-1.3934921,0.079555705,0.81974816,-0.1294289,0.024527417,-0.5370893,0.005963603,0.6959935,-0.8379025,0.18491185,0.3375033,0.4119265,0.49986428,-0.50281096,-0.36085632,-0.98943114,-0.66835254,1.1603715,0.14930235,-0.82431155,-0.025599,0.6763995,1.534622,-0.22673999,-1.0767031,0.8896665,0.9643504,0.73986626,0.87620246,-0.6835698,0.25353265,0.01165599,-1.0570308,0.80217904,-0.6008492,-1.7550876,-1.1110994,-0.22066699,0.3045737,0.31720087,0.17422257,0.3963154,0.2432739,-0.42807412,-1.2610178,0.6628948,0.25638306,0.31081897,-0.5980569,-0.17839164,0.31635368,1.4842383,-0.3841706,-0.34518638,0.21922097,0.13713624,0.65785086,-0.35827905,0.85666895,-0.29011014,0.029829958,-0.96170205,-1.3110719,0.26226845,0.40330988,0.82725596,-0.73309964,0.04201639,-0.5483926,-0.23086873,-0.11829709,-0.5869637,-0.2612699,-0.62723887,0.692958,-1.1744324,-0.82247794,-1.2449373,-0.5698421,0.9287295,0.038729385,-0.55585265,0.65356904,0.1435911,0.04100403,-0.22491495,-0.8020018,0.41769147,-0.3118802,-0.80412906,0.75452685,-0.7281041,-1.1544162,0.2408602,-0.5287899,-0.45548764,0.6064213,0.4028777,0.83158386,-0.6788317,-0.41583553,-0.31246814,0.41002366,-0.57376367,-0.33007437,-0.34557992,-0.13276729,0.20603497,0.7671852,-0.7724096,-0.43764287,-1.0424757,-0.15662538,0.43040618,-0.78588325,0.7479577,0.045643173,-0.37370127,-0.8118042,-0.48031604,-0.807748,-1.0931845,0.39034885,1.0172848,0.0404751,-1.51387,-0.6288544,-0.25738463,-0.6003722,-0.90436465,0.11585509,-0.048628077,0.030584566,0.4475634,0.0129992245,0.7563334,0.6924113,-0.782157,0.40516967,-0.25437862,0.1775162,0.8497141,0.03835357,-0.8843272,-0.12520921,0.43148896,-0.100362584,-0.2935781,-0.993471,0.6589196,-0.24014772,-0.6149327,-0.18714948,-0.18385299,-0.18589833,0.5293649,-0.37684253,0.15004605,0.8322505,0.34105164,0.5683691,0.22563457,0.37098926,-0.28958502,-0.15502466,-0.1705423,-1.1717507,-0.7457121,0.8283659,-0.6281812,-0.07310017,-0.050852604,-0.60057276,-0.49278617,0.6336282,-0.088655226,-0.44327804,-0.07253708,1.1176699,-0.018792914,0.45337886,-1.1319728,0.18128185,-0.21463078,0.0776136,-0.21468164,-0.43189582,0.9942016,0.09144944,-0.24040833,-0.16700031,0.72160894,0.29591823,0.2935322,-0.35118526,0.64823407,0.94291747,0.029675104,-0.04670386,-1.2919831,0.49174133,-0.46601996,-0.08412409,0.9545811,-0.36569536,0.7713255,0.26047036,0.0580398,0.09763354,-0.47857264,0.30472845,-0.5531792,0.7293931,-0.45787767,-0.11762159,-1.1855975,-0.05436232,0.5640267,0.2173548,0.22954874
-0.19659576,1.0450957,-1.1929,0.76263,-1.0162888,-0.16588978,-0.5065491,-0.11030814,0.03919301,-0.3193197,0.50729805,-0.24617635,-0.7617401,-0.6155946,-0.47400323,-0.0496366,-0.14954661,-1.2278738,0.6142059,-0.06696264,-0.25363484,-1.7151471,0.7294563,-0.121671066,0.7307899,0.18091275,0.63679034,0.37036645,0.29846457,-0.76801085,0.78373444,0.70243716,0.7932608,0.9795384,-0.3508274,-0.2325311,1.1658901,-1.569941,0.16504055,-0.58959776,-0.61071974,-0.45453477,0.1651949,-0.9992575,-0.63902676,-0.5329694,0.14073534,0.91173583,1.2469238,-1.2429531,-1.6135331,-0.18001641,-0.21036495,0.3447087,0.24579462,1.8037353,0.4919231,-0.029743852,0.5064901,0.6115327,-1.1304178,-0.20456323,-0.4030142,-0.51851565,0.09192643,0.7744601,-0.44891298,0.28597593,-0.13774921,0.007924591,0.8555634,0.110855676,1.0935225,-0.7917028,-1.3279064,-0.819747,1.0427811,-0.39142847,-1.439301,0.5515315,0.1961294,1.4690869,-1.4108298,0.6862142,-0.90664256,-0.53382087,0.0017622637,-0.25787562,-0.4653337,1.3380053,-0.44559762,0.6462343,0.4172744,-1.3530438,0.9821882,-0.36923844,-0.27853143,-0.17597498,0.48977697,0.59799373,0.98787624,-0.8109777,0.64607245,-0.050418526,1.0296919,0.8845248,0.24129836,-0.8571165,0.3886709,-1.14048,0.12852158,0.8019689,-0.66366255,0.51221794,1.2380574,0.14316279,0.60497016,0.9127916,-0.46934414,0.3144972,0.513616,-1.3280104,1.011077,0.75591433,-0.24079138,0.5272862,-0.9703407,-0.81542295,-0.876879,-0.818889,0.76049536,-0.48615995,-0.49472606,0.15335588,0.327943,0.6077081,-0.75918114,-0.35468888,-0.38935605,-0.75888133,-0.94353807,0.3978624,0.36199442,-0.5669758,-0.3313612,0.27615112,-0.592283,-0.8271763,0.10984279,-0.63611484,-0.33839664,1.1563295,-0.20238172,0.63964117,0.05177439,-0.5633982,0.6151968,0.606245,-0.4498181,-0.6251615,-0.49913678,0.004751447,-0.5098629,-0.12648605,0.39760566,-0.036789067,0.551601,0.22082818,0.4971635,-0.7004432,-0.3399167,0.6330469,1.4143592,0.7412399,-0.62271935,-0.48608285,1.157498,0.20033084,0.10196216,-0.8932277,0.72504634,-1.3335092,-0.6320939,0.11534032,-0.39391884,-0.28994092,0.568693,-0.727659,0.7412345,-0.9612161,0.72380996,0.25282398,-1.5663763,1.3271731,-1.0910859,1.3713051,-0.6792059,0.10925417,-0.56730306,0.42077056,0.050723214,0.24496244,0.27862412,-0.7820044,-0.5330236,-1.0303383,0.7111404,-0.18487471,1.0912055,0.38049442,-1.0515273,-1.5846387,0.054986343,-0.21765591,0.4269331,-0.36687276,-0.27548504,-0.31148174,0.28921777,1.0255554,0.43618888,-0.60997874,-0.029062936,0.019668391,-0.6869474,0.25812453,-1.2321652,1.349722,-0.82618815,0.21475357,1.0355448,-0.34423453,-0.43183187,-0.20253678,-0.558835,1.3973687,0.8044221,0.62775594,-0.46621764,-0.08847163,-0.47820142,0.5180385,0.2933199,0.89490384,-0.53713155,0.9520231,-0.16251114,-0.32079694,0.31556424,-1.3386167,0.2600224,0.8814696,-1.8254635,-0.25961962,2.7103224,0.47121915,0.59952444,-0.037231587,0.9952667,0.21058992
0.5725558,0.8400839,0.10968885,-0.056432348,-0.116893135,-0.8886794,0.05785035,0.29060483,-0.54726785,0.8371019,-0.07840989,-1.7278217,0.24325602,-0.30164015,-0.1388786,0.21968637,-0.105689794,-1.5675586,0.06698179,-1.4075882,-1.2968272,0.07488571,0.0022704066,-1.4029704,0.028488765,-0.20787436,0.13054992,-0.65270954,0.5219281,-0.10193701,-0.52852476,-0.94473135,0.05124558,-0.63929904,1.4365051,0.59573466,0.45313048,0.9088962,0.13368866,0.64266425,-0.6132022,0.42619547,0.10068604,-0.959095,0.6117601,-0.5047063,0.04754644,-0.56025594,0.102163754,-0.75010633,-1.24633,-0.52660567,-0.81289154,0.3607994,0.4843931,-0.6537357,-0.8903995,-0.07117594,0.30382597,-0.084333375,0.0039615044,-0.92579794,0.14421073,-0.9677384,-0.09565686,-0.34964916,0.34257582,-0.33391857,1.1031252,-1.4392265,0.0868649,-0.36255643,0.34566817,0.6762315,1.2098758,0.20444812,-0.6423414,-0.93492275,-1.0472648,-0.31523162,-0.83787054,-2.2262492,0.07902001,-0.23759225,-0.8776476,0.9242278,0.81218785,0.0231542,0.30048937,0.27642068,0.06120457,-0.88905203,-0.27774507,-0.6244674,-0.36789006,0.3900223,-0.7448055,-0.2746838,0.46296483,-0.121786915,0.7549798,0.26291698,0.77111,0.15295841,-0.80141723,0.25287223,-1.3383644,0.44657573,0.09302362,-0.6141356,0.27311108,0.18221405,-0.7364935,1.531963,-0.6497082,0.07262457,-0.54825836,0.11888808,1.6030074,-1.3297452,-0.9333787,-0.8062488,0.31488052,0.85250604,-0.9170356,0.83553696,1.5672778,1.1431834,0.12492117,-0.32977244,-0.07335191,-1.091485,-0.31697094,0.25505027,0.31374174,-0.051466286,0.50896263,0.7503116,1.266166,-0.9219901,-1.0805358,-0.09495333,-0.9923001,-0.21533912,-0.5381099,0.22560683,-0.1481487,-0.3176846,0.59225947,0.48226672,0.90853214,0.018631756,0.50882465,0.742666,-0.19438277,-0.5464047,0.15765221,0.1826976,0.5572069,0.4776409,0.5273331,0.7884767,0.91780066,0.25473052,-0.059124235,0.038477022,-1.2213427,-0.42559236,0.67372304,0.791513,1.3336439,0.37870377,-0.07975924,0.49063322,-1.7335925,-0.7712762,0.4435518,-0.38295287,0.1552872,-0.043211512,-0.59879225,1.4316751,-0.03156706,-1.9841888,-0.37957996,-1.5268556,0.49790072,-0.13049401,-0.009520716,0.01624896,-0.21700141,0.4963432,1.5128342,-0.9360959,-0.39708275,0.22292699,-0.3090532,0.41678905,-0.7234695,0.6152975,-0.9796847,0.5124631,-0.34768292,0.69804704,0.39237756,-1.0247614,0.012391143,0.34488994,0.47611654,0.5738208,-0.3898007,0.5415567,-0.58742,-0.29770473,-0.38558477,-0.44707248,0.03655682,0.79519343,-1.2096704,0.41367435,-0.1168706,-0.080032066,0.32514724,-1.238716,-0.26857144,-0.0062197624,0.5191048,-0.11249197,0.30913496,-0.95003146,-0.57632685,-0.05654212,0.79846084,0.063531406,0.15230426,-0.009462445,0.27886823,-0.29518098,-1.112221,0.7976826,-0.28486192,-1.0940173,2.1524842,1.2823929,-0.05674079,1.8526608,-1.0340655,0.7659843,0.39147678,-0.28182963,0.054761443,-1.2782663,0.33940783,-0.0055030314,-0.42338136,-1.5421104,-0.0061616288,0.1561458,0.011037207,0.022468967
-0.44690007,0.11016112,-0.32418072,-1.0096555,0.15000303,-0.08194742,-0.5927178,-0.16998948,-1.1553402,0.29521555,0.7427054,0.68149424,0.31284437,1.3039542,0.7264296,-0.70315623,-0.8192699,-0.41957274,-0.10598433,-0.17148747,0.10268405,-0.2020603,0.42399502,0.6340249,-0.5207088,0.2611983,0.48456323,-0.20991397,0.12270547,0.34471306,-0.09147066,-0.42781693,-0.31474468,0.43010962,-1.4497234,-0.76713884,-0.4406919,-0.34895435,0.14058393,-0.21279463,-1.2360853,0.24269307,-0.37880218,0.14693458,-0.03410579,-0.4502422,0.39257205,0.5161821,-0.27428862,0.23869874,0.4547388,-0.9993981,-0.28598002,-0.4407765,0.68833387,0.94560117,1.246383,0.2873464,1.3223509,-0.09715327,-0.7979581,-0.07682522,0.082358845,0.50141615,-0.10153439,-0.66826373,-0.90507704,-0.14253493,0.6680493,0.36841708,0.0037831622,0.18909211,-0.49783805,-0.4162961,-0.81887794,0.52727175,-0.115330756,0.4890806,0.36272788,1.0123442,-0.54811746,0.99226797,1.4769392,-0.9988258,-0.3495886,-1.1408051,0.65332055,-0.017433668,0.27006134,-0.09657234,-0.16858116,0.71952397,-0.17939551,-0.48988077,0.5400605,0.0032568742,-1.2897707,-0.3875422,-0.83904636,0.016427252,-0.08442921,-0.2514615,1.1107959,-0.67976886,-0.29970062,0.039691843,0.2175918,-0.10581375,-0.3470451,0.16150166,0.07564039,0.022240564,0.44545123,-0.40840453,-0.26236543,0.19188508,0.52792776,-0.16449335,-0.075308,-0.32415822,-0.9446849,-0.8045567,0.3038927,1.4980228,-0.82379776,0.6191138,0.26187968,-0.34309453,0.6698856,0.9864458,-0.78318775,-0.5976437,0.3420131,0.61490494,0.26154575,0.22125539,0.23217732,-0.33867186,-1.1832006,-0.56577444,-1.7449297,0.35516208,-1.0914778,0.45304573,-0.6385425,-0.9248537,-1.1903985,0.5366871,1.126029,0.45077336,0.1410934,-1.0870522,1.3768829,0.3566662,-0.26210907,0.14818673,0.5253014,0.03604605,-0.039944828,-0.22705989,-0.5767161,-0.39894208,0.52986205,-0.9819182,-0.39396787,0.5478405,0.5831592,-0.44019175,0.5248243,0.39284158,-1.224447,-0.047811564,-0.56707275,0.8620238,-0.41906136,-0.37264904,0.36028677,-1.0330182,0.2582666,-0.674905,-1.4015237,0.94062346,0.5793843,0.055478506,-0.46858394,-0.3471091,0.77054596,-0.18536171,-0.20410232,-0.55730164,-0.67421883,-0.11403645,-0.06403758,0.4483397,0.17861216,0.7682595,-0.3770408,-0.47722995,-0.59128976,-0.023275837,-0.27314195,-0.21990182,-0.5715418,0.05444897,-0.02808393,-0.5201383,0.11769547,0.049944486,-0.6004681,-0.043900557,-0.55188274,-0.58415693,0.6708082,0.7170788,0.5202548,0.8564132,-0.48343408,-0.14237985,-0.10060037,-0.3868893,-0.090220034,-0.35721397,-0.11728911,0.48537576,0.7142381,0.37428364,1.0838728,-1.6901337,1.2261513,0.6853733,-0.52036613,1.2941884,0.3432287,0.08204008,0.15678044,-0.078797646,0.17282599,-0.12227167,-1.0393353,0.1316242,0.087977946,0.7421456,-1.281911,0.014272764,0.011595522,-0.06549754,0.31765112,0.17661263,-0.9622753,1.4737959,-1.4628649,-0.7244297,0.2562387,-0.15497008,-0.9803539,-0.53677905,-0.2012487,0.012219981,-0.5848397,0.8963134
0.40515956,-0.978915,-0.63581645,-0.0998841,0.47386697,0.116271995,-0.8356648,-0.20343657,-0.23472133,-0.3375519,-1.030569,-1.4684874,-0.39967284,-0.24472004,-1.11615,-0.68744296,-0.40703058,-0.82742083,-0.5660302,-0.12194599,-0.62191194,-0.696404,0.4982971,0.086215004,0.03791155,1.1396667,-0.17924835,0.10929881,-1.7464279,-0.35362142,-0.6567458,-1.8365057,-1.0627367,-0.0015066657,-0.23323524,0.15934539,-0.8802784,0.73636,0.8216188,0.22550689,0.08225534,-1.0194416,-0.88669366,0.09596781,-0.38853925,-0.11652814,-0.6421755,-0.18120277,0.08818339,0.7193539,0.67138946,-0.01630265,-1.1234683,0.21471612,1.1815528,0.539762,0.23702611,-0.3066502,-0.7608493,-0.35275492,-1.0101216,0.32657963,0.16494325,-0.048110504,0.53208953,-1.1278191,1.0780822,0.2735146,-0.46667936,1.0302477,1.0049769,-0.20695414,-0.5780918,-0.19738095,-0.38784003,-0.2823696,0.36224288,-0.20010726,0.0883487,0.24929959,1.1686435,0.054805674,0.90630156,0.31556687,-0.36086303,0.90747976,1.1299937,-0.41808006,0.7059769,0.13580383,-0.5171913,-0.3741805,0.11872401,-0.32312402,-0.9553746,0.84601235,-0.3862521,-0.15312435,0.46451673,0.59474254,-0.7246236,0.6566366,0.66062677,0.30892172,0.24076457,-0.21090788,-0.9475632,-0.8366455,-0.79358375,-0.82347614,-1.5110544,-0.13424803,-0.11765901,-0.68043023,-0.15259273,0.36865792,-0.66298753,0.81860524,0.5302462,-0.6540209,-1.0047534,-0.21978647,-0.7374831,-0.3351391,-2.3096056,-1.282603,1.2566543,0.4231706,0.39714307,-0.61038274,-1.287389,0.47800198,-0.502884,-0.29600114,0.3789268,-1.1771405,-0.4139222,0.041445732,-0.0037085314,-0.40804347,0.9016993,-0.9213798,0.7102843,-0.4351522,-0.4282231,-0.489098,-0.5513804,1.4733038,0.3074679,-0.25436667,0.34265637,-0.041946895,-0.3069184,-0.31200412,-0.56991076,0.42405248,-0.1990225,0.29996908,0.667049,1.4213842,0.33516803,0.88942814,-0.99388534,-0.3679757,0.72881323,0.21707991,-0.91234875,-0.06481956,-0.03483258,0.15612124,0.05909934,1.1220968,-0.015985494,0.015900997,-0.6605262,0.0976544,0.5429913,0.4746161,0.18208535,-0.9067266,0.92855406,0.7952249,-0.12001781,-1.1927384,-0.3362138,-0.6769665,-0.4131445,0.22356965,0.7138177,0.4635671,0.6167713,0.64454526,0.3337223,-1.0051898,0.26525697,-0.34308144,0.53048193,0.94894874,-0.31841302,0.78720456,-0.05615375,0.31606805,1.0081805,-0.67121065,-0.113748774,-0.52903044,0.3034326,0.97525287,-0.12810424,0.23367083,0.41132757,0.40839553,0.54365414,-0.012214427,0.0707566,-0.15378344,1.1347584,-0.39779216,0.27815887,1.0634311,-0.041266896,-0.47530082,0.06112726,-0.25365463,-0.66539466,0.70988196,1.5292606,-0.485438,1.111823,0.06912565,-0.3074931,0.7462327,-0.7630169,0.19283792,0.0771557,0.22491087,-0.27425402,0.023171254,1.04385,-0.026697641,0.16756749,0.20447288,-0.155996,-0.92068845,0.30111596,-0.7046283,0.19137062,-0.1813482,0.49046135,-0.88494736,-0.42426446,0.19646306,0.14314403,0.94717884,-0.7507371,1.0011883,-0.6644657,-0.12315497,0.0075903833,-0.6297214
0.13349663,-0.68214023,-0.35306492,-0.53272945,-0.4278159,0.19336303,0.5095263,-2.110196,0.01772647,-0.60380584,-0.9716116,0.15126291,0.25297102,1.0365728,-0.16126259,-0.28306285,-0.7081015,-0.15355931,0.8528001,0.04236093,-0.5704084,-0.8724087,0.024653878,-0.19534498,0.8705455,1.7286148,-0.13813016,0.61827403,-0.9745084,0.7023738,-1.3650359,0.421677,-1.3951402,-0.55472845,0.34614968,0.42045292,0.848264,0.48624796,0.41785565,-0.12118277,0.2913909,-0.45487294,-0.41992617,-0.19650461,0.46141037,-0.107282095,0.89178246,0.4253862,-0.340327,0.13320437,-0.28640822,-0.5429152,0.22342569,0.2244002,0.27722615,-0.39027968,-0.8982322,0.34967807,-1.5248561,-0.77945244,-0.39467287,0.8291732,0.24078432,0.0022978769,-0.24583758,-0.18781987,-0.64695126,-0.773911,-0.1701175,0.27629286,0.7990506,-0.10155365,-0.5926775,-1.0047324,-0.7394069,1.2568563,-0.4519206,-0.7778625,-0.49840608,0.7400676,1.199762,0.05301019,-0.06370018,0.8463213,0.47930583,0.6121325,0.020961706,0.28907794,0.22063114,0.51784676,-0.7392266,0.82286555,0.9518987,-1.0813428,-0.41409382,-0.7339203,-0.3390352,0.10431785,0.0017633152,-0.2304749,0.13792826,1.4418356,0.60045046,-2.5395422,-0.50712824,-0.55602056,-1.0953045,0.12982835,1.9283743,1.0448257,-0.3826983,-0.8556041,-1.2038429,0.008382714,-0.5814392,0.27768195,-0.51154184,0.058138207,0.5309311,0.37658137,0.10363124,0.1483405,1.3169196,0.6669234,0.86230826,1.1377704,-0.34928218,-0.27908474,-0.14879513,-0.18216716,-0.7214011,-0.12775561,0.57164353,0.30917346,-0.21971004,-0.62018776,-0.14518294,0.40287495,-0.38491237,0.18410239,0.100249246,0.5849925,0.5815305,-0.5032367,0.58347845,0.7568171,-1.410808,0.24178945,-0.2128632,0.79852074,1.2248642,-0.36547294,0.91364074,0.73538315,1.223574,0.47337642,0.43918565,0.06550146,-0.4873114,0.4787681,-0.75341874,-0.18860117,0.46797755,-1.1217332,-0.2756076,0.0042488617,-0.32886335,-0.46367183,0.01022206,-0.111784354,0.16619329,0.64370644,-0.50803185,-0.35791117,-0.7697766,-1.9545548,-0.6589951,0.20735939,0.26580086,0.35141957,-0.041583847,-1.3025239,-0.7284721,-0.5674778,0.58853376,-0.6701259,-1.7145525,-0.045073733,0.13561718,0.182277,-0.612973,1.9886131,0.42643318,0.88508433,-0.8682106,1.8484704,-1.1571267,0.00035551973,-1.1684396,-2.0627582,0.8578803,0.25450847,0.9201001,0.3591933,-0.35018545,-0.28502208,-0.9603117,-0.32789344,-0.6152362,-0.10116672,-0.26837677,-0.85688674,-0.32862994,0.53080624,0.16613403,0.6176999,0.23867609,-0.29178515,-0.4923226,-1.3823595,-0.21880503,-0.087180294,0.77524054,0.5952293,0.65805286,-0.49291173,-0.4819826,0.52078205,-1.2501305,-0.22688165,0.5116995,0.11092437,0.4339515,1.5613903,1.0133975,-1.2037328,-0.15640758,0.073886454,-0.91638124,-1.0748205,0.034895945,-0.63241357,0.38486326,2.2388556,0.32671872,-0.152962,-1.0799487,-0.023361202,-0.24429356,-0.20447963,0.39650038,0.87686646,0.8310646,0.5387232,-0.6537085,0.9507076,-1.3209381,0.6221701,0.40577486,0.59032387
0.41419172,0.19730145,0.20946121,-0.7018926,-1.2275466,-0.23845713,0.009083163,-0.3297296,-0.13349555,0.50118846,0.57829875,0.19986667,-0.3442787,0.4579765,1.0855136,0.10234872,-0.39065567,0.30421126,-0.8474216,-0.40371138,0.004126794,0.73814994,0.60646987,-0.27371293,0.13446206,0.055921864,0.1673043,0.9798342,-1.4878457,-0.18483914,0.04405345,-0.54738724,-0.8142901,0.32875556,-0.40564436,0.1804304,0.12371862,0.5130035,-0.6191569,-0.37906155,-1.0771244,1.5750707,-0.73760813,0.10334486,1.0685182,-0.6608511,-0.27055126,-0.6890311,0.22764887,0.92696154,-0.17071505,-1.0456116,0.18238382,0.4651008,0.3299604,-0.46659458,0.18249044,-0.24284093,-0.41818404,-0.25489163,-0.99184656,-1.0089899,-1.2917719,-0.2418388,-0.2434958,0.04722185,-0.10398471,0.37635523,-0.63450474,0.63644964,-0.22085413,0.044227466,-0.950322,-0.16803788,0.55688435,-0.014270189,1.1440364,-0.110996045,0.029015213,0.14841507,0.20093328,0.13917612,0.25576726,-0.9695176,-0.776278,-0.063600056,-0.04914995,0.11656057,-0.48160437,-0.58917886,-0.5524226,-0.7011519,0.008208224,0.079096496,0.79378957,-0.80297077,1.2931517,0.6129015,0.6919873,-0.43904024,-0.31687236,-0.010609475,0.1433692,0.27695522,1.5346115,0.985792,-0.72338957,0.10467656,0.21117204,0.44423044,-0.0018630981,0.08232321,-0.35844296,-0.2587368,0.7922463,-0.3468379,0.06451574,-0.7616075,-0.15510209,0.5877589,-0.37302357,-0.02900207,0.332502,0.8548068,0.47980607,0.06347313,-0.60230553,-0.30280766,-0.8509334,-0.43075296,-0.3492451,-0.9828009,-0.12687348,0.98570967,-0.95205384,-0.0084604835,-0.27460158,0.46220812,-0.19043618,-0.9134058,-1.0108131,0.16883618,-0.22501816,0.60047626,-0.7809877,0.6379345,-0.35664502,0.33657423,0.19293647,-0.36440378,-0.32141694,-1.382905,0.47039822,0.03794434,-0.7526481,0.5752638,-0.2526076,-0.21034539,-1.3763638,-0.93272793,0.102225274,-0.9957304,-0.17962143,-0.33803084,-1.1782418,0.25344908,-0.5402635,1.1804036,-0.36436686,-1.0301926,-0.5140727,0.29697925,-0.7333633,1.6690136,-0.30083892,0.39167708,1.3106831,0.34636185,0.3869667,-1.5365499,-0.8759311,-0.8860378,-1.0854788,-0.65613896,-0.023314433,0.5840867,0.6231938,0.11604382,0.7886309,-1.6182004,-0.5014727,-0.54706806,-0.55464053,-0.16127262,0.11629031,-0.3689394,-0.054704595,0.9272759,0.58900326,-0.35239354,-1.2069882,-1.3088477,1.2151972,0.5175805,0.11702936,-0.009694353,0.93848586,-0.117394775,0.72331524,-0.14777361,0.6350927,0.8070593,-0.85649383,0.41802433,0.9472756,-1.0060375,-0.02682935,-0.025387626,0.50494033,-0.20562567,0.5426588,0.33130765,0.7986106,0.33691603,-0.32473943,-0.07234883,-0.30181125,-0.6193677,0.67804927,-0.48975146,-0.011449623,-0.3381638,0.44310418,0.29856914,-0.42891866,1.0187119,-0.11450593,0.050775237,0.62846977,-0.0653815,0.7803901,-2.4986036,0.0018130527,-0.17696857,0.49539232,-1.7920604,-1.0136906,-0.14479136,0.2705878,0.4709097,0.08161694,-0.14828482,-0.8222912,-1.0486963,-1.3117257,0.5144617,-0.8855621,0.17966604,0.3480375,0.3075865
0.2541654,0.46026587,-0.8280642,0.70115924,-0.6549809,0.106516145,-1.3176097,-0.7829273,-0.9211555,-1.0442027,0.4635464,0.75170183,-0.4805237,-0.59927166,-0.8785856,0.29091322,-1.1803296,0.8284481,-0.4485437,-0.19163772,-0.12577638,-0.024637397,0.004523801,1.7519463,-0.8804771,-0.5522899,-0.1052457,-0.24217701,0.501711,-1.2143856,-1.2194995,-0.5737601,0.58690375,-1.1613841,-0.64507276,0.67804456,0.4773619,0.4211534,-0.7211591,1.7089354,-0.45316157,-0.235865,0.30563876,0.37372866,0.50112027,-0.69457316,-0.45363986,-1.4832323,0.62717247,1.2603805,0.8444603,0.39573386,-0.23975715,0.3716801,-0.68787235,-0.53871614,-0.12862925,-0.26765764,-0.13939476,0.14346442,-0.7567492,-1.191886,0.29907918,0.4923206,0.7410372,-1.3998373,-1.4327554,-0.21221906,0.23772278,0.7977276,-0.089555055,0.26647726,-0.10976773,-0.44447067,-0.026257183,-1.5011625,-0.5437411,-0.5271851,0.28560123,0.23788945,-0.03914462,-0.51980317,-1.713788,-0.8893007,-0.30518398,-0.033737123,0.26560894,0.4937158,0.04918201,0.164926,-0.06363213,1.3477196,-2.5885463,-0.17309134,-0.38840812,0.671634,-0.6188874,0.26021093,0.47533613,0.71171945,0.784047,0.058671884,-0.8383696,0.18627271,0.9038324,0.76437056,0.8324095,0.13154507,0.35600796,0.3263624,-0.17037673,-0.13122901,0.10200166,-0.81171143,-0.28274554,-0.6461106,-0.07000882,0.6988371,0.5535539,-0.16426434,0.5358709,1.0992677,0.35243428,-0.03552798,-0.25643,0.68169636,0.76598024,-0.72991586,-0.034791317,-0.99429697,-0.009218889,1.0182502,0.7928184,0.21381319,-0.9522989,0.18390046,-0.46715537,0.7303992,0.0062655276,-0.33394065,0.076947704,0.81728137,0.08864598,0.88932854,0.12850058,0.23633191,-0.48815978,0.55513626,0.3468726,0.8197624,-1.7771384,-0.023541102,0.7117234,-1.1176678,0.40185243,0.7007359,2.090249,0.7633736,0.43396702,0.6368999,1.1108413,-0.03353396,1.5088359,-0.29462817,0.1312911,-0.05424205,0.40955567,-0.2989166,-0.19685331,1.0630481,-0.2630929,-0.13041963,-0.06826006,0.45599616,-1.090541,0.24548405,0.6562112,0.58582103,0.5208303,-0.0419269,-1.3436759,-0.73173225,0.2852714,-0.40396023,-0.7145597,-0.99098957,-0.4948477,0.46580112,-0.37541303,-0.40472555,0.1496291,0.6995939,1.1716633,0.5205883,0.2638193,0.8837688,-0.88493717,-0.8254299,-0.43028,0.62999696,0.6620449,0.38800952,0.73484963,0.06510121,0.5381709,0.54938006,-0.030293956,1.0090365,1.0735075,-0.03366417,-1.1559525,0.07118204,0.14292699,0.15204202,-0.43106982,0.43136516,-1.0538055,0.3115093,0.83629614,0.8417492,-0.3048057,-1.2526706,-0.45792383,0.17021534,-0.72480404,0.7090483,-0.29297745,0.20047735,-0.28751478,-0.59300756,-0.27285472,-0.47146377,-0.439658,-1.4157153,0.78763276,-0.91165096,-1.7785354,0.27567458,-0.6083399,-1.5436088,-1.0037591,-0.73274297,-1.739681,-0.02634488,0.23720007,-0.544271,0.08824235,-0.56302285,-0.53234243,0.049230605,0.18430467,0.00305342,-1.0469726,-0.21361071,-0.015578888,-0.37664554,-0.074027434,-0.29535455,1.370424,0.19060075
0.54681605,-0.3345894,-0.6413089,-0.2671871,0.011509644,-0.34264138,1.2620913,-0.61115336,-0.18830925,0.8427698,-0.17724575,-0.11731036,-0.07721393,0.13066167,-0.38668787,0.4641376,0.69854385,-0.38821745,-0.099089146,-0.063367374,0.2268808,-1.7528684,0.18280913,-0.80149275,-0.0856999,0.7227611,-0.01091296,-0.00870158,0.362389,0.018322138,-0.2349526,-0.31348068,0.649088,-0.3498993,0.15635172,0.0021166059,1.3448343,0.40779957,0.76316684,0.9933596,-0.32458672,-0.105070986,0.46296668,-0.26462287,-0.66808677,-0.7930183,-0.9312379,-0.21213914,0.40061024,-0.23818813,-0.34742707,-0.06420403,-0.082402214,0.4886437,-0.85822827,-0.72781163,0.19673267,0.7689128,-0.70373094,-1.5638721,-1.8358942,0.5236497,0.61188823,0.70556706,0.10575349,0.23061186,0.39620033,-0.37815955,0.6007793,1.0300876,-0.17210333,0.002552501,-0.1449938,-0.78319985,-1.2927355,0.097817205,-0.9327801,-0.043524086,0.1212846,-0.21405712,-0.76144105,0.043809842,0.009173663,0.10751108,-0.41799995,0.12814532,-0.31869736,0.8951495,0.047082722,0.4230636,0.48906848,-1.1866595,-0.15733552,-0.69099516,-0.31689575,-0.57575417,-0.114095986,-0.29800734,-0.071350366,0.36031082,-0.112806946,-0.29997417,-1.2117908,-0.9600006,-0.18429647,-0.1894319,-0.16479595,-0.112396434,-0.09767707,-0.20897788,-0.1491117,-0.19218175,0.15685704,0.48005465,-1.225023,0.0012997304,0.07641978,0.781181,0.37768093,-0.19700967,-0.47998586,1.005367,-0.07760691,-0.4925002,-0.16367938,-1.0195099,-0.32504487,-0.83466935,0.8851851,-1.3791733,-1.104818,-0.17420742,-0.5744547,-0.25769246,-0.31748977,0.055142783,0.2219064,-1.3481927,-0.075547226,0.34463295,-0.6052862,0.89916456,0.34607518,-0.65154606,0.2779121,-0.28977352,-0.7196013,-0.5520018,-0.9575608,-0.15119895,-0.23458447,0.419682,0.4612996,-0.1507971,0.52198786,-0.760833,0.21776818,0.7080228,0.05525461,0.4940997,-0.04988626,0.265245,0.081186555,0.97903115,0.8195279,0.22472239,-0.041399445,0.7641939,0.88381714,-0.061718736,0.24670422,0.31019253,-0.99214137,0.518735,-1.2833108,0.5974895,0.1070502,0.9630272,1.2907162,0.043472297,1.3554715,0.94161046,-0.057849687,-0.5820684,-0.22279571,-0.3865189,-0.7308569,0.08418325,0.38012242,-0.13808951,0.3694018,0.13450305,1.9575086,-0.41684777,-0.68939525,0.28639615,0.12779501,0.046076,0.58357996,0.5075188,0.82794756,0.58507985,0.3980949,-0.71419144,-0.2320681,0.29086667,-0.36214224,0.023802012,-0.6977956,-0.30716065,0.28947377,-0.14139368,-0.45369875,-1.0712276,0.42828152,0.8896671,-0.06856096,-0.012076414,-0.100352,-0.42623883,1.003867,-0.49265224,0.50423104,-0.48749214,0.5782364,-0.6280118,0.12950183,-0.7753306,-0.7149071,0.080023736,-0.38330007,0.022595778,-0.3061726,-0.045909055,-0.54922867,1.1693598,-0.0622181,-0.7103838,0.3045756,0.8841436,0.8114196,-0.57966655,-2.1906586,0.54265064,-0.6987521,0.91233873,-0.34477234,0.2448762,-0.28757876,-0.32873702,-0.21852158,0.08794507,-1.0906991,0.48114133,0.35492232,-0.6839893,0.7252885,0.44923967,1.3275306,-0.13106404
-0.27882698,0.66583544,-0.4843502,0.7018483,0.6231825,-0.26327586,0.25469333,-0.6153541,0.17433363,-1.6706446,0.13747267,-0.99361795,-0.75698966,0.50915056,0.046479266,0.8905975,-0.037133276,-0.46141434,-0.52074903,-0.76296836,-1.3039645,0.66202754,0.35608202,-0.5369379,0.0987232,-0.49056816,-0.24795218,0.0025480818,0.3286346,0.04013968,0.17971097,0.25085175,0.81322503,0.628211,-0.7551579,0.7554653,0.42554882,-0.27429184,-0.27386734,0.83023965,0.52357,-0.009469365,1.6247399,-0.94651496,-0.7530225,0.7405984,-0.8119529,0.61008906,0.33824256,-0.0925516,0.180286,-0.47671285,0.4339058,-1.1744684,0.5818973,-0.12741387,0.087466,0.39522436,-0.7540499,0.263468,-0.6833826,-0.2173784,0.28769654,-1.2292113,-1.3672786,0.38727114,2.1335316,-1.1206926,-0.8731887,-0.6696789,-0.77708685,-0.3962182,-0.41546884,-1.203635,-0.16598633,-0.3307842,-0.09032933,-0.5880993,0.2244501,-0.052715864,-0.32061002,0.49640974,0.31117067,-0.31501397,-0.5467861,0.113297984,-0.0088876635,-0.28832433,0.683543,1.0583141,-0.011890981,-0.3436368,-0.017875917,-0.5436221,-1.0222065,-0.98659766,-1.1332022,-0.29553828,-0.29955447,0.43257692,0.4373081,-1.1837716,-0.61201644,-0.11151849,0.4571586,-0.3062155,-0.6387876,-0.8602326,1.3196737,-0.08441255,0.068520255,-0.098831125,-1.1063445,-0.19228707,-0.33741984,-0.14316662,-0.21256265,-0.26237646,-1.1209593,0.39909738,-0.6382596,0.32908988,1.3126861,-0.83911747,-0.32039568,0.1688588,0.29226503,-0.23309283,0.87195987,0.7920029,-0.855334,-0.90896493,0.18108334,-1.0544277,-1.2357638,1.7887379,0.18246883,-0.0666786,-0.51090246,0.25249308,0.22533885,-1.5502264,-1.6538558,-0.7568293,0.34127456,-0.29136285,-0.04421714,0.12260007,0.34423098,-0.08355146,-0.034674004,-0.6198218,-0.5379658,0.2215022,1.1427599,-0.34512243,-0.4995783,0.4655311,0.16765389,-0.3440543,-0.43997943,0.75389767,-0.58400947,-0.8506627,0.6833509,-0.46196723,-0.8256584,0.1385717,-0.62202734,0.14923872,0.0093231695,0.107561775,0.7526204,-1.1861702,0.66800493,0.4527414,0.033427283,0.10634139,-0.3387193,-0.32135606,-0.8563228,-0.3425752,0.09512222,0.3845844,-0.76812154,-0.94564545,-0.7920962,0.25090894,-0.742998,-0.2894038,0.46622878,-0.94822025,0.27933183,-0.3753927,0.33641812,-0.361734,0.18235025,0.05816386,-0.31435758,0.24133354,-0.14766641,-0.37032825,0.3875134,0.69587326,1.4495252,-0.21600127,0.48788312,-0.23472175,0.23628049,-0.48451602,-0.7184182,-0.20328559,0.16054484,-0.39712074,0.89254683,-0.5986933,-0.12630233,-0.28056607,-0.058980368,0.4503894,-1.006274,-0.50873446,0.28092813,-0.32954016,-0.3082128,-0.3427663,0.19872351,-0.2649452,0.056788407,0.13191424,-0.0110408785,0.4354877,-0.63500667,-0.03410742,0.34515223,-0.2378397,0.23775971,-0.9635404,-0.21836425,-0.41931412,-0.056414634,-1.5037824,-0.06697131,-0.54511875,-0.62208444,1.9284586,-0.5335812,-0.11774555,-0.59355193,0.62279886,-0.28938946,0.2900738,-0.004336091,1.0703561,1.037559,-0.46881548,0.1949494,0.8120878,0.2552788,-1.7565844
-0.28181705,0.0072420235,-1.0915737,-0.22460446,-0.96103954,0.3351634,-0.5814296,-0.12116583,0.3143223,0.51570886,0.6163726,0.22016168,0.5257043,-0.1949605,0.51775634,1.494556,0.41574007,0.09198781,0.98414,0.26871812,-1.4523275,0.10217733,0.24872117,-1.1482897,0.5443764,-0.72984064,-1.1044457,-0.6841701,-0.49230704,-0.14858465,-0.60169727,-0.67528,-0.099906996,0.18210262,-0.84601736,-0.73519695,0.14671928,0.4901566,0.31923693,0.4556407,-0.65938437,0.3016529,-0.10537032,0.71022356,0.65143174,0.65288025,0.15714167,0.49700972,0.04504178,-0.6381556,-0.32396162,-0.5253362,-0.88515,1.3626003,-0.5276367,0.8773082,-0.7995451,1.1873784,1.1262772,0.5406382,-0.64856774,1.7105665,-0.37024856,-0.78874344,-0.025591804,1.7284313,-1.0299941,0.028238934,0.39524972,-0.002761236,0.3872317,-0.36282608,0.48086467,1.0225492,0.51832694,1.315876,0.34452674,-0.14414369,0.3679725,0.5180364,0.6811599,-0.23250976,0.609009,-0.32498556,1.0583214,-1.8465848,-1.3212144,-0.52202326,-0.09117455,0.095909975,1.1200275,-0.3533201,-1.1919473,0.6060825,-0.5147585,-0.8941043,-1.0061142,-0.19825213,-0.80302304,-0.41793367,0.09936276,-0.27294657,0.21793953,0.12147152,1.2527169,-0.09709783,2.1200156,0.2948088,0.08372571,-0.15645005,-0.2590206,-0.40517578,-0.5721125,0.17049064,-0.4442965,-0.46352524,-0.6459977,0.08929131,-0.77470475,-1.0881132,0.49494708,0.6197576,-0.2761415,1.110057,-2.6658278,-0.001984554,0.8209454,0.41301593,0.4258856,0.022798458,-0.9866969,0.49826854,0.38579664,0.70635605,-0.5088067,-1.8932674,-0.32972267,-0.3747928,-0.18658203,-0.25356197,-0.93977535,0.22128542,-0.8696507,0.45119476,0.6253967,0.55478084,-0.37205365,-0.107182205,0.022640271,-0.08409811,0.47590265,0.52587,-0.283765,0.55945456,0.3750433,-0.12617405,-0.15287742,0.26560646,-0.08040395,-1.029609,-0.00636102,0.7064492,0.7428518,0.79092366,-1.3685536,-1.2458682,0.70636183,0.61686015,0.3013227,-1.271547,-0.5752512,1.1356066,2.1105745,-0.13908835,-1.4548477,0.46222723,-0.41996762,-1.2688227,-0.54589087,0.50623894,0.73403245,-0.7365608,-0.15739201,-0.1563141,0.68325853,-0.5572062,-0.68749166,0.010833624,-0.96958834,0.046128917,0.4812088,0.87217987,-0.14451472,0.794958,0.20049256,1.6776284,0.49172804,-0.12012647,-0.3371767,-1.8135767,0.2873022,1.0276718,0.6777877,-1.1265162,-1.0851963,-0.41666538,-0.8358535,-0.5111138,-0.35638547,-1.0244048,-0.5000755,-0.5662529,-0.40304124,-1.0032538,-1.4823629,0.046656262,-0.024510201,-0.8633011,-0.67889035,0.10554676,0.73338675,0.05044817,0.33709335,1.4684744,-0.2991228,-0.20623538,0.35679394,-0.7727702,-0.40691915,0.7632517,0.05574223,-0.8716267,1.5020928,0.6784256,-0.665705,0.22914602,-0.50333333,1.0086141,-0.44768786,0.25639176,1.0493091,1.1401644,-0.15300223,1.6878144,0.6815089,-1.2892019,0.17317788,1.1315459,-0.08345497,-0.447325,0.22578964,-0.55063546,-0.82959116,1.6176814,0.27700537,0.13556734,0.0018114637,-0.6885826,-1.0891176,-0.8677672
0.32051048,0.5985446,1.1442316,0.15407138,0.63491637,0.10245579,-0.83253044,-0.053568497,1.0275669,0.84698164,-0.102544904,0.7280295,-0.3395963,1.3019749,-0.585784,-0.3350471,-0.9564568,-0.114550516,-2.0429542,-0.8928526,0.5348659,0.019358944,-0.19300854,0.2304052,-0.079070434,0.36256474,-0.53988516,-0.69445264,-0.49213573,0.09384603,-0.66376483,0.37043127,0.2986232,0.14032832,0.19347617,-1.2951399,0.37640232,0.086291626,0.39242163,1.0005963,-0.58336955,0.29395902,1.3220434,0.45709005,0.2899441,1.2853421,0.121557854,1.10095,-0.10830157,-0.03613917,0.54732585,-0.73218143,0.22839464,0.1277524,-0.0033262658,0.025536718,-0.27207422,-1.8826392,0.25609887,-1.1246692,-0.22341423,0.07708666,0.71266985,0.66725415,-0.54312086,1.3349692,0.72454596,-1.0345172,-0.33851027,-0.6526347,0.75185776,0.37295726,0.6221195,0.38981196,0.1993039,-1.8521283,-0.23781054,-0.7109031,0.5212165,-0.33869684,0.36494952,-0.16553602,-0.66369575,-1.1700238,-0.31456116,0.24394825,1.2441912,0.080992475,-0.49881276,0.41539645,-0.2750132,-0.009784911,0.48929125,0.8073252,-0.46573448,0.15662166,1.4266685,-1.038808,0.2278734,1.5939403,0.880759,0.50096214,0.6872234,-0.9037672,0.2576582,-0.61063397,-0.57920897,-0.6313581,1.3445016,0.10573198,-0.18656349,0.5596285,-0.6509661,-0.6272393,-0.8396797,-0.3591656,-0.43684387,-0.58348906,-0.31501365,0.3856384,0.057807118,-0.20090035,0.5140754,-0.4224,0.82732594,2.0897706,1.0471773,0.3493794,1.0574747,0.06386622,0.5036879,-0.50469196,-0.12487354,-0.03380849,-0.022947013,-0.09621911,0.305729,2.1138623,0.81558716,-0.161821,-0.017439898,0.687649,0.27924073,-0.16580914,0.5356488,0.30486873,-1.3149697,0.70604265,0.15461138,1.1926776,-0.4404358,0.49056828,-0.2788019,0.3834251,0.26579502,-0.0370331,-0.1721187,-0.17045261,-0.12283779,1.3827771,1.252895,0.6949465,1.1411015,0.12232082,0.7843127,0.37965083,-0.51886046,-0.21009383,0.019834893,-0.26495367,0.16935568,0.9992709,-0.24077563,-0.45138606,1.0042098,0.24792632,0.05965616,0.27752796,-0.19020523,-0.41181064,-0.18860137,-0.20955567,2.0947394,-0.028379569,-0.676404,-1.0139617,-0.12893318,1.139233,-0.38970006,-0.66016036,0.7382677,0.23963612,0.3361373,-0.06613185,0.21316443,1.014415,0.37695724,0.22661363,0.02662263,-0.43226972,-0.60618013,1.1305863,0.8861215,0.8447847,-0.5123561,-1.0650891,-0.23698768,-0.42973956,0.5286067,-0.15836813,-0.26767448,0.5573366,1.2957911,-0.34158456,-0.26909414,0.23643053,0.0894293,-0.33030474,0.14221215,-0.86313105,-0.9739359,0.31701717,0.4627405,-0.55617166,0.30071706,0.8517214,0.5188072,0.0022371581,0.42395207,0.16321146,0.54421854,-1.0724797,0.2982062,0.5192089,0.7152099,0.41735986,-0.16668078,0.05333038,0.082629025,-0.060679615,-0.72355,0.009367843,0.47314072,0.28415307,0.40880144,-0.19310059,0.6218413,0.6293549,-0.80228287,0.01573284,0.03828095,0.7106948,-0.42607892,-0.20930159,0.44799912,0.20507032,0.48711765,0.797267,0.169875,-0.37726703
0.14483497,-0.4456408,-0.34768057,0.11520118,-0.64309186,-0.9061852,-1.0898724,-0.17293437,0.38044113,1.0719869,0.097557105,-0.013343111,0.25208607,0.20003136,0.6547361,-0.3886518,-0.029010022,-0.37259308,0.9986826,-0.20161682,0.39002264,-0.10542905,0.6674193,0.06527873,1.0699662,-0.25810853,-0.19992067,1.1840785,-0.09557899,-0.26420325,-0.13455157,0.23706605,0.23356685,0.9011182,-0.17177388,0.09662655,-0.45827445,0.06980561,-0.08770045,-0.81418556,-0.058139656,-1.0464289,0.05769201,0.5466611,0.65540636,-0.13772409,0.5807517,0.03623264,0.7679223,1.0453119,0.5735476,-0.7553218,-0.39060032,-0.66512024,-1.2953864,0.039088614,-0.23247214,-1.0572113,-0.026628,-0.44371015,-0.24040134,-0.46760195,-0.25530183,0.16364454,0.38102642,-0.08787375,0.8887156,-0.41695827,-0.3210179,0.36851248,0.6798746,0.6462038,0.10324715,0.16428265,0.70364743,-0.70068365,-0.39170572,-0.4645755,0.3299533,0.46603772,-0.083618276,-1.248251,-0.7351711,-0.06528522,-0.8193902,0.19850092,0.3878396,1.127512,0.8625882,0.3973009,0.46917275,0.7897328,-0.45680666,0.7210103,0.4976658,-1.2205086,-0.36698622,0.1895283,-0.20026214,-0.6509134,-0.5332734,-0.29685155,-0.83815724,0.044954825,0.7022755,0.30540812,0.80009073,-0.6168872,0.97528166,-0.27083302,0.6986723,0.581842,-0.20654628,0.10121775,0.4934322,-1.6508162,-0.33754954,-0.7684182,0.25613338,-0.37447628,-0.4778523,0.5444866,0.74226034,0.028531173,-0.69436496,-1.1595836,0.85162455,-0.41897628,-1.11995,-0.19089927,0.71276325,-0.76814187,0.5307864,-0.65485007,0.36163068,0.9881858,0.16740958,-0.93754405,0.5802096,0.21954718,-0.699379,0.14152402,0.0612811,-0.8724288,-0.7627162,-0.13313176,-0.9669167,-0.39752838,-0.8503963,-0.8752785,-0.27661008,0.13509165,0.27871338,0.38771605,0.24911505,0.56645685,0.7973386,-0.21473774,0.7986277,-0.91032904,0.21799362,0.011476492,-0.20902772,-1.0872095,-0.17787263,0.18277325,-0.4430367,-0.102841675,-0.20080231,0.35208955,0.39931822,0.39483637,1.2062672,1.0951194,-0.09061485,-0.9609137,0.17707664,1.2737341,0.089046255,-0.66532344,-0.81529415,0.5247677,1.1635221,-1.0781054,0.13452531,-0.65584475,-0.12390043,-1.328291,0.46883306,0.07440897,-0.061625462,-0.91523206,0.18684182,1.1159928,0.097485974,0.7427791,-0.8322535,-0.06913172,0.47024748,-0.2415293,0.10624364,0.8184564,0.1598669,-0.18331926,0.29884976,0.25901413,1.0727865,-0.7994902,0.042305205,-0.26868108,-0.44000018,-0.655502,0.853977,-0.48040324,0.628627,0.027750267,-0.23607212,-0.4864325,1.4135451,-0.084127426,0.5642872,-0.5602456,-0.061496317,-0.03799396,0.3318492,0.2676859,-0.5565565,-0.42461377,-0.4953765,0.54162806,-0.57051766,-1.1203445,-0.12464057,-0.45549083,0.083165795,-0.62870437,0.44892016,0.5413763,0.51096517,0.09573447,0.66294485,0.1648576,1.2724028,1.5149673,-0.3952091,-0.039235987,2.01678,-0.82934386,-0.57154846,0.41743347,-0.51753557,-0.33290985,0.73324734,-0.5659941,-1.781706,0.44683874,0.20390499,0.31406474,1.1027352,-0.85986656
0.38955683,-1.2651842,0.22004229,0.40733108,0.5681445,-0.46805972,0.24348076,0.25021777,0.072311185,0.15368283,0.06781421,-0.80384517,0.20671321,0.82553,0.28046352,0.06519407,0.1930697,-0.18393242,-0.17928885,-0.57152134,-0.32026678,-0.09533673,0.04144258,-0.3716972,0.11734626,-0.40626574,-0.6307203,-0.032140534,0.4097813,0.38123846,0.6449499,-0.7429603,-0.11028159,0.20456982,0.11330804,-0.39846894,-0.03663401,-0.3945602,-0.63090855,0.30148304,-0.3866651,-0.10749316,0.32695323,-0.36699784,0.49483985,0.689778,-0.17699796,-1.1458063,-0.58596855,-0.28456053,0.51591015,0.027870135,0.36095294,0.45640394,0.08993182,-0.3441609,-0.8478455,-0.8223655,0.37980145,0.37984365,-0.25785968,0.092880666,-0.71242136,-0.46102065,0.35420966,-1.2608504,-0.85917866,0.66827214,-0.052126504,1.262001,-0.057016805,0.08570286,0.043802824,-0.9099117,-0.33980983,0.535216,1.2328949,-0.57799715,1.3540987,-0.29031056,0.25375536,-0.5519688,1.09922,0.89493674,-0.7273745,-0.9695895,-0.15255412,1.3341818,-0.71397984,-1.2291516,-0.23397796,0.19302481,0.74566513,0.463328,-0.054160383,1.2649506,-0.091013014,0.695727,-1.558459,-1.2483609,-1.3485519,0.57832116,-0.5705364,-1.1832105,-0.19537766,0.5761464,0.06380602,1.2169433,0.21614912,-0.07349459,0.722726,0.058813788,-1.112652,-1.0589926,0.3081857,0.05674838,-0.0024476992,0.20731382,1.6080425,-0.33288172,-0.8538966,0.24907239,-0.8151201,-0.6853404,-0.43361932,0.09610084,-0.5717696,-0.49379838,0.45700735,0.067708254,0.07965772,-2.059926,-0.09450763,-0.34219992,0.070066765,-0.84342235,-0.70177877,-0.022586225,-0.87363833,-0.35403845,-0.12310968,0.29931584,-0.24048817,0.56690776,1.4634697,0.16843925,-0.16508356,-1.0775682,-0.6506816,-0.15705517,-1.2327363,-1.1308966,0.84725064,0.26546124,-0.23338914,-0.20745432,0.45259738,-0.277279,-0.7244633,-0.54305047,-0.48810437,-0.27653015,-0.7518245,-0.24165034,-0.22267538,-0.32716718,-0.92790353,-0.5561741,-0.0682679,-0.64932585,0.5817649,-0.6041209,0.62590384,-0.25670907,-1.4566395,0.009717012,-1.6803143,-0.1721776,1.1574773,-0.7695423,-0.9941575,0.7812438,-0.14965047,-0.7033177,0.6329767,-0.6150363,-0.0679668,0.97988415,0.8872861,-0.2061868,-0.14205387,-0.618238,-0.09070698,0.96763176,-0.6597155,0.6050201,0.6462646,-0.43668768,-0.14618969,-0.9880621,-0.19258574,0.6447753,0.6527133,1.139765,-0.3387499,-0.39005262,-0.5226036,0.067852266,0.63826,0.18622865,0.7414406,0.16293158,0.30520144,0.03915565,-1.0849336,0.46948692,0.37974855,-0.1251637,-1.243666,0.14725897,1.9355894,-0.41266844,-0.9537474,0.30363905,1.3111953,-0.4336688,-0.0788708,-0.88286597,0.19087878,-0.36212066,-0.626764,0.5774441,-2.0294576,0.3564252,-0.12419886,0.7147026,1.1186564,0.17126553,0.7144644,0.19104008,-0.7630717,0.38361397,0.0079315705,-0.9162301,-1.6577677,-0.37386024,0.6470141,-1.8074918,-0.20960915,-0.6371101,-0.23846139,1.1136225,0.32991254,0.6335056,-0.49353915,1.214792,-0.79115576,0.28696236,-0.1705785,-0.10002132
